name,wikidata_id,origin_country,birth_place,current_residence,wiki_url
Anna Fedorova,Q125885,Ukraine,Kyiv,Soviet Union,https://en.wikipedia.org/wiki/Anna_Fedorova
Ruslana Lyzhychko,Q129119,Ukraine,Lviv,Soviet Union,https://en.wikipedia.org/wiki/Ruslana
Sviatoslav Richter,Q124890,Ukraine,Zhytomyr,Russia,https://en.wikipedia.org/wiki/Sviatoslav_Richter
Sergei Prokofiev,Q49481,Ukraine,Sontsivka,Russian Empire,https://en.wikipedia.org/wiki/Sergei_Prokofiev
Mykola Lysenko,Q172425,Ukraine,Hrynky,Kyiv,https://en.wikipedia.org/wiki/Mykola_Lysenko
Samuel Maykapar,Q175282,Ukraine,Kherson,Russian Empire,https://en.wikipedia.org/wiki/Samuel_Maykapar
Moriz Rosenthal,Q213772,Ukraine,Lviv,Poland,https://en.wikipedia.org/wiki/Moriz_Rosenthal
Norbert Glanzberg,Q213834,Ukraine,Rohatyn,Austria–Hungary,https://en.wikipedia.org/wiki/Norbert_Glanzberg
Vladimir Horowitz,Q192506,Ukraine,Kyiv,Russian Empire,https://en.wikipedia.org/wiki/Vladimir_Horowitz
Eduard Steuermann,Q214108,Ukraine,Sambir,United States,https://en.wikipedia.org/wiki/Eduard_Steuermann
Ignacy Jan Paderewski,Q191957,Ukraine,Kurilivka,Warsaw,https://en.wikipedia.org/wiki/Ignacy_Jan_Paderewski
Naftule Brandwein,Q1351126,Ukraine,Peremyshliany,Austria–Hungary,https://en.wikipedia.org/wiki/Naftule_Brandwein
Evgeni Orkin,Q1382335,Ukraine,Lviv,Ukraine,https://en.wikipedia.org/wiki/Evgeni_Orkin
Władysław Tarnowski,Q93817,Ukraine,Voroblevychi,Austria–Hungary,https://en.wikipedia.org/wiki/W%C5%82adys%C5%82aw_Tarnowski
Zsuzsanna Sirokay,Q227401,Ukraine,Uzhhorod,Hungary,https://en.wikipedia.org/wiki/Zsuzsanna_Sirokay
Aleksander Serov,Q4417712,Ukraine,Kovalivka,Russia,https://en.wikipedia.org/wiki/Aleksander_Serov
Ilona Štěpánová-Kurzová,Q292530,Ukraine,Lviv,Austria–Hungary,https://en.wikipedia.org/wiki/Ilona_%C5%A0t%C4%9Bp%C3%A1nov%C3%A1-Kurzov%C3%A1
Karol Szymanowski,Q295400,Ukraine,Tymoshivka,Zakopane,https://en.wikipedia.org/wiki/Karol_Szymanowski
Valentina Lisitsa,Q253233,Ukraine,Kyiv,Russia,https://en.wikipedia.org/wiki/Valentina_Lisitsa
Simon Barere,Q268900,Ukraine,Odesa,United States,https://en.wikipedia.org/wiki/Simon_Barere
Marcella Sembrich,Q265698,Ukraine,Vyshnivchyk,Poland,https://en.wikipedia.org/wiki/Marcella_Sembrich
Pavel Gililov,Q107449,Ukraine,Donetsk,Soviet Union,https://en.wikipedia.org/wiki/Pavel_Gililov
Karol Rathaus,Q84660,Ukraine,Ternopil,Austria,https://en.wikipedia.org/wiki/Karol_Rathaus
Zara Levina,Q385608,Ukraine,Simferopol,Soviet Union,https://en.wikipedia.org/wiki/Zara_Levina
Andrzej Kurylewicz,Q442222,Ukraine,Lviv,Poland,https://en.wikipedia.org/wiki/Andrzej_Kurylewicz
Itzikl Krantweiss,Q105805121,Ukraine,Podilsk,United States,https://en.wikipedia.org/wiki/Itzikl_Kramtweiss
Emil Paur,Q78982,Ukraine,Chernivtsi,Místek,https://en.wikipedia.org/wiki/Emil_Paur
Shloimke (Sam) Beckerman,Q7499550,Ukraine,Chudniv,United States,https://en.wikipedia.org/wiki/Shloimke_Beckerman
Adolph Baller,Q86412,Ukraine,Brody,Austria,https://en.wikipedia.org/wiki/Adolph_Baller
Taras Chubay,Q82262,Ukraine,Lviv,Soviet Union,https://en.wikipedia.org/wiki/Taras_Chubay
Vitaly Margulis,Q323937,Ukraine,Kharkiv,Soviet Union,https://en.wikipedia.org/wiki/Vitaly_Margulis
Lubka Kolessa,Q274423,Ukraine,Lviv,Canada,https://en.wikipedia.org/wiki/Lubka_Kolessa
Viktoriya Yermolyeva,Q441126,Ukraine,Kyiv,Ukraine,https://en.wikipedia.org/wiki/Viktoriya_Yermolyeva
Els Aarne,Q453545,Ukraine,Makiivka,Estonia,https://en.wikipedia.org/wiki/Els_Aarne
Dmitry Pokrass,Q368695,Ukraine,Kyiv,Russian Empire,https://en.wikipedia.org/wiki/Dmitry_Pokrass
Reinhold Glière,Q316795,Ukraine,Kyiv,Russian Empire,https://en.wikipedia.org/wiki/Reinhold_Gli%C3%A8re
Dimitri Tiomkin,Q317033,Ukraine,Kremenchuk,Hollywood,https://en.wikipedia.org/wiki/Dimitri_Tiomkin
Emil Gilels,Q319732,Ukraine,Odesa,Russian Empire,https://en.wikipedia.org/wiki/Emil_Gilels
Wojciech Kilar,Q319777,Ukraine,Lviv,Darmstadt,https://en.wikipedia.org/wiki/Wojciech_Kilar
Yuri Stoyanov,Q26688,Ukraine,Odesa,Russia,https://en.wikipedia.org/wiki/Yuri_Stoyanov
Milla Jovovich,Q170576,Ukraine,Kyiv,Los Angeles,https://en.wikipedia.org/wiki/Milla_Jovovich
Anatole Fistoulari,Q487710,Ukraine,Kyiv,United Kingdom,https://en.wikipedia.org/wiki/Anatole_Fistoulari
Mark Taimanov,Q348037,Ukraine,Kharkiv,Russia,https://en.wikipedia.org/wiki/Mark_Taimanov
Volodymyr Pryjma,Q2042224,Ukraine,Stradch,Stradch,https://en.wikipedia.org/wiki/Volodymyr_Pryjma
David Nowakowsky,Q5238099,Ukraine,Malyn,Odesa,https://en.wikipedia.org/wiki/David_Nowakowsky
Menachem Kipnis,Q11777340,Ukraine,Ushomir,Poland,https://en.wikipedia.org/wiki/Menachem_Kipnis
Lee Altus,Q361721,Ukraine,Odesa,United States,https://en.wikipedia.org/wiki/Lee_Altus
Igor Markevitch,Q503355,Ukraine,Kyiv,Moscow,https://en.wikipedia.org/wiki/Igor_Markevitch
Mikhail Raukhverger,Q462037,Ukraine,Odesa,Russian Empire,https://en.wikipedia.org/wiki/Mikhail_Raukhverger
Mordechai Hershman,Q2903892,Ukraine,Chernihiv,United States,https://en.wikipedia.org/wiki/Mordechai_Hershman
Roman Palester,Q460721,Ukraine,Sniatyn,Poland,https://en.wikipedia.org/wiki/Roman_Palester
Gabriela Moyseowicz,Q509720,Ukraine,Lviv,Poland,https://en.wikipedia.org/wiki/Gabriela_Moyseowicz
Maxim Rysanov,Q4402042,Ukraine,Kramatorsk,Greater London,https://en.wikipedia.org/wiki/Maxim_Rysanov
GeeGun,Q4160262,Ukraine,Odesa,Russia,https://en.wikipedia.org/wiki/GeeGun
Stefan Askenase,Q588354,Ukraine,Lviv,Belgium,https://en.wikipedia.org/wiki/Stefan_Askenase
Heinrich Neuhaus,Q506613,Ukraine,Kropyvnytskyi,Russian Empire,https://en.wikipedia.org/wiki/Heinrich_Neuhaus
Mischa Levitzki,Q506276,Ukraine,Kremenchuk,United States,https://en.wikipedia.org/wiki/Mischa_Levitzki
VovaZIL’Vova,Q1978518,Ukraine,Lviv,Ukraine,https://en.wikipedia.org/wiki/VovaZiL%CA%B9vova
Dimal,Q4161649,Ukraine,Sevastopol,Ukraine,https://en.wikipedia.org/wiki/Dimal_(rapper)
Potap,Q1879459,Ukraine,Kyiv,Ukraine,https://en.wikipedia.org/wiki/Potap
David Oistrakh,Q47120,Ukraine,Odesa,Russian Empire,https://en.wikipedia.org/wiki/David_Oistrakh
Vitalij Kuprij,Q846111,Ukraine,Volodarka,Ukraine,https://en.wikipedia.org/wiki/Vitalij_Kuprij
Bolesław Woytowicz,Q891327,Ukraine,Dunaivtsi,Poland,https://en.wikipedia.org/wiki/Boles%C5%82aw_Woytowicz
Valentyn Sylvestrov,Q706765,Ukraine,Kyiv,Berlin,https://en.wikipedia.org/wiki/Valentyn_Silvestrov
Mela Tenenbaum,Q18098624,Ukraine,Ukraine,United States,https://en.wikipedia.org/wiki/Mela_Tenenbaum
Vladimir Shainsky,Q674048,Ukraine,Kyiv,Israel,https://en.wikipedia.org/wiki/Vladimir_Shainsky
Art Hodes,Q705580,Ukraine,Mykolaiv,United States,https://en.wikipedia.org/wiki/Art_Hodes
Karol Mikuli,Q549666,Ukraine,Chernivtsi,Cisleithania,https://en.wikipedia.org/wiki/Karol_Mikuli
Oleg Maisenberg,Q685169,Ukraine,Odesa,Austria,https://en.wikipedia.org/wiki/Oleg_Maisenberg
Mieczysław Horszowski,Q918339,Ukraine,Lviv,Poland,https://en.wikipedia.org/wiki/Mieczys%C5%82aw_Horszowski
Bronisław von Poźniak,Q927536,Ukraine,Lviv,Wrocław,https://en.wikipedia.org/wiki/Bronis%C5%82aw_von_Po%C5%BAniak
Alexander Mosolov,Q918640,Ukraine,Kyiv,Moscow,https://en.wikipedia.org/wiki/Alexander_Mosolov
Alexander Uninsky,Q931199,Ukraine,Kyiv,Russian Empire,https://en.wikipedia.org/wiki/Alexander_Uninsky
Tadeusz Szeligowski,Q964782,Ukraine,Lviv,Poland,https://en.wikipedia.org/wiki/Tadeusz_Szeligowski
Benno Moiseiwitsch,Q817970,Ukraine,Odesa,Russian Empire,https://en.wikipedia.org/wiki/Benno_Moiseiwitsch
Leo Sirota,Q1037441,Ukraine,Kamianets-Podilskyi,Kyiv,https://en.wikipedia.org/wiki/Leo_Sirota
Eugene Hütz,Q535444,Ukraine,Boyarka,Ukraine,https://en.wikipedia.org/wiki/Eugene_H%C3%BCtz
Sergei Bortkiewicz,Q742149,Ukraine,Kharkiv,Austria,https://en.wikipedia.org/wiki/Sergei_Bortkiewicz
Oleh Suk,Q504509,Ukraine,Ternopil,Ukraine,https://en.wikipedia.org/wiki/Oleh_Suk
Roza Tamarkina,Q949673,Ukraine,Kyiv,Soviet Union,https://en.wikipedia.org/wiki/Rosa_Tamarkina
Yan Frenkel,Q771374,Ukraine,Kyiv,Soviet Union,https://en.wikipedia.org/wiki/Yan_Frenkel
Alexander Tsfasman,Q1523426,Ukraine,Zaporizhzhia,Russian Empire,https://en.wikipedia.org/wiki/Alexander_Tsfasman
Juliusz Zarębski,Q1245120,Ukraine,Zhytomyr,Poland,https://en.wikipedia.org/wiki/Juliusz_Zar%C4%99bski
Thomas de Hartmann,Q1382528,Ukraine,Choruživka,Soviet Union,https://en.wikipedia.org/wiki/Thomas_de_Hartmann
Yakov Zak,Q1369531,Ukraine,Odesa,Russian Empire,https://en.wikipedia.org/wiki/Yakov_Zak
Aleksander Michałowski,Q1220637,Ukraine,Kamianets-Podilskyi,Poland,https://en.wikipedia.org/wiki/Aleksander_Micha%C5%82owski
Mikhail Alperin,Q1377150,Ukraine,Kamianets-Podilskyi,Norway,https://en.wikipedia.org/wiki/Mikhail_Alperin
Shura Cherkassky,Q713428,Ukraine,Odesa,United States,https://en.wikipedia.org/wiki/Shura_Cherkassky
Maria Grinberg,Q1029399,Ukraine,Odesa,Russian Empire,https://en.wikipedia.org/wiki/Maria_Grinberg
Vladimir Mikhailovich Yurovsky,Q982740,Ukraine,Tarashcha,Russian Empire,https://en.wikipedia.org/wiki/Vladimir_Yurovsky
Leo Ornstein,Q1558656,Ukraine,Kremenchuk,United States,https://en.wikipedia.org/wiki/Leo_Ornstein
Yuri Kasparyan,Q1068795,Ukraine,Simferopol,Saint Petersburg,https://en.wikipedia.org/wiki/Yuri_Kasparyan
Misha Mengelberg,Q1264766,Ukraine,Kyiv,Kingdom of the Netherlands,https://en.wikipedia.org/wiki/Misha_Mengelberg
Ignacy Feliks Dobrzyński,Q1622085,Ukraine,Romaniv,Poland,https://en.wikipedia.org/wiki/Ignacy_Feliks_Dobrzy%C5%84ski
Felix Blumenfeld,Q1349550,Ukraine,Q12111027,Russian Empire,https://en.wikipedia.org/wiki/Felix_Blumenfeld
Julie von Webenau,Q1712216,Ukraine,Lviv,Austrian Empire,https://en.wikipedia.org/wiki/Julie_von_Webenau
Francesco Pollini,Q1351579,Ukraine,Lubiana,Austrian Empire,https://en.wikipedia.org/wiki/Francesco_Pollini
Jadwiga Sarnecka,Q1678208,Ukraine,Volhynia,Poland,https://en.wikipedia.org/wiki/Jadwiga_Sarnecka
Pavel Gintov,Q1646556,Ukraine,Kyiv,Ukraine,https://en.wikipedia.org/wiki/Pavlo_Gintov
Vsevolod Zaderatsky,Q1639391,Ukraine,Rivne,Russian Empire,https://en.wikipedia.org/wiki/Vsevolod_Zaderatsky
Igor Dotsenko,Q4167376,Ukraine,Iziaslav,Russia,https://en.wikipedia.org/wiki/Igor_Dotsenko
Yarmak,Q16054135,Ukraine,Boryspil,Ukraine,https://en.wikipedia.org/wiki/Oleksandr_Yarmak
Venya Drkin,Q1959324,Ukraine,Dovzhanske,Russia,https://en.wikipedia.org/wiki/Venya_D%27rkin
Leonid Nikolayev,Q2023778,Ukraine,Kyiv,Russian Empire,https://en.wikipedia.org/wiki/Leonid_Nikolayev_(pianist)
Verdina Shlonsky,Q2026038,Ukraine,Kremenchuk,Israel,https://en.wikipedia.org/wiki/Verdina_Shlonsky
Vitaly Samoshko,Q2028023,Ukraine,Kharkiv,Ukraine,https://en.wikipedia.org/wiki/Vitaly_Samoshko
Alexander Tsekalo,Q1980399,Ukraine,Kyiv,Moscow,https://en.wikipedia.org/wiki/Aleksandr_Tsekalo
Sun Diego,Q20183816,Ukraine,Chernivtsi,Ukraine,https://en.wikipedia.org/wiki/Sun_Diego
Nikita Dzhigurda,Q2026869,Ukraine,Kyiv,Russia,https://en.wikipedia.org/wiki/Nikita_Dzhigurda
Mikhail Voskresensky,Q1930341,Ukraine,Berdiansk,Russia,https://en.wikipedia.org/wiki/Mikhail_Voskresensky
Konstantin Lifschitz,Q1782725,Ukraine,Kharkiv,Russia,https://en.wikipedia.org/wiki/Konstantin_Lifschitz
Pyotr Todorovsky,Q1890642,Ukraine,Bobrynets,Russia,https://en.wikipedia.org/wiki/Pyotr_Todorovsky
Fedir Yakymenko,Q2000816,Ukraine,Pisky,Ukrainian People's Republic,https://en.wikipedia.org/wiki/Fedir_Yakymenko
Alexander Galich,Q2459284,Ukraine,Dnipro,Soviet Union,https://en.wikipedia.org/wiki/Alexander_Galich_(writer)
Józef Turczyński,Q2089975,Ukraine,Zhytomyr,Poland,https://en.wikipedia.org/wiki/J%C3%B3zef_Turczy%C5%84ski
Samuil Feinberg,Q1971227,Ukraine,Odesa,Russian Empire,https://en.wikipedia.org/wiki/Samuil_Feinberg
Marcelle de Manziarly,Q1893286,Ukraine,Kharkiv,France,https://en.wikipedia.org/wiki/Marcelle_de_Manziarly
Boleslav Yavorsky,Q2471676,Ukraine,Kharkiv,Russian Empire,https://en.wikipedia.org/wiki/Boleslav_Yavorsky
Jan Kleczyński,Q2080097,Ukraine,Ivanychi,Congress Poland,https://en.wikipedia.org/wiki/Jan_Kleczy%C5%84ski_Sr.
Abram Lufer,Q2062937,Ukraine,Kyiv,Soviet Union,https://en.wikipedia.org/wiki/Abram_Lufer
Rodion Azarkhin,Q4058176,Ukraine,Kharkiv,Russia,https://en.wikipedia.org/wiki/Rodion_Azarkhin
Télémaque Lambrino,Q2463804,Ukraine,Odesa,Odesa,https://en.wikipedia.org/wiki/T%C3%A9l%C3%A9maque_Lambrino
Yuri Levitin,Q1974337,Ukraine,Poltava,Soviet Union,https://en.wikipedia.org/wiki/Yuri_Levitin
Alexander Gavrylyuk,Q2082375,Ukraine,Kharkiv,Australia,https://en.wikipedia.org/wiki/Alexander_Gavrylyuk
T-Fest,Q43689915,Ukraine,Chernivtsi,Ukraine,https://en.wikipedia.org/wiki/T-Fest
Serhii Sternenko,Q47489230,Ukraine,Sadove,Ukraine,https://en.wikipedia.org/wiki/Serhii_Sternenko
Igor Krutoy,Q2631745,Ukraine,Haivoron,Russia,https://en.wikipedia.org/wiki/Igor_Krutoy
Alexander Slobodyanik,Q2834037,Ukraine,Kyiv,Ukraine,https://en.wikipedia.org/wiki/Alexander_Slobodyanik
Arkady Filippenko,Q2584747,Ukraine,Kyiv,Soviet Union,https://en.wikipedia.org/wiki/Arkady_Filippenko
Rosina Lhévinne,Q2633099,Ukraine,Kyiv,United States,https://en.wikipedia.org/wiki/Rosina_Lh%C3%A9vinne
Alexander Gustav Winkler,Q2833233,Ukraine,Kharkiv,France,https://en.wikipedia.org/wiki/Alexander_Winkler_(composer)
Alina Pash,Q55108431,Ukraine,Bushtyno,Ukraine,https://en.wikipedia.org/wiki/Alina_Pash
Iryna Bilyk,Q2662849,Ukraine,Kyiv,Soviet Union,https://en.wikipedia.org/wiki/Iryna_Bilyk
Naum Shtarkman,Q2389887,Ukraine,Zhytomyr,Russia,https://en.wikipedia.org/wiki/Naum_Shtarkman
Vladimir Begunov,Q4080557,Ukraine,Hvardiiske,Russia,https://en.wikipedia.org/wiki/Vladimir_Begunov
Beliana,Q2894415,Ukraine,Kyiv,France,https://en.wikipedia.org/wiki/Beliana
Ihor Didenchuk,Q112030640,Ukraine,Lutsk,Ukraine,https://en.wikipedia.org/wiki/Ihor_Didenchuk
Wassily Sapellnikoff,Q2552096,Ukraine,Odesa,Russian Empire,https://en.wikipedia.org/wiki/Wassily_Sapellnikoff
Alyona Alyona,Q59358454,Ukraine,Kapitanivka,Baryshivska Hromada,https://en.wikipedia.org/wiki/Alyona_Alyona
Jakob Gimpel,Q2896463,Ukraine,Lviv,Poland,https://en.wikipedia.org/wiki/Jakob_Gimpel
Carl Frühling,Q2896837,Ukraine,Lviv,Austria,https://en.wikipedia.org/wiki/Carl_Fr%C3%BChling
Roman Vlad,Q2343525,Ukraine,Chernivtsi,Rome,https://en.wikipedia.org/wiki/Roman_Vlad
Konstantin Eiges,Q3198766,Ukraine,Bohodukhiv,Russian Empire,https://en.wikipedia.org/wiki/Konstantin_Eiges
Zhenya Belousov,Q4082848,Ukraine,Kharkiv,Russia,https://en.wikipedia.org/wiki/Zhenya_Belousov
Shmuel Fershko,Q2892554,Ukraine,Lutsk,Israel,https://en.wikipedia.org/wiki/Shmuel_Fershko
Vladimir Yanpolsky,Q2790443,Ukraine,Cherkasy,Russian Empire,https://en.wikipedia.org/wiki/Vlad_Yanpolsky
Andriy Bondarenko,Q4093179,Ukraine,Brovary,Ukraine,https://en.wikipedia.org/wiki/Andriy_Bondarenko
Valery Sigalevitch,Q3553746,Ukraine,Simferopol,Russia,https://en.wikipedia.org/wiki/Valery_Sigalevitch
Gennady Vetrov,Q4110057,Ukraine,Makiivka,Moscow,https://en.wikipedia.org/wiki/Gennady_Vetrov
Simon Osiashvili,Q4337687,Ukraine,Lviv,Russia,https://en.wikipedia.org/wiki/Simon_Osiashvili
Roman Miroshnichenko,Q4296268,Ukraine,Kamyanske,Russia,https://en.wikipedia.org/wiki/Roman_Miroshnichenko
Alexander Romanovsky,Q3610796,Ukraine,Kamyanske,Italy,https://en.wikipedia.org/wiki/Alexander_Romanovsky_(pianist)
Vladimir Denissenkov,Q4015807,Ukraine,Chernivtsi,Italy,https://en.wikipedia.org/wiki/Vladimir_Denissenkov
Jan Tabachnyk,Q4449226,Ukraine,Chernivtsi,Soviet Union,https://en.wikipedia.org/wiki/Jan_Tabachnyk
Serhiy Salov,Q3479776,Ukraine,Donetsk,Canada,https://en.wikipedia.org/wiki/Serhiy_Salov
Boris Berlin,Q4084974,Ukraine,Kharkiv,Canada,https://en.wikipedia.org/wiki/Boris_Berlin
Youli Galperine,Q3572814,Ukraine,Kyiv,France,https://en.wikipedia.org/wiki/Youli_Galperine
Volodymyr Komarov,Q4229273,Ukraine,Kirovohrad Oblast,Soviet Union,https://en.wikipedia.org/wiki/Volodymyr_Komarov
Lev Barenboim,Q3831253,Ukraine,Odesa,Russian Empire,https://en.wikipedia.org/wiki/Lev_Barenboim
Daniel Kluger,Q4224237,Ukraine,Simferopol,Israel,https://en.wikipedia.org/wiki/Daniel_Kluger
Yevhen Koshovyi,Q4236976,Ukraine,Kivsharivka,Ukraine,https://en.wikipedia.org/wiki/Yevhen_Koshovyi
Anatoly Dneprov,Q4163123,Ukraine,Dnipro,Russia,https://en.wikipedia.org/wiki/Anatoly_Dneprov_(singer)
Mayor Brenner,Q4096299,Ukraine,Dnipro,Soviet Union,https://en.wikipedia.org/wiki/Mayor_Brenner
Kostiantyn Dankevych,Q4154930,Ukraine,Odesa,Russian Empire,https://en.wikipedia.org/wiki/Kostiantyn_Dankevych
Irina Zaritskaya,Q3389363,Ukraine,Kyiv,Ukraine,https://en.wikipedia.org/wiki/Irina_Zaritskaya
Elmar Gasanov,Q4134050,Ukraine,Sevastopol,Russia,https://en.wikipedia.org/wiki/Elmar_Gasanov
Ania Dorfmann,Q4167122,Ukraine,Odesa,United States,https://en.wikipedia.org/wiki/Ania_Dorfmann
Kostya Leontovich,Q4258984,Ukraine,Kyiv,Ukraine,https://en.wikipedia.org/wiki/Kostya_Leontovich
Ignaz Tiegerman,Q4162238,Ukraine,Drohobych,Poland,https://en.wikipedia.org/wiki/Ignace_Tiegerman
Sascha Gorodnitzki,Q4145277,Ukraine,Kyiv,United States,https://en.wikipedia.org/wiki/Sascha_Gorodnitzki
Dmitry Paperno,Q4344654,Ukraine,Kyiv,Ukraine,https://en.wikipedia.org/wiki/Dmitry_Paperno
Vladyslav Zaremba,Q4187173,Ukraine,Dunaivtsi,Russian Empire,https://en.wikipedia.org/wiki/Vladyslav_Zaremba
Ihor Shamo,Q4519883,Ukraine,Kyiv,Soviet Union,https://en.wikipedia.org/wiki/Ihor_Shamo
Skofka,Q109376259,Ukraine,Rivne,Kyiv,https://en.wikipedia.org/wiki/Skofka
Aleksander Zarzycki,Q4187449,Ukraine,Lviv,Austrian Empire,https://en.wikipedia.org/wiki/Aleksander_Zarzycki
V. A. Natanson,Q4314153,Ukraine,Huliaipole,Soviet Union,https://en.wikipedia.org/wiki/Vladimir_Natanson
Oleg Karavaychuk,Q4213623,Ukraine,Kyiv,Soviet Union,https://en.wikipedia.org/wiki/Oleg_Karavaychuk
Jan Savitt,Q1682187,Ukraine,Shumsk,United States,https://en.wikipedia.org/wiki/Jan_Savitt
Dol Dauber,Q87319,Ukraine,Vyzhnytsia,Czechoslovakia,https://en.wikipedia.org/wiki/Dol_Dauber
Samuel Pokrass,Q4369153,Ukraine,Kyiv,Russian Empire,https://en.wikipedia.org/wiki/Samuel_Pokrass
Oleh Psiuk,Q109394082,Ukraine,Kalush,Ukraine,https://en.wikipedia.org/wiki/Oleh_Psiuk
Ernst Jedliczka,Q4174050,Ukraine,Poltava,Germany,https://en.wikipedia.org/wiki/Ernst_Jedliczka
Konstantin Listov,Q4263449,Ukraine,Odesa,Soviet Union,https://en.wikipedia.org/wiki/Konstantin_Listov
Sergey Tarnovsky,Q4452079,Ukraine,Kyiv,Russian Empire,https://en.wikipedia.org/wiki/Sergei_Tarnowsky
Anna Kravtchenko,Q4767181,Ukraine,Kharkiv,Ukraine,https://en.wikipedia.org/wiki/Anna_Kravtchenko
Natalya Pasichnyk,Q4989450,Ukraine,Rivne,Sweden,https://en.wikipedia.org/wiki/Natalya_Pasichnyk
Dmytro Shurov,Q4527981,Ukraine,Vinnytsia,Ukraine,https://en.wikipedia.org/wiki/Dmytro_Shurov
Mikhail Skorulskyi,Q4422402,Ukraine,Kyiv,Russian Empire,https://en.wikipedia.org/wiki/Mykhailo_Skorulskyi
Yasha Spivakovsky,Q4431188,Ukraine,Smila,Russian Empire,https://en.wikipedia.org/wiki/Jascha_Spivakovsky
Alexander Peskanov,Q4719830,Ukraine,Odesa,Soviet Union,https://en.wikipedia.org/wiki/Alexander_Peskanov
Mykola Suk,Q4445674,Ukraine,Kyiv,Soviet Union,https://en.wikipedia.org/wiki/Mykola_Suk
Arkady Luxemburg,Q4272163,Ukraine,Zhytomyr,Israel,https://en.wikipedia.org/wiki/Arkady_Luxemburg
Leib Glantz,Q2074465,Ukraine,Kyiv,Israel,https://en.wikipedia.org/wiki/Leib_Glantz
Yossele Rosenblatt,Q1708769,Ukraine,Bila Tserkva,United States,https://en.wikipedia.org/wiki/Yossele_Rosenblatt
Sidor Belarsky,Q2091423,Ukraine,Kryzhopil,Russian Empire,https://en.wikipedia.org/wiki/Sidor_Belarsky
Joseph Schmidt,Q94513,Ukraine,Davydivka,Berlin,https://en.wikipedia.org/wiki/Joseph_Schmidt
Pinchas Minkowski,Q20502012,Ukraine,Bila Tserkva,Austria,https://en.wikipedia.org/wiki/Pinhas_Minkowsky
Antonii Baryshevskyi,Q5697625,Ukraine,Kyiv,Ukraine,https://en.wikipedia.org/wiki/Antonii_Baryshevskyi
Gershon Sirota,Q2915432,Ukraine,Haisyn,Haisyn,https://en.wikipedia.org/wiki/Gershon_Sirota
Evgeny Mogilevsky,Q4299117,Ukraine,Odesa,Russia,https://en.wikipedia.org/wiki/Evgeny_Mogilevsky
Yurii Kerpatenko,Q114681828,Ukraine,Kherson,Ukraine,https://en.wikipedia.org/wiki/Yurii_Kerpatenko
Abraham Firkovich,Q2390259,Ukraine,Lutsk,Polish–Lithuanian Commonwealth,https://en.wikipedia.org/wiki/Abraham_Firkovich
Edith Vogel,Q5338690,Ukraine,Chernivtsi,United Kingdom,https://en.wikipedia.org/wiki/Edith_Vogel
Evelina De Lain,Q20155457,Ukraine,Zhovti Vody,Ukraine,https://en.wikipedia.org/wiki/Evelina_De_Lain
Pierre Pinchik,Q3659826,Ukraine,Novozhivotiv,United States,https://en.wikipedia.org/wiki/Pierre_Pinchik
Jadwiga Szajna-Lewandowska,Q6121580,Ukraine,Brody,Poland,https://en.wikipedia.org/wiki/Jadwiga_Szajna-Lewandowska
Andro,Q112977024,Ukraine,Kyiv,Ukraine,https://en.wikipedia.org/wiki/Andro_(singer)
Al Goodman,Q4703890,Ukraine,Nikopol,United States,https://en.wikipedia.org/wiki/Al_Goodman
Oleksandr Shymko,Q4715455,Ukraine,Borshchiv,Ukraine,https://en.wikipedia.org/wiki/Oleksandr_Shymko
Ethella Chupryk,Q5403260,Ukraine,Vynohradiv,Ukraine,https://en.wikipedia.org/wiki/Ethella_Chupryk
Daniel Sternberg,Q5218841,Ukraine,Lviv,United States,https://en.wikipedia.org/wiki/Daniel_Sternberg
Mihai Amihalachioaie,Q124526807,Ukraine,Molnytsia,Moldova,https://en.wikipedia.org/wiki/Mihai_Amih%C4%83l%C4%83chioaie
Anatoly Zatin,Q5674685,Ukraine,Uzhhorod,Mexico,https://en.wikipedia.org/wiki/Anatoly_Zatin
Ihor Sonevytsky,Q5994799,Ukraine,Hadynkivtsi,Galicia,https://en.wikipedia.org/wiki/Ihor_Sonevytsky
Kostiantyn Sukhonosov,Q12158962,Ukraine,Kyiv,Ukraine,https://en.wikipedia.org/wiki/Kostiantyn_Sukhonosov
Evgeny Ukhanov,Q5418281,Ukraine,Horlivka,Australia,https://en.wikipedia.org/wiki/Evgeny_Ukhanov
Israel Schorr,Q2919542,Ukraine,Khyriv,Khyriv,https://en.wikipedia.org/wiki/Israel_Schorr
Knjaz Varggoth,Q6422667,Ukraine,Kharkiv,Ukraine,https://en.wikipedia.org/wiki/Knjaz_Varggoth
Nina Svetlanova,Q7038125,Ukraine,Kyiv,United States,https://en.wikipedia.org/wiki/Nina_Svetlanova
Nahum Nardi,Q6995111,Ukraine,Kyiv,Israel,https://en.wikipedia.org/wiki/Nahum_Nardi
Marcelina Czartoryska,Q6756303,Ukraine,Pidluzhne,Poland,https://en.wikipedia.org/wiki/Marcelina_Czartoryska
Mordecai Strelisker,Q111462123,Ukraine,Brody,Brody,https://en.wikipedia.org/wiki/Mordecai_Strelisker
David Roitman,Q7192884,Ukraine,Iosipivka,New York City,https://en.wikipedia.org/wiki/David_Roitman
Leonid Sagalov,Q6526475,Ukraine,Kharkiv,Soviet Union,https://en.wikipedia.org/wiki/Leonid_Sagalov
Meyer Kanewsky,Q105664308,Ukraine,Zolotonosha,Russian Empire,https://en.wikipedia.org/wiki/Meyer_Kanewsky
Leff Pouishnoff,Q6516646,Ukraine,Odesa,United Kingdom,https://en.wikipedia.org/wiki/Lev_Pouishnoff
Nándor Szenkár,Q14633045,Ukraine,Kamianets-Podilskyi,Budapest,https://en.wikipedia.org/wiki/N%C3%A1ndor_Szenk%C3%A1r
Nelly Ben-Or,Q6990227,Ukraine,Lviv,Poland,https://en.wikipedia.org/wiki/Nelly_Ben-Or
Paula Szalit,Q7154780,Ukraine,Brody,Cisleithania,https://en.wikipedia.org/wiki/Paula_Szalit
Vladimir Bobri,Q7938276,Ukraine,Kharkiv,United States,https://en.wikipedia.org/wiki/Vladimir_Bobri
Lazar Weiner,Q6505801,Ukraine,Cherkasy,Russian Empire,https://en.wikipedia.org/wiki/Lazar_Weiner
Israel Alter,Q15668839,Ukraine,Lviv,Mitte,https://en.wikipedia.org/wiki/Israel_Alter
Nestor Nyzhankivskyi,Q12133668,Ukraine,Berezhany,Austria–Hungary,https://en.wikipedia.org/wiki/Nestor_Nyzhankivsky
Maria Krushelnytska,Q12115141,Ukraine,Kharkiv,Soviet Union,https://en.wikipedia.org/wiki/Maria_Krushelnytska
Oleksandr Kozarenko,Q12111312,Ukraine,Kolomyia,Ukraine,https://en.wikipedia.org/wiki/Oleksandr_Kozarenko
Larysa Moro-Borushenko,Q12084260,Ukraine,Barysh,Brazil,https://en.wikipedia.org/wiki/Larysa_Moro-Borushenko
Olha-Oleksandra Bazhanska-Ozarkevych,Q12080233,Ukraine,Lviv,Ukraine,https://en.wikipedia.org/wiki/Olha-Oleksandra_Bazhanska-Ozarkevych
Yevheniya Barvinska,Q12081002,Ukraine,Lviv,Lviv,https://en.wikipedia.org/wiki/Yevheniya_Barvinska
Zhanna Kolodub,Q12111665,Ukraine,Vinnytsia,Soviet Union,https://en.wikipedia.org/wiki/Zhanna_Kolodub
Yudif Rozhavska,Q12148292,Ukraine,Kyiv,Soviet Union,https://en.wikipedia.org/wiki/Yudif_Rozhavskaya
Stefania Turkevych-Lukiianovych,Q12162960,Ukraine,Lviv,Austria–Hungary,https://en.wikipedia.org/wiki/Stefania_Turkewich
Ruslan Sirota,Q7381048,Ukraine,Uman,United States,https://en.wikipedia.org/wiki/Ruslan_Sirota
Valentina Kameníková,Q7910874,Ukraine,Odesa,Czechoslovakia,https://en.wikipedia.org/wiki/Valentina_Kamen%C3%ADkov%C3%A1
József Örmény,Q8059430,Ukraine,Uzhhorod,Ukraine,https://en.wikipedia.org/wiki/J%C3%B3zsef_%C3%96rm%C3%A9ny
Lola Gjoka,Q11762484,Ukraine,Sevastopol,Albania,https://en.wikipedia.org/wiki/Lola_Gjoka
Sergei Yuferov,Q7453892,Ukraine,Odesa,Moscow,https://en.wikipedia.org/wiki/Sergei_Yuferov
Jacob Hoffman,Q114685046,Ukraine,Pervomaisk,Russian Empire,https://en.wikipedia.org/wiki/Jacob_Hoffman_(musician)
Aleksey Botvinov,Q8042921,Ukraine,Odesa,Ukraine,https://en.wikipedia.org/wiki/Alexey_Botvinov
Yuriy Oliynyk,Q8061724,Ukraine,Ternopil,Ukraine,https://en.wikipedia.org/wiki/Yuriy_Oliynyk
Virko Baley,Q7934832,Ukraine,Radekhiv,Regensburg,https://en.wikipedia.org/wiki/Virko_Baley
Taras Filenko,Q7685523,Ukraine,Kyiv,Ukraine,https://en.wikipedia.org/wiki/Taras_Filenko
Leonid Dukhovny,Q12102987,Ukraine,Kyiv,Moscow,https://en.wikipedia.org/wiki/Leonid_Dukhovny
Illi︠a︡ Lyzohub,Q7240133,Ukraine,Horodnia Raion,Horodnia Raion,https://en.wikipedia.org/wiki/Ilya_Lyzohub
Simon Bucharoff,Q7518368,Ukraine,Berdychiv,United States,https://en.wikipedia.org/wiki/Simon_Bucharoff
Vlad,Q7938147,Ukraine,Kalush,United States,https://en.wikipedia.org/wiki/Vlad_(musician)
Estás Tonné,Q17254154,Ukraine,Zaporizhzhia,Zaporizhzhia,https://en.wikipedia.org/wiki/Estas_Tonne
Dora Zaslavsky,Q16012023,Ukraine,Kremenchuk,United States,https://en.wikipedia.org/wiki/Dora_Zaslavsky
Vadim Neselovskyi,Q15432830,Ukraine,Odesa,Soviet Union,https://en.wikipedia.org/wiki/Vadim_Neselovskyi
Karl Doppler,Q67497,Ukraine,Lviv,Cisleithania,https://en.wikipedia.org/wiki/Karl_Doppler
Nila Kriukova,Q4243151,Ukraine,Popivka,Kyiv,https://en.wikipedia.org/wiki/Nila_Kriukova
Oleksandr Bondurianskyi,Q16106887,Ukraine,Kherson,Russia,https://en.wikipedia.org/wiki/Oleksandr_Bondurianskyi
Franz Doppler,Q711460,Ukraine,Lviv,Austria–Hungary,https://en.wikipedia.org/wiki/Franz_Doppler
Yevhen Halych,Q17371778,Ukraine,Poltava,Ukraine,https://en.wikipedia.org/wiki/Yevhen_Halych
Marie Panthès,Q17124668,Ukraine,Odesa,France,https://en.wikipedia.org/wiki/Marie_Panth%C3%A8s
Denis Stoff,Q19817030,Ukraine,Khartsyzk,Ukraine,https://en.wikipedia.org/wiki/Denis_Stoff
Marko Topchii,Q18352894,Ukraine,Kyiv,Ukraine,https://en.wikipedia.org/wiki/Marko_Topchii
Nikolaos Astrinidis,Q16330524,Ukraine,Bilhorod-Dnistrovskyi,Greece,https://en.wikipedia.org/wiki/Nicolas_Astrinidis
Oksana Lutsyshyn,Q19876789,Ukraine,Sokal,Moscow,https://en.wikipedia.org/wiki/Oksana_Lutsyshyn
Emanuel Feuermann,Q112171,Ukraine,Kolomyia,Austria,https://en.wikipedia.org/wiki/Emanuel_Feuermann
Joachim Stutschewsky,Q214140,Ukraine,Romny,Israel,https://en.wikipedia.org/wiki/Joachim_Stutschewsky
Alexander Edelmann,Q18677754,Ukraine,Hostomel,Russia,https://en.wikipedia.org/wiki/Alexander_Edelmann
Radu Paladi,Q16591921,Ukraine,Storozhynets,Romania,https://en.wikipedia.org/wiki/Radu_Paladi
Jacob Weinberg,Q19668022,Ukraine,Odesa,Russian Empire,https://en.wikipedia.org/wiki/Jacob_Weinberg
Rada Lysenko,Q16731738,Ukraine,Khorol,Soviet Union,https://en.wikipedia.org/wiki/Rada_Lysenko
Emilia Kabakov,Q17515983,Ukraine,Dnipro,Dnipro,https://en.wikipedia.org/wiki/Emilia_Kabakov
Pavel Necheporenko,Q4318306,Ukraine,Chyhyryn,Russia,https://en.wikipedia.org/wiki/Pavel_Necheporenko
Sofia Moshevich,Q22279299,Ukraine,Kharkiv,Jerusalem,https://en.wikipedia.org/wiki/Sofia_Moshevich
Gregor Piatigorsky,Q364868,Ukraine,Dnipro,Russian Empire,https://en.wikipedia.org/wiki/Gregor_Piatigorsky
Vladimir Orlov,Q4336940,Ukraine,Odesa,Canada,https://en.wikipedia.org/wiki/Vladimir_Orloff
Mikhail Bukinik,Q1930285,Ukraine,Kharkiv,Ukraine,https://en.wikipedia.org/wiki/Mikhail_Bukinik
Stanislav Khristenko,Q21064020,Ukraine,Kharkiv,"Washington, D.C.",https://en.wikipedia.org/wiki/Stanislav_Khristenko
Andrii Antonenko,Q78889142,Ukraine,Kyiv,Soviet Union,https://en.wikipedia.org/wiki/Andriy_Antonenko
Alexandre Barjansky,Q4720804,Ukraine,Odesa,Russian Empire,https://en.wikipedia.org/wiki/Alexandre_Barjansky
Nikocado Avocado,Q105593316,Ukraine,Kherson,United States,https://en.wikipedia.org/wiki/Nikocado_Avocado
Vlasta Fabianová,Q770831,Ukraine,Lviv,Brno,https://en.wikipedia.org/wiki/Vlasta_Fabianov%C3%A1
Aleksey Semenenko,Q28702042,Ukraine,Odesa,Ukraine,https://en.wikipedia.org/wiki/Aleksey_Semenenko
Vladimir Khomyakov,Q56885757,Ukraine,Kropyvnytskyi,Russia,https://en.wikipedia.org/wiki/Vladimir_Khomyakov
Emanuel Bay,Q55677336,Ukraine,Simferopol,Simferopol,https://en.wikipedia.org/wiki/Emanuel_Bay
Karolina Protsenko,Q91313507,Ukraine,Kyiv,Simi Valley,https://en.wikipedia.org/wiki/Karolina_Protsenko
Ludwik Konopko,Q105602145,Ukraine,Lviv,Ukraine,https://en.wikipedia.org/wiki/Ludwik_Konopko
Neonila Lahodiuk,Q30961758,Ukraine,Bohuslav,Ukraine,https://en.wikipedia.org/wiki/Neonila_Lahodiuk
Tina Lerner,Q28664550,Ukraine,Odesa,Moscow,https://en.wikipedia.org/wiki/Tina_Lerner
Pierre Luboshutz,Q27727729,Ukraine,Odesa,Russian Empire,https://en.wikipedia.org/wiki/Pierre_Luboshutz
Joseph Cherniavsky,Q104347246,Ukraine,Lubny,United States,https://en.wikipedia.org/wiki/Joseph_Cherniavsky
Zoltan Almashi,Q12077740,Ukraine,Lviv,Ukraine,https://en.wikipedia.org/wiki/Zoltan_Almashi
Anna Tsybuleva,Q28095232,Ukraine,Ukraine,Russia,https://en.wikipedia.org/wiki/Anna_Tsybuleva
Gdal Saleski,Q4185226,Ukraine,Kyiv,Russian Empire,https://en.wikipedia.org/wiki/Gdal_Saleski
Anna Saulowna Lyuboshits,Q20004623,Ukraine,Odesa,Russian Empire,https://en.wikipedia.org/wiki/Anna_Luboshutz
Apollon Gussakosky,Q97188850,Ukraine,Okhtyrka,Russian Empire,https://en.wikipedia.org/wiki/Apollon_Hussakovskyi
Serge Barjansky,Q107573139,Ukraine,Odesa,Odesa,https://en.wikipedia.org/wiki/Serge_Barjansky
Michael Kugel,Q3660955,Ukraine,Kharkiv,Belgium,https://en.wikipedia.org/wiki/Michael_Kugel
Diana Tishchenko,Q112073327,Ukraine,Crimea,Austria,https://en.wikipedia.org/wiki/Diana_Tishchenko
Milana Chernyavska,Q51530888,Ukraine,Kyiv,Germany,https://en.wikipedia.org/wiki/Milana_Chernyavska
Evgeny Khmara,Q64853181,Ukraine,Kyiv,Ukraine,https://en.wikipedia.org/wiki/Evgeny_Khmara
Natalia Khoma,Q118370005,Ukraine,Lviv,United States,https://en.wikipedia.org/wiki/Natalia_Khoma
Hnat Khotkevych,Q2592547,Ukraine,Kharkiv,Russian Empire,https://en.wikipedia.org/wiki/Hnat_Khotkevych
Ivan Mazepa,Q165419,Ukraine,Mazepintsi,Polish–Lithuanian Commonwealth,https://en.wikipedia.org/wiki/Ivan_Mazepa
Antin Holovaty,Q1963288,Ukraine,Novi Sanzhary,Russian Empire,https://en.wikipedia.org/wiki/Antin_Holovaty
Yevhen Adamtsevych,Q1445129,Ukraine,Solonytsia,Soviet Union,https://en.wikipedia.org/wiki/Yevhen_Adamtsevych
Hryhory Nazarenko,Q5924089,Ukraine,Poltava,Ukraine,https://en.wikipedia.org/wiki/Hryhory_Nazarenko
Andrii Omelchenko,Q4759399,Ukraine,Pavlysh,Soviet Union,https://en.wikipedia.org/wiki/Andriy_Omelchenko
Hryhorii Kytastyi,Q4222448,Ukraine,Kobeliaky,Soviet Union,https://en.wikipedia.org/wiki/Hryhory_Kytasty
Basilio Kaczurak,Q5657095,Ukraine,Ivano-Frankivsk,Argentina,https://en.wikipedia.org/wiki/Basilio_Kaczurak
Serhiy Bashtan,Q4820583,Ukraine,Velykyi Khutir,Soviet Union,https://en.wikipedia.org/wiki/Serhiy_Bashtan
Eduard Drach,Q5340389,Ukraine,Kryvyi Rih,Ukraine,https://en.wikipedia.org/wiki/Eduard_Drach
Kost Novytsky,Q6433440,Ukraine,Kyiv,Ukraine,https://en.wikipedia.org/wiki/Kost_Novytsky
Mykola Budnyk,Q4098150,Ukraine,Skolobiv,Soviet Union,https://en.wikipedia.org/wiki/Mykola_Budnyk
Mykhailo Kravchenko,Q6947541,Ukraine,Velyki Sorochyntsi,Russian Empire,https://en.wikipedia.org/wiki/Mykhailo_Kravchenko
Mykhailo Domontovych,Q6947531,Ukraine,Zolotonosha,Ukrainian Soviet Socialist Republic,https://en.wikipedia.org/wiki/Mykhailo_Domontovych
Taras Kompanichenko,Q7685533,Ukraine,Kyiv,Ukraine,https://en.wikipedia.org/wiki/Taras_Kompanichenko
Ivan Kuchuhura-Kucherenko,Q6096729,Ukraine,Murafa,Russian Empire,https://en.wikipedia.org/wiki/Ivan_Kuchuhura-Kucherenko
Larysa Kovalchuk-Buriak,Q6489479,Ukraine,Khorostkiv,Soviet Union,https://en.wikipedia.org/wiki/Larissa_Burak
Mykola Bohuslavskyi,Q6947572,Ukraine,Dnipro,Dnipro,https://en.wikipedia.org/wiki/Mykola_Bohuslavsky
Fedir Zharko,Q5441099,Ukraine,Mykhailivka,Mykhailivka,https://en.wikipedia.org/wiki/Fedir_Zharko
Zinovii Shtokalko,Q8072448,Ukraine,Berezhany,Germany,https://en.wikipedia.org/wiki/Zinoviy_Shtokalko
Volodymyr Kabachok,Q7940577,Ukraine,Petrivtsi,Poltava,https://en.wikipedia.org/wiki/Volodymyr_Kabachok
Volodymyr Luciv,Q7940588,Ukraine,Nadvirna,Ukraine,https://en.wikipedia.org/wiki/Volodymyr_Luciv
Hnat Honcharenko,Q12096808,Ukraine,Ripky,Russian Empire,https://en.wikipedia.org/wiki/Hnat_Honcharenko
Walter V. Bozyk,Q7966325,Ukraine,Rava-Ruska,United States,https://en.wikipedia.org/wiki/Walter_V._Bozyk
Max Barskih,Q41272,Ukraine,Kherson,Russia,https://en.wikipedia.org/wiki/Max_Barskih
Vasyl Yemetz,Q7917070,Ukraine,Sharivka,Ukrainian People's Republic,https://en.wikipedia.org/wiki/Vasyl_Yemetz
Sophia Agranovich,Q109354472,Ukraine,Chernivtsi,Chernivtsi,https://en.wikipedia.org/wiki/Sophia_Agranovich
Alexander Gurgenov,Q116562105,Ukraine,Lviv,Lviv,https://en.wikipedia.org/wiki/Alexander_Gurgenov
Tereshko Parkhomenko,Q7702265,Ukraine,Mena Raion,Russian Empire,https://en.wikipedia.org/wiki/Tereshko_Parkhomenko
Gaitana,Q209845,Ukraine,Kyiv,Republic of the Congo,https://en.wikipedia.org/wiki/Gaitana_(singer)
Andriy Kuzmenko,Q4245310,Ukraine,Sambir,Crimea,https://en.wikipedia.org/wiki/Andriy_Kuzmenko
Dave Apollon,Q5228241,Ukraine,Kyiv,Russian Empire,https://en.wikipedia.org/wiki/Dave_Apollon
Inna Zhvanetskaya,Q95745413,Ukraine,Vinnytsia,Soviet Union,https://en.wikipedia.org/wiki/Inna_Zhvanetskaya
Alexander Vertinsky,Q516281,Ukraine,Kyiv,Greece,https://en.wikipedia.org/wiki/Alexander_Vertinsky
Aşıq Ümer,Q794825,Ukraine,Yevpatoriia,Ottoman Empire,https://en.wikipedia.org/wiki/A%C5%9F%C4%B1q_%C3%9Cmer
Mikhail Elizarov,Q4174878,Ukraine,Ivano-Frankivsk,Germany,https://en.wikipedia.org/wiki/Mikhail_Elizarov
Mikhail Plyatskovsky,Q4366015,Ukraine,Yenakiieve,Soviet Union,https://en.wikipedia.org/wiki/Mikhail_Plyatskovsky
Eduard Romanyuta,Q4397461,Ukraine,Ternopil,Ukraine,https://en.wikipedia.org/wiki/Eduard_Romanyuta
Aleksandr Medvedenko,Q4287393,Ukraine,Mykolaiv,Israel,https://en.wikipedia.org/wiki/Aleksandr_Dov
Vasyl Zinkevych,Q4192156,Ukraine,Vaskivtsi,Ukraine,https://en.wikipedia.org/wiki/Vasyl_Zinkevych
Monatik,Q12124379,Ukraine,Lutsk,Ukraine,https://en.wikipedia.org/wiki/Monatik
Mark Warshawsky,Q2908908,Ukraine,Odesa,Russian Empire,https://en.wikipedia.org/wiki/Mark_Warshawsky
Hryhory Alchevsky,Q2597222,Ukraine,Kharkiv,Russian Empire,https://en.wikipedia.org/wiki/Gregory_Alchevsky
Zi Faámelu,Q2910906,Ukraine,Chornomorske,Kyiv,https://en.wikipedia.org/wiki/Zi_Fa%C3%A1melu
Tatiana Aleshina,Q4063827,Ukraine,Nizhyn,Russia,https://en.wikipedia.org/wiki/Tatiana_Aleshina
Tymko Padura,Q2563175,Ukraine,Illintsi,Russian Empire,https://en.wikipedia.org/wiki/Tymko_Padura
Sergey Zakharov,Q3329763,Ukraine,Mykolaiv,Russia,https://en.wikipedia.org/wiki/Sergei_Zakharov_(singer)
Roman Krasnovsky,Q7362049,Ukraine,Donetsk,Israel,https://en.wikipedia.org/wiki/Roman_Krasnovsky
Ben-Zion Witler,Q4885170,Ukraine,Belz,Galicia,https://en.wikipedia.org/wiki/Ben-Zion_Witler
Roman Turovsky-Savchuk,Q4466352,Ukraine,Kyiv,United States,https://en.wikipedia.org/wiki/Roman_Turovsky-Savchuk
Artemy Vedel,Q971559,Ukraine,Kyiv,Russian Empire,https://en.wikipedia.org/wiki/Artemy_Vedel
Alina Simone,Q4726726,Ukraine,Kharkiv,United States,https://en.wikipedia.org/wiki/Alina_Simone
Diana Hacıyeva,Q16366466,Ukraine,Mariupol,Azerbaijan,https://en.wikipedia.org/wiki/Diana_Hajiyeva
Oleh Vynnyk,Q20066240,Ukraine,Verbivka,Germany,https://en.wikipedia.org/wiki/Oleh_Vynnyk
Natalie Papazoglu,Q25721299,Ukraine,Kalush,Ukraine,https://en.wikipedia.org/wiki/Natalie_Papazoglu
Jerry Heil,Q56364121,Ukraine,Vasylkiv,Ukraine,https://en.wikipedia.org/wiki/Jerry_Heil
Khrystyna Soloviy,Q21600244,Ukraine,Drohobych,Ukraine,https://en.wikipedia.org/wiki/Khrystyna_Soloviy
Mélovin,Q25442068,Ukraine,Odesa,Ukraine,https://en.wikipedia.org/wiki/M%C3%A9lovin
Nikolai Kapustin,Q704175,Ukraine,Horlivka,Russia,https://en.wikipedia.org/wiki/Nikolai_Kapustin
Emanuel Ax,Q505563,Ukraine,Lviv,Poland,https://en.wikipedia.org/wiki/Emanuel_Ax
Vladimir de Pachmann,Q674861,Ukraine,Odesa,Kingdom of Italy,https://en.wikipedia.org/wiki/Vladimir_de_Pachmann
Aina Vilberh,Q22918544,Ukraine,Kakhovka,Soviet Union,https://en.wikipedia.org/wiki/Aina_Vilberh
Mari Kraimbrery,Q65153800,Ukraine,Kryvyi Rih,Moscow,https://en.wikipedia.org/wiki/Mari_Kraimbrery
Masha Kondratenko,Q61112522,Ukraine,Shostka,Ukraine,https://en.wikipedia.org/wiki/Masha_Kondratenko
Sasha Boole,Q28919523,Ukraine,Zhytomyr,Ukraine,https://en.wikipedia.org/wiki/Sasha_Boole
Anatoliy Avdiyevsky,Q4055557,Ukraine,Pidlisne,Soviet Union,https://en.wikipedia.org/wiki/Anatoly_Avdievsky
Mykola Kolessa,Q1956613,Ukraine,Sambir,Austria–Hungary,https://en.wikipedia.org/wiki/Mykola_Kolessa
Ferenc Bernáth,Q31093038,Ukraine,Chop,Hungary,https://en.wikipedia.org/wiki/Ferenc_Bern%C3%A1th
Dakooka,Q61114823,Ukraine,Chernivtsi,Ukraine,https://en.wikipedia.org/wiki/Kateryna_Yeremenko
Q111203017,Q111203017,Ukraine,Khmelnytskyi,Kyiv,https://en.wikipedia.org/wiki/Tucha_(singer)
Denis Bouriakov,Q1992545,Ukraine,Simferopol,Ukrainian Soviet Socialist Republic,https://en.wikipedia.org/wiki/Denis_Bouriakov
Alexander Brailowsky,Q946603,Ukraine,Kyiv,France,https://en.wikipedia.org/wiki/Alexander_Brailowsky
Solomiya Ivakhiv,Q110165176,Ukraine,Lviv,Storrs-Mansfield,https://en.wikipedia.org/wiki/Solomiya_Ivakhiv
Taras Borovok,Q112284752,Ukraine,Kyiv,Ukraine,https://en.wikipedia.org/wiki/Taras_Borovok
SadSvit,Q114527926,Ukraine,Ivano-Frankivsk,Ukraine,https://en.wikipedia.org/wiki/SadSvit
Wellboy,Q107542046,Ukraine,Hrun,Ukraine,https://en.wikipedia.org/wiki/Wellboy
Alemdar Karamanov,Q1967646,Ukraine,Simferopol,Soviet Union,https://en.wikipedia.org/wiki/Alemdar_Karamanov
Vadym Kholodenko,Q4499275,Ukraine,Kyiv,Ukraine,https://en.wikipedia.org/wiki/Vadym_Kholodenko
Kyrylo Stetsenko,Q2090016,Ukraine,Kvitky,Bila Tserkva,https://en.wikipedia.org/wiki/Kyrylo_Stetsenko
Pyotr Goncharov,Q518074,Ukraine,Kyiv,Russian Empire,https://en.wikipedia.org/wiki/Pyotr_Grigorievich_Goncharov
Iacob Tihai,Q8047169,Ukraine,Tarasivtsi,Russian Empire,https://en.wikipedia.org/wiki/Iacob_Tihai
Domiy,Q125792651,Ukraine,Verben,Ukraine,https://en.wikipedia.org/wiki/Domiy
Yaktak,Q110246609,Ukraine,Stara Vyzhivka,Ukraine,https://en.wikipedia.org/wiki/Yaktak
Ippolit Al'tani,Q1969066,Ukraine,Dnipro,Russian Empire,https://en.wikipedia.org/wiki/Ippolit_Al%27tani
Denys Sichynsky,Q12159553,Ukraine,Kliuvyntsi,Lviv,https://en.wikipedia.org/wiki/Denys_Sichynsky
Maksym Tymoshenko,Q12161214,Ukraine,Kyiv,Kyiv,https://en.wikipedia.org/wiki/Maksym_Tymoshenko
Sofia Rotaru,Q43137,Ukraine,Marshyntsi,Soviet Union,https://en.wikipedia.org/wiki/Sofia_Rotaru
Wernyhora,Q35007,Ukraine,Makedony,Zaporizhzhia,https://en.wikipedia.org/wiki/Wernyhora
Vasyl Hovika,Q126910676,Ukraine,Rosokhach,Austria–Hungary,https://en.wikipedia.org/wiki/Vasyl_Hovika
Mykhailo Haivoronsky,Q6831026,Ukraine,Zalishchyky,Zalishchyky,https://en.wikipedia.org/wiki/Michael_Hayvoronsky
Aleksandr Davidenko,Q4153589,Ukraine,Odesa,Soviet Union,https://en.wikipedia.org/wiki/Alexander_Davidenko
Jacob Schaefer,Q109316408,Ukraine,Kremenets,Russian Empire,https://en.wikipedia.org/wiki/Jacob_Schaefer_(composer)
Walter Klymkiw,Q126207665,Ukraine,Saranchuky,Canada,https://en.wikipedia.org/wiki/Walter_Klymkiw
Grigory Kompaniyets,Q27986686,Ukraine,Poltava,Russian Empire,https://en.wikipedia.org/wiki/Grigory_Kompaneyets
Alexandra Čvanová,Q4720792,Ukraine,Odesa,Brno,https://en.wikipedia.org/wiki/Alexandra_%C4%8Cvanov%C3%A1
Irene Abendroth,Q79002,Ukraine,Lviv,Austria,https://en.wikipedia.org/wiki/Irene_Abendroth
Anatolii Kocherha,Q487830,Ukraine,Samhorodok,Soviet Union,https://en.wikipedia.org/wiki/Anatoly_Kocherga
Anatoliy Solovyanenko,Q488006,Ukraine,Donetsk,Soviet Union,https://en.wikipedia.org/wiki/Anatoliy_Solovianenko
Alexander Tsymbalyuk,Q2643166,Ukraine,Odesa,Ukraine,https://en.wikipedia.org/wiki/Alexander_Tsymbalyuk
Elena Cernei,Q774555,Ukraine,Bairamcha,Romania,https://en.wikipedia.org/wiki/Elena_Cernei
Ostap Veresai,Q2293380,Ukraine,Kaliuzhyntsi,Russian Empire,https://en.wikipedia.org/wiki/Ostap_Veresai
Ira Malaniuk,Q94208,Ukraine,Ivano-Frankivsk,Austria,https://en.wikipedia.org/wiki/Ira_Malaniuk
Maxim Karolik,Q685953,Ukraine,Bilhorod-Dnistrovskyi,United States,https://en.wikipedia.org/wiki/Maxim_Karolik
Semen Hulak-Artemovsky,Q1400433,Ukraine,Horodyshche,Russian Empire,https://en.wikipedia.org/wiki/Semen_Hulak-Artemovsky
Georgi Nelepp,Q1509214,Ukraine,Bobruiky,Soviet Union,https://en.wikipedia.org/wiki/Georgii_Nelepp
Adolf Robinson,Q89324,Ukraine,Ivano-Frankivsk,Austria,https://en.wikipedia.org/wiki/Adolf_Robinson
Irina Zhurina,Q4181897,Ukraine,Kharkiv,Russia,https://en.wikipedia.org/wiki/Irina_Zhurina
Alexander Davydov,Q4153727,Ukraine,Kobeliaky,France,https://en.wikipedia.org/wiki/Alexander_Davydov_(singer)
Viorica Ursuleac,Q270281,Ukraine,Chernivtsi,Romania,https://en.wikipedia.org/wiki/Viorica_Ursuleac
Solomea Krushelnytska,Q267058,Ukraine,Biliavyntsi,Austria–Hungary,https://en.wikipedia.org/wiki/Solomiya_Krushelnytska
Vitalij Kowaljow,Q1693646,Ukraine,Cherkasy,Ukraine,https://en.wikipedia.org/wiki/Vitalij_Kowaljow
Joseph Rogatchewsky,Q3185573,Ukraine,Myrhorod,France,https://en.wikipedia.org/wiki/Joseph_Rogatchewsky
Netania Davrath,Q2893601,Ukraine,Rivne,Israel,https://en.wikipedia.org/wiki/Netania_Davrath
Alexander Kipnis,Q215634,Ukraine,Zhytomyr,Russian Empire,https://en.wikipedia.org/wiki/Alexander_Kipnis
Osip Petrov,Q1131756,Ukraine,Kropyvnytskyi,Russian Empire,https://en.wikipedia.org/wiki/Osip_Petrov
Maria Guleghina,Q1031062,Ukraine,Odesa,Belarus,https://en.wikipedia.org/wiki/Maria_Guleghina
Arnold Azrikan,Q4058458,Ukraine,Odesa,Soviet Union,https://en.wikipedia.org/wiki/Arnold_Azrikan
Alina Korobko,Q4233520,Ukraine,Yerky,Soviet Union,https://en.wikipedia.org/wiki/Alina_Korobko
Mykola Kondratyuk,Q4230630,Ukraine,Starokostiantyniv,Soviet Union,https://en.wikipedia.org/wiki/Mykola_Kondratyuk
Yevgeny Kibkalo,Q4219973,Ukraine,Kyiv,Soviet Union,https://en.wikipedia.org/wiki/Yevgeny_Kibkalo
Igor Gorin,Q4197633,Ukraine,Horodok,United States,https://en.wikipedia.org/wiki/Igor_Gorin
Andrey Labinsky,Q4251846,Ukraine,Kharkiv,Soviet Union,https://en.wikipedia.org/wiki/Andrey_Labinsky
Maximilian Maksakov,Q4276037,Ukraine,Chernivtsi,Russian Empire,https://en.wikipedia.org/wiki/Maximilian_Maksakov
Olena Muravyova,Q4307759,Ukraine,Kharkiv,Russian Empire,https://en.wikipedia.org/wiki/Olena_Muravyova
Mariia Lytvynenko-Volhemut,Q4263606,Ukraine,Kyiv,Russian Empire,https://en.wikipedia.org/wiki/Maria_Litvinenko-Volgemut
Anatoliy Mokrenko,Q4300049,Ukraine,Terny,Soviet Union,https://en.wikipedia.org/wiki/Anatoliy_Mokrenko
Oles Chishko,Q4272013,Ukraine,Dvorichnii Kut,Soviet Union,https://en.wikipedia.org/wiki/Oles_Chishko
Maksym Berezovsky,Q1353816,Ukraine,Hlukhiv,Russian Empire,https://en.wikipedia.org/wiki/Maxim_Berezovsky
Mark Reizen,Q1387918,Ukraine,Zaitseve,Russian Empire,https://en.wikipedia.org/wiki/Mark_Reizen
Ivan Kozlovskyi,Q1397423,Ukraine,Marianivka,Russia,https://en.wikipedia.org/wiki/Ivan_Kozlovsky
Oleksandr Myshuha,Q3544128,Ukraine,Novyi Vytkiv,Lviv,https://en.wikipedia.org/wiki/Aleksander_Myszuga
Viktoriia Lukianets,Q435893,Ukraine,Kyiv,Ukraine,https://en.wikipedia.org/wiki/Victoria_Loukianetz
Natalia Ermolenko-Yuzhina,Q3336352,Ukraine,Kyiv,France,https://en.wikipedia.org/wiki/Natalia_Ermolenko-Yuzhina
Lidiya Lipkovskaya,Q3389824,Ukraine,Babyn,Romania,https://en.wikipedia.org/wiki/Lydia_Lipkowska
Eduard Haken,Q3507846,Ukraine,Shklyn,Olomouc,https://en.wikipedia.org/wiki/Eduard_Haken
Yevheniia Miroshnychenko,Q458179,Ukraine,Hrafske,Soviet Union,https://en.wikipedia.org/wiki/Evgeniya_Miroshnichenko
Ilka Pálmay,Q1242223,Ukraine,Uzhhorod,Hungary,https://en.wikipedia.org/wiki/Ilka_P%C3%A1lmay
Igor Morozov,Q454393,Ukraine,Dnipro,Soviet Union,https://en.wikipedia.org/wiki/Igor_Morozov_(baritone)
Maria Fontosh,Q4948456,Ukraine,Velyka Kopanya,Sweden,https://en.wikipedia.org/wiki/Maria_Fontosh
Maria Kuznetsova,Q3291015,Ukraine,Odesa,France,https://en.wikipedia.org/wiki/Mariya_Kuznetsova_(singer)
Ján Koehler,Q3389131,Ukraine,Lviv,Poland,https://en.wikipedia.org/wiki/J%C3%A1n_Koehler
Borys Hmyria,Q2024256,Ukraine,Lebedyn,Soviet Union,https://en.wikipedia.org/wiki/Borys_Hmyria
Andrei Bondarenko,Q3400809,Ukraine,Kamianets-Podilskyi,Ukraine,https://en.wikipedia.org/wiki/Andrei_Bondarenko
Olga Mykytenko,Q1277817,Ukraine,Zhytomyr,Ukraine,https://en.wikipedia.org/wiki/Olga_Mykytenko
Dmytro Hnatyuk,Q2560981,Ukraine,Mamaivtsi,Kingdom of Romania,https://en.wikipedia.org/wiki/Dmytro_Hnatyuk
Mark Poltoratsky,Q4370887,Ukraine,Sosnytsia,Russian Empire,https://en.wikipedia.org/wiki/Mark_Poltoratsky
Julia Kogan,Q6306511,Ukraine,Ukraine,Ukraine,https://en.wikipedia.org/wiki/Julia_Kogan
Taras Konoshchenko,Q2393954,Ukraine,Kyiv,Ukraine,https://en.wikipedia.org/wiki/Taras_Konoshchenko
Diana Petrynenko,Q4360576,Ukraine,Drabiv Raion,Soviet Union,https://en.wikipedia.org/wiki/Diana_Petrynenko
Stefania Woytowicz,Q2563528,Ukraine,Orynyn,Poland,https://en.wikipedia.org/wiki/Stefania_Woytowicz
Vasily Petrov,Q4360720,Ukraine,Oleksiyivka,Russian Empire,https://en.wikipedia.org/wiki/Vasily_Rodionovich_Petrov
Antonina Nezhdanova,Q2450734,Ukraine,Odesa,Russian Empire,https://en.wikipedia.org/wiki/Antonina_Nezhdanova
Ekaterina Scherbachenko,Q4528900,Ukraine,Chernobyl,Russia,https://en.wikipedia.org/wiki/Ekaterina_Scherbachenko
Maria Sokil,Q6761590,Ukraine,Zaporizhzhia,Ukrainian People's Republic,https://en.wikipedia.org/wiki/Maria_Sokil
Maria Titarenko,Q4458217,Ukraine,Sevastopol,Azerbaijan,https://en.wikipedia.org/wiki/Maria_Titarenko
Bela Andreevna Roedenko,Q4399344,Ukraine,Antratsyt,Russia,https://en.wikipedia.org/wiki/Bela_Rudenko
Natalia Shpiller,Q4526453,Ukraine,Kyiv,Russia,https://en.wikipedia.org/wiki/Natalia_Shpiller
Lyudmila Shemchuk,Q4522807,Ukraine,Styla,Russia,https://en.wikipedia.org/wiki/Lyudmila_Shemchuk
Liudmyla Monastyrska,Q6654017,Ukraine,Irkliiv,Ukraine,https://en.wikipedia.org/wiki/Liudmyla_Monastyrska
Andrij Dobriansky,Q4759335,Ukraine,Lviv,Ukraine,https://en.wikipedia.org/wiki/Andrij_Dobriansky
Lyudmila Shirina,Q4524251,Ukraine,Bilozerka,Soviet Union,https://en.wikipedia.org/wiki/Lyudmila_Shirina
Mariia Stefiuk,Q4442496,Ukraine,Rozhniv,Soviet Union,https://en.wikipedia.org/wiki/Mariia_Stefiuk
Valentyna Arkanova,Q12079033,Ukraine,Kherson,Soviet Union,https://en.wikipedia.org/wiki/Valentyna_Arkanova
Hanna Krushelnytska,Q12115138,Ukraine,Bila,Lviv,https://en.wikipedia.org/wiki/Hanna_Krushelnytska
Iryna Dats,Q12099610,Ukraine,Zhytomyr,Ukraine,https://en.wikipedia.org/wiki/Iryna_Dats
Olena Tokar,Q12161762,Ukraine,Novotoshkivske,Ukraine,https://en.wikipedia.org/wiki/Olena_Tokar
Irena Turkevycz-Martynec,Q12162959,Ukraine,Brody,Austria–Hungary,https://en.wikipedia.org/wiki/Irena_Turkevycz-Martynec
Roxolana Roslak,Q12148833,Ukraine,Chortkiv,Canada,https://en.wikipedia.org/wiki/Roxolana_Roslak
Anzhelina Shvachka,Q12171389,Ukraine,Dnipro,Ukraine,https://en.wikipedia.org/wiki/Anzhelina_Shvachka
Nina Koshetz,Q7037999,Ukraine,Kyiv,Russian Empire,https://en.wikipedia.org/wiki/Nina_Koshetz
Maria Mokrzycka,Q11769042,Ukraine,Lviv,Austria–Hungary,https://en.wikipedia.org/wiki/Maria_Moscisca
Misha Raitzin,Q16012498,Ukraine,Ukraine,Soviet Union,https://en.wikipedia.org/wiki/Misha_Raitzin
Stefania Dovhan,Q7606365,Ukraine,Kyiv,Ukraine,https://en.wikipedia.org/wiki/Stefania_Dovhan
Olha Pasichnyk,Q7086652,Ukraine,Rivne,Ukraine,https://en.wikipedia.org/wiki/Olga_Pasichnyk
Renata Babak,Q7312570,Ukraine,Kharkiv,Soviet Union,https://en.wikipedia.org/wiki/Renata_Babak
Pavel Koshetz,Q7155654,Ukraine,Romashki,Russian Empire,https://en.wikipedia.org/wiki/Pavel_Koshetz
Vyacheslav Polozov,Q7943831,Ukraine,Mariupol,Soviet Union,https://en.wikipedia.org/wiki/Vyacheslav_Polozov
Franz Ferenczy,Q5492756,Ukraine,Uzhhorod,Germany,https://en.wikipedia.org/wiki/Franz_Ferenczy
Oksana Dyka,Q7082613,Ukraine,Buki,Ukraine,https://en.wikipedia.org/wiki/Oksana_Dyka
Mikhail Shuisky,Q14943977,Ukraine,Novoheorhiivsk,Russian Empire,https://en.wikipedia.org/wiki/Mikhail_Shuisky
Gavrilo Martsenkovich,Q5528388,Ukraine,Hlukhiv,Russian Empire,https://en.wikipedia.org/wiki/Gavrilo_Martsenkovich
Teresa Arkel,Q18221206,Ukraine,Lviv,Austria–Hungary,https://en.wikipedia.org/wiki/Teresa_Arkel
Olha Bezsmertna,Q20631407,Ukraine,Bohuslav,Ukraine,https://en.wikipedia.org/wiki/Olga_Bezsmertna
Olga Kulchynska,Q16739217,Ukraine,Rivne,Ukraine,https://en.wikipedia.org/wiki/Olga_Kulchynska
Bogdan Volkov,Q16739594,Ukraine,Chystiakove,Ukraine,https://en.wikipedia.org/wiki/Bogdan_Volkov
Dmitry Belosselskiy,Q48102676,Ukraine,Pavlohrad,Russia,https://en.wikipedia.org/wiki/Dmitry_Belosselskiy
Wanda Wermińska,Q8865773,Ukraine,Bloshchintsi,Poland,https://en.wikipedia.org/wiki/Wanda_Wermi%C5%84ska
Xenia Belmas,Q28366290,Ukraine,Chernihiv,Chernihiv,https://en.wikipedia.org/wiki/Xenia_Belmas
Eleonora Vindau,Q16231600,Ukraine,Kyiv,Kyiv,https://en.wikipedia.org/wiki/Eleonora_Vindau
Igor Stravinsky,Q7314,Russia,Lomonosov,Biarritz,https://en.wikipedia.org/wiki/Igor_Stravinsky
Ernst Mielck,Q4761,Russia,Vyborg,Grand Duchy of Finland,https://en.wikipedia.org/wiki/Ernst_Mielck
Pyotr Ilyich Tchaikovsky,Q7315,Russia,Votkinsk,Alapayevsk,https://en.wikipedia.org/wiki/Pyotr_Ilyich_Tchaikovsky
Stanisław Szpinalski,Q117820,Russia,Krasnodar,Poland,https://en.wikipedia.org/wiki/Stanis%C5%82aw_Szpinalski
Wladimir Vogel,Q115947,Russia,Moscow,Ascona,https://en.wikipedia.org/wiki/Wladimir_Vogel
Ella Adayevskaya,Q112885,Russia,Saint Petersburg,German Empire,https://en.wikipedia.org/wiki/Ella_Adayevskaya
Anatol Ugorski,Q112052,Russia,Rubtsovsk,Detmold,https://en.wikipedia.org/wiki/Anatol_Ugorski
Sergey Kuryokhin,Q118233,Russia,Murmansk,Russia,https://en.wikipedia.org/wiki/Sergey_Kuryokhin
Sergei Rachmaninoff,Q131861,Russia,Semenovo,Russian Empire,https://en.wikipedia.org/wiki/Sergei_Rachmaninoff
Irving Berlin,Q128746,Russia,Tyumen,New York City,https://en.wikipedia.org/wiki/Irving_Berlin
Modest Petrovich Mussorgsky,Q132682,Russia,Karevo,Russian Empire,https://en.wikipedia.org/wiki/Modest_Mussorgsky
Dmitri Kabalevsky,Q153776,Russia,Saint Petersburg,Russian Empire,https://en.wikipedia.org/wiki/Dmitry_Kabalevsky
Evgeny Kissin,Q160154,Russia,Moscow,Israel,https://en.wikipedia.org/wiki/Evgeny_Kissin
Alfred Schnittke,Q158078,Russia,Engels,Russia,https://en.wikipedia.org/wiki/Alfred_Schnittke
Alexander Borodin,Q164004,Russia,Saint Petersburg,Russian Empire,https://en.wikipedia.org/wiki/Alexander_Borodin
Rodion Shchedrin,Q165706,Russia,Moscow,Germany,https://en.wikipedia.org/wiki/Rodion_Shchedrin
Alexander Glazunov,Q25872,Russia,Saint Petersburg,Russian Empire,https://en.wikipedia.org/wiki/Alexander_Glazunov
Alexander Griboyedov,Q15001,Russia,Moscow,Tbilisi,https://en.wikipedia.org/wiki/Alexander_Griboyedov
Boris Pasternak,Q41223,Russia,Moscow,Russian Empire,https://en.wikipedia.org/wiki/Boris_Pasternak
Boris Berezovsky,Q25873,Russia,Moscow,Russia,https://en.wikipedia.org/wiki/Boris_Berezovsky_(pianist)
Mily Balakirev,Q185040,Russia,Nizhny Novgorod,Nizhny Novgorod,https://en.wikipedia.org/wiki/Mily_Balakirev
Issay Dobrowen,Q181145,Russia,Nizhny Novgorod,Norway,https://en.wikipedia.org/wiki/Issay_Dobrowen
Alexander Scriabin,Q185647,Russia,Moscow,Moscow,https://en.wikipedia.org/wiki/Alexander_Scriabin
Lukas Geniušas,Q93837,Russia,Moscow,Lithuania,https://en.wikipedia.org/wiki/Lukas_Geniu%C5%A1as
Vladimir Sokolov,Q3561871,Russia,Vylgort,Russia,https://en.wikipedia.org/wiki/Vladimir_Sokolov_(musician)
Simeon Bellison,Q4082105,Russia,Smolensk,United States,https://en.wikipedia.org/wiki/Simeon_Bellison
T-killah,Q4142,Russia,Moscow,Russia,https://en.wikipedia.org/wiki/T-killah
Akim Kozlov,Q2829046,Russia,Q4539105,Russia,https://en.wikipedia.org/wiki/Akim_Kozlov
Lev Mikhailov,Q662909,Russia,Krasnoyarsk,Soviet Union,https://en.wikipedia.org/wiki/Lev_Mikhailov
Sergei Rozanov,Q3479766,Russia,Ryazan,Russian Empire,https://en.wikipedia.org/wiki/Sergei_Rozanov
Igor Levit,Q100759,Russia,Nizhny Novgorod,Berlin,https://en.wikipedia.org/wiki/Igor_Levit
Vladimir Ashkenazy,Q157785,Russia,Nizhny Novgorod,Iceland,https://en.wikipedia.org/wiki/Vladimir_Ashkenazy
Tina Karol,Q229065,Russia,Orotukan,Zazymia,https://en.wikipedia.org/wiki/Tina_Karol
Regina Spektor,Q229274,Russia,Moscow,New York City,https://en.wikipedia.org/wiki/Regina_Spektor
Lyubov Orlova,Q236229,Russia,Zvenigorod,Russian Socialist Federative Soviet Republic,https://en.wikipedia.org/wiki/Lyubov_Orlova
Olesya Rulin,Q233463,Russia,Moscow,Russia,https://en.wikipedia.org/wiki/Olesya_Rulin
Lera Auerbach,Q241503,Russia,Chelyabinsk,Austria,https://en.wikipedia.org/wiki/Lera_Auerbach
Bulat Okudzhava,Q239652,Russia,Moscow,Russia,https://en.wikipedia.org/wiki/Bulat_Okudzhava
Airat Ichmouratov,Q21063940,Russia,Kazan,Canada,https://en.wikipedia.org/wiki/Airat_Ichmouratov
Vladimir Vysotsky,Q512,Russia,Moscow,Soviet Union,https://en.wikipedia.org/wiki/Vladimir_Vysotsky
Roman Matsov,Q326258,Russia,Saint Petersburg,Estonia,https://en.wikipedia.org/wiki/Roman_Matsov
Sergei Ivanovich Taneyev,Q335006,Russia,Vladimir,Russian Empire,https://en.wikipedia.org/wiki/Sergei_Taneyev
Alexander Rudin,Q337938,Russia,Moscow,Russia,https://en.wikipedia.org/wiki/Alexander_Rudin
Karl Heinrich Barth,Q64926,Russia,Baltiysk,Germany,https://en.wikipedia.org/wiki/Karl_Heinrich_Barth
Leonid Kreutzer,Q64864,Russia,Saint Petersburg,Germany,https://en.wikipedia.org/wiki/Leonid_Kreutzer
Dmitri Shostakovich,Q80135,Russia,Saint Petersburg,Russian Empire,https://en.wikipedia.org/wiki/Dmitri_Shostakovich
Lilya Zilberstein,Q303545,Russia,Moscow,Hamburg,https://en.wikipedia.org/wiki/Lilya_Zilberstein
Boris Asafyev,Q325032,Russia,Saint Petersburg,Russian Empire,https://en.wikipedia.org/wiki/Boris_Asafyev
Adam Kadyrov,Q122967353,Russia,Chechnya,Russia,https://en.wikipedia.org/wiki/Adam_Kadyrov
Hans Pfitzner,Q57358,Russia,Moscow,Germany,https://en.wikipedia.org/wiki/Hans_Pfitzner
Alexander Goedicke,Q289058,Russia,Moscow,Russian Empire,https://en.wikipedia.org/wiki/Alexander_Goedicke
Kamil Sämiğullin,Q19915367,Russia,"Krasnogorsky, Mari El Republic",Kazan,https://en.wikipedia.org/wiki/Kamil_Samigullin
Alla Pugacheva,Q80510,Russia,Moscow,Berezhki,https://en.wikipedia.org/wiki/Alla_Pugacheva
John Kay,Q63204,Russia,Sovetsk,United States,https://en.wikipedia.org/wiki/John_Kay_(musician)
Anton Arensky,Q313970,Russia,Veliky Novgorod,Russian Empire,https://en.wikipedia.org/wiki/Anton_Arensky
Nikolai Rubinstein,Q311791,Russia,Moscow,Russian Empire,https://en.wikipedia.org/wiki/Nikolai_Rubinstein
Alexander Dargomyzhsky,Q311384,Russia,Q23881797,Russian Empire,https://en.wikipedia.org/wiki/Alexander_Dargomyzhsky
Yevgeny Mravinsky,Q320609,Russia,Saint Petersburg,Soviet Union,https://en.wikipedia.org/wiki/Yevgeny_Mravinsky
Q263059,Q263059,Russia,Moscow,Russia,https://en.wikipedia.org/wiki/Yulianna_Avdeeva
Anna Vyrubova,Q266125,Russia,Lomonosov,Saint Petersburg,https://en.wikipedia.org/wiki/Anna_Vyrubova
Aleksandra Pakhmutova,Q260885,Russia,Beketovka,Russia,https://en.wikipedia.org/wiki/Aleksandra_Pakhmutova
Alexander Siloti,Q366536,Russia,Znamenka,Russian Empire,https://en.wikipedia.org/wiki/Alexander_Siloti
Nikolai Medtner,Q365574,Russia,Moscow,Russian Empire,https://en.wikipedia.org/wiki/Nikolai_Medtner
Leonid Karev,Q366762,Russia,Moscow,Russia,https://en.wikipedia.org/wiki/Leonid_Karev
Grigory Ginzburg,Q374594,Russia,Nizhny Novgorod,Soviet Union,https://en.wikipedia.org/wiki/Grigory_Ginzburg
Nikolay Ogarev,Q374362,Russia,Saint Petersburg,Russian Empire,https://en.wikipedia.org/wiki/Nikolay_Ogarev
Tikhon Khrennikov,Q367830,Russia,Yelets,Russia,https://en.wikipedia.org/wiki/Tikhon_Khrennikov
Zhanna Bichevskaya,Q274312,Russia,Moscow,Russia,https://en.wikipedia.org/wiki/Zhanna_Bichevskaya
Timati,Q176846,Russia,Moscow,Russia,https://en.wikipedia.org/wiki/Timati
Igor Zhukov,Q321763,Russia,Nizhny Novgorod,Russia,https://en.wikipedia.org/wiki/Igor_Zhukov
Roman Grinev,Q58227406,Russia,Chernogolovka,Russia,https://en.wikipedia.org/wiki/Roman_Grinev
Maria Yudina,Q258602,Russia,Nevel,Russian Empire,https://en.wikipedia.org/wiki/Maria_Yudina
Tatiana Nikolayeva,Q260104,Russia,Bezhitsa,Russia,https://en.wikipedia.org/wiki/Tatiana_Nikolayeva
Nikolai Zverev,Q553959,Russia,Volokolamsk,Russian Empire,https://en.wikipedia.org/wiki/Nikolai_Zverev
Arthur Friedheim,Q557478,Russia,Saint Petersburg,Germany,https://en.wikipedia.org/wiki/Arthur_Friedheim
Lazar Berman,Q545764,Russia,Saint Petersburg,Italy,https://en.wikipedia.org/wiki/Lazar_Berman
Alexander Melnikov,Q548431,Russia,Moscow,Russia,https://en.wikipedia.org/wiki/Alexander_Melnikov_(pianist)
Nicolas Slonimsky,Q555602,Russia,Saint Petersburg,Russian Empire,https://en.wikipedia.org/wiki/Nicolas_Slonimsky
Andrei Eshpai,Q502147,Russia,Kozmodemyansk,Russia,https://en.wikipedia.org/wiki/Andrei_Eshpai
Alexander Tcherepnin,Q504011,Russia,Saint Petersburg,Russian Empire,https://en.wikipedia.org/wiki/Alexander_Tcherepnin
Alexander Gretchaninov,Q508270,Russia,Moscow,Russian Empire,https://en.wikipedia.org/wiki/Alexander_Gretchaninov
Andrei Gavrilov,Q502725,Russia,Moscow,Armenia,https://en.wikipedia.org/wiki/Andrei_Gavrilov
Andrej Hoteev,Q502063,Russia,Saint Petersburg,Germany,https://en.wikipedia.org/wiki/Andrej_Hoteev
Andrei Nikolsky,Q502750,Russia,Moscow,Belgium,https://en.wikipedia.org/wiki/Andrei_Nikolsky
Vladimir Krainev,Q670381,Russia,Krasnoyarsk,Russia,https://en.wikipedia.org/wiki/Vladimir_Krainev
Lev Oborin,Q644483,Russia,Moscow,Russian Empire,https://en.wikipedia.org/wiki/Lev_Oborin
Alexander Rosenbaum,Q663116,Russia,Saint Petersburg,Moscow,https://en.wikipedia.org/wiki/Alexander_Rosenbaum
Konstantin Scherbakov,Q671446,Russia,Barnaul,Winterthur,https://en.wikipedia.org/wiki/Konstantin_Scherbakov
Arcadi Volodos,Q631344,Russia,Saint Petersburg,Madrid,https://en.wikipedia.org/wiki/Arcadi_Volodos
Alexander Osminin,Q620773,Russia,Moscow,Russia,https://en.wikipedia.org/wiki/Alexander_Osminin
Aleksandr Zatsepin,Q641869,Russia,Novosibirsk,Russia,https://en.wikipedia.org/wiki/Aleksandr_Zatsepin
Konstantin Saradzhev,Q454363,Russia,Derbent,Yerevan,https://en.wikipedia.org/wiki/Konstantin_Saradzhev
Ingeborg Bronsart von Schellendorf,Q457863,Russia,Saint Petersburg,Kingdom of Prussia,https://en.wikipedia.org/wiki/Ingeborg_Bronsart_von_Schellendorf
Nikolai Fomenko,Q380407,Russia,Saint Petersburg,Russia,https://en.wikipedia.org/wiki/Nikolai_Fomenko
Vera Gornostayeva,Q432219,Russia,Moscow,Soviet Union,https://en.wikipedia.org/wiki/Vera_Gornostayeva
Nikolai Obukhov,Q433208,Russia,Olshanka,France,https://en.wikipedia.org/wiki/Nikolai_Obukhov
Sergei Lyapunov,Q427214,Russia,Yaroslavl,Russian Empire,https://en.wikipedia.org/wiki/Sergei_Lyapunov
Yelena Bekman-Shcherbina,Q462783,Russia,Moscow,Russian Empire,https://en.wikipedia.org/wiki/Elena_Beckman-Shcherbina
Mikhail Pletnev,Q512015,Russia,Arkhangelsk,Russia,https://en.wikipedia.org/wiki/Mikhail_Pletnev
Arseny Koreshchenko,Q456917,Russia,Moscow,Russian Empire,https://en.wikipedia.org/wiki/Arseny_Koreshchenko
Georgy Sviridov,Q467738,Russia,Fatezh,Russia,https://en.wikipedia.org/wiki/Georgy_Sviridov
Grigory Sokolov,Q468626,Russia,Saint Petersburg,Q492744,https://en.wikipedia.org/wiki/Grigory_Sokolov
Yegor Letov,Q363371,Russia,Omsk,Russia,https://en.wikipedia.org/wiki/Yegor_Letov
Viktor Tsoi,Q487125,Russia,Saint Petersburg,Soviet Union,https://en.wikipedia.org/wiki/Viktor_Tsoi
Gennady Rozhdestvensky,Q437262,Russia,Moscow,Russia,https://en.wikipedia.org/wiki/Gennady_Rozhdestvensky
Elena Kuschnerova,Q439551,Russia,Moscow,Germany,https://en.wikipedia.org/wiki/Elena_Kuschnerova
Viviana Sofronitsky,Q440486,Russia,Moscow,Canada,https://en.wikipedia.org/wiki/Viviana_Sofronitsky
Vera Timanova,Q439806,Russia,Ufa,Russian Empire,https://en.wikipedia.org/wiki/Vera_Timanova
Boris Grebenshchikov,Q542101,Russia,Saint Petersburg,Russia,https://en.wikipedia.org/wiki/Boris_Grebenshchikov
Mikhail Boyarsky,Q544641,Russia,Saint Petersburg,Saint Petersburg,https://en.wikipedia.org/wiki/Mikhail_Boyarsky
Anna Gourari,Q538515,Russia,Kazan,Germany,https://en.wikipedia.org/wiki/Anna_Gourari
Igor Khoroshev,Q539989,Russia,Moscow,Russia,https://en.wikipedia.org/wiki/Igor_Khoroshev
Olga Konkova,Q533162,Russia,Moscow,Norway,https://en.wikipedia.org/wiki/Olga_Konkova
Elena Gnesina,Q535155,Russia,Rostov-on-Don,Russian Empire,https://en.wikipedia.org/wiki/Elena_Gnesina
Mikhail Shufutinsky,Q541833,Russia,Moscow,Russia,https://en.wikipedia.org/wiki/Mikhail_Shufutinsky
Stanislav Neuhaus,Q720509,Russia,Moscow,Soviet Union,https://en.wikipedia.org/wiki/Stanislav_Neuhaus
Alexander Alyabyev,Q712094,Russia,Tobolsk,Russian Empire,https://en.wikipedia.org/wiki/Alexander_Alyabyev
Yevgeny Svetlanov,Q709440,Russia,Moscow,Russia,https://en.wikipedia.org/wiki/Yevgeny_Svetlanov
Anatole Kitain,Q487501,Russia,Saint Petersburg,Russian Empire,https://en.wikipedia.org/wiki/Anatole_Kitain
Anatoly Nikolayevich Alexandrov,Q487918,Russia,Moscow,Russian Empire,https://en.wikipedia.org/wiki/Anatoly_Alexandrov_(composer)
Anatoly Ivanov,Q488056,Russia,Saint Petersburg,Russia,https://en.wikipedia.org/wiki/Anatoli_Ivanov_(musician)
Noize MC,Q2026639,Russia,Yartsevo,Russia,https://en.wikipedia.org/wiki/Noize_MC
Ania Bukstein,Q529532,Russia,Moscow,Israel,https://en.wikipedia.org/wiki/Ania_Bukstein
Valeriy Syutkin,Q504515,Russia,Moscow,Russia,https://en.wikipedia.org/wiki/Valeriy_Syutkin
Viktoria Postnikova,Q522375,Russia,Moscow,Russia,https://en.wikipedia.org/wiki/Viktoria_Postnikova
Detsl,Q1968358,Russia,Moscow,Russia,https://en.wikipedia.org/wiki/Detsl
Anna Yesipova,Q521740,Russia,Saint Petersburg,Russian Empire,https://en.wikipedia.org/wiki/Anna_Yesipova
Aleksander Gurilyov,Q448128,Russia,Semyonovskoe,Russian Empire,https://en.wikipedia.org/wiki/Aleksander_Gurilyov
Vadim Borisovsky,Q2449037,Russia,Moscow,Soviet Union,https://en.wikipedia.org/wiki/Vadim_Borisovsky
ST1M,Q3920015,Russia,Tolyatti,Russia,https://en.wikipedia.org/wiki/ST1M
Misia Sert,Q447487,Russia,Pushkin,Villa Servais,https://en.wikipedia.org/wiki/Misia_Sert
Elena Bashkirova,Q450889,Russia,Moscow,Israel,https://en.wikipedia.org/wiki/Elena_Bashkirova
Leonid Agutin,Q337404,Russia,Moscow,Russia,https://en.wikipedia.org/wiki/Leonid_Agutin
Olga Kern,Q443167,Russia,Moscow,Russia,https://en.wikipedia.org/wiki/Olga_Kern
Sophie Carmen Eckhardt-Gramatté,Q443705,Russia,Moscow,Canada,https://en.wikipedia.org/wiki/Sophie_Carmen_Eckhardt-Gramatt%C3%A9
Ivan Urgant,Q442830,Russia,Saint Petersburg,Moscow,https://en.wikipedia.org/wiki/Ivan_Urgant
Igor Vasilyevich Ivanov,Q706461,Russia,Saint Petersburg,Canada,https://en.wikipedia.org/wiki/Igor_Ivanov_(chess_player)
Maxim Shostakovich,Q706328,Russia,Saint Petersburg,Russia,https://en.wikipedia.org/wiki/Maxim_Shostakovich
Nikolai Lugansky,Q706497,Russia,Moscow,Moscow,https://en.wikipedia.org/wiki/Nikolai_Lugansky
Boris Giltburg,Q893661,Russia,Moscow,Israel,https://en.wikipedia.org/wiki/Boris_Giltburg
Boris Tishchenko,Q893684,Russia,Saint Petersburg,Russia,https://en.wikipedia.org/wiki/Boris_Tishchenko
Nikolai Tcherepnin,Q918647,Russia,Saint Petersburg,Russian Empire,https://en.wikipedia.org/wiki/Nikolai_Tcherepnin
Boris Tchaikovsky,Q893609,Russia,Moscow,Russia,https://en.wikipedia.org/wiki/Boris_Tchaikovsky
Fyodor Druzhinin,Q93835,Russia,Moscow,Russia,https://en.wikipedia.org/wiki/Fyodor_Druzhinin
Yury Bashmet,Q156546,Russia,Rostov-on-Don,Russia,https://en.wikipedia.org/wiki/Yuri_Bashmet
Maxim Vengerov,Q441388,Russia,Novosibirsk,Germany,https://en.wikipedia.org/wiki/Maxim_Vengerov
Lev Zhurbin,Q195817,Russia,Moscow,New York City,https://en.wikipedia.org/wiki/Lev_Zhurbin
Rudolf Barshai,Q362806,Russia,Labinsk,Russia,https://en.wikipedia.org/wiki/Rudolf_Barshai
Yuri Vizbor,Q582152,Russia,Moscow,Soviet Union,https://en.wikipedia.org/wiki/Yuri_Vizbor
Nikita Koshkin,Q461509,Russia,Moscow,Russia,https://en.wikipedia.org/wiki/Nikita_Koshkin
Konstantin Igumnov,Q586116,Russia,Lebedyan,Soviet Union,https://en.wikipedia.org/wiki/Konstantin_Igumnov
Gintaras Januševičius,Q835193,Russia,Moscow,Klaipėda,https://en.wikipedia.org/wiki/Gintaras_Janu%C5%A1evi%C4%8Dius
Yakov Flier,Q931515,Russia,Orekhovo-Zuyevo,Russian Empire,https://en.wikipedia.org/wiki/Yakov_Flier
Vassily Sinaisky,Q926689,Russia,Abez,Russia,https://en.wikipedia.org/wiki/Vassily_Sinaisky
Sergey Malov,Q4278094,Russia,Saint Petersburg,Russia,https://en.wikipedia.org/wiki/Sergey_Malov_(musician)
Yuliy Kim,Q750943,Russia,Moscow,Israel,https://en.wikipedia.org/wiki/Yuliy_Kim
Lev Natochenny,Q824515,Russia,Moscow,Soviet Union,https://en.wikipedia.org/wiki/Lev_Natochenny
Denis Matsuev,Q739505,Russia,Irkutsk,Moscow,https://en.wikipedia.org/wiki/Denis_Matsuev
Vasily Solovyov-Sedoi,Q739362,Russia,Saint Petersburg,Soviet Union,https://en.wikipedia.org/wiki/Vasily_Solovyov-Sedoy
Basta,Q3986754,Russia,Rostov-on-Don,Russia,https://en.wikipedia.org/wiki/Basta_(rapper)
Armas Järnefelt,Q767237,Russia,Vyborg,Stockholm,https://en.wikipedia.org/wiki/Armas_J%C3%A4rnefelt
Nikita Magaloff,Q731429,Russia,Saint Petersburg,Russian Soviet Federative Socialist Republic,https://en.wikipedia.org/wiki/Nikita_Magaloff
Alexander Malinin,Q620723,Russia,Yekaterinburg,Russia,https://en.wikipedia.org/wiki/Alexander_Malinin
Jeeep,Q4041819,Russia,Moscow,Russia,https://en.wikipedia.org/wiki/Jeeep_(rapper)
Oxxxymiron,Q4046107,Russia,Saint Petersburg,Russia,https://en.wikipedia.org/wiki/Oxxxymiron
Mot,Q4289881,Russia,Krymsk,Russia,https://en.wikipedia.org/wiki/Mot_(rapper)
Ligalize,Q4261158,Russia,Moscow,Russia,https://en.wikipedia.org/wiki/Ligalize
Dolphin,Q4157304,Russia,Moscow,Russia,https://en.wikipedia.org/wiki/Dolphin_(musician)
Oleg Zhukov,Q4181394,Russia,Ivanovo,Russia,https://en.wikipedia.org/wiki/Oleg_Zhukov_(singer)
Nikolai Rakov,Q1268922,Russia,Kaluga,Soviet Union,https://en.wikipedia.org/wiki/Nikolai_Rakov
Sergey Bezrukov,Q473580,Russia,Moscow,Russia,https://en.wikipedia.org/wiki/Sergey_Bezrukov
Sergey Shnurov,Q921496,Russia,Saint Petersburg,Russia,https://en.wikipedia.org/wiki/Sergey_Shnurov
Yuri Loza,Q656551,Russia,Yekaterinburg,Russia,https://en.wikipedia.org/wiki/Yuri_Loza
Smoky Mo,Q4424911,Russia,Saint Petersburg,Russia,https://en.wikipedia.org/wiki/Smoky_Mo
Bogdan Titomir,Q4458336,Russia,Rostov-on-Don,Russia,https://en.wikipedia.org/wiki/Bogdan_Titomir
Vladimir Sofronitsky,Q950150,Russia,Saint Petersburg,Russian Empire,https://en.wikipedia.org/wiki/Vladimir_Sofronitsky
Vladimir Rebikov,Q950199,Russia,Krasnoyarsk,Russian Empire,https://en.wikipedia.org/wiki/Vladimir_Rebikov
Vasily Safonov,Q947291,Russia,Ishcherskaya,Russian Empire,https://en.wikipedia.org/wiki/Vasily_Safonov
Sergei Slonimsky,Q959291,Russia,Saint Petersburg,Russia,https://en.wikipedia.org/wiki/Sergei_Slonimsky
Josef Lhévinne,Q951486,Russia,Oryol,Berlin,https://en.wikipedia.org/wiki/Josef_Lh%C3%A9vinne
Michel Emer,Q952902,Russia,Saint Petersburg,France,https://en.wikipedia.org/wiki/Michel_Emer
Victor Zinchuk,Q1093093,Russia,Moscow,Russia,https://en.wikipedia.org/wiki/Victor_Zinchuk
Lev Naumov,Q1187114,Russia,Rostov Veliky,Russia,https://en.wikipedia.org/wiki/Lev_Naumov
Eduard Schütt,Q1289955,Russia,Saint Petersburg,Russian Empire,https://en.wikipedia.org/wiki/Eduard_Sch%C3%BCtt
David Goloschekin,Q1178577,Russia,Moscow,Russia,https://en.wikipedia.org/wiki/David_Goloschekin
Alexandre Dubuque,Q968109,Russia,Moscow,France,https://en.wikipedia.org/wiki/Alexandre_Dubuque
Alexej Zouev,Q1334004,Russia,Saint Petersburg,Russia,https://en.wikipedia.org/wiki/Alexey_Zuev
Igor Presnyakov,Q715626,Russia,Moscow,Kingdom of the Netherlands,https://en.wikipedia.org/wiki/Igor_Presnyakov
Vasily Lobanov,Q871278,Russia,Moscow,Russia,https://en.wikipedia.org/wiki/Vasily_Lobanov
Novella Matveyeva,Q842449,Russia,Pushkin,Russia,https://en.wikipedia.org/wiki/Novella_Matveyeva
Ossip Gabrilowitsch,Q1344071,Russia,Saint Petersburg,Russian Empire,https://en.wikipedia.org/wiki/Ossip_Gabrilowitsch
Alexander Kobrin,Q1360764,Russia,Moscow,Russia,https://en.wikipedia.org/wiki/Alexander_Kobrin
Grigory Leps,Q1187527,Russia,Sochi,Russia,https://en.wikipedia.org/wiki/Grigory_Leps
Dina Ugorskaja,Q1226186,Russia,Saint Petersburg,Detmold,https://en.wikipedia.org/wiki/Dina_Ugorskaja
Alexander Bashlachev,Q973400,Russia,Cherepovets,Soviet Union,https://en.wikipedia.org/wiki/Alexander_Bashlachev
Alexander Yakovlev,Q7636746,Russia,Veliky Novgorod,Saint Petersburg,https://en.wikipedia.org/wiki/Alexander_Yakovlev_(fighter)
Yevgeny Gunst,Q1410876,Russia,Moscow,Russian Empire,https://en.wikipedia.org/wiki/Yevgeny_Gunst
Stanislav Bunin,Q1190512,Russia,Moscow,Tokyo,https://en.wikipedia.org/wiki/Stanislav_Bunin
Nikolai Arnoldovich Petrov,Q1369521,Russia,Moscow,Russia,https://en.wikipedia.org/wiki/Nikolai_Arnoldovich_Petrov
Dimitri Alexeev,Q1232563,Russia,Moscow,Russia,https://en.wikipedia.org/wiki/Dmitri_Alexeev
Alexander Radvilovich,Q1370800,Russia,Saint Petersburg,Russia,https://en.wikipedia.org/wiki/Alexander_Radvilovich
Mikhail Krug,Q1372387,Russia,Tver,Russia,https://en.wikipedia.org/wiki/Mikhail_Krug
Nikolai Noskov,Q1978163,Russia,Gagarin,Russia,https://en.wikipedia.org/wiki/Nikolai_Noskov
Andrey Makarevich,Q2227698,Russia,Moscow,Israel,https://en.wikipedia.org/wiki/Andrey_Makarevich
Sergey Nikitin,Q1029521,Russia,Moscow,Russia,https://en.wikipedia.org/wiki/Sergey_Nikitin_(musician)
Yevgeny Krylatov,Q1414578,Russia,Lysva,Russia,https://en.wikipedia.org/wiki/Yevgeny_Krylatov
Yanka Dyagileva,Q998702,Russia,Novosibirsk,Soviet Union,https://en.wikipedia.org/wiki/Yanka_Dyagileva
Georgy Guryanov,Q343456,Russia,Saint Petersburg,Russia,https://en.wikipedia.org/wiki/Georgy_Guryanov
Sergey Mavrin,Q3624313,Russia,Kazan,Russia,https://en.wikipedia.org/wiki/Sergey_Mavrin
Valeria Kozlova,Q2502323,Russia,Moscow,Russia,https://en.wikipedia.org/wiki/Valeria_Kozlova
Aleksey Kozlov,Q2547071,Russia,Moscow,Russia,https://en.wikipedia.org/wiki/Aleksei_Kozlov_(musician)
Georgy Catoire,Q1461106,Russia,Moscow,Russian Empire,https://en.wikipedia.org/wiki/Georgy_Catoire
Psoy Korolenko,Q540803,Russia,Moscow,Russia,https://en.wikipedia.org/wiki/Psoy_Korolenko
Irina Emeliantseva,Q1672650,Russia,Seltso,Russia,https://en.wikipedia.org/wiki/Irina_Emeliantseva
Alexei Kornienko,Q1672439,Russia,Moscow,Austria,https://en.wikipedia.org/wiki/Alexei_Kornienko
Konstantin Vasilyev,Q1782779,Russia,Novoaltaysk,Russia,https://en.wikipedia.org/wiki/Konstantin_Vassiliev
Marina Simanovskaya,Q15079026,Russia,Q4447256,Q4447256,https://en.wikipedia.org/wiki/Marina_Simanovskaya
Konstantin Shamray,Q1564495,Russia,Novosibirsk,Russia,https://en.wikipedia.org/wiki/Konstantin_Shamray
Alexander Popov,Q5666223,Russia,Saratov,Russia,https://en.wikipedia.org/wiki/Alexander_Popov_(DJ)
Ilya Rashkovsky,Q1659273,Russia,Irkutsk,Russia,https://en.wikipedia.org/wiki/Ilya_Rashkovskiy
Evgeni Koroliov,Q1382332,Russia,Moscow,Russia,https://en.wikipedia.org/wiki/Evgeni_Koroliov
Karen Khachaturian,Q1382482,Russia,Moscow,Armenia,https://en.wikipedia.org/wiki/Karen_Khachaturian
IQ,Q16163116,Russia,Moscow,Russia,https://en.wikipedia.org/wiki/IQ_(rapper)
Valery Afanassiev,Q1552348,Russia,Moscow,Belgium,https://en.wikipedia.org/wiki/Valery_Afanassiev
Andria Balanchivadze,Q1632304,Russia,Saint Petersburg,Georgia,https://en.wikipedia.org/wiki/Andria_Balanchivadze
Victor Drobysh,Q4168295,Russia,Kolpino,Finland,https://en.wikipedia.org/wiki/Viktor_Drobysh
Aleksandr Marshal,Q4283235,Russia,Korenovsk,Russia,https://en.wikipedia.org/wiki/Aleksandr_Marshal
Igor Matvienko,Q4284680,Russia,Moscow,Russia,https://en.wikipedia.org/wiki/Igor_Matvienko
Alexander Buinov,Q4098481,Russia,Moscow,Russia,https://en.wikipedia.org/wiki/Alexander_Buinov
Kris Kelmi,Q4219173,Russia,Moscow,Russia,https://en.wikipedia.org/wiki/Kris_Kelmi
Sergey Lemokh,Q4257946,Russia,Moscow,Russia,https://en.wikipedia.org/wiki/Sergey_Lemokh
Alexander Gradsky,Q1964661,Russia,Kopeysk,Russia,https://en.wikipedia.org/wiki/Alexander_Gradsky
Yevgeny Sudbin,Q1839492,Russia,Saint Petersburg,Russia,https://en.wikipedia.org/wiki/Yevgeny_Sudbin
Igor Nikolayev,Q1974797,Russia,Kholmsk,Russia,https://en.wikipedia.org/wiki/Igor_Nikolayev
Vyacheslav Dobrynin,Q1964606,Russia,Moscow,Russia,https://en.wikipedia.org/wiki/Vyacheslav_Dobrynin
Svetlana Surganova,Q1967070,Russia,Saint Petersburg,Russia,https://en.wikipedia.org/wiki/Svetlana_Surganova
Oleg Mityaev,Q1961524,Russia,Chelyabinsk,Russia,https://en.wikipedia.org/wiki/Oleg_Mityaev
Garik Sukachov,Q1981460,Russia,Moscow,Russia,https://en.wikipedia.org/wiki/Garik_Sukachov
Ruslan Muratov,Q4307871,Russia,Astrakhan,Russia,https://en.wikipedia.org/wiki/Ruslan_Muratov
Yury Chernavsky,Q4513308,Russia,Tambov,Germany,https://en.wikipedia.org/wiki/Yury_Chernavsky
Yuta,Q4535437,Russia,Yekaterinburg,Moscow,https://en.wikipedia.org/wiki/Yuta_(Russian_singer)
Pyotr Podgorodetsky,Q4367407,Russia,Moscow,Russia,https://en.wikipedia.org/wiki/Pyotr_Podgorodetsky
Kirill Pokrovsky,Q4369314,Russia,Moscow,Belgium,https://en.wikipedia.org/wiki/Kirill_Pokrovsky
Igor Talkov-younger,Q4450675,Russia,Moscow,Russia,https://en.wikipedia.org/wiki/Igor_Talkov_Jr.
Yuri Tsaler,Q4503052,Russia,Pervouralsk,Russia,https://en.wikipedia.org/wiki/Yuri_Tsaler
Vladimir Presnyakov Jr,Q4377453,Russia,Yekaterinburg,Russia,https://en.wikipedia.org/wiki/Vladimir_Presnyakov_Jr.
Oleg Valinsky,Q4102890,Russia,Saint Petersburg,Russia,https://en.wikipedia.org/wiki/Oleg_Valinsky
Vyacheslav Ganelin,Q2038724,Russia,Kraskovo,Israel,https://en.wikipedia.org/wiki/Vyacheslav_Ganelin
Sasha Argov,Q2041861,Russia,Moscow,Israel,https://en.wikipedia.org/wiki/Sasha_Argov
Denis Kozhukhin,Q2023828,Russia,Nizhny Novgorod,Russia,https://en.wikipedia.org/wiki/Denis_Kozhukhin
Feodor Koenemann,Q2035291,Russia,Moscow,Russian Empire,https://en.wikipedia.org/wiki/Feodor_Koenemann
Alexander Satz,Q2037002,Russia,Moscow,Russia,https://en.wikipedia.org/wiki/Alexander_Satz
Olga Scheps,Q2019718,Russia,Moscow,Cologne,https://en.wikipedia.org/wiki/Olga_Scheps
Alexei Lubimov,Q1515566,Russia,Moscow,Russia,https://en.wikipedia.org/wiki/Alexei_Lubimov
Yuri Rozum,Q1713879,Russia,Moscow,Russia,https://en.wikipedia.org/wiki/Yuri_Rozum
Yuri Khanon,Q1713908,Russia,Saint Petersburg,Russia,https://en.wikipedia.org/wiki/Yuri_Khanon
Ilya Lagutenko,Q1658597,Russia,Moscow,Russia,https://en.wikipedia.org/wiki/Ilya_Lagutenko
Masa Niemi,Q4318596,Russia,Vyborg,Finland,https://en.wikipedia.org/wiki/Masa_Niemi
Mordecai Seter,Q1947391,Russia,Novorossiysk,Israel,https://en.wikipedia.org/wiki/Mordecai_Seter
Oleg Yemirov,Q24010620,Russia,Saint Petersburg,Russia,https://en.wikipedia.org/wiki/Oleg_Emirov
Veronika Dolina,Q1413233,Russia,Moscow,Russia,https://en.wikipedia.org/wiki/Veronika_Dolina
Vladimir Ovchinnikov,Q1885948,Russia,Belebey,Russia,https://en.wikipedia.org/wiki/Vladimir_Ovchinnikov_(pianist)
Oleg Pungin,Q4383737,Russia,Vladivostok,Russia,https://en.wikipedia.org/wiki/Oleg_Pungin
Natella Boltyanskaya,Q2044543,Russia,Moscow,Russia,https://en.wikipedia.org/wiki/Natella_Boltyanskaya
Mark Hambourg,Q1900092,Russia,Boguchar,Russian Empire,https://en.wikipedia.org/wiki/Mark_Hambourg
Yulia Chicherina,Q2024466,Russia,Yekaterinburg,Russia,https://en.wikipedia.org/wiki/Yulia_Chicherina
Igor Sklyar,Q2003255,Russia,Kursk,Russia,https://en.wikipedia.org/wiki/Igor_Sklyar
Alexander Egorovich Varlamov,Q2003374,Russia,Moscow,Russian Empire,"https://en.wikipedia.org/wiki/Aleksandr_Varlamov_(composer,_born_1801)"
Salix Säydäşef,Q1991887,Russia,Kazan,Martyn Mežlauks Street,https://en.wikipedia.org/wiki/Salix_S%C3%A4yd%C3%A4%C5%9F
Nikolaj Tokarev,Q1990709,Russia,Moscow,Düsseldorf,https://en.wikipedia.org/wiki/Nikolai_Tokarev_(pianist)
Ekaterina Novitskaya,Q1998204,Russia,Moscow,Belgium,https://en.wikipedia.org/wiki/Ekaterina_Novitskaya
Julia Lezhneva,Q1998172,Russia,Yuzhno-Sakhalinsk,Russia,https://en.wikipedia.org/wiki/Julia_Lezhneva
Dmitry Malikov,Q1989101,Russia,Moscow,Russia,https://en.wikipedia.org/wiki/Dmitry_Malikov
Igor Talkov,Q2625789,Russia,Gretsovka,Soviet Union,https://en.wikipedia.org/wiki/Igor_Talkov
Mike Naumenko,Q2627344,Russia,Saint Petersburg,Soviet Union,https://en.wikipedia.org/wiki/Mike_Naumenko
Alexander Barykin,Q2665390,Russia,Beryozovo,Russia,https://en.wikipedia.org/wiki/Alexander_Barykin
Vladimir Mulyavin,Q2634627,Russia,Yekaterinburg,Belarus,https://en.wikipedia.org/wiki/Vladimir_Mulyavin
Nikita Bogoslovsky,Q1975649,Russia,Saint Petersburg,Russia,https://en.wikipedia.org/wiki/Nikita_Bogoslovsky
Capital Bra,Q24008612,Russia,Siberia,Kleinmachnow,https://en.wikipedia.org/wiki/Capital_Bra
Yekaterina Chemberdzhi,Q1736565,Russia,Moscow,Berlin,https://en.wikipedia.org/wiki/Yekaterina_Chemberdzhi
Armen Grigoryan,Q2472160,Russia,Moscow,Russia,https://en.wikipedia.org/wiki/Armen_Grigoryan_(guitarist)
Pharaoh,Q24350516,Russia,Moscow,Russia,https://en.wikipedia.org/wiki/Pharaoh_(rapper)
Valery Zhelobinsky,Q1773589,Russia,Tambov,Russian Empire,https://en.wikipedia.org/wiki/Valery_Zhelobinsky
Artemiy Artemiev,Q16488720,Russia,Moscow,Russia,https://en.wikipedia.org/wiki/Artemiy_Artemiev
Vyacheslav Butusov,Q1862092,Russia,Krasnoyarsk,Russia,https://en.wikipedia.org/wiki/Vyacheslav_Butusov
Kristina Si,Q21079382,Russia,Tula,Russia,https://en.wikipedia.org/wiki/Kristina_Si
L'One,Q18395957,Russia,Krasnoyarsk,Russia,https://en.wikipedia.org/wiki/L%27One
Vladimir Kuzmin,Q2380843,Russia,Moscow,Russia,https://en.wikipedia.org/wiki/Vladimir_Kuzmin
Albert Kuvezin,Q2343970,Russia,Kyzyl,Russia,https://en.wikipedia.org/wiki/Albert_Kuvezin
Nikolai Karachentsov,Q2365826,Russia,Moscow,Russia,https://en.wikipedia.org/wiki/Nikolai_Karachentsov
Pyotr Mamonov,Q2369235,Russia,Moscow,Russia,https://en.wikipedia.org/wiki/Pyotr_Mamonov
Alyona Shvets,Q97211859,Russia,Zlatoust,Russia,https://en.wikipedia.org/wiki/Alyona_Shvets
David Ashkenazi,Q2074455,Russia,Nizhny Novgorod,Russia,https://en.wikipedia.org/wiki/David_Ashkenazi
Konstantin Orbelyan,Q2074401,Russia,Armavir,Armenia,https://en.wikipedia.org/wiki/Konstantin_Orbelyan
Rinat Ibragimov,Q5846421,Russia,Moscow,Russia,https://en.wikipedia.org/wiki/Rinat_Ibragimov_(musician)
Egor Kreed,Q20483301,Russia,Penza,Russia,https://en.wikipedia.org/wiki/Egor_Kreed
Kirill Gerstein,Q2328655,Russia,Voronezh,United States,https://en.wikipedia.org/wiki/Kirill_Gerstein
Serge Conus,Q2272649,Russia,Moscow,Russian Empire,https://en.wikipedia.org/wiki/Serge_Conus
Sergei Protopopov,Q2272938,Russia,Moscow,Russian Empire,https://en.wikipedia.org/wiki/Sergei_Protopopov
Willi Tokarev,Q4459467,Russia,Chernyshyov,Russia,https://en.wikipedia.org/wiki/Willi_Tokarev
Romanos Melikian,Q2082805,Russia,Kizlyar,Russian Empire,https://en.wikipedia.org/wiki/Romanos_Melikian
Sandra Drouker,Q2220978,Russia,Saint Petersburg,Norway,https://en.wikipedia.org/wiki/Sandra_Droucker
Alexander Ivanov-Kramskoi,Q2577843,Russia,Moscow,Russian Empire,https://en.wikipedia.org/wiki/Alexander_Ivanov-Kramskoi
Simon Nabatov,Q2287729,Russia,Moscow,Cologne,https://en.wikipedia.org/wiki/Simon_Nabatov
Jacques Anthony,Q29452500,Russia,Vologda,Russia,https://en.wikipedia.org/wiki/Jacques_Anthony
Victor Merzhanov,Q2628478,Russia,Tambov,Russia,https://en.wikipedia.org/wiki/Victor_Merzhanov
Daniil Trifonov,Q2635946,Russia,Nizhny Novgorod,Cleveland,https://en.wikipedia.org/wiki/Daniil_Trifonov
Valentina Igoshina,Q2619428,Russia,Bryansk,Russia,https://en.wikipedia.org/wiki/Valentina_Igoshina
Boris Berman,Q2599508,Russia,Moscow,United States,https://en.wikipedia.org/wiki/Boris_Berman_(musician)
Youri Egorov,Q2603997,Russia,Kazan,Kingdom of the Netherlands,https://en.wikipedia.org/wiki/Youri_Egorov
Boris Petrushansky,Q2754547,Russia,Moscow,Italy,https://en.wikipedia.org/wiki/Boris_Petrushansky
Husky,Q39382321,Russia,Irkutsk,Russia,https://en.wikipedia.org/wiki/Husky_(rapper)
Sofya Gulyak,Q2445254,Russia,Kazan,Zorge street,https://en.wikipedia.org/wiki/Sofya_Gulyak
Stanisław Drzewiecki,Q2745197,Russia,Moscow,Poland,https://en.wikipedia.org/wiki/Stanis%C5%82aw_Drzewiecki
Sasha Skul,Q34383025,Russia,Russia,Russia,https://en.wikipedia.org/wiki/Sasha_Skool
Slava KPSS,Q36817579,Russia,Khabarovsk,Russia,https://en.wikipedia.org/wiki/Slava_KPSS
Arkady Ostrovsky,Q2445365,Russia,Syzran,Russian Empire,https://en.wikipedia.org/wiki/Arkady_Ostrovsky
Tatarka,Q32361736,Russia,Naberezhnye Chelny,Russia,https://en.wikipedia.org/wiki/Irina_Smelaya
Face,Q42296351,Russia,Ufa,Russia,https://en.wikipedia.org/wiki/Face_(rapper)
Yury Khovansky,Q28532113,Russia,Nikolsk,Belgrade,https://en.wikipedia.org/wiki/Yury_Khovansky
Jerzy Żurawlew,Q2534202,Russia,Rostov-on-Don,Poland,https://en.wikipedia.org/wiki/Jerzy_%C5%BBurawlew
Alexander Villoing,Q2642338,Russia,Saint Petersburg,Russian Empire,https://en.wikipedia.org/wiki/Alexandre_Villoing
Anton Batagov,Q2856993,Russia,Moscow,Russia,https://en.wikipedia.org/wiki/Anton_Batagov
Oleg Gazmanov,Q2994183,Russia,Gusev,Russia,https://en.wikipedia.org/wiki/Oleg_Gazmanov
Nikolai Golovanov,Q2651977,Russia,Moscow,Russian Empire,https://en.wikipedia.org/wiki/Nikolai_Golovanov
Olga Pashchenko,Q2794422,Russia,Moscow,Russia,https://en.wikipedia.org/wiki/Olga_Pashchenko
Alexander Ghindin,Q2832536,Russia,Moscow,Russia,https://en.wikipedia.org/wiki/Alexander_Ghindin
Alexei Volodin,Q2644050,Russia,Saint Petersburg,Russia,https://en.wikipedia.org/wiki/Alexei_Volodin
Big Baby Tape,Q59312925,Russia,Moscow,Russia,https://en.wikipedia.org/wiki/Big_Baby_Tape
LARIN,Q43402007,Russia,Kholmogorsky District,Saint Petersburg,https://en.wikipedia.org/wiki/Dmitry_Larin_(vlogger)
Pavel Maykov,Q3656891,Russia,Mytishchi,Russia,https://en.wikipedia.org/wiki/Pavel_Maykov
Feduk,Q47037259,Russia,Moscow,Russia,https://en.wikipedia.org/wiki/Feduk
Vladimir Kholstinin,Q3624272,Russia,Lyubertsy,Russia,https://en.wikipedia.org/wiki/Vladimir_Holstinin
Irina Zakharenkova,Q3193842,Russia,Kaliningrad,Estonia,https://en.wikipedia.org/wiki/Irina_Zahharenkova
Eldzhey,Q47037314,Russia,Novosibirsk,Russia,https://en.wikipedia.org/wiki/Eldzhey
Eldar Dzharakhov,Q46841038,Russia,Storozhevskie Khutora,Leningrad Oblast,https://en.wikipedia.org/wiki/Eldar_Dzharakhov
Aleksandr Novikov,Q3195885,Russia,Iturup,Russia,https://en.wikipedia.org/wiki/Aleksandr_Novikov_(singer)
Katia Skanavi,Q3194136,Russia,Moscow,Greece,https://en.wikipedia.org/wiki/Katia_Skanavi
Morgenshtern,Q59194713,Russia,Ufa,Jerusalem,https://en.wikipedia.org/wiki/Morgenshtern
Alexey Vorobyov,Q315181,Russia,Tula,Russia,https://en.wikipedia.org/wiki/Alexey_Vorobyov
Lyudmila Berlinskaya,Q3266070,Russia,Moscow,Russia,https://en.wikipedia.org/wiki/Ludmila_Berlinskaya
Viktor Scholz,Q18533426,Russia,Taganrog,Russia,https://en.wikipedia.org/wiki/Viktor_Scholz
Aleksandr Dyachenko,Q4171906,Russia,Saint Petersburg,Russia,https://en.wikipedia.org/wiki/Alexander_Dyachenko_(actor)
Vladimir Komarov,Q4229271,Russia,Novosibirsk,Russia,https://en.wikipedia.org/wiki/Vladimir_Komarov_(musician)
Lyubov Zakharchenko,Q4188790,Russia,Rostov-on-Don,Russia,https://en.wikipedia.org/wiki/Lyubov_Zakharchenko
Yakov Kasman,Q3571367,Russia,Oryol,Russia,https://en.wikipedia.org/wiki/Yakov_Kasman
Sasha Kolpakov,Q4228643,Russia,Orenburg Oblast,Russia,https://en.wikipedia.org/wiki/Sasha_Kolpakov
Sergey Kalugin,Q4210394,Russia,Moscow,Russia,https://en.wikipedia.org/wiki/Sergey_Kalugin
Semyon Slepakov,Q3718842,Russia,Pyatigorsk,Russia,https://en.wikipedia.org/wiki/Semyon_Slepakov
Pyotr Dranga,Q3388951,Russia,Moscow,Russia,https://en.wikipedia.org/wiki/Pyotr_Dranga
Matrang,Q54834396,Russia,Vladikavkaz,Russia,https://en.wikipedia.org/wiki/Matrang
Obladaet,Q56311265,Russia,Irkutsk,Russia,https://en.wikipedia.org/wiki/Obladaet
Alexander Kostarev,Q4719333,Russia,Novosibirsk,Russia,https://en.wikipedia.org/wiki/Alexander_Kostarev
Alex Feather Akimov,Q4059501,Russia,Moscow,United States,https://en.wikipedia.org/wiki/Alex_Feather_Akimov
Kizaru,Q60969745,Russia,Saint Petersburg,Russia,https://en.wikipedia.org/wiki/Kizaru
Yuz Aleshkovsky,Q4062196,Russia,Krasnoyarsk,Soviet Union,https://en.wikipedia.org/wiki/Yuz_Aleshkovsky
OG Buda,Q65146206,Russia,Tyumen,Russia,https://en.wikipedia.org/wiki/OG_Buda
Mikhail Ancharov,Q4067826,Russia,Moscow,Soviet Union,https://en.wikipedia.org/wiki/Mikhail_Ancharov
Igor Lazko,Q3148294,Russia,Saint Petersburg,Russia,https://en.wikipedia.org/wiki/Igor_Lazko
Tatiana Shebanova,Q3516038,Russia,Moscow,Poland,https://en.wikipedia.org/wiki/Tatiana_Shebanova
Vyacheslav Malezhik,Q4277625,Russia,Moscow,Russia,https://en.wikipedia.org/wiki/Vyacheslav_Malezhik
Vladimir Levkin,Q4272905,Russia,Moscow,Russia,https://en.wikipedia.org/wiki/Vladimir_Lyovkin
Vladimir Matetsky,Q4284783,Russia,Moscow,Russia,https://en.wikipedia.org/wiki/Vladimir_Matetsky
Vladimir Markin,Q4281952,Russia,Bolshevo,Russia,https://en.wikipedia.org/wiki/Vladimir_Markin
Andrei Krylov,Q4242754,Russia,Saint Petersburg,Canada,https://en.wikipedia.org/wiki/Andrei_Krylov_(composer)
Maxim Leonidov,Q4258792,Russia,Saint Petersburg,Israel,https://en.wikipedia.org/wiki/Maxim_Leonidov
Igor Lobanov,Q4264597,Russia,Moscow,Russia,https://en.wikipedia.org/wiki/Igor_Lobanov
Aleksandr Lyubimov,Q4271491,Russia,Moscow,Russia,https://en.wikipedia.org/wiki/Alexander_Lyubimov
Viktor Saltykov,Q4406037,Russia,Saint Petersburg,Russia,https://en.wikipedia.org/wiki/Viktor_Saltykov
Alexander F. Sklyar,Q4421947,Russia,Moscow,Russia,https://en.wikipedia.org/wiki/Alexander_F._Sklyar
Arkady Severny,Q4412230,Russia,Ivanovo,Soviet Union,https://en.wikipedia.org/wiki/Arkady_Severny
Stas Namin,Q4441223,Russia,Moscow,Russia,https://en.wikipedia.org/wiki/Stas_Namin
Ivan Smirnov,Q4424682,Russia,Moscow,Russia,https://en.wikipedia.org/wiki/Ivan_Smirnov_(guitar_player)
Dmitry Selivanov,Q4413688,Russia,Novosibirsk,Soviet Union,https://en.wikipedia.org/wiki/Dmitry_Selivanov
Oleg Sudakov,Q4445338,Russia,Novosibirsk,Russia,https://en.wikipedia.org/wiki/Oleg_Sudakov
Alexander Sukhanov,Q4446873,Russia,Saratov,Russia,https://en.wikipedia.org/wiki/Alexander_Sukhanov
Vladimir Turiyansky,Q4466046,Russia,Moscow,Soviet Union,https://en.wikipedia.org/wiki/Vladimir_Turiyansky
Sergei Trofimov,Q4463930,Russia,Moscow,Russia,https://en.wikipedia.org/wiki/Sergei_Trofimov
Vladimir Blok,Q4088270,Russia,Moscow,Russia,https://en.wikipedia.org/wiki/Vladimir_Blok
Alexei Soutchkov,Q3854512,Russia,Moscow,Russia,https://en.wikipedia.org/wiki/Alexei_Soutchkov
Yevgeny Gabrilovich,Q3655818,Russia,Voronezh,Russia,https://en.wikipedia.org/wiki/Yevgeny_Gabrilovich
Kirill Medvedev,Q4287293,Russia,Moscow,Russia,https://en.wikipedia.org/wiki/Kirill_Medvedev
Serafim Tulikov,Q3479110,Russia,Kaluga,Russia,https://en.wikipedia.org/wiki/Serafim_Tulikov
Niletto,Q80331200,Russia,Tyumen,Russia,https://en.wikipedia.org/wiki/Niletto
Nikolay Burenin,Q4099545,Russia,Saint Petersburg,Russian Empire,https://en.wikipedia.org/wiki/Nikolay_Burenin
Natasha Vlassenko,Q4113428,Russia,Moscow,Australia,https://en.wikipedia.org/wiki/Natasha_Vlassenko
Yuri Bryushkov,Q4097490,Russia,Moscow,Soviet Union,https://en.wikipedia.org/wiki/Yuri_Bryushkov
Slava Marlow,Q96755528,Russia,Novosibirsk,Russia,https://en.wikipedia.org/wiki/Slava_Marlow
Lev Vinocour,Q4111876,Russia,Saint Petersburg,Düsseldorf,https://en.wikipedia.org/wiki/Lev_Vinocour
Sergey Chigrakov,Q4515701,Russia,Dzerzhinsk,Russia,https://en.wikipedia.org/wiki/Sergey_Chigrakov
Mihail Timofeevich Vysotskij,Q4129536,Russia,Moscow,Russian Empire,https://en.wikipedia.org/wiki/Mikhail_Vysotsky
Sergey Belikov,Q4081916,Russia,Krasnogorsk,Russia,https://en.wikipedia.org/wiki/Sergey_Belikov
Gennady Bachinsky,Q4080032,Russia,Yarovoye,Russia,https://en.wikipedia.org/wiki/Gennady_Bachinsky
Yuri Galtsev,Q4132905,Russia,Kurgan,Russia,https://en.wikipedia.org/wiki/Yuri_Galtsev
Anastasia Bardina,Q4078136,Russia,Moscow,Russia,https://en.wikipedia.org/wiki/Anastasia_Bardina
Yelena Perova,Q4351645,Russia,Moscow,Russia,https://en.wikipedia.org/wiki/Elena_Perova
Konstantin Nikolsky,Q4320889,Russia,Moscow,Russia,https://en.wikipedia.org/wiki/Konstantin_Nikolsky
Yuri Naumov,Q4314388,Russia,Yekaterinburg,Russia,https://en.wikipedia.org/wiki/Yuri_Naumov
Mikhail Muromov,Q4308167,Russia,Moscow,Russia,https://en.wikipedia.org/wiki/Mikhail_Muromov
Viktor Kosenko,Q4234841,Russia,Saint Petersburg,Russian Empire,https://en.wikipedia.org/wiki/Viktor_Kosenko
Grigory Korchmar,Q4234508,Russia,Baltiysk,Soviet Union,https://en.wikipedia.org/wiki/Grigoriy_Korchmar
Mikhail Kollontay,Q4228031,Russia,Moscow,Soviet Union,https://en.wikipedia.org/wiki/Mikhail_Kollontay
Vadim Kozin,Q4226573,Russia,Saint Petersburg,Russia,https://en.wikipedia.org/wiki/Vadim_Kozin
Lev Conus,Q4232057,Russia,Moscow,France,https://en.wikipedia.org/wiki/Lev_Conus
Pasha Technique,Q66329894,Russia,Moscow,Russia,https://en.wikipedia.org/wiki/Pasha_Technique
Sergey Glushko,Q4140400,Russia,Mirny,Russia,https://en.wikipedia.org/wiki/Sergei_Glushko
Pavel Dodonov,Q4164153,Russia,Ulyanovsk,Russia,https://en.wikipedia.org/wiki/Pavel_Dodonov
Vladislav Kazenin,Q4208279,Russia,Kirov,Russia,https://en.wikipedia.org/wiki/Vladislav_Kazenin
Aleksey Glyzin,Q4140477,Russia,Mytishchi,Russia,https://en.wikipedia.org/wiki/Alexey_Glyzin
Pavel Egorov,Q4173776,Russia,Saint Petersburg,Soviet Union,https://en.wikipedia.org/wiki/Pavel_Egorov
Vladimir Gustov,Q4152889,Russia,Saint Petersburg,Russia,https://en.wikipedia.org/wiki/Vladimir_Gustov
Iosif Iosifovich Genishta,Q4135451,Russia,Moscow,Russian Empire,https://en.wikipedia.org/wiki/Joseph_Iosifovich_Genishta
George de Godzinsky,Q4141134,Russia,Saint Petersburg,Helsinki,https://en.wikipedia.org/wiki/George_de_Godzinsky
Oksana Grigorieva,Q4149360,Russia,Saransk,Russia,https://en.wikipedia.org/wiki/Oksana_Grigorieva
Nikolai Devitte,Q4156369,Russia,Moscow,Russian Empire,https://en.wikipedia.org/wiki/Nikolai_Devitte
Aleksei Rybin,Q4401512,Russia,Saint Petersburg,Russia,https://en.wikipedia.org/wiki/Aleksei_Rybin
Oleg Pogudin,Q4366928,Russia,Saint Petersburg,Russia,https://en.wikipedia.org/wiki/Oleg_Pogudin
Anna Pletnyova,Q4364916,Russia,Moscow,Russia,https://en.wikipedia.org/wiki/Anna_Pletnyova
Ricochet,Q4394640,Russia,Saint Petersburg,Russia,https://en.wikipedia.org/wiki/Ricochet_(musician)
Nikolay Rastorguyev,Q4390600,Russia,Lytkarino,Moscow,https://en.wikipedia.org/wiki/Nikolay_Rastorguyev
Sergey Popov,Q4372612,Russia,Moscow,Russia,https://en.wikipedia.org/wiki/Sergey_Popov_(guitarist)
Instasamka,Q99578037,Russia,Tobolsk,Moscow,https://en.wikipedia.org/wiki/Instasamka
Evelina Petrova,Q4360929,Russia,Kingisepp,Russia,https://en.wikipedia.org/wiki/Evelina_Petrova
Fridrikh Lips,Q4262904,Russia,Yemanzhelinsk,Russia,https://en.wikipedia.org/wiki/Friedrich_Lips
Danya Milokhin,Q99472082,Russia,Orenburg,Russia,https://en.wikipedia.org/wiki/Danya_Milokhin
Ramil',Q99912187,Russia,Nizhny Novgorod,Russia,https://en.wikipedia.org/wiki/Ramil%27
Yury Favorin,Q4480384,Russia,Moscow,Russia,https://en.wikipedia.org/wiki/Yury_Favorin
Ivan Farmakovsky,Q4481262,Russia,Moscow,Russia,https://en.wikipedia.org/wiki/Ivan_Farmakovsky
Vladimir Feltsman,Q4482551,Russia,Moscow,Russia,https://en.wikipedia.org/wiki/Vladimir_Feltsman
Georgiy Firtich,Q4485035,Russia,Pskov,Russia,https://en.wikipedia.org/wiki/Georgy_Firtich
Karel van Ark,Q4481062,Russia,Saint Petersburg,Russian Empire,https://en.wikipedia.org/wiki/Karel_van_Ark
Xälidä Xäyretdinevä,Q4494846,Russia,Kazan,Russia,https://en.wikipedia.org/wiki/Halida_Hayrutdinova
Viatcheslav Nazarov,Q4312162,Russia,Ufa,Russia,https://en.wikipedia.org/wiki/Viatcheslav_Nazarov
Evgeny Zarafiants,Q4357199,Russia,Novosibirsk,Russia,https://en.wikipedia.org/wiki/Evgeny_Zarafiants
Irina Plotnikova,Q4365389,Russia,Moscow,Russia,https://en.wikipedia.org/wiki/Irina_Plotnikova
Erna Tauro,Q4354798,Russia,Vyborg,Helsinki,https://en.wikipedia.org/wiki/Erna_Tauro
Peter Ovtcharov,Q4330891,Russia,Saint Petersburg,Russia,https://en.wikipedia.org/wiki/Peter_Ovtcharov
Nikolai Orlov,Q4336695,Russia,Yelets,Russian Empire,https://en.wikipedia.org/wiki/Nikolai_Orlov_(pianist)
Diana Burkot,Q100391281,Russia,Lyubertsy,Iceland,https://en.wikipedia.org/wiki/Diana_Burkot
Boris Fomin,Q2000854,Russia,Saint Petersburg,Russian Empire,https://en.wikipedia.org/wiki/Boris_Fomin
Viljo Vesterinen,Q2719292,Russia,Zelenogorsk,Finland,https://en.wikipedia.org/wiki/Viljo_Vesterinen
Thrill Pill,Q85857953,Russia,Moscow,Russia,https://en.wikipedia.org/wiki/Thrill_Pill
Gustav Kross,Q4241732,Russia,Saint Petersburg,Russian Empire,https://en.wikipedia.org/wiki/Gustav_Kross
Nikolay Dmitriyev,Q4162759,Russia,Moscow,Russian Empire,https://en.wikipedia.org/wiki/Nikolai_Dmitriev_(composer)
Maksim Dunayevsky,Q4170711,Russia,Moscow,Russia,https://en.wikipedia.org/wiki/Maksim_Dunayevsky
Miroslav Kultyshev,Q4246448,Russia,Saint Petersburg,Russia,https://en.wikipedia.org/wiki/Miroslav_Kultyshev
Nelly Akopian-Tamarina,Q4059766,Russia,Moscow,Russia,https://en.wikipedia.org/wiki/Nelly_Akopian-Tamarina
Gleb Axelrod,Q4059880,Russia,Moscow,Russia,https://en.wikipedia.org/wiki/Gleb_Axelrod
Oleg Akkuratov,Q4059652,Russia,Yeysk,Russia,https://en.wikipedia.org/wiki/Oleg_Akkuratov
Alena Apina,Q4067997,Russia,Saratov,Russia,https://en.wikipedia.org/wiki/Alyona_Apina
Vadim Baykov,Q4075577,Russia,Volgograd,Russia,https://en.wikipedia.org/wiki/Vadim_Baykov
Yevgeny Malinin,Q4277788,Russia,Moscow,Russia,https://en.wikipedia.org/wiki/Yevgeny_Malinin
Lyudmila Lyadova,Q4272534,Russia,Yekaterinburg,Russia,https://en.wikipedia.org/wiki/Lyudmila_Lyadova
Viktor Lyadov,Q4272526,Russia,Engels,Russia,https://en.wikipedia.org/wiki/Viktor_Lyadov
Evgeny Levitan,Q4256563,Russia,Saint Petersburg,Russia,https://en.wikipedia.org/wiki/Evgeny_Levitan
Petr Migunov,Q4292789,Russia,Saint Petersburg,Russia,https://en.wikipedia.org/wiki/Petr_Migunov
Nina Milkina,Q4293451,Russia,Moscow,Russia,https://en.wikipedia.org/wiki/Nina_Milkina
Isaac Mikhnovsky,Q4298212,Russia,Smolensk,Russian Empire,https://en.wikipedia.org/wiki/Isaac_Mikhnovsky
Vladimir Mischouk,Q4298566,Russia,Saint Petersburg,Russia,https://en.wikipedia.org/wiki/Vladimir_Mischouk
Vadim Rudenko,Q4399348,Russia,Krasnodar,Russia,https://en.wikipedia.org/wiki/Vadim_Rudenko
Ivan Sokolov,Q4427177,Russia,Moscow,Russia,https://en.wikipedia.org/wiki/Ivan_Sokolov_(composer)
Valentina Serova,Q4417742,Russia,Moscow,Russian Empire,https://en.wikipedia.org/wiki/Valentina_Serova_(composer)
Pavel Serebryakov,Q4417338,Russia,Volgograd,Russian Empire,https://en.wikipedia.org/wiki/Pavel_Serebryakov
Boris Sobinov,Q4425773,Russia,Moscow,Germany,https://en.wikipedia.org/wiki/Boris_Sobinov
Ignat Solzhenitsyn,Q4427696,Russia,Moscow,New York City,https://en.wikipedia.org/wiki/Ignat_Solzhenitsyn
Roman Stolyar,Q4443017,Russia,Novosibirsk,Russia,https://en.wikipedia.org/wiki/Roman_Stolyar
Nadezhda Rimskaya-Korsakova,Q4394673,Russia,Saint Petersburg,Russian Empire,https://en.wikipedia.org/wiki/Nadezhda_Rimskaya-Korsakova
Gleb Kalyuzhny,Q104757234,Russia,Moscow,Russia,https://en.wikipedia.org/wiki/Gleb_Kalyuzhny
Zlata Chochieva,Q4517266,Russia,Moscow,Berlin,https://en.wikipedia.org/wiki/Zlata_Chochieva
Slame,Q104772431,Russia,Almetyevsk,Russia,https://en.wikipedia.org/wiki/Slame
Aleksey Nasedkin,Q4715984,Russia,Moscow,Russia,https://en.wikipedia.org/wiki/Aleksey_Nasedkin
Amir Tebenikhin,Q4746644,Russia,Moscow,Kazakhstan,https://en.wikipedia.org/wiki/Amir_Tebenikhin
Alexander Zakin,Q4720448,Russia,Tobolsk,Russian Empire,https://en.wikipedia.org/wiki/Alexander_Zakin
Alexander Braginsky,Q4718414,Russia,Russia,Russia,https://en.wikipedia.org/wiki/Alexander_Braginsky
Soda Luv,Q107297211,Russia,Ukhta,Russia,https://en.wikipedia.org/wiki/Soda_Luv
Artyom Kacher,Q104904112,Russia,Vladikavkaz,Russia,https://en.wikipedia.org/wiki/Artyom_Kacher
Alexis Golovin,Q4721452,Russia,Moscow,Russia,https://en.wikipedia.org/wiki/Alexis_Golovin
Alexander Ardakov,Q4718248,Russia,Samara,Russia,https://en.wikipedia.org/wiki/Alexander_Ardakov
Nikolai Shcherbachov,Q4528911,Russia,Saint Petersburg,Russian Empire,https://en.wikipedia.org/wiki/Nikolai_Shcherbachov
Alissa Firsova,Q4727244,Russia,Moscow,United Kingdom,https://en.wikipedia.org/wiki/Alissa_Firsova
Oxana Yablonskaya,Q4535926,Russia,Moscow,Israel,https://en.wikipedia.org/wiki/Oxana_Yablonskaya
Alina Smith,Q4726727,Russia,Saint Petersburg,United States,https://en.wikipedia.org/wiki/Alina_Smith
Anatoly Sheludyakov,Q4752220,Russia,Moscow,Russia,https://en.wikipedia.org/wiki/Anatoly_Sheludyakov
Röstäm Yäxin,Q4539685,Russia,Kazan,"Paris Commune Street, Kazan",https://en.wikipedia.org/wiki/R%C3%B6st%C3%A4m_Yaxin
Amina Shafikova,Q4521079,Russia,Irgizly,Russia,https://en.wikipedia.org/wiki/Amina_Shafikova
Zlata Razdolina,Q4388420,Russia,Saint Petersburg,Israel,https://en.wikipedia.org/wiki/Zlata_Razdolina
Elena Braslavsky,Q5358977,Russia,Moscow,United States,https://en.wikipedia.org/wiki/Elena_Braslavsky
Elena Gilels,Q5359022,Russia,Moscow,Soviet Union,https://en.wikipedia.org/wiki/Elena_Gilels
Lovv66,Q113676439,Russia,Bryansk,Russia,https://en.wikipedia.org/wiki/Lovv66
Irina Lankova,Q6069856,Russia,Michurinsk,Belgium,https://en.wikipedia.org/wiki/Irina_Lankova
Drozdihin Ilya,Q4168425,Russia,Moscow,Russia,https://en.wikipedia.org/wiki/Ilya_Drozdihin
Ofra Haza,Q111087,Israel,Hatikva Quarter,Israel,https://en.wikipedia.org/wiki/Ofra_Haza
Anat Cohen,Q168116,Israel,Tel Aviv,New York City,https://en.wikipedia.org/wiki/Anat_Cohen
Elisha Abas,Q658399,Israel,Jerusalem,Israel,https://en.wikipedia.org/wiki/Elisha_Abas
Jonathan Bar Giora,Q264791,Israel,Jerusalem,Israel,https://en.wikipedia.org/wiki/Jonathan_Bar_Giora
Shirley Brill,Q2279383,Israel,Israel,Israel,https://en.wikipedia.org/wiki/Shirley_Brill
Nitzan Haroz,Q7041630,Israel,Israel,Israel,https://en.wikipedia.org/wiki/Nitzan_Haroz
Keren Ann,Q262294,Israel,Caesarea,Israel,https://en.wikipedia.org/wiki/Keren_Ann
Sharon Kam,Q273058,Israel,Haifa,Germany,https://en.wikipedia.org/wiki/Sharon_Kam
Nathan Goshen,Q6583345,Israel,Lod,Israel,https://en.wikipedia.org/wiki/Nathan_Goshen
Roy Doron,Q128588484,Israel,Tel Aviv,Israel,https://en.wikipedia.org/wiki/Roy_Doron
Meytal Cohen,Q1176409,Israel,Ramat Gan,Israel,https://en.wikipedia.org/wiki/Meytal_Cohen
Avishai Cohen,Q388320,Israel,Kabri,Israel,https://en.wikipedia.org/wiki/Avishai_Cohen_(bassist)
Keren Peles,Q466518,Israel,Yavne'el,Israel,https://en.wikipedia.org/wiki/Keren_Peles
Benjamin Rawitz-Castel,Q792948,Israel,Haifa,Israel,https://en.wikipedia.org/wiki/Benjamin_Rawitz-Castel
Josh Macrae,Q1585533,Israel,Tel Aviv,United Kingdom,https://en.wikipedia.org/wiki/Josh_Macrae
Hillel Slovak,Q186924,Israel,Haifa,Israel,https://en.wikipedia.org/wiki/Hillel_Slovak
Ivri Lider,Q716158,Israel,Givat Haim (Ihud),Israel,https://en.wikipedia.org/wiki/Ivri_Lider
Rosi Golan,Q509181,Israel,Netanya,United States,https://en.wikipedia.org/wiki/Rosi_Golan
David Greilsammer,Q519901,Israel,Jerusalem,Jerusalem,https://en.wikipedia.org/wiki/David_Greilsammer
Pinchas Zukerman,Q346204,Israel,Tel Aviv,Israel,https://en.wikipedia.org/wiki/Pinchas_Zukerman
Yaron Herman,Q966881,Israel,Tel Aviv,Paris,https://en.wikipedia.org/wiki/Yaron_Herman
Amir Katz,Q472047,Israel,Ramat Gan,Israel,https://en.wikipedia.org/wiki/Amir_Katz
Rivka Golani,Q1993134,Israel,Tel Aviv,Israel,https://en.wikipedia.org/wiki/Rivka_Golani
Cemal Reşit Rey,Q1053284,Israel,Jerusalem,Ottoman Empire,https://en.wikipedia.org/wiki/Cemal_Re%C5%9Fit_Rey
Gilad Karni,Q5560695,Israel,Tel Aviv,Israel,https://en.wikipedia.org/wiki/Gilad_Karni
Mooki,Q2908623,Israel,Rishon LeZion,Israel,https://en.wikipedia.org/wiki/Mooki_(singer)
Amnon Weinstein,Q54860850,Israel,Tel Aviv,Israel,https://en.wikipedia.org/wiki/Amnon_Weinstein
Ehud Asherie,Q1262385,Israel,Israel,United States,https://en.wikipedia.org/wiki/Ehud_Asherie
Amihai Grosz,Q6586745,Israel,Jerusalem,Israel,https://en.wikipedia.org/wiki/Amihai_Grosz
Avri Levitan,Q4829451,Israel,Tel Aviv,Israel,https://en.wikipedia.org/wiki/Avri_Levitan
Eyran Katsenelenbogen,Q1385858,Israel,Israel,United States,https://en.wikipedia.org/wiki/Eyran_Katsenelenbogen
Rucka Rucka Ali,Q3446620,Israel,Jerusalem,United States,https://en.wikipedia.org/wiki/Rucka_Rucka_Ali
David Broza,Q731076,Israel,Haifa,Israel,https://en.wikipedia.org/wiki/David_Broza
Asaf Avidan,Q259788,Israel,Jerusalem,Pesaro,https://en.wikipedia.org/wiki/Asaf_Avidan
Daniel Benyamini,Q5216542,Israel,Tel Aviv,Israel,https://en.wikipedia.org/wiki/Daniel_Benyamini
Yoav,Q995592,Israel,Tel Aviv,Israel,https://en.wikipedia.org/wiki/Yoav_(musician)
Michal Elia Kamal,Q113535509,Israel,Tel Aviv,Istanbul,https://en.wikipedia.org/wiki/Michal_Elia_Kamal
Ravid Plotnik,Q16131535,Israel,Petah Tikva,Israel,https://en.wikipedia.org/wiki/Ravid_Plotnik
The Shadow,Q7763527,Israel,Safed,Tel Aviv,https://en.wikipedia.org/wiki/The_Shadow_(rapper)
Omer Meir Wellber,Q2023318,Israel,Beersheba,Israel,https://en.wikipedia.org/wiki/Omer_Meir_Wellber
Sara Kishon,Q1674640,Israel,Tel Aviv,Israel,https://en.wikipedia.org/wiki/Sara_Kishon
Jonathan Gee,Q1424809,Israel,Tel Aviv,United Kingdom,https://en.wikipedia.org/wiki/Jonathan_Gee
Dan Mayo,Q23762287,Israel,Tel Aviv,Tel Aviv,https://en.wikipedia.org/wiki/Dan_Mayo
Michael Moshonov,Q6832937,Israel,Jaffa,Israel,https://en.wikipedia.org/wiki/Michael_Moshonov
Yitzhak Yedid,Q2006195,Israel,Jerusalem,Israel,https://en.wikipedia.org/wiki/Yitzhak_Yedid
Shlomi Lavie,Q94579028,Israel,Israel,United States,https://en.wikipedia.org/wiki/Shlomi_Lavie
Michael Cohen,Q18038631,Israel,Tel Aviv,Israel,https://en.wikipedia.org/wiki/Michael_Cohen_(Israeli_musician)
Pnina Salzman,Q1972935,Israel,Tel Aviv,Tel Aviv University,https://en.wikipedia.org/wiki/Pnina_Salzman
Liat Cohen,Q3237686,Israel,Tel Aviv,France,https://en.wikipedia.org/wiki/Liat_Cohen
Sagol 59,Q7399337,Israel,Israel,Jerusalem,https://en.wikipedia.org/wiki/Sagol_59
Dotan,Q2789859,Israel,Jerusalem,Kingdom of the Netherlands,https://en.wikipedia.org/wiki/Dotan_(singer)
Udi Spielman,Q16150504,Israel,Israel,Israel,https://en.wikipedia.org/wiki/Udi_Spielman
Jake Hooker,Q6124747,Israel,Haifa,United States,https://en.wikipedia.org/wiki/Jake_Hooker_(musician)
Uzi Shalev,Q18010916,Israel,Ein Dor,Israel,https://en.wikipedia.org/wiki/Uzi_Shalev
Marvin Goldstein,Q3296070,Israel,Tel Aviv,United States,https://en.wikipedia.org/wiki/Marvin_Goldstein
Ori Kaplan,Q437090,Israel,Tel Aviv,Israel,https://en.wikipedia.org/wiki/Ori_Kaplan
Shai Wosner,Q2276463,Israel,Israel,Israel,https://en.wikipedia.org/wiki/Shai_Wosner
Joseph Malovany,Q2900479,Israel,Tel Aviv,United States,https://en.wikipedia.org/wiki/Joseph_Malovany
Gil Dor,Q5560497,Israel,Holon,Israel,https://en.wikipedia.org/wiki/Gil_Dor
Danny Sanderson,Q5220799,Israel,Kfar Blum,Israel,https://en.wikipedia.org/wiki/Danny_Sanderson
Yitzchak Meir Helfgot,Q7213181,Israel,Tel Aviv,Israel,https://en.wikipedia.org/wiki/Yitzchak_Meir_Helfgot
Ilan Chester,Q2918727,Israel,Tel Aviv,Israel,https://en.wikipedia.org/wiki/Ilan_Chester
Arie Vardi,Q3622545,Israel,Tel Aviv,Israel,https://en.wikipedia.org/wiki/Arie_Vardi
Ori Comay,Q60529885,Israel,Tel Aviv,Israel,https://en.wikipedia.org/wiki/Dudu_Faruk
Moshe Nathanson,Q15711015,Israel,Jerusalem,Ottoman Empire,https://en.wikipedia.org/wiki/Moshe_Nathanson
Shai Maestro,Q3481238,Israel,Israel,Israel,https://en.wikipedia.org/wiki/Shai_Maestro
Ammiel Bushakevitz,Q4747241,Israel,Jerusalem,Israel,https://en.wikipedia.org/wiki/Ammiel_Bushakevitz
Samira Saraya,Q30527170,Israel,Haifa,Israel,https://en.wikipedia.org/wiki/Samira_Saraya
Ron Nesher,Q40839113,Israel,Tel Aviv,Israel,https://en.wikipedia.org/wiki/Ron_Nesher
Joseph Kalichstein,Q6284503,Israel,Tel Aviv,United States,https://en.wikipedia.org/wiki/Joseph_Kalichstein
Ilana Vered,Q5997071,Israel,Tel Aviv,Israel,https://en.wikipedia.org/wiki/Ilana_Vered
Oded Zehavi,Q6785011,Israel,Jerusalem,University of Haifa,https://en.wikipedia.org/wiki/Oded_Zehavi
Dan Farber,Q96355317,Israel,Tel Aviv,Tel Aviv,https://en.wikipedia.org/wiki/Dan_Farber
Arik Rudich,Q6839423,Israel,Holon,Israel,https://en.wikipedia.org/wiki/Arik_Rudich
Gilad Atzmon,Q1389497,Israel,Tel Aviv,London,https://en.wikipedia.org/wiki/Gilad_Atzmon
Maya Dunietz,Q6796684,Israel,Tel Aviv,Israel,https://en.wikipedia.org/wiki/Maya_Dunietz
Atar Mayner,Q66990446,Israel,Amuka,Israel,https://en.wikipedia.org/wiki/Atar_Mayner
Assaf Shelleg,Q4808349,Israel,Petah Tikva,Israel,https://en.wikipedia.org/wiki/Assaf_Shelleg
Gil Shohat,Q5560612,Israel,Tel Aviv,Jaffa,https://en.wikipedia.org/wiki/Gil_Shohat
Boaz Sharon,Q4931564,Israel,Tel Aviv,United States,https://en.wikipedia.org/wiki/Boaz_Sharon
David Bar-Ilan,Q5231102,Israel,Haifa,Israel,https://en.wikipedia.org/wiki/David_Bar-Illan
Dror Feiler,Q1260343,Israel,Tel Aviv,Stockholm,https://en.wikipedia.org/wiki/Dror_Feiler
Shabjdeed,Q106570586,Israel,Jerusalem,Palestine,https://en.wikipedia.org/wiki/Shabjdeed
Eviatar Banai,Q5418308,Israel,Beersheba,Israel,https://en.wikipedia.org/wiki/Eviatar_Banai
Vibe Ish,Q88895494,Israel,Tel Aviv,Israel,https://en.wikipedia.org/wiki/Vibe_Ish
Shlomo Gronich,Q7499585,Israel,Hadera,Israel,https://en.wikipedia.org/wiki/Shlomo_Gronich
Itay Talgam,Q6094174,Israel,Tel Aviv,Israel,https://en.wikipedia.org/wiki/Itay_Talgam
Daniel Adni,Q5216364,Israel,Haifa,Israel,https://en.wikipedia.org/wiki/Daniel_Adni
Daniel Gortler,Q5217318,Israel,Tel Aviv,Israel,https://en.wikipedia.org/wiki/Daniel_Gortler
Israela Margalit,Q6087455,Israel,Haifa,United States,https://en.wikipedia.org/wiki/Israela_Margalit
Orit Wolf,Q7102872,Israel,Tel Aviv,Tel Aviv,https://en.wikipedia.org/wiki/Orit_Wolf
Yitzhak Klepter,Q12408281,Israel,Haifa,Israel,https://en.wikipedia.org/wiki/Yitzhak_Klepter
Yair Elitzur,Q108669027,Israel,Rehovot,Israel,https://en.wikipedia.org/wiki/Yair_Elitzur
Ory Shihor,Q17060428,Israel,Tel Aviv,Israel,https://en.wikipedia.org/wiki/Ory_Shihor
Daniel Zamir,Q5219145,Israel,Petah Tikva,Israel,https://en.wikipedia.org/wiki/Daniel_Zamir
Assif Tsahar,Q2655560,Israel,Israel,Israel,https://en.wikipedia.org/wiki/Assif_Tsahar
Ran Dank,Q15442217,Israel,Israel,Israel,https://en.wikipedia.org/wiki/Ran_Dank
Ofir Shwartz,Q16218786,Israel,Haifa,Israel,https://en.wikipedia.org/wiki/Ofir_Shwartz
Saint Levant,Q116663665,Israel,Jerusalem,Los Angeles,https://en.wikipedia.org/wiki/Saint_Levant
Guy Gerber,Q1557483,Israel,Tel Aviv,Israel,https://en.wikipedia.org/wiki/Guy_Gerber
Ruth Dolores Weiss,Q7382951,Israel,Ashkelon,Israel,https://en.wikipedia.org/wiki/Ruth_Dolores_Weiss
Tamar Halperin,Q18028352,Israel,Tel Aviv,Germany,https://en.wikipedia.org/wiki/Tamar_Halperin
Sally Pinkas,Q7405255,Israel,Tel Aviv,Medford,https://en.wikipedia.org/wiki/Sally_Pinkas
Yoheved Kaplinsky,Q8054492,Israel,Tel Aviv,United States,https://en.wikipedia.org/wiki/Yoheved_Kaplinsky
Oz Noy,Q24642315,Israel,Israel,New York City,https://en.wikipedia.org/wiki/Oz_Noy
Orli Shaham,Q7103289,Israel,Jerusalem,United States,https://en.wikipedia.org/wiki/Orli_Shaham
Yaron Gottfried,Q12408311,Israel,Jerusalem,Israel,https://en.wikipedia.org/wiki/Yaron_Gottfried
Yosi Piamenta,Q20640880,Israel,Jerusalem,Israel,https://en.wikipedia.org/wiki/Yosi_Piamenta
Tzvi Erez,Q7862007,Israel,Israel,Canada,https://en.wikipedia.org/wiki/Tzvi_Erez
Shem Tov Levi,Q12411789,Israel,Rehovot,Israel,https://en.wikipedia.org/wiki/Shem_Tov_Levi
Astrith Baltsan,Q12404149,Israel,Tel Aviv,Tel Aviv,https://en.wikipedia.org/wiki/Astrith_Baltsan
Yonatan Gat,Q19957859,Israel,Tel Aviv,United States,https://en.wikipedia.org/wiki/Yonatan_Gat
Eli Degibri,Q5360204,Israel,Jaffa,Israel,https://en.wikipedia.org/wiki/Eli_Degibri
Yaron Kohlberg,Q8049444,Israel,Jerusalem,Israel,https://en.wikipedia.org/wiki/Yaron_Kohlberg
Eytan Pessen,Q16194257,Israel,Haifa,Israel,https://en.wikipedia.org/wiki/Eytan_Pessen
Natan Brand,Q6968385,Israel,Jerusalem,United States,https://en.wikipedia.org/wiki/Natan_Brand
Rami Bar-Niv,Q7289519,Israel,Tel Aviv,Israel,https://en.wikipedia.org/wiki/Rami_Bar-Niv
Rotem Sivan,Q24049038,Israel,Haifa,Israel,https://en.wikipedia.org/wiki/Rotem_Sivan
Nitai Hershkovits,Q19667178,Israel,Israel,Israel,https://en.wikipedia.org/wiki/Nitai_Hershkovits
Natalia Paruz,Q6968061,Israel,Israel,Givatayim,https://en.wikipedia.org/wiki/Natalia_Paruz
Kobi Arad,Q28465757,Israel,Haifa,Israel,https://en.wikipedia.org/wiki/Kobi_Arad
Gilad Hekselman,Q15452182,Israel,Kfar Saba,Israel,https://en.wikipedia.org/wiki/Gilad_Hekselman
Nathan Salomon,Q135271160,Israel,Haifa,Tel Aviv,https://en.wikipedia.org/wiki/Nathan_Salomon
Eyal Maoz,Q5422562,Israel,Haifa,United States,https://en.wikipedia.org/wiki/Eyal_Maoz
Roni Ben-Hur,Q7365688,Israel,Dimona,Teaneck,https://en.wikipedia.org/wiki/Roni_Ben-Hur
Amit Golan,Q19845166,Israel,Haifa,Israel,https://en.wikipedia.org/wiki/Amit_Golan
Tal Zilber,Q20687663,Israel,Israel,Boston,https://en.wikipedia.org/wiki/Tal_Zilber
Omer Fedi,Q100717799,Israel,Tel Aviv,Israel,https://en.wikipedia.org/wiki/Omer_Fedi
Inon Barnatan,Q18763855,Israel,Tel Aviv,New York City,https://en.wikipedia.org/wiki/Inon_Barnatan
Ilan Rechtman,Q33112532,Israel,Tel Aviv,Israel,https://en.wikipedia.org/wiki/Ilan_Rechtman
Shira Shaked,Q29144331,Israel,Israel,Tel Aviv,https://en.wikipedia.org/wiki/Shira_Shaked
Dalia Faitelson,Q50285670,Israel,Negev,Copenhagen,https://en.wikipedia.org/wiki/Dalia_Faitelson
Na'ama Zisser,Q58486165,Israel,Israel,Israel,https://en.wikipedia.org/wiki/Na%27ama_Zisser
Yaara Tal,Q37944925,Israel,Kfar Saba,Kfar Saba,https://en.wikipedia.org/wiki/Yaara_Tal
Amit Peled,Q4746865,Israel,Yizre'el,Israel,https://en.wikipedia.org/wiki/Amit_Peled
Haim Tukachinsky,Q60693773,Israel,Haifa,Israel,https://en.wikipedia.org/wiki/Haim_Tukachinsky
Yossi Zabari,Q27990208,Israel,Petah Tikva,Israel,https://en.wikipedia.org/wiki/Yossi_Zabari
Inbal Segev,Q6013929,Israel,Israel,Israel,https://en.wikipedia.org/wiki/Inbal_Segev
Sagi Hartov,Q7399239,Israel,Haifa,Israel,https://en.wikipedia.org/wiki/Sagi_Hartov
Bracha Eden,Q54572860,Israel,Jerusalem,Israel,https://en.wikipedia.org/wiki/Bracha_Eden
Ofra Harnoy,Q2627757,Israel,Hadera,Canada,https://en.wikipedia.org/wiki/Ofra_Harnoy
Tom Oren,Q60735682,Israel,Tel Aviv,Boston,https://en.wikipedia.org/wiki/Tom_Oren
Ariel Lanyi,Q97218101,Israel,Jerusalem,Israel,https://en.wikipedia.org/wiki/Ariel_Lanyi
Yoshi,Q106765441,Israel,Nof HaGalil,Israel,https://en.wikipedia.org/wiki/Yoshi_(Israeli_singer)
Gavriel Lipkind,Q949580,Israel,Tel Aviv,Israel,https://en.wikipedia.org/wiki/Gavriel_Lipkind
Lahav Shani,Q41505182,Israel,Jaffa,Berlin,https://en.wikipedia.org/wiki/Lahav_Shani
Maya Beiser,Q4081184,Israel,Gazit,United States,https://en.wikipedia.org/wiki/Maya_Beiser
Eli Gorenstein,Q12403917,Israel,Tel Aviv,Israel,https://en.wikipedia.org/wiki/Eli_Gorenstein
Matt Haimovitz,Q2900830,Israel,Bat Yam,Canada,https://en.wikipedia.org/wiki/Matt_Haimovitz
Dana International,Q201204,Israel,Tel Aviv,Israel,https://en.wikipedia.org/wiki/Dana_International
Yasmin Levy,Q298202,Israel,Jerusalem,Serbia,https://en.wikipedia.org/wiki/Yasmin_Levy
Dan Pugach,Q77189129,Israel,Ra'anana,United States,https://en.wikipedia.org/wiki/Dan_Pugach
Mira Awad,Q236056,Israel,Rameh,London,https://en.wikipedia.org/wiki/Mira_Awad
Talia Amar,Q106878468,Israel,Jerusalem,Israel,https://en.wikipedia.org/wiki/Talia_Amar
Telalit Charksy,Q135261951,Israel,Tel Aviv,Nashville,https://en.wikipedia.org/wiki/Telalit_Charsky
Aviv Geffen,Q733103,Israel,Ramat Gan,Israel,https://en.wikipedia.org/wiki/Aviv_Geffen
Tal,Q453841,Israel,Pardes Hanna-Karkur,France,https://en.wikipedia.org/wiki/Tal_(singer)
Alon Sariel,Q57240257,Israel,Beersheba,Beersheba,https://en.wikipedia.org/wiki/Alon_Sariel
Mor Karbasi,Q462158,Israel,Jerusalem,Israel,https://en.wikipedia.org/wiki/Mor_Karbasi
Rami Fortis,Q2910590,Israel,Tel Aviv,Israel,https://en.wikipedia.org/wiki/Rami_Fortis
Roni Dalumi,Q2898233,Israel,Beersheba,Omer,https://en.wikipedia.org/wiki/Roni_Daloomi
Rim Banna,Q2736035,Israel,Nazareth,Occupied Palestinian territories,https://en.wikipedia.org/wiki/Rim_Banna
Shlomo Artzi,Q966848,Israel,Israel,Israel,https://en.wikipedia.org/wiki/Shlomo_Artzi
Shalom Hanoch,Q2436563,Israel,Mishmarot,Israel,https://en.wikipedia.org/wiki/Shalom_Hanoch
Idan Yaniv,Q2905481,Israel,Tel Aviv,Israel,https://en.wikipedia.org/wiki/Idan_Yaniv
Guy J,Q105123061,Israel,Tel Aviv,Israel,https://en.wikipedia.org/wiki/Guy_J
Alon Ohel,Q130684595,Israel,Lavon,Germany,https://en.wikipedia.org/wiki/Kidnapping_of_Alon_Ohel
Kamilya Jubran,Q1349848,Israel,Acre,France,https://en.wikipedia.org/wiki/Kamilya_Jubran
Avi Avital,Q2917858,Israel,Beersheba,Israel,https://en.wikipedia.org/wiki/Avi_Avital
Maya Simantov,Q1657536,Israel,Bat Yam,Israel,https://en.wikipedia.org/wiki/Maya_Simantov
Gene Simmons,Q207197,Israel,Tirat Carmel,New York City,https://en.wikipedia.org/wiki/Gene_Simmons
Eliad Nachum,Q6741400,Israel,Bat Yam,Israel,https://en.wikipedia.org/wiki/Eliad_Nachum
Yuval Banay,Q8062147,Israel,Tel Aviv,Israel,https://en.wikipedia.org/wiki/Yuval_Banai
Elam Rotem,Q52714759,Israel,Sdot Yam,Israel,https://en.wikipedia.org/wiki/Elam_Rotem
Guy Erez,Q5622229,Israel,Kiryat Shmona,Israel,https://en.wikipedia.org/wiki/Guy_Erez
Simon Shaheen,Q2287816,Israel,Ma'alot-Tarshiha,Occupied Palestinian territories,https://en.wikipedia.org/wiki/Simon_Shaheen
Sasson Ifram Shaulov,Q122926523,Israel,Beit Shemesh,Israel,https://en.wikipedia.org/wiki/Sasson_Ifram_Shaulov
Karolina,Q6373161,Israel,Jaffa,Israel,https://en.wikipedia.org/wiki/Karolina_(singer)
Wissam Joubran,Q1624878,Israel,Nazareth,Israel,https://en.wikipedia.org/wiki/Wissam_Joubran
Shalev Ad-El,Q35386688,Israel,Ramat Gan,Israel,https://en.wikipedia.org/wiki/Shalev_Ad-El
Ariel Zilber,Q4790480,Israel,Tel Aviv,Gitit,https://en.wikipedia.org/wiki/Ariel_Zilber
Sun Tailor,Q7638539,Israel,Kfar Saba,Israel,https://en.wikipedia.org/wiki/Sun_Tailor
Ilan Virtzberg,Q6976150,Israel,Beersheba,Israel,https://en.wikipedia.org/wiki/Ilan_Virtzberg
Kfir Tzafir,Q123593996,Israel,Petah Tikva,Israel,https://en.wikipedia.org/wiki/Kfir_Tsafrir
Rivka Zohar,Q7338960,Israel,Acre,Israel,https://en.wikipedia.org/wiki/Rivka_Zohar
Akiva Turgeman,Q29512717,Israel,Dimona,Israel,https://en.wikipedia.org/wiki/Akiva_(singer)
Barak Cohen,Q46829910,Israel,Jerusalem,Israel,https://en.wikipedia.org/wiki/Barak_Cohen
Noga Erez,Q40856678,Israel,Tel Aviv,Tel Aviv,https://en.wikipedia.org/wiki/Noga_Erez
Fishi Ha-Gadol,Q12410592,Israel,Tel Aviv,Israel,https://en.wikipedia.org/wiki/Fishi_Ha-Gadol
Yossi Reshef,Q133289106,Israel,Jaffa,Germany,https://en.wikipedia.org/wiki/Yossi_Reshef
Sivan Arbel,Q100605067,Israel,Jerusalem,Israel,https://en.wikipedia.org/wiki/Sivan_Arbel
Pe'er Tasi,Q16129473,Israel,Pardes Hanna-Karkur,Israel,https://en.wikipedia.org/wiki/Pe%27er_Tasi
Noa Kirel,Q43139030,Israel,Ra'anana,Israel,https://en.wikipedia.org/wiki/Noa_Kirel
Meir Banai,Q12408754,Israel,Jerusalem,Israel,https://en.wikipedia.org/wiki/Meir_Banai
Rotem Or,Q27926926,Israel,Tel Aviv,Israel,https://en.wikipedia.org/wiki/Totemo
Yeled,Q126692514,Israel,Beit Hashmonay,Israel,https://en.wikipedia.org/wiki/Yeled
Rinat Shaham,Q2346947,Israel,Haifa,Israel,https://en.wikipedia.org/wiki/Rinat_Shaham
Michael Shani,Q6834315,Israel,Ma'anit,Israel,https://en.wikipedia.org/wiki/Michael_Shani
Karin Shifrin,Q4524599,Israel,Jerusalem,Israel,https://en.wikipedia.org/wiki/Karin_Shifrin
Osher Cohen,Q68084854,Israel,Kiryat Motzkin,Kiryat Motzkin,https://en.wikipedia.org/wiki/Osher_Cohen
Hila Plitmann,Q282560,Israel,Jerusalem,Israel,https://en.wikipedia.org/wiki/Hila_Plitmann
Lana Lubany,Q136319356,Israel,Jaffa,Palestine,https://en.wikipedia.org/wiki/Lana_Lubany
Jasmin Moallem,Q85692890,Israel,Jerusalem,Israel,https://en.wikipedia.org/wiki/Jasmin_Moallem
Yael Eisenberg,Q106485509,Israel,Tel Aviv,Israel,https://en.wikipedia.org/wiki/Yael_Eisenberg
Gidon Saks,Q5559734,Israel,Israel,South Africa,https://en.wikipedia.org/wiki/Gidon_Saks
Odeya,Q105735087,Israel,Bat Yam,Israel,https://en.wikipedia.org/wiki/Odeya
Naomi Shemer,Q238719,Israel,Kvutzat Kinneret,Israel,https://en.wikipedia.org/wiki/Naomi_Shemer
Maayan Licht,Q135006479,Israel,Israel,Israel,https://en.wikipedia.org/wiki/Maayan_Licht
Liel Kolet,Q446072,Israel,Kvutzat Kinneret,Israel,https://en.wikipedia.org/wiki/Liel_Kolet
Zehava Gal,Q8068519,Israel,Haifa,Israel,https://en.wikipedia.org/wiki/Zehava_Gal
Yaniv D'Or,Q16131484,Israel,Holon,Israel,https://en.wikipedia.org/wiki/Yaniv_d%27Or
Chen Reiss,Q5090877,Israel,Holon,Greater London,https://en.wikipedia.org/wiki/Chen_Reiss
Ninet Tayeb,Q444518,Israel,Kiryat Gat,Israel,https://en.wikipedia.org/wiki/Ninet_Tayeb
Dana Berger,Q433246,Israel,Haifa,Israel,https://en.wikipedia.org/wiki/Dana_Berger
Keren Hadar,Q6393802,Israel,Q20502274,Israel,https://en.wikipedia.org/wiki/Keren_Hadar
Mira Zakai,Q12409145,Israel,Jerusalem,Israel,https://en.wikipedia.org/wiki/Mira_Zakai
Bat-Sheva Zeisler,Q4868447,Israel,Rishon LeZion,Rishon LeZion,https://en.wikipedia.org/wiki/Bat-Sheva_Zeisler
Gan-ya Ben-gur Akselrod,Q15811296,Israel,Tel Aviv,United States,https://en.wikipedia.org/wiki/Gan-ya_Ben-gur_Akselrod
Daniella Lugassy,Q6803369,Israel,Jerusalem,Israel,https://en.wikipedia.org/wiki/Daniella_Lugassy
Aya Korem,Q444841,Israel,Nof HaGalil,Israel,https://en.wikipedia.org/wiki/Aya_Korem
Abi Ofarim,Q320813,Israel,Safed,Israel,https://en.wikipedia.org/wiki/Abi_Ofarim
Arik Einstein,Q509660,Israel,Tel Aviv,Israel,https://en.wikipedia.org/wiki/Arik_Einstein
Etti Ankri,Q467369,Israel,Lod,Israel,https://en.wikipedia.org/wiki/Etti_Ankri
Sarit Hadad,Q466767,Israel,Afula,Israel,https://en.wikipedia.org/wiki/Sarit_Hadad
Harel Skaat,Q276295,Israel,Kfar Saba,Israel,https://en.wikipedia.org/wiki/Harel_Skaat
Ehud Manor,Q603114,Israel,Binyamina-Giv'at Ada,Israel,https://en.wikipedia.org/wiki/Ehud_Manor
Oren Lavie,Q532331,Israel,Tel Aviv,Israel,https://en.wikipedia.org/wiki/Oren_Lavie
Moti Giladi,Q1641796,Israel,Haifa,Israel,https://en.wikipedia.org/wiki/Moti_Giladi
Eli Mohar,Q367913,Israel,Tel Aviv,Israel,https://en.wikipedia.org/wiki/Eli_Mohar
Sara Levi-Tanai,Q546295,Israel,Jerusalem,Israel,https://en.wikipedia.org/wiki/Sara_Levi-Tanai
Assi Dayan,Q609095,Israel,Nahalal,Israel,https://en.wikipedia.org/wiki/Assi_Dayan
Mosh Ben-Ari,Q2906427,Israel,Afula,Israel,https://en.wikipedia.org/wiki/Mosh_Ben-Ari
Moshe Peretz,Q2902995,Israel,Tiberias,Israel,https://en.wikipedia.org/wiki/Moshe_Peretz
Akiva Nof,Q2911436,Israel,Tel Aviv,Jerusalem,https://en.wikipedia.org/wiki/Akiva_Nof
Roy Arad,Q2916282,Israel,Beersheba,Israel,https://en.wikipedia.org/wiki/Roy_Arad
Sarai Givaty,Q2892732,Israel,Tiberias,Israel,https://en.wikipedia.org/wiki/Sarai_Givaty
Nurit Hirsh,Q2891207,Israel,Tel Aviv,Israel,https://en.wikipedia.org/wiki/Nurit_Hirsh
Shuli Rand,Q2911752,Israel,Bnei Brak,Israel,https://en.wikipedia.org/wiki/Shuli_Rand
Yehonatan Geffen,Q2911403,Israel,Nahalal,Israel,https://en.wikipedia.org/wiki/Yehonatan_Geffen
Uzi Hitman,Q2915715,Israel,Giv'at Shmuel,Israel,https://en.wikipedia.org/wiki/Uzi_Hitman
Meir Ariel,Q2910806,Israel,Mishmarot,Israel,https://en.wikipedia.org/wiki/Meir_Ariel
Sharron Levy,Q1535551,Israel,Haifa,Israel,https://en.wikipedia.org/wiki/Sharron_Levy
Elisha Banai,Q4522997,Israel,Tel Aviv,Israel,https://en.wikipedia.org/wiki/Elisha_Banai
David D'Or,Q1174277,Israel,Holon,Israel,https://en.wikipedia.org/wiki/David_D%27Or
Boaz Sharabi,Q2920270,Israel,Tel Aviv,Israel,https://en.wikipedia.org/wiki/Boaz_Sharabi
Yoni Bloch,Q1986182,Israel,Beersheba,Israel,https://en.wikipedia.org/wiki/Yoni_Bloch
Idan Raichel,Q1772804,Israel,Kfar Saba,Israel,https://en.wikipedia.org/wiki/Idan_Raichel
Suki Lahav,Q1275103,Israel,Ayelet HaShahar,Israel,https://en.wikipedia.org/wiki/Suki_Lahav
Haim Gouri,Q2661005,Israel,Tel Aviv,Israel,https://en.wikipedia.org/wiki/Haim_Gouri
Yaakov Shabtai,Q2916906,Israel,Tel Aviv,Israel,https://en.wikipedia.org/wiki/Yaakov_Shabtai
Riff Cohen,Q3431891,Israel,Tel Aviv,Ramat Aviv,https://en.wikipedia.org/wiki/Riff_Cohen
Moshe Klughaft,Q7025758,Israel,Bat Yam,Giv'at Shmuel,https://en.wikipedia.org/wiki/Moshe_Klughaft
Nitzan Kaikov,Q7041633,Israel,Bat Yam,Israel,https://en.wikipedia.org/wiki/K-KOV
Rachel Shapira,Q6978461,Israel,Shefayim,Israel,https://en.wikipedia.org/wiki/Rachel_Shapira
Liran Danino,Q6969364,Israel,Petah Tikva,Israel,https://en.wikipedia.org/wiki/Liran_Danino
Danny Maseng,Q5220593,Israel,Tel Aviv,Israel,https://en.wikipedia.org/wiki/Danny_Maseng
Assaf Amdursky,Q4808345,Israel,Tel Aviv,Israel,https://en.wikipedia.org/wiki/Assaf_Amdursky
Avner Strauss,Q4829079,Israel,Israel,Tel Aviv,https://en.wikipedia.org/wiki/Avner_Strauss
Gideon Koren,Q5559617,Israel,Tel Aviv,Canada,https://en.wikipedia.org/wiki/Gideon_Koren
Daniel Salomon,Q5218676,Israel,Haifa,Israel,https://en.wikipedia.org/wiki/Daniel_Salomon_(musician)
Gilad Segev,Q5560699,Israel,Ramat Gan,Israel,https://en.wikipedia.org/wiki/Gilad_Segev
Avihu Medina,Q4828830,Israel,Tel Aviv,Israel,https://en.wikipedia.org/wiki/Avihu_Medina
Yaron London,Q5870601,Israel,Tel Aviv,Tel Aviv,https://en.wikipedia.org/wiki/Yaron_London
Yinon Yahel,Q5403095,Israel,Israel,Israel,https://en.wikipedia.org/wiki/Yinon_Yahel
Kenny Young,Q6391263,Israel,Jerusalem,United States,https://en.wikipedia.org/wiki/Kenny_Young
Dudu Aharon,Q5312086,Israel,Kiryat Ekron,Israel,https://en.wikipedia.org/wiki/Dudu_Aharon
Shy Nobleman,Q2280469,Israel,Ramat Gan,Israel,https://en.wikipedia.org/wiki/Shy_Nobleman
Yossi Banai,Q2249325,Israel,Jerusalem,Israel,https://en.wikipedia.org/wiki/Yossi_Banai
Dan Almagor,Q5213074,Israel,Ramat Gan,Israel,https://en.wikipedia.org/wiki/Dan_Almagor
Danny Robas,Q5220776,Israel,Shoval,Israel,https://en.wikipedia.org/wiki/Danny_Robas
Didi Menussi,Q12405787,Israel,Geva,Israel,https://en.wikipedia.org/wiki/Didi_Menosi
Yuval Dayan,Q12407897,Israel,Ashdod,Israel,https://en.wikipedia.org/wiki/Yuval_Dayan
Smadar Shir,Q12410103,Israel,Tel Aviv,Israel,https://en.wikipedia.org/wiki/Smadar_Shir
Yosef Karduner,Q12408031,Israel,Petah Tikva,Israel,https://en.wikipedia.org/wiki/Yosef_Karduner
Doron Medalie,Q12405768,Israel,Ramat HaSharon,Israel,https://en.wikipedia.org/wiki/Doron_Medalie
Dor Daniel,Q12405762,Israel,Hod HaSharon,Israel,https://en.wikipedia.org/wiki/Dor_Daniel
Ahuva Ozeri,Q12403471,Israel,Tel Aviv,Israel,https://en.wikipedia.org/wiki/Ahuva_Ozeri
Dudu Tassa,Q12405747,Israel,Tel Aviv,Israel,https://en.wikipedia.org/wiki/Dudu_Tassa
Ziv Rubinstein,Q12407222,Israel,Tel Aviv,Israel,https://en.wikipedia.org/wiki/Ziv_Rubinstein
Ran Eliran,Q7290595,Israel,Haifa,Israel,https://en.wikipedia.org/wiki/Ran_Eliran
Mirit Shem-Ur,Q6950568,Israel,Haifa,Israel,https://en.wikipedia.org/wiki/Mirit_Shem-Ur
Shlomi Bracha,Q7499559,Israel,Tel Aviv,Israel,https://en.wikipedia.org/wiki/Shlomi_Bracha
Michal Towber,Q6835837,Israel,Ashkelon,Israel,https://en.wikipedia.org/wiki/Michal_Towber
Amos Ettinger,Q6923320,Israel,Tel Aviv,Israel,https://en.wikipedia.org/wiki/Amos_Ettinger
Uri Asaf,Q6577905,Israel,Kfar Menahem,Israel,https://en.wikipedia.org/wiki/Uri_Asaf
Lyrik,Q6710033,Israel,Jerusalem,Israel,https://en.wikipedia.org/wiki/Lyrik
Avraham Tal,Q7183341,Israel,Nir Moshe,Israel,https://en.wikipedia.org/wiki/Avraham_Tal
Yossi Green,Q10956727,Israel,Israel,United States,https://en.wikipedia.org/wiki/Yossi_Green
Mei Finegold,Q6809922,Israel,Rishon LeZion,Israel,https://en.wikipedia.org/wiki/Mei_Finegold
Sagiv Cohen,Q6915489,Israel,Pardes Hanna-Karkur,Israel,https://en.wikipedia.org/wiki/Sagiv_Cohen_(musician)
Netta Barzilai,Q48654131,Israel,Hod HaSharon,Tel Aviv,https://en.wikipedia.org/wiki/Netta_Barzilai
Bilal Khan,Q16231372,Israel,Middle East,Pakistan,https://en.wikipedia.org/wiki/Bilal_Khan_(singer)
Yaakov Rotblit,Q16131900,Israel,Haifa,Israel,https://en.wikipedia.org/wiki/Yaakov_Rotblit
Tamar Eisenman,Q21642444,Israel,Jerusalem,Israel,https://en.wikipedia.org/wiki/Tamar_Eisenman
Matt Schwartz,Q17277187,Israel,Haifa,Israel,https://en.wikipedia.org/wiki/Matt_Schwartz
Rinat Gutman,Q22343694,Israel,Nehalim,Canada,https://en.wikipedia.org/wiki/Rinat_Gutman
Yair Nitzani,Q8046983,Israel,Beersheba,Israel,https://en.wikipedia.org/wiki/Yair_Nitzani
Uriel Ofek,Q7900594,Israel,Tel Aviv,Israel,https://en.wikipedia.org/wiki/Uriel_Ofek
Talia Ishai,Q59622125,Israel,Jerusalem,Israel,https://en.wikipedia.org/wiki/Talia_Ishai
Yoram Taharlev,Q16131043,Israel,Yagur,Israel,https://en.wikipedia.org/wiki/Yoram_Taharlev
Avi Benedi,Q23640839,Israel,Israel,Bulgaria,https://en.wikipedia.org/wiki/Avi_Benedi
Dan David,Q19958347,Israel,Tel Aviv,Tel Aviv,https://en.wikipedia.org/wiki/Dan_David_(songwriter)
Tamar Yahalomi,Q69045474,Israel,Tel Aviv,Tel Aviv,https://en.wikipedia.org/wiki/Tamar_Yahalomi
Avior Byron,Q25490324,Israel,Petah Tikva,Israel,https://en.wikipedia.org/wiki/Avior_Byron
Inon Zur,Q933777,Israel,Israel,Israel,https://en.wikipedia.org/wiki/Inon_Zur
Misha Segal,Q290230,Israel,Haifa,Israel,https://en.wikipedia.org/wiki/Misha_Segal
Stav Beger,Q53425863,Israel,Dor,Israel,https://en.wikipedia.org/wiki/Stav_Beger
Eitan Steinberg,Q16131688,Israel,Jerusalem,University of Haifa,https://en.wikipedia.org/wiki/Eitan_Steinberg
Avi Belleli,Q2904129,Israel,Givatayim,Israel,https://en.wikipedia.org/wiki/Avi_Belleli
Aner Shapira,Q123463731,Israel,Jerusalem,Israel,https://en.wikipedia.org/wiki/Killing_of_Aner_Shapira
Ori Toledano,Q111010362,Israel,Tel Aviv,Israel,https://en.wikipedia.org/wiki/Ori_Toledano
Miri Ben-Ari,Q269916,Israel,Tel Aviv,United States,https://en.wikipedia.org/wiki/Miri_Ben-Ari
Shiri Maimon,Q266578,Israel,Kiryat Chaim,Israel,https://en.wikipedia.org/wiki/Shiri_Maimon
"Achinoam ""Noa"" Nini",Q340527,Israel,Tel Aviv,Israel,https://en.wikipedia.org/wiki/Noa_(singer)
Avner Dorman,Q120785,Israel,Tel Aviv,Israel,https://en.wikipedia.org/wiki/Avner_Dorman
Armand Amar,Q2659446,Israel,Jerusalem,France,https://en.wikipedia.org/wiki/Armand_Amar
Tsippi Fleischer,Q7849763,Israel,Haifa,Israel,https://en.wikipedia.org/wiki/Tsippi_Fleischer
Borgore,Q50674,Israel,Tel Aviv,Israel,https://en.wikipedia.org/wiki/Borgore
Uri Adelman,Q346842,Israel,Ramat Gan,Israel,https://en.wikipedia.org/wiki/Uri_Adelman
Yardena Alotin,Q546239,Israel,Tel Aviv,Israel,https://en.wikipedia.org/wiki/Yardena_Alotin
Yehudit Ravitz,Q545752,Israel,Beersheba,Israel,https://en.wikipedia.org/wiki/Yehudit_Ravitz
Lior Shambadal,Q382330,Israel,Tel Aviv,Israel,https://en.wikipedia.org/wiki/Lior_Shambadal
Betty Olivero,Q440916,Israel,Tel Aviv,Bar-Ilan University,https://en.wikipedia.org/wiki/Betty_Olivero
Lior Navok,Q372577,Israel,Tel Aviv,Israel,https://en.wikipedia.org/wiki/Lior_Navok
Amnon Wolman,Q473772,Israel,Jerusalem,United States,https://en.wikipedia.org/wiki/Amnon_Wolman
Shlomi Shabat,Q349662,Israel,Yehud,Israel,https://en.wikipedia.org/wiki/Shlomi_Shabat
Ohad Naharin,Q733785,Israel,kibbutz,Israel,https://en.wikipedia.org/wiki/Ohad_Naharin
Chaya Czernowin,Q450870,Israel,Kiryat Chaim,San Diego,https://en.wikipedia.org/wiki/Chaya_Czernowin
Subliminal,Q657013,Israel,Tel Aviv,Israel,https://en.wikipedia.org/wiki/Subliminal_(rapper)
Amal Murkus,Q452646,Israel,Kafr Yasif,Israel,https://en.wikipedia.org/wiki/Amal_Murkus
Ari Folman,Q653645,Israel,Haifa,Haifa,https://en.wikipedia.org/wiki/Ari_Folman
Kutiman,Q939843,Israel,Jerusalem,Israel,https://en.wikipedia.org/wiki/Kutiman
Elio Martusciello,Q1329570,Israel,Israel,Italy,https://en.wikipedia.org/wiki/Elio_Martusciello
Amos Meller,Q1052323,Israel,Ein HaHoresh,Israel,https://en.wikipedia.org/wiki/Amos_Meller
Noam Sheriff,Q542264,Israel,Tel Aviv,Israel,https://en.wikipedia.org/wiki/Noam_Sheriff
Eres Holz,Q1350029,Israel,Rehovot,Israel,https://en.wikipedia.org/wiki/Eres_Holz
Solo Avital,Q1416127,Israel,Israel,Israel,https://en.wikipedia.org/wiki/Solo_Avital
Lior Narkis,Q1494846,Israel,Holon,Israel,https://en.wikipedia.org/wiki/Lior_Narkis
Rika Zaraï,Q2029078,Israel,Jerusalem,France,https://en.wikipedia.org/wiki/Rika_Zara%C3%AF
Shulamit Ran,Q1889606,Israel,Tel Aviv,United States,https://en.wikipedia.org/wiki/Shulamit_Ran
Yair Dalal,Q1396147,Israel,Israel,Israel,https://en.wikipedia.org/wiki/Yair_Dalal
Ohan Durian,Q2087820,Israel,Jerusalem,Armenia,https://en.wikipedia.org/wiki/Ohan_Durian
Q2056096,Q2056096,Israel,Tel Aviv,Israel,https://en.wikipedia.org/wiki/Shuki_Levy
Noam Kaniel,Q2897062,Israel,Tel Aviv,Israel,https://en.wikipedia.org/wiki/Noam_Kaniel
Kobi Oshrat,Q2898703,Israel,Haifa,Israel,https://en.wikipedia.org/wiki/Kobi_Oshrat
Matti Caspi,Q2910872,Israel,Hanita,Israel,https://en.wikipedia.org/wiki/Matti_Caspi
Nechama Hendel,Q2906902,Israel,Jerusalem,Israel,https://en.wikipedia.org/wiki/Nechama_Hendel
Izhar Ashdot,Q2910769,Israel,Jerusalem,Israel,https://en.wikipedia.org/wiki/Izhar_Ashdot
Yehuda Poliker,Q2911185,Israel,Kiryat Chaim,Israel,https://en.wikipedia.org/wiki/Yehuda_Poliker
Yoni Rechter,Q2910061,Israel,Tel Aviv,Israel,https://en.wikipedia.org/wiki/Yoni_Rechter
Amir Benayoun,Q2920263,Israel,Beersheba,Israel,https://en.wikipedia.org/wiki/Amir_Benayoun
Yoav Talmi,Q2918939,Israel,Merhavia,Israel,https://en.wikipedia.org/wiki/Yoav_Talmi
Omer Avital,Q2023299,Israel,Givatayim,Israel,https://en.wikipedia.org/wiki/Omer_Avital
Gil Aldema,Q2911448,Israel,Givatayim,Israel,https://en.wikipedia.org/wiki/Gil_Aldema
Yuval Ron,Q2602114,Israel,Israel,Israel,https://en.wikipedia.org/wiki/Yuval_Ron
Offer Nissim,Q2539564,Israel,Tel Aviv,Israel,https://en.wikipedia.org/wiki/Offer_Nissim
Emanuel Vardi,Q2008845,Israel,Jerusalem,Ottoman Empire,https://en.wikipedia.org/wiki/Emanuel_Vardi
Koby Israelite,Q3198150,Israel,Tel Aviv,Israel,https://en.wikipedia.org/wiki/Koby_Israelite
Ayal Adler,Q4830863,Israel,Jerusalem,Israel,https://en.wikipedia.org/wiki/Ayal_Adler
Hofesh Shechter,Q3139052,Israel,Jerusalem,Jerusalem,https://en.wikipedia.org/wiki/Hofesh_Shechter
Adi Ran,Q4682616,Israel,Ramat Gan,Israel,https://en.wikipedia.org/wiki/Adi_Ran
Ella Milch-Sheriff,Q5364545,Israel,Haifa,Israel,https://en.wikipedia.org/wiki/Ella_Milch-Sheriff
Ami Maayani,Q4746088,Israel,Ramat Gan,Israel,https://en.wikipedia.org/wiki/Ami_Maayani
Ehud Banai,Q5348678,Israel,Jerusalem,Israel,https://en.wikipedia.org/wiki/Ehud_Banai
Eitan Avitsur,Q5349997,Israel,Jerusalem,Israel,https://en.wikipedia.org/wiki/Eitan_Avitsur
Shmulik Kraus,Q4278999,Israel,Jerusalem,Israel,https://en.wikipedia.org/wiki/Shmulik_Kraus
Assaf Kehati,Q4808346,Israel,Israel,Israel,https://en.wikipedia.org/wiki/Assaf_Kehati
Alon De Loco,Q4734336,Israel,Beersheba,Israel,https://en.wikipedia.org/wiki/Alon_De_Loco
Daniel Akiva,Q5216373,Israel,Haifa,Israel,https://en.wikipedia.org/wiki/Daniel_Akiva
Dani Litani,Q3701528,Israel,Haifa,Israel,https://en.wikipedia.org/wiki/Dani_Litani
Meir Finkelstein,Q6810233,Israel,Israel,United States,https://en.wikipedia.org/wiki/Meir_Finkelstein
Yuval Dor,Q6793241,Israel,Holon,Israel,https://en.wikipedia.org/wiki/Yuval_Dor
Habib Hassan Touma,Q5636776,Israel,Nazareth,Israel,https://en.wikipedia.org/wiki/Habib_Hassan_Touma
Dov Yermiya,Q5302375,Israel,Beit Gan,Eilon,https://en.wikipedia.org/wiki/Dov_Yermiya
Inbal Perlmuter,Q6013924,Israel,Rehovot,Israel,https://en.wikipedia.org/wiki/Inbal_Perlmuter
Johnny Goldstein,Q6266767,Israel,Motza Illit,Israel,https://en.wikipedia.org/wiki/Johnny_Goldstein
Lior Goldenberg,Q6556020,Israel,Tel Aviv,Israel,https://en.wikipedia.org/wiki/Lior_Goldenberg
Miriam Toukan,Q6873436,Israel,I'billin,Haifa,https://en.wikipedia.org/wiki/Miriam_Toukan
Edna Bejarano,Q5340023,Israel,Tel Aviv,Beersheba,https://en.wikipedia.org/wiki/Edna_Bejarano
Gilad Hochman,Q5560688,Israel,Herzliya,Israel,https://en.wikipedia.org/wiki/Gilad_Hochman
Daniel Shalit,Q6892869,Israel,Netanya,Israel,https://en.wikipedia.org/wiki/Daniel_Shalit
Yoel Gamzou,Q6635148,Israel,Tel Aviv,United States,https://en.wikipedia.org/wiki/Yoel_Gamzou
Moshe Zorman,Q6916195,Israel,Holon,Tel Aviv,https://en.wikipedia.org/wiki/Moshe_Zorman
Matan Porat,Q6625021,Israel,Tel Aviv,Israel,https://en.wikipedia.org/wiki/Matan_Porat
Miki Geva,Q7049167,Israel,Kiryat Malachi,Israel,https://en.wikipedia.org/wiki/Miki_Geva
David Krivoshei,Q6981041,Israel,Tel Aviv,Israel,https://en.wikipedia.org/wiki/David_Krivoshei
J.Views,Q12403224,Israel,Israel,United States,https://en.wikipedia.org/wiki/J.Views
Yigal Bashan,Q16129085,Israel,Nachlat Yehudah,Israel,https://en.wikipedia.org/wiki/Yigal_Bashan
Alon Eder,Q16131885,Israel,Israel,Israel,https://en.wikipedia.org/wiki/Alon_Eder
Peter Roth,Q12410565,Israel,Bat Yam,Israel,https://en.wikipedia.org/wiki/Peter_Roth_(musician)
Uri Kabiri,Q7900529,Israel,Jerusalem,Israel,https://en.wikipedia.org/wiki/Uri_Kabiri
Nuḥ Ibrāhīm,Q12249116,Israel,Jaffa,Mandatory Palestine,https://en.wikipedia.org/wiki/Nuh_Ibrahim
Yoad Nevo,Q8054173,Israel,Jerusalem,Israel,https://en.wikipedia.org/wiki/Yoad_Nevo
Ron Weidberg,Q12411274,Israel,Tel Aviv,Israel,https://en.wikipedia.org/wiki/Ron_Weidberg
Yair Rosenblum,Q8046985,Israel,Tel Aviv,Beit HaShita,https://en.wikipedia.org/wiki/Yair_Rosenblum
Uri Fineman,Q7900521,Israel,Tel Aviv,Israel,https://en.wikipedia.org/wiki/Uri_Fineman
Shefi Yishai,Q7492813,Israel,Jerusalem,Israel,https://en.wikipedia.org/wiki/Shefi_Yishai
Tamer Nafar,Q7681149,Israel,Lod,Israel,https://en.wikipedia.org/wiki/Tamer_Nafar
Ofer Ben-Amots,Q7078859,Israel,Haifa,United States,https://en.wikipedia.org/wiki/Ofer_Ben-Amots
Udi Davidi,Q7877219,Israel,Tel Aviv,Israel,https://en.wikipedia.org/wiki/Udi_Davidi
Shmuel Barzilai,Q7499636,Israel,Jerusalem,Austria,https://en.wikipedia.org/wiki/Shmuel_Barzilai
Roy Zu-Arets,Q7373543,Israel,Tel Aviv,Tel Aviv,https://en.wikipedia.org/wiki/Roy_Zu-Arets
Adi Ulmansky,Q15042111,Israel,Jerusalem,Israel,https://en.wikipedia.org/wiki/Adi_Ulmansky
Raz Mesinai,Q7299433,Israel,Jerusalem,Jerusalem,https://en.wikipedia.org/wiki/Raz_Mesinai
Sharon Farber,Q7490052,Israel,Bat Yam,Israel,https://en.wikipedia.org/wiki/Sharon_Farber
Frank Ilfman,Q17198144,Israel,Tel Aviv,Israel,https://en.wikipedia.org/wiki/Frank_Ilfman
Nami Melumad,Q16341114,Israel,Ramat Gan,Israel,https://en.wikipedia.org/wiki/Nami_Melumad
Ayelet Rose Gottlieb,Q18018542,Israel,Jerusalem,Israel,https://en.wikipedia.org/wiki/Ayelet_Rose_Gottlieb
Yoav Eshed,Q22347715,Israel,Ramat HaSharon,Israel,https://en.wikipedia.org/wiki/Yoav_Eshed
Shaul Bustan,Q25927218,Israel,Beersheba,Israel,https://en.wikipedia.org/wiki/Shaul_Bustan
Henry Hadaway,Q16105938,Israel,Jerusalem,United Kingdom,https://en.wikipedia.org/wiki/Henry_Hadaway
Adam Ben Ezra,Q20738970,Israel,Tel Aviv,Israel,https://en.wikipedia.org/wiki/Adam_Ben_Ezra
Issa Boulos,Q16197689,Israel,Jerusalem,Israel,https://en.wikipedia.org/wiki/Issa_Boulos
Snir Yamin,Q17021879,Israel,Tel Aviv,New York City,https://en.wikipedia.org/wiki/Snir_Yamin
Eran Prion,Q17456826,Israel,Tel Aviv,Israel,https://en.wikipedia.org/wiki/Eran_Prion
Baruch Berliner,Q28799286,Israel,Tel Aviv,Tel Aviv University,https://en.wikipedia.org/wiki/Baruch_Berliner
Noaz Deshe,Q23229865,Israel,Jaffa,Berlin,https://en.wikipedia.org/wiki/Noaz_Deshe
Adam Basanta,Q25686122,Israel,Tel Aviv,Israel,https://en.wikipedia.org/wiki/Adam_Basanta
Ehud Ettun,Q18353027,Israel,Jerusalem,Mitzpe Ramon,https://en.wikipedia.org/wiki/Ehud_Ettun
Issak Tavior,Q28649280,Israel,Haifa,Israel,https://en.wikipedia.org/wiki/Issak_Tavior
Eden Hason,Q57261031,Israel,Pardes Hanna-Karkur,Israel,https://en.wikipedia.org/wiki/Eden_Hason
Ziv Cojocaru,Q25498486,Israel,Beersheba,Israel,https://en.wikipedia.org/wiki/Ziv_Cojocaru
Oded Tzur,Q47015706,Israel,Israel,Israel,https://en.wikipedia.org/wiki/Oded_Tzur
Nir Knaan,Q115051877,Israel,Ness Ziona,Israel,https://en.wikipedia.org/wiki/Nir_Knaan
Tamar Muskal,Q109531343,Israel,Jerusalem,United States,https://en.wikipedia.org/wiki/Tamar_Muskal
Yam Refaeli,Q94580212,Israel,Beersheba,Israel,https://en.wikipedia.org/wiki/Yam_Refaeli
Elyanna,Q108124205,Israel,Nazareth,Palestine,https://en.wikipedia.org/wiki/Elyanna
Noy Alooshe,Q2918387,Israel,Israel,Israel,https://en.wikipedia.org/wiki/Noy_Alooshe
Yoav Kutner,Q8054206,Israel,Jerusalem,Israel,https://en.wikipedia.org/wiki/Yoav_Kutner
The Drill,Q7731028,Israel,Haifa,United Kingdom,https://en.wikipedia.org/wiki/The_Drill_(band)
Oforia,Q1402447,Israel,Tel Aviv,Israel,https://en.wikipedia.org/wiki/Oforia
Amit Duvdevani,Q2843564,Israel,Kiryat Motzkin,Israel,https://en.wikipedia.org/wiki/Amit_Duvdevani
Amiram Cooper,Q128286230,Israel,Haifa,Israel,https://en.wikipedia.org/wiki/Amiram_Cooper
Itzhak Perlman,Q215905,Israel,Jaffa,New York City,https://en.wikipedia.org/wiki/Itzhak_Perlman
Avi Ostrowsky,Q2897240,Israel,Givatayim,Israel,https://en.wikipedia.org/wiki/Avi_Ostrowsky
Asher Fisch,Q2866498,Israel,Jerusalem,Israel,https://en.wikipedia.org/wiki/Asher_Fisch
Eliahu Inbal,Q695465,Israel,Jerusalem,Israel,https://en.wikipedia.org/wiki/Eliahu_Inbal
Daniel Oren,Q2294327,Israel,Tel Aviv,Israel,https://en.wikipedia.org/wiki/Daniel_Oren
Ariel Zuckermann,Q659480,Israel,Tel Aviv,Israel,https://en.wikipedia.org/wiki/Ariel_Zuckermann
Dan Ettinger,Q1159060,Israel,Holon,Israel,https://en.wikipedia.org/wiki/Dan_Ettinger
David Shallon,Q1176612,Israel,Tel Aviv,Düsseldorf,https://en.wikipedia.org/wiki/David_Shallon
Elyakum Shapirra,Q5368453,Israel,Tel Aviv,Israel,https://en.wikipedia.org/wiki/Elyakum_Shapirra
Ilan Volkov,Q1658306,Israel,Tel Aviv,Israel,https://en.wikipedia.org/wiki/Ilan_Volkov
Yaron Traub,Q8049448,Israel,Tel Aviv,Israel,https://en.wikipedia.org/wiki/Yaron_Traub
Daniel Cohen,Q5216826,Israel,Netanya,Israel,https://en.wikipedia.org/wiki/Daniel_Cohen_(conductor)
Shalom Ronli-Riklis,Q7024721,Israel,Tel Aviv,Israel,https://en.wikipedia.org/wiki/Shalom_Ronli-Riklis
Uri Segal,Q1978130,Israel,Jerusalem,Israel,https://en.wikipedia.org/wiki/Uri_Segal
Israel Yinon,Q1674626,Israel,Kfar Saba,Israel,https://en.wikipedia.org/wiki/Israel_Yinon
Yaacov Bergman,Q8046258,Israel,Israel,Israel,https://en.wikipedia.org/wiki/Yaacov_Bergman
Yuval Zaliouk,Q8062160,Israel,Haifa,Israel,https://en.wikipedia.org/wiki/Yuval_Zaliouk
Alona Tal,Q263433,Israel,Herzliya,Israel,https://en.wikipedia.org/wiki/Alona_Tal
Yardena Arazi,Q266563,Israel,Kabri,Israel,https://en.wikipedia.org/wiki/Yardena_Arazi
Bo'az Ma'uda,Q319142,Israel,Eliakim,Israel,https://en.wikipedia.org/wiki/Boaz_Ma%27uda
Chaim Topol,Q319133,Israel,Tel Aviv,Israel,https://en.wikipedia.org/wiki/Chaim_Topol
Nir Kabaretti,Q16199696,Israel,Holon,Israel,https://en.wikipedia.org/wiki/Nir_Kabaretti
Robert Canetti,Q22277256,Israel,Haifa,Israel,https://en.wikipedia.org/wiki/Robert_Canetti
Gali Atari,Q231654,Israel,Rehovot,Israel,https://en.wikipedia.org/wiki/Gali_Atari
Meital Dohan,Q431393,Israel,Givatayim,Israel,https://en.wikipedia.org/wiki/Meital_Dohan
Efrat Gosh,Q182083,Israel,Herzliya,Israel,https://en.wikipedia.org/wiki/Efrat_Gosh
Esther Ofarim,Q270374,Israel,Safed,Germany,https://en.wikipedia.org/wiki/Esther_Ofarim
Ilanit,Q274743,Israel,Tel Aviv,Israel,https://en.wikipedia.org/wiki/Ilanit
Daliah Lavi,Q274158,Israel,Shavei Tzion,Israel,https://en.wikipedia.org/wiki/Daliah_Lavi
Carmela Corren,Q442706,Israel,Tel Aviv,Israel,https://en.wikipedia.org/wiki/Carmela_Corren
Miri Mesika,Q441232,Israel,Herzliya,Israel,https://en.wikipedia.org/wiki/Miri_Mesika
Hana Laszlo,Q287420,Israel,Jaffa,Israel,https://en.wikipedia.org/wiki/Hana_Laszlo
Roni Duani,Q528717,Israel,Rishon LeZion,Israel,https://en.wikipedia.org/wiki/Roni_Duani
Orly Silbersatz,Q528701,Israel,Israel,Tel Aviv,https://en.wikipedia.org/wiki/Orly_Silbersatz_Banai
Zohar Argov,Q258991,Israel,Rishon LeZion,Israel,https://en.wikipedia.org/wiki/Zohar_Argov
Dana Ivgy,Q528853,Israel,Tel Aviv,Israel,https://en.wikipedia.org/wiki/Dana_Ivgy
Anat Atzmon,Q487272,Israel,Jaffa,Israel,https://en.wikipedia.org/wiki/Anat_Atzmon
Marie Ortal Malka,Q453532,Israel,Israel,France,https://en.wikipedia.org/wiki/Marie_Ortal_Malka
Izhar Cohen,Q460148,Israel,Tel Aviv,Israel,https://en.wikipedia.org/wiki/Izhar_Cohen
Yaël Abecassis,Q460358,Israel,Ashkelon,Israel,https://en.wikipedia.org/wiki/Yael_Abecassis
Shai Gabso,Q536600,Israel,Rishon LeZion,Israel,https://en.wikipedia.org/wiki/Shai_Gabso
Dafna Dekel,Q455888,Israel,Ashdod,Israel,https://en.wikipedia.org/wiki/Dafna_Dekel
Ronit Elkabetz,Q455824,Israel,Beersheba,Israel,https://en.wikipedia.org/wiki/Ronit_Elkabetz
Ilana Eliya,Q541734,Israel,Jerusalem,Israel,https://en.wikipedia.org/wiki/Ilana_Eliya
Eyal Golan,Q1382405,Israel,Rehovot,Israel,https://en.wikipedia.org/wiki/Eyal_Golan
Tal Sondak,Q549642,Israel,Tel Aviv,Israel,https://en.wikipedia.org/wiki/Tal_Sondak
Riki Gal,Q545772,Israel,Jerusalem,Israel,https://en.wikipedia.org/wiki/Riki_Gal
Aderet,Q503797,Israel,Jerusalem,Israel,https://en.wikipedia.org/wiki/Aderet_(singer)
Yafa Yarkoni,Q579498,Israel,Givatayim,Israel,https://en.wikipedia.org/wiki/Yafa_Yarkoni
Elisa Gabbai,Q545790,Israel,Tel Aviv,Israel,https://en.wikipedia.org/wiki/Elisa_Gabbai
Haim Moshe,Q1569294,Israel,Ramat HaSharon,Israel,https://en.wikipedia.org/wiki/Haim_Moshe
Eddie Butler,Q1282716,Israel,Dimona,Israel,https://en.wikipedia.org/wiki/Eddie_Butler_(singer)
Yehonathan Gatro,Q1281090,Israel,Tel Aviv,Israel,https://en.wikipedia.org/wiki/Yeho
Hagit Yaso,Q2894620,Israel,Sderot,Israel,https://en.wikipedia.org/wiki/Hagit_Yaso
Seffy Efrati,Q2892754,Israel,Jerusalem,Israel,https://en.wikipedia.org/wiki/Seffy_Efrati
Shimi Tavori,Q2893357,Israel,Ness Ziona,Israel,https://en.wikipedia.org/wiki/Shimi_Tavori
Pnina Rosenblum,Q2890097,Israel,Petah Tikva,Jerusalem,https://en.wikipedia.org/wiki/Pnina_Rosenblum
Basel Rajoub,Q4866654,Syria,Aleppo,Aleppo,https://en.wikipedia.org/wiki/Basel_Rajoub
François Rabbath,Q322222,Syria,Aleppo,France,https://en.wikipedia.org/wiki/Fran%C3%A7ois_Rabbath
Racha Arodaky,Q3416050,Syria,Damascus,France,https://en.wikipedia.org/wiki/Racha_Arodaky
Sebu Simonian,Q18356445,Syria,Aleppo,United States,https://en.wikipedia.org/wiki/Sebu_Simonian
Gaswan Zerikly,Q5526922,Syria,Damascus,Syria,https://en.wikipedia.org/wiki/Gaswan_Zerikly
Ibn al-Jazari,Q4120093,Syria,Damascus,Damascus,https://en.wikipedia.org/wiki/Ibn_al-Jazari
Paul Baghdadlian,Q2945095,Syria,Aleppo,Los Angeles,https://en.wikipedia.org/wiki/Paul_Baghdadlian
Mohamad Fityan,Q16735692,Syria,Aleppo,Syria,https://en.wikipedia.org/wiki/Mohamad_Fityan
Sami Shawa,Q3470790,Syria,Aleppo,First Syrian Republic,https://en.wikipedia.org/wiki/Sami_Shawa
Waed Bouhassoun,Q22690718,Syria,Syria,Syria,https://en.wikipedia.org/wiki/Waed_Bouhassoun
Ciwan Haco,Q983118,Syria,Qamishli,Syria,https://en.wikipedia.org/wiki/Ciwan_Haco
Farid al-Atrash,Q1391669,Syria,Suwayda,Egypt,https://en.wikipedia.org/wiki/Farid_al-Atrash
Romanos the Melodist,Q221059,Syria,Homs,Byzantine Empire,https://en.wikipedia.org/wiki/Romanos_the_Melodist
Haig Yazdjian,Q2622788,Syria,Aleppo,Aleppo,https://en.wikipedia.org/wiki/Haig_Yazdjian
Faia Younan,Q28531431,Syria,Al-Malikiyah,Sweden,https://en.wikipedia.org/wiki/Faia_Younan
John of Damascus,Q51884,Syria,Damascus,Umayyad Caliphate,https://en.wikipedia.org/wiki/John_of_Damascus
Asmahan,Q1766092,Syria,Syria,Kingdom of Egypt,https://en.wikipedia.org/wiki/Asmahan
Maha Bayraqdar,Q95740862,Syria,Damascus,First Syrian Republic,https://en.wikipedia.org/wiki/Maha_Bayrakdar
Abed Azrie,Q2821467,Syria,Aleppo,France,https://en.wikipedia.org/wiki/Abed_Azrie
Lena Chamamyan,Q2583955,Syria,Damascus,Paris,https://en.wikipedia.org/wiki/Lena_Chamamyan
Elias Karam,Q5360530,Syria,Hasakah,Syria,https://en.wikipedia.org/wiki/Elias_Karam
Sabah Fakhri,Q984486,Syria,Aleppo,Second Syrian Republic,https://en.wikipedia.org/wiki/Sabah_Fakhri
Dima شارون,Q5277138,Syria,Damascus,Syria,https://en.wikipedia.org/wiki/Dima_Orsho
Nouri Iskandar,Q7063908,Syria,Deir ez-Zor,Second Syrian Republic,https://en.wikipedia.org/wiki/Nouri_Iskandar
Sabri Moudallal,Q3460731,Syria,Aleppo,Syria,https://en.wikipedia.org/wiki/Sabri_Moudallal
Kinan Azmeh,Q1512286,Syria,Damascus,Syria,https://en.wikipedia.org/wiki/Kinan_Azmeh
Andrew of Crete,Q372688,Syria,Damascus,Byzantine Empire,https://en.wikipedia.org/wiki/Andrew_of_Crete
Samira Tawfiq,Q1827274,Syria,"Umm Haratayn, al-Suwayda",Lebanon,https://en.wikipedia.org/wiki/Samira_Tewfik
Kareem Roustom,Q95846189,Syria,Damascus,Damascus,https://en.wikipedia.org/wiki/Kareem_Roustom
Rasha Rizk,Q12213363,Syria,Damascus,Egypt,https://en.wikipedia.org/wiki/Rasha_Rizk
Tayssir Akla,Q27949808,Syria,Syria,Syria,https://en.wikipedia.org/wiki/Tayssir_Akla
Tarek Alarabi Tourgan,Q12221475,Syria,Damascus,Algeria,https://en.wikipedia.org/wiki/Tarek_Alarabi_Tourgane
Zaid Jabri,Q111731340,Syria,Damascus,Kraków,https://en.wikipedia.org/wiki/Zaid_Jabri
Missak Baghboudarian,Q20423339,Syria,Damascus,Damascus,https://en.wikipedia.org/wiki/Missak_Baghboudarian
Omar Souleyman,Q619303,Syria,Ras al-Ayn,Syria,https://en.wikipedia.org/wiki/Omar_Souleyman
Iyad Rimawi,Q28714832,Syria,Damascus,Palestine,https://en.wikipedia.org/wiki/Iyad_Rimawi
Adwar Mousa,Q41438824,Syria,Tell Tamer,Syria,https://en.wikipedia.org/wiki/Adwar_Mousa
Layal Watfeh,Q54913981,Syria,Damascus,Damascus,https://en.wikipedia.org/wiki/Layal_Watfeh
Avraam Russo,Q782986,Syria,Aleppo,Russia,https://en.wikipedia.org/wiki/Avraam_Russo
George Wassouf,Q1009512,Syria,Tartus Governorate,Syria,https://en.wikipedia.org/wiki/George_Wassouf
Aram Tigran,Q625702,Syria,Qamishli,Syria,https://en.wikipedia.org/wiki/Aram_Tigran
Nassif Zeytoun,Q4118254,Syria,Daraa,Syria,https://en.wikipedia.org/wiki/Nassif_Zeytoun
Rouwaida Attieh,Q3069146,Syria,Homs,Syria,https://en.wikipedia.org/wiki/Rouwaida_Attieh
Karnig Sarkissian,Q4408659,Syria,Aleppo,Armenia,https://en.wikipedia.org/wiki/Karnig_Sarkissian
Noura Rahal,Q7063891,Syria,Damascus,Lebanon,https://en.wikipedia.org/wiki/Noura_Rahal
George Tutunjian,Q4466647,Syria,Aleppo,Armenia,https://en.wikipedia.org/wiki/George_Tutunjian
Dima Kandalaft,Q5277135,Syria,Damascus,Syria,https://en.wikipedia.org/wiki/Dima_Kandalaft
Juliana Jendo,Q4115973,Syria,Tell Tamer,Syria,https://en.wikipedia.org/wiki/Juliana_Jendo
Mihemed Şêxo,Q6992997,Syria,Qamishli,Syria,https://en.wikipedia.org/wiki/Mihemed_%C5%9E%C3%AAxo
Blend Saleh,Q4925996,Syria,Kurdistan,Kurdistan,https://en.wikipedia.org/wiki/Blend_Saleh
Mohamad Bash,Q4881642,Syria,Damascus,Syria,https://en.wikipedia.org/wiki/Mohamad_Bash
Amal Arafa,Q4739189,Syria,Damascus,Syria,https://en.wikipedia.org/wiki/Amal_Arafa
Mayada El Hennawy,Q6875539,Syria,Aleppo,Syria,https://en.wikipedia.org/wiki/Mayada_El_Hennawy
Ibrahim Qashoush,Q3147499,Syria,Syria,Syria,https://en.wikipedia.org/wiki/Ibrahim_Qashoush
Muhammad El Majzoub,Q6932451,Syria,Latakia,Syria,https://en.wikipedia.org/wiki/Muhammad_El_Majzoub
Badia Masabni,Q8239618,Syria,Damascus,Lebanon,https://en.wikipedia.org/wiki/Badia_Masabni
Farrah Yousef,Q13564386,Syria,Syria,Syria,https://en.wikipedia.org/wiki/Farrah_Yousef
Nesreen Tafesh,Q12248386,Syria,Aleppo,Cairo,https://en.wikipedia.org/wiki/Nesreen_Tafesh
Fahd Ballan,Q12231205,Syria,Al-Kafr,Syria,https://en.wikipedia.org/wiki/Fahd_Ballan
Waad Al Bahri,Q12251104,Syria,Suwayda,Syria,https://en.wikipedia.org/wiki/Waad_Al_Bahri
Nourhane,Q113118100,Syria,Damascus,Egypt,https://en.wikipedia.org/wiki/Nourhane
NOURI,Q59554894,Syria,Damascus,New Zealand,https://en.wikipedia.org/wiki/NOURI_(artist)
Loay Nasr,Q29519270,Syria,Aleppo,Syria,https://en.wikipedia.org/wiki/Loay_Nasr
Arsen Grigoryan (Mro),Q50069258,Syria,Qamishli,Armenia,"https://en.wikipedia.org/wiki/Arsen_Grigoryan_(singer,_born_1968)"
Ghaliaa Chaker,Q117640069,Syria,Damascus,Damascus,https://en.wikipedia.org/wiki/Ghaliaa_Chaker
Yoland Asmar,Q54861809,Syria,Aleppo,Syria,https://en.wikipedia.org/wiki/Yoland_Asmar
Bishara Morad,Q61826790,Syria,Syria,Sweden,https://en.wikipedia.org/wiki/Bishara_(singer)
Habib Mousa,Q5636795,Syria,Al-Malikiyah,Sweden,https://en.wikipedia.org/wiki/Habib_Mousa
Fayrouz Al Halabiya (Rachel Samocha),Q88804802,Syria,Aleppo,Aleppo,https://en.wikipedia.org/wiki/Fairuz_al-Halabiya
Adil Şan,Q22342319,Syria,Bayırbucak,Turkey,https://en.wikipedia.org/wiki/Adil_%C5%9Ean
Imad Rami,Q6001986,Syria,Damascus,Syria,https://en.wikipedia.org/wiki/Imad_Rami
Saadallah Agha al-Qalaa,Q7395572,Syria,Aleppo,First Syrian Republic,https://en.wikipedia.org/wiki/Saadallah_Agha_al-Qalaa
Nizār Murūwah,Q20424583,Syria,Damascus,Lebanon,https://en.wikipedia.org/wiki/Nizar_Mroue
Abu Ratib,Q4670325,Syria,Aleppo,Syria,https://en.wikipedia.org/wiki/Abu_Ratib
Joseph Malke,Q137766771,Syria,Qamishli,Qamishli,https://en.wikipedia.org/wiki/Joseph_Malke
Asma Ghanem,Q112635487,Syria,Damascus,Palestine,https://en.wikipedia.org/wiki/Asma_Ghanem
Assala,Q2353139,Syria,Damascus,Riyadh,https://en.wikipedia.org/wiki/Assala
Shadia Mansour,Q4801165,Palestine,London,Palestine,https://en.wikipedia.org/wiki/Shadia_Mansour
Fadel Chaker,Q3064402,Palestine,Sidon,Lebanon,https://en.wikipedia.org/wiki/Fadel_Chaker
Hani Mitwasi,Q18757418,Palestine,,Palestine,https://en.wikipedia.org/wiki/Hani_Mitwasi
Faraj Suleiman,Q64744542,Palestine,,Palestine,https://en.wikipedia.org/wiki/Faraj_Suleiman
Mahmoud Darwish,Q207720,Palestine,Al-Birwa,Palestine,https://en.wikipedia.org/wiki/Mahmoud_Darwish
Ramzi Aburedwan,Q19667554,Palestine,Bethlehem,France,https://en.wikipedia.org/wiki/Ramzi_Aburedwan
Mohammed Assaf,Q12240786,Palestine,Misrata,Palestine,https://en.wikipedia.org/wiki/Mohammed_Assaf
Tareq Abboushi,Q7685797,Palestine,,Palestine,https://en.wikipedia.org/wiki/Tareq_Abboushi
Ammar Hassan,Q4747187,Palestine,Kuwait,Kuwait,https://en.wikipedia.org/wiki/Ammar_Hassan
Nabil Salameh,Q3869781,Palestine,Tripoli,Palestine,https://en.wikipedia.org/wiki/Nabil_Salameh
Mohsen Subhi,Q6894443,Palestine,,Palestine,https://en.wikipedia.org/wiki/Mohsen_Subhi
Rami Yacoub,Q384159,Palestine,Stockholm,Palestine,https://en.wikipedia.org/wiki/Rami_Yacoub
Joseph Bishara,Q14566086,Palestine,Lebanon,Lebanon,https://en.wikipedia.org/wiki/Joseph_Bishara
Yousef Sweid,Q2907443,Palestine,Haifa,Berlin,https://en.wikipedia.org/wiki/Yousef_Sweid
Bashar Murad,Q65658874,Palestine,Al-Ram,Palestine,https://en.wikipedia.org/wiki/Bashar_Murad
John Bisharat,Q6221995,Palestine,,Palestine,https://en.wikipedia.org/wiki/John_Bisharat
Rohi Al-Khammash,Q63128254,Palestine,Nablus,Ba'athist Iraq,https://en.wikipedia.org/wiki/Rohi_Al-Khammash
Iyad Sughayer,Q86119245,Palestine,Amman,Jordan,https://en.wikipedia.org/wiki/Iyad_Sughayer
Daniel Barenboim,Q152768,Palestine,Buenos Aires,Argentina,https://en.wikipedia.org/wiki/Daniel_Barenboim
Reem Kelani,Q7306915,Palestine,,Palestine,https://en.wikipedia.org/wiki/Reem_Kelani
Lina Makoul,Q13360703,Palestine,Toledo,Israel,https://en.wikipedia.org/wiki/Lina_Makoul
Nizar Wattad,Q7042177,Palestine,Palestine,Palestine,https://en.wikipedia.org/wiki/Nizar_Wattad
Sameh Zakout,Q7409270,Palestine,,Palestine,https://en.wikipedia.org/wiki/Sameh_Zakout
