input_artist_name,matched_name,mbid,musicbrainz_country,type,disambiguation,score,match_status,notes,source_name,source_wikidata_id,source_origin_country,source_birth_place,source_current_residence,source_wiki_url
Anatoliy Solovyanenko,Anatoliy Frolov,28ee0887-1d81-423a-93ee-e0d10a02fcdc,,,,100,review_needed,Candidate needs manual review.,Anatoliy Solovyanenko,Q488006,Ukraine,Donetsk,Soviet Union,https://en.wikipedia.org/wiki/Anatoliy_Solovianenko
Stefania Turkevych-Lukiianovych,Stefania,8cbdf0c5-38f1-4168-9a1f-acb00eadf1d8,NL,Person,Dutch-Greek singer Stefania Liberakakis,100,review_needed,Candidate is disambiguated and should be checked manually.,Stefania Turkevych-Lukiianovych,Q12162960,Ukraine,Lviv,Austria–Hungary,https://en.wikipedia.org/wiki/Stefania_Turkewich
Milla Jovovich,Milla Jovovich,39f96cb8-fe7e-499f-820c-676267b617e6,US,Person,,100,auto_accept,Very high score and near-exact name match.,Milla Jovovich,Q170576,Ukraine,Kyiv,Los Angeles,https://en.wikipedia.org/wiki/Milla_Jovovich
Sergei Prokofiev,Сергей Сергеевич Прокофьев,0e43fe9d-c472-4b62-be9e-55f971a023e1,RU,Person,Russian composer,100,review_needed,Candidate is disambiguated and should be checked manually.,Sergei Prokofiev,Q49481,Ukraine,Sontsivka,Russian Empire,https://en.wikipedia.org/wiki/Sergei_Prokofiev
Sofia Rotaru,Руслан Евдокименко,d747acf7-eb40-454b-8dac-0dcf9124dff9,UA,Person,Sofia Rotaru's son,100,review_needed,Candidate is disambiguated and should be checked manually.,Sofia Rotaru,Q43137,Ukraine,Marshyntsi,Soviet Union,https://en.wikipedia.org/wiki/Sofia_Rotaru
Ruslana Lyzhychko,Руслана,2079bf75-db95-4b48-b99d-2b6dd92d29e0,UA,Person,Ukrainian singer Ruslana Lyzhychko,100,review_needed,Candidate is disambiguated and should be checked manually.,Ruslana Lyzhychko,Q129119,Ukraine,Lviv,Soviet Union,https://en.wikipedia.org/wiki/Ruslana
Ivan Mazepa,Mazepa,7bf7748d-20ff-43e9-8de3-3d05863474ea,UA,Group,,100,review_needed,Candidate needs manual review.,Ivan Mazepa,Q165419,Ukraine,Mazepintsi,Polish–Lithuanian Commonwealth,https://en.wikipedia.org/wiki/Ivan_Mazepa
Simon Wiesenthal,Simon Jäger,a8d5807f-6dd9-4967-b2dd-b2c10765b34f,DE,Person,German voice actor,100,review_needed,Candidate is disambiguated and should be checked manually.,Simon Wiesenthal,Q49086,Ukraine,Buchach,Austria,https://en.wikipedia.org/wiki/Simon_Wiesenthal
Vladimir Horowitz,Vladimir Horowitz,81269a28-c616-4e87-8942-a6f8e59b68e4,US,Person,Ukrainian‐American pianist and composer,100,auto_accept,Very high score and near-exact name match.,Vladimir Horowitz,Q192506,Ukraine,Kyiv,Russian Empire,https://en.wikipedia.org/wiki/Vladimir_Horowitz
Ignacy Jan Paderewski,Ignacy Jan Paderewski,4a2b8def-5a86-45fd-9c21-31c3356a3774,PL,Person,Polish pianist and composer,100,auto_accept,Very high score and near-exact name match.,Ignacy Jan Paderewski,Q191957,Ukraine,Kurilivka,Warsaw,https://en.wikipedia.org/wiki/Ignacy_Jan_Paderewski
Julia Sanina,Юлія Саніна,f5c9401a-2fbb-4c85-a8f1-6a2c56276769,UA,Person,,100,review_needed,Candidate needs manual review.,Julia Sanina,Q21573827,Ukraine,Kyiv,Soviet Union,https://en.wikipedia.org/wiki/Julia_Sanina
Ani Lorak,Ани Лорак,29ec65e9-0dcf-4dfa-9155-7f13cef07335,RU,Person,,100,review_needed,Candidate needs manual review.,Ani Lorak,Q237081,Ukraine,Kitsman,Russia,https://en.wikipedia.org/wiki/Ani_Lorak
Hryhorii Skovoroda,,,,,,,no_match,No usable result returned by MusicBrainz.,Hryhorii Skovoroda,Q336803,Ukraine,Chornukhy,Russian Empire,https://en.wikipedia.org/wiki/Hryhorii_Skovoroda
Tayanna,TAYANNA,8fbc8613-30f3-4cfe-a766-701a9449c34b,UA,Person,,100,auto_accept,Very high score and near-exact name match.,Tayanna,Q28826885,Ukraine,Chernivtsi,Ukraine,https://en.wikipedia.org/wiki/Tayanna
Sviatoslav Richter,Святослав Рихтер,2014bfbb-c65d-45dc-9973-35bead3833fa,RU,Person,pianist,100,review_needed,Candidate is disambiguated and should be checked manually.,Sviatoslav Richter,Q124890,Ukraine,Zhytomyr,Russia,https://en.wikipedia.org/wiki/Sviatoslav_Richter
Natasha Korolyova,Наташа Королёва,bfb00581-3cf1-4c17-9bb4-2173940d1084,RU,Person,,100,review_needed,Candidate needs manual review.,Natasha Korolyova,Q1076041,Ukraine,Kyiv,Russia,https://en.wikipedia.org/wiki/Natasha_Korolyova
David Oistrakh,Давид Фёдорович Ойстрах,67d957a2-8dc8-4036-bb2e-c00946f6cac3,SU,Person,violinist,100,review_needed,Candidate is disambiguated and should be checked manually.,David Oistrakh,Q47120,Ukraine,Odesa,Russian Empire,https://en.wikipedia.org/wiki/David_Oistrakh
Iryna Bilyk,Ірина Білик,2744b6f6-2455-4808-85e7-4ecb79ca1e30,UA,Person,,100,review_needed,Candidate needs manual review.,Iryna Bilyk,Q2662849,Ukraine,Kyiv,Soviet Union,https://en.wikipedia.org/wiki/Iryna_Bilyk
Verka Serduchka,Верка Сердючка,10f87b54-0e95-4268-9857-e2660367c305,UA,Character,,100,review_needed,Candidate needs manual review.,Verka Serduchka,Q275875,Ukraine,Poltava,Ukraine,https://en.wikipedia.org/wiki/Verka_Serduchka
Lyudmila Gurchenko,Людмила Гурченко,3729211b-ed61-429c-9017-c785aa4e1154,SU,Person,,100,review_needed,Candidate needs manual review.,Lyudmila Gurchenko,Q68537,Ukraine,Kharkiv,Russia,https://en.wikipedia.org/wiki/Lyudmila_Gurchenko
Karol Szymanowski,Karol Szymanowski,e04ef24e-b64e-4ca5-a479-b6bc79042ff5,PL,Person,Polish composer,100,auto_accept,Very high score and near-exact name match.,Karol Szymanowski,Q295400,Ukraine,Tymoshivka,Zakopane,https://en.wikipedia.org/wiki/Karol_Szymanowski
Serhiy Zhadan,Сергій Жадан,39c97dfc-21ba-40c7-85d1-67dfdee1b608,UA,Person,,100,review_needed,Candidate needs manual review.,Serhiy Zhadan,Q458209,Ukraine,Starobilsk,Soviet Union,https://en.wikipedia.org/wiki/Serhiy_Zhadan
Zlata Ognevich,Злата Огнєвіч,7338000f-8c24-479a-9af8-e4ff720e165f,UA,Person,,100,review_needed,Candidate needs manual review.,Zlata Ognevich,Q1574590,Ukraine,Kryvyi Rih,Ukraine,https://en.wikipedia.org/wiki/Zlata_Ognevich
Mykola Lysenko,Микола Віталійович Лисенко,5d9db0d9-89dc-407f-80fc-4b638a99c4a9,UA,Person,Ukrainian composer,100,review_needed,Candidate is disambiguated and should be checked manually.,Mykola Lysenko,Q172425,Ukraine,Hrynky,Kyiv,https://en.wikipedia.org/wiki/Mykola_Lysenko
Władysław Tarnowski,Władysław Tarnowski,487883b1-8132-43be-9d3e-579ee0b07acf,PL,Person,,100,auto_accept,Very high score and near-exact name match.,Władysław Tarnowski,Q93817,Ukraine,Voroblevychi,Austria–Hungary,https://en.wikipedia.org/wiki/W%C5%82adys%C5%82aw_Tarnowski
Borys Liatoshynsky,Borys,97cfc858-63d9-4aa5-b11e-5757ce09cb7e,,Person,"Jason Borys, from Edmonton",100,review_needed,Candidate is disambiguated and should be checked manually.,Borys Liatoshynsky,Q504426,Ukraine,Zhytomyr,Russian Empire,https://en.wikipedia.org/wiki/Borys_Lyatoshynsky
Svetlana Loboda,LOBODA,8544e819-41a1-47ce-8c78-d8c44ec099e4,UA,Person,,100,review_needed,Candidate needs manual review.,Svetlana Loboda,Q209926,Ukraine,Irpin,Ukraine,https://en.wikipedia.org/wiki/Svetlana_Loboda
Sviatoslav Vakarchuk,Святослав Рихтер,2014bfbb-c65d-45dc-9973-35bead3833fa,RU,Person,pianist,100,review_needed,Candidate is disambiguated and should be checked manually.,Sviatoslav Vakarchuk,Q2622781,Ukraine,Mukachevo,Ukraine,https://en.wikipedia.org/wiki/Sviatoslav_Vakarchuk
Isaac Stern,Isaac Stern,7d9be72b-ab36-4ce1-8a2c-05bf0f7eb0b4,US,Person,violinist,100,auto_accept,Very high score and near-exact name match.,Isaac Stern,Q311317,Ukraine,Kremenets,Western Addition,https://en.wikipedia.org/wiki/Isaac_Stern
Mariya Yaremchuk,Мария Яремчук,ef6b946b-7c71-444c-a5a0-8e9e64acbc42,UA,Person,,100,review_needed,Candidate needs manual review.,Mariya Yaremchuk,Q4525785,Ukraine,Chernivtsi,Ukraine,https://en.wikipedia.org/wiki/Mariya_Yaremchuk
Dmytro Bortnianskyi,Dmytro Morykit,7cac5995-6910-47c9-a87d-439c30f1dc83,GB,Person,,100,review_needed,Candidate needs manual review.,Dmytro Bortnianskyi,Q316505,Ukraine,Hlukhiv,Russian Empire,https://en.wikipedia.org/wiki/Dmitry_Bortniansky
Valentyn Sylvestrov,Валентин Сильвестров,a4f94049-7b13-4308-9a19-c50348df5825,UA,Person,,100,review_needed,Candidate needs manual review.,Valentyn Sylvestrov,Q706765,Ukraine,Kyiv,Berlin,https://en.wikipedia.org/wiki/Valentyn_Silvestrov
Anastasiia Prykhodko,ANASTASiiA,c3146196-36cb-4ef6-acf4-190ea67e4ae9,,,,100,review_needed,Candidate needs manual review.,Anastasiia Prykhodko,Q156951,Ukraine,Kyiv,Soviet Union,https://en.wikipedia.org/wiki/Anastasia_Prikhodko
Vera Brezhneva,Вера Брежнева,09c66ecf-b925-47f0-9895-f504cef92f93,UA,Person,,100,review_needed,Candidate needs manual review.,Vera Brezhneva,Q2329850,Ukraine,Kamyanske,Ukraine,https://en.wikipedia.org/wiki/Vera_Brezhneva
Gaitana,Гайтана,913163fe-a214-4eb3-8b16-078c021f4d48,UA,Person,Ukrainian singer,100,review_needed,Candidate is disambiguated and should be checked manually.,Gaitana,Q209845,Ukraine,Kyiv,Republic of the Congo,https://en.wikipedia.org/wiki/Gaitana_(singer)
Wojciech Kilar,Wojciech Kilar,c8c021ad-6397-4990-b3b7-23d027c5931a,PL,Person,composer,100,auto_accept,Very high score and near-exact name match.,Wojciech Kilar,Q319777,Ukraine,Lviv,Darmstadt,https://en.wikipedia.org/wiki/Wojciech_Kilar
Emil Gilels,Эмиль Гилельс,88b4ad33-63ba-4923-947e-26a720631156,SU,Person,pianist,100,review_needed,Candidate is disambiguated and should be checked manually.,Emil Gilels,Q319732,Ukraine,Odesa,Russian Empire,https://en.wikipedia.org/wiki/Emil_Gilels
Reinhold Glière,Рейнгольд Морицевич Глиэр,8b008af7-cdb9-4abe-baed-ba737622e310,RU,Person,Russian composer,100,review_needed,Candidate is disambiguated and should be checked manually.,Reinhold Glière,Q316795,Ukraine,Kyiv,Russian Empire,https://en.wikipedia.org/wiki/Reinhold_Gli%C3%A8re
Mykola Leontovych,Микола Дмитрович Леонтович,02861daf-f923-49fb-90e3-3ec44a600433,UA,Person,,100,review_needed,Candidate needs manual review.,Mykola Leontovych,Q467914,Ukraine,Monastirok,Russian Empire,https://en.wikipedia.org/wiki/Mykola_Leontovych
Jerry Heil,Jerry Heil,218cf0a9-439e-472e-a2e6-65e208a102ac,UA,Person,"Ukrainian singer, participant of Eurovision 2024 (Ukraine)",100,auto_accept,Very high score and near-exact name match.,Jerry Heil,Q56364121,Ukraine,Vasylkiv,Ukraine,https://en.wikipedia.org/wiki/Jerry_Heil
Joseph Kobzon,Иосиф Кобзон,28442ebf-7450-4eb1-96a9-ab771bc9cd80,SU,Person,,100,review_needed,Candidate needs manual review.,Joseph Kobzon,Q1980296,Ukraine,Chasiv Yar,Moscow,https://en.wikipedia.org/wiki/Joseph_Kobzon
Mika Newton,Мика Ньютон,09dacb2c-abf2-4e51-acd4-b6de69fabc3c,UA,Person,,100,review_needed,Candidate needs manual review.,Mika Newton,Q231988,Ukraine,Burshtyn,Ukraine,https://en.wikipedia.org/wiki/Mika_Newton
Alyona Alyona,alyona alyona,1a6993eb-fa5b-42e2-a834-2a9539c53be1,UA,Person,Ukrainian rapper,100,auto_accept,Very high score and near-exact name match.,Alyona Alyona,Q59358454,Ukraine,Kapitanivka,Baryshivska Hromada,https://en.wikipedia.org/wiki/Alyona_Alyona
Isaak Dunayevsky,Исаак Дунаевский,f03de526-c8b2-4854-b894-656d21ae7623,SU,Person,,100,review_needed,Candidate needs manual review.,Isaak Dunayevsky,Q638638,Ukraine,Lokhvytsia,Russian Empire,https://en.wikipedia.org/wiki/Isaak_Dunayevsky
Khrystyna Soloviy,Христина Соловій,7e45e150-46b2-4da7-9243-db510a8ce54f,UA,Person,,100,review_needed,Candidate needs manual review.,Khrystyna Soloviy,Q21600244,Ukraine,Drohobych,Ukraine,https://en.wikipedia.org/wiki/Khrystyna_Soloviy
Valentina Lisitsa,Valentina Lisitsa,81c9ae67-9eaf-4e47-836a-62b7bbc91664,US,Person,pianist,100,auto_accept,Very high score and near-exact name match.,Valentina Lisitsa,Q253233,Ukraine,Kyiv,Russia,https://en.wikipedia.org/wiki/Valentina_Lisitsa
Dimitri Tiomkin,Dimitri Tiomkin,0ed6e209-dd4d-4c47-b6d0-c3a1ae06fef5,UA,Person,,100,auto_accept,Very high score and near-exact name match.,Dimitri Tiomkin,Q317033,Ukraine,Kremenchuk,Hollywood,https://en.wikipedia.org/wiki/Dimitri_Tiomkin
Mark Taimanov,Mark Taimanov,ad06a983-4bc7-45e2-946b-2bbab1ff8a7f,RU,Person,Russian pianist,100,auto_accept,Very high score and near-exact name match.,Mark Taimanov,Q348037,Ukraine,Kharkiv,Russia,https://en.wikipedia.org/wiki/Mark_Taimanov
Maria Guleghina,Maria Guleghina,ae573ec4-c3fa-4e25-8708-d189cb65f536,UA,Person,soprano,100,auto_accept,Very high score and near-exact name match.,Maria Guleghina,Q1031062,Ukraine,Odesa,Belarus,https://en.wikipedia.org/wiki/Maria_Guleghina
Alekseev,ALEKSEEV,6cde3d73-2219-4616-befb-8619cc2018d7,UA,Person,Ukrainian singer and songwriter,100,auto_accept,Very high score and near-exact name match.,Alekseev,Q22979243,Ukraine,Kyiv,Ukraine,https://en.wikipedia.org/wiki/Alekseev_(singer)
Mélovin,MÉLOVIN,878a5563-bfe2-4ff9-a02b-4432790df0f9,UA,Person,Ukrainian singer and songwriter,100,auto_accept,Very high score and near-exact name match.,Mélovin,Q25442068,Ukraine,Odesa,Ukraine,https://en.wikipedia.org/wiki/M%C3%A9lovin
Diana Hacıyeva,Dihaj,3aaa3844-df49-4d60-aef7-04084bf4e110,AZ,Person,Diana Hacıyeva,100,review_needed,Candidate is disambiguated and should be checked manually.,Diana Hacıyeva,Q16366466,Ukraine,Mariupol,Azerbaijan,https://en.wikipedia.org/wiki/Diana_Hajiyeva
Heinrich Neuhaus,Генрих Нейгауз,2b075237-6e90-4e78-a4f8-a66170c682fe,SU,Person,pianist,100,review_needed,Candidate is disambiguated and should be checked manually.,Heinrich Neuhaus,Q506613,Ukraine,Kropyvnytskyi,Russian Empire,https://en.wikipedia.org/wiki/Heinrich_Neuhaus
Olena Topolia,Олена Тополя,c3bce56d-9fbc-425d-9c3f-e035632913e3,UA,Person,,100,review_needed,Candidate needs manual review.,Olena Topolia,Q209987,Ukraine,Zaporizhzhia,Soviet Union,https://en.wikipedia.org/wiki/Olena_Topolia
Mikołaj Rej,Mikołaj Rej,568a246b-cb43-43ef-ac98-22d1939869d8,PL,Person,Polish poet,100,auto_accept,Very high score and near-exact name match.,Mikołaj Rej,Q458235,Ukraine,Zhuravno,Kingdom of Poland,https://en.wikipedia.org/wiki/Miko%C5%82aj_Rej
Solomea Krushelnytska,Anna Krushelnytska,88941d94-2540-463e-85f5-9eb69f9def75,,,,100,review_needed,Candidate needs manual review.,Solomea Krushelnytska,Q267058,Ukraine,Biliavyntsi,Austria–Hungary,https://en.wikipedia.org/wiki/Solomiya_Krushelnytska
Vasyl Slipak,Vasyl Shparkyi,bcaf6e97-5696-4bda-bffd-10e0ca949c1b,DE,Person,,100,review_needed,Candidate needs manual review.,Vasyl Slipak,Q25050824,Ukraine,Lviv,Ukraine,https://en.wikipedia.org/wiki/Vasyl_Slipak
Mark Bernes,Марк Бернес,d0b09698-5d4d-4976-9440-f1a9cd217515,SU,Person,,100,review_needed,Candidate needs manual review.,Mark Bernes,Q537854,Ukraine,Nizhyn,Russian Empire,https://en.wikipedia.org/wiki/Mark_Bernes
Anna Sedokova,Анна Седокова,fc42a535-6e4f-4b51-a6c3-f4e7608808ab,RU,Person,,100,review_needed,Candidate needs manual review.,Anna Sedokova,Q2350283,Ukraine,Kyiv,Ukraine,https://en.wikipedia.org/wiki/Anna_Sedokova
Yaroslav Yevdokimov,Ярослав Евдокимов,4a1b694e-8245-4e3f-ba1c-81e2c5f4bb70,RU,Person,,100,review_needed,Candidate needs manual review.,Yaroslav Yevdokimov,Q4172926,Ukraine,Rivne,Belarus,https://en.wikipedia.org/wiki/Yaroslav_Yevdokimov
Leonid Kogan,Леонид Борисович Коган,5e80e838-a498-4dfc-8cf5-57e647fe4a6e,SU,Person,"Soviet classical violinist, 1924-1982",100,review_needed,Candidate is disambiguated and should be checked manually.,Leonid Kogan,Q379616,Ukraine,Dnipro,Soviet Union,https://en.wikipedia.org/wiki/Leonid_Kogan
Myroslav Skoryk,Мирослав Скорик,cb4f47e5-6a09-4ece-98ba-5d35f16ea85a,UA,Person,Ukrainian composer,100,review_needed,Candidate is disambiguated and should be checked manually.,Myroslav Skoryk,Q278813,Ukraine,Lviv,Soviet Union,https://en.wikipedia.org/wiki/Myroslav_Skoryk
Maruv,MARUV,23d0ffbe-f372-443e-81b2-28048bdea37f,,Person,,100,auto_accept,Very high score and near-exact name match.,Maruv,Q56310176,Ukraine,Pavlohrad,Ukraine,https://en.wikipedia.org/wiki/Maruv
Gregor Piatigorsky,Gregor Piatigorsky,98af165c-cdf5-4033-8c72-c0189d46cdd1,US,Person,cellist,100,auto_accept,Very high score and near-exact name match.,Gregor Piatigorsky,Q364868,Ukraine,Dnipro,Russian Empire,https://en.wikipedia.org/wiki/Gregor_Piatigorsky
Maksym Berezovsky,Evelyne Berezovsky,50f0a177-6eba-4557-890f-956a7dcefafd,RU,Person,pianist,100,review_needed,Candidate is disambiguated and should be checked manually.,Maksym Berezovsky,Q1353816,Ukraine,Hlukhiv,Russian Empire,https://en.wikipedia.org/wiki/Maxim_Berezovsky
Regina Todorenko,Регина Тодоренко,c1f93865-0c35-47e9-895c-34992dee255b,UA,Person,,100,review_needed,Candidate needs manual review.,Regina Todorenko,Q19694388,Ukraine,Odesa,Ukraine,https://en.wikipedia.org/wiki/Regina_Todorenko
Sophie Tucker,Sophie Tucker,1404fcf2-5c92-434b-8d37-7f9b0c8f986f,US,Person,"singer, comedienne, actress & radio personality",100,auto_accept,Very high score and near-exact name match.,Sophie Tucker,Q152520,Ukraine,Tulchyn,United States,https://en.wikipedia.org/wiki/Sophie_Tucker
Nina Matviienko,Ніна Матвієнко,d9252e25-1705-4b4f-aee7-f5a548542b16,UA,Person,Ukrainian singer,100,review_needed,Candidate is disambiguated and should be checked manually.,Nina Matviienko,Q2011217,Ukraine,Nedilishche,Soviet Union,https://en.wikipedia.org/wiki/Nina_Matviienko
Nathan Milstein,Nathan Milstein,0a428818-2623-406e-8453-600dce442e78,US,Person,violinist,100,auto_accept,Very high score and near-exact name match.,Nathan Milstein,Q434055,Ukraine,Odesa,Ukraine,https://en.wikipedia.org/wiki/Nathan_Milstein
Oleksandr Ponomariov,Oleksandr Dudko,17f1f562-16d1-4a32-be57-217c5a5857ca,UA,Person,,100,review_needed,Candidate needs manual review.,Oleksandr Ponomariov,Q540915,Ukraine,Khmelnytskyi,Ukraine,https://en.wikipedia.org/wiki/Oleksandr_Ponomariov
Eduard Romanyuta,Eduard Romanyuta,fbac4156-907e-4e6a-8a1b-62c1576504cd,UA,Person,Ukranian singer-songwriter,100,auto_accept,Very high score and near-exact name match.,Eduard Romanyuta,Q4397461,Ukraine,Ternopil,Ukraine,https://en.wikipedia.org/wiki/Eduard_Romanyuta
Alexander Spendiaryan,Ալեքսանդր Սպենդիարյան,54fc2519-145e-4042-bc24-71d2a9b8ca5b,AM,Person,,100,review_needed,Candidate needs manual review.,Alexander Spendiaryan,Q969702,Ukraine,Kakhovka,Russian Empire,https://en.wikipedia.org/wiki/Alexander_Spendiaryan
Leonid Utyosov,Джаз-оркестр п/у Леонида Утёсова,5bd31714-414e-4d54-8329-3285972cfa45,SU,Orchestra,,100,review_needed,Candidate needs manual review.,Leonid Utyosov,Q541493,Ukraine,Odesa,Russian Empire,https://en.wikipedia.org/wiki/Leonid_Utesov
Nastya Kamenskikh,Настя,8cb7d6b9-e94c-4f11-a43b-fdafce0da071,RU,Group,,100,review_needed,Candidate needs manual review.,Nastya Kamenskikh,Q289212,Ukraine,Kyiv Oblast,Ukraine,https://en.wikipedia.org/wiki/NK_(singer)
Nikolai Gubenko,Николай Губенко,d9cec8e1-e984-4f15-93ed-08285f52d25a,RU,Person,"theater and film actor, film director and screenwriter",100,review_needed,Candidate is disambiguated and should be checked manually.,Nikolai Gubenko,Q1983805,Ukraine,Odesa,Moscow,https://en.wikipedia.org/wiki/Nikolai_Gubenko
Max Barskih,MAX BARSKIH,b55854ad-d778-49ce-af7f-74625c8ef308,UA,Person,,100,auto_accept,Very high score and near-exact name match.,Max Barskih,Q41272,Ukraine,Kherson,Russia,https://en.wikipedia.org/wiki/Max_Barskih
Alexander Galich,Александр Галич,39cf32bd-e869-4baa-a225-3b1d21215aec,SU,Person,,100,review_needed,Candidate needs manual review.,Alexander Galich,Q2459284,Ukraine,Dnipro,Soviet Union,https://en.wikipedia.org/wiki/Alexander_Galich_(writer)
Alina Pash,Alina Pash,95593341-529e-40e3-ad57-4622f2aacdf8,UA,Person,Ukrainian pop/dance artist,100,auto_accept,Very high score and near-exact name match.,Alina Pash,Q55108431,Ukraine,Bushtyno,Ukraine,https://en.wikipedia.org/wiki/Alina_Pash
Nikolai Kapustin,Николaй Кaпустин,642d73bc-cb3f-496e-94c0-70ae5a90cfb6,UA,Person,Ukrainian-Russian composer,100,review_needed,Candidate is disambiguated and should be checked manually.,Nikolai Kapustin,Q704175,Ukraine,Horlivka,Russia,https://en.wikipedia.org/wiki/Nikolai_Kapustin
Igor Krutoy,Игорь Крутой,269bcc7b-154c-41c0-94b2-5452c3798994,RU,Person,,100,review_needed,Candidate needs manual review.,Igor Krutoy,Q2631745,Ukraine,Haivoron,Russia,https://en.wikipedia.org/wiki/Igor_Krutoy
Andriy Kuzmenko,Андрі́й Ві́кторович Кузьме́нко,c9ef24a8-542d-4b68-a399-50d8ed7bb868,UA,Person,,100,review_needed,Candidate needs manual review.,Andriy Kuzmenko,Q4245310,Ukraine,Sambir,Crimea,https://en.wikipedia.org/wiki/Andriy_Kuzmenko
Kateryna Pavlenko,Катерина Павленко,6974ad44-ed13-426b-845f-a867f90fa778,,Person,member of Go_A,100,review_needed,Candidate is disambiguated and should be checked manually.,Kateryna Pavlenko,Q85992998,Ukraine,Nizhyn,Ukraine,https://en.wikipedia.org/wiki/Monokate
Masha Efrosynina,Masha,6aac4461-4cd1-4e7a-8daa-c1c41d926cfe,DE,Person,"German jazz, swing, blues singer",100,review_needed,Candidate is disambiguated and should be checked manually.,Masha Efrosynina,Q438402,Ukraine,Kerch,Ukraine,https://en.wikipedia.org/wiki/Masha_Efrosynina
Volodymyr Ivasyuk,Володимир Івасюк,042fd071-9834-44d3-a8b6-e030e1ca2b38,UA,Person,,100,review_needed,Candidate needs manual review.,Volodymyr Ivasyuk,Q786521,Ukraine,Kitsman,Soviet Union,https://en.wikipedia.org/wiki/Volodymyr_Ivasiuk
Ciprian Porumbescu,Ciprian Porumbescu,35fe373d-b814-4111-b9d2-46f54682c7f7,RO,Person,Romanian composer,100,auto_accept,Very high score and near-exact name match.,Ciprian Porumbescu,Q389000,Ukraine,Shepit,Austrian Empire,https://en.wikipedia.org/wiki/Ciprian_Porumbescu
Eugene Hütz,Eugene Hütz,09c7432f-ad91-4203-9568-614242578091,,Person,,100,auto_accept,Very high score and near-exact name match.,Eugene Hütz,Q535444,Ukraine,Boyarka,Ukraine,https://en.wikipedia.org/wiki/Eugene_H%C3%BCtz
Dimitry of Rostov,Dimitry,ab8688de-0e06-470b-aa4f-eddd940cc7b2,,,wrote with R. van Leeuwen,100,review_needed,Candidate is disambiguated and should be checked manually.,Dimitry of Rostov,Q980251,Ukraine,Makariv,Kyiv,https://en.wikipedia.org/wiki/Demetrius_of_Rostov
Taras Kompanichenko,Taras Kompanichenko,f3668727-893e-4291-b3dd-c01bcffecb63,,,,100,auto_accept,Very high score and near-exact name match.,Taras Kompanichenko,Q7685533,Ukraine,Kyiv,Ukraine,https://en.wikipedia.org/wiki/Taras_Kompanichenko
Pyotr Todorovsky,Пётр Тодоровский,507a57ad-fed9-49ff-84cb-bc99a80dd3c3,SU,Person,"Russian film director, screenwriter, cinematographer, composer",100,review_needed,Candidate is disambiguated and should be checked manually.,Pyotr Todorovsky,Q1890642,Ukraine,Bobrynets,Russia,https://en.wikipedia.org/wiki/Pyotr_Todorovsky
Marko Kropyvnytskyi,Marko Simsa,70f93fb4-c7ac-4dd5-82af-fd368dc7db30,,Person,Austrian actor and producer,100,review_needed,Candidate is disambiguated and should be checked manually.,Marko Kropyvnytskyi,Q2366031,Ukraine,Kropyvnytske,Russian Empire,https://en.wikipedia.org/wiki/Marko_Kropyvnytskyi
Gosha Kutsenko,Гоша Куценко,0bf9b235-0f6f-49c3-8755-c02cb60a07e2,RU,Person,actor and singer,100,review_needed,Candidate is disambiguated and should be checked manually.,Gosha Kutsenko,Q1385036,Ukraine,Zaporizhzhia,Russia,https://en.wikipedia.org/wiki/Gosha_Kutsenko
Nadya Dorofeeva,DOROFEEVA,488b1e76-264c-4048-bf68-98022beae907,UA,Person,Ukrainian singer,100,review_needed,Candidate is disambiguated and should be checked manually.,Nadya Dorofeeva,Q16698229,Ukraine,Simferopol,Ukraine,https://en.wikipedia.org/wiki/Dorofeeva
Yevhen Stankovych,Євген Станкович,fed6e4b3-73be-401b-8d0e-31294129cfd8,UA,Person,contemporary Ukrainian composer,100,review_needed,Candidate is disambiguated and should be checked manually.,Yevhen Stankovych,Q200892,Ukraine,Svaliava,Soviet Union,https://en.wikipedia.org/wiki/Yevhen_Stankovych
Alexander Vertinsky,Александр Вертинский,44ee3261-dd02-4769-9bb7-18ee5b6f6d18,RU,Person,,100,review_needed,Candidate needs manual review.,Alexander Vertinsky,Q516281,Ukraine,Kyiv,Greece,https://en.wikipedia.org/wiki/Alexander_Vertinsky
Abraham Goldfaden,אַבֿרהם גאָלדפֿאַדען,3f4b1f59-dc40-4456-b7b5-c1e44a01c87c,US,Person,,100,review_needed,Candidate needs manual review.,Abraham Goldfaden,Q330024,Ukraine,Starokostiantyniv,Kingdom of Romania,https://en.wikipedia.org/wiki/Abraham_Goldfaden
Igor Markevitch,Igor Markevitch,92131d53-a4a7-4513-a879-c067643f0747,UA,Person,conductor,100,auto_accept,Very high score and near-exact name match.,Igor Markevitch,Q503355,Ukraine,Kyiv,Moscow,https://en.wikipedia.org/wiki/Igor_Markevitch
Nikocado Avocado,Avocado,400f1810-f3fa-4fa2-a086-12bcb391cc41,DE,Group,German band,100,review_needed,Candidate is disambiguated and should be checked manually.,Nikocado Avocado,Q105593316,Ukraine,Kherson,United States,https://en.wikipedia.org/wiki/Nikocado_Avocado
Arkady Luxemburg,Arkady,3697973c-2fc7-4e74-b497-dc16eaa87136,GB,Person,christ.,100,review_needed,Candidate is disambiguated and should be checked manually.,Arkady Luxemburg,Q4272163,Ukraine,Zhytomyr,Israel,https://en.wikipedia.org/wiki/Arkady_Luxemburg
Anastasiya Petryk,Anastasiya Petryk,a68b3c76-63bc-40d5-9e28-00bb37bf6883,,Person,,100,auto_accept,Very high score and near-exact name match.,Anastasiya Petryk,Q277168,Ukraine,Odesa,Ukraine,https://en.wikipedia.org/wiki/Anastasiya_Petryk
Elina Bystritskaya,Elina,4e2fe119-5d0e-4e89-aae3-cab819e03f17,SE,Person,Swedish singer-songwriter,100,review_needed,Candidate is disambiguated and should be checked manually.,Elina Bystritskaya,Q2370750,Ukraine,Kyiv,Russia,https://en.wikipedia.org/wiki/Elina_Bystritskaya
Heinrich Schenker,Heinrich Schenker,dd36c41f-5c82-4c82-9a33-367892cf7771,AT,Person,,100,auto_accept,Very high score and near-exact name match.,Heinrich Schenker,Q531995,Ukraine,Vyshnivchyk,Austria,https://en.wikipedia.org/wiki/Heinrich_Schenker
Emanuel Feuermann,Emanuel Feuermann,9dae71a5-ff73-4450-b623-b5aa7d0982d9,UA,Person,cellist,100,auto_accept,Very high score and near-exact name match.,Emanuel Feuermann,Q112171,Ukraine,Kolomyia,Austria,https://en.wikipedia.org/wiki/Emanuel_Feuermann
Roman Vlad,Roman Vlad,076682b0-e1bf-43eb-9bad-79f831712e5e,RO,Person,,100,auto_accept,Very high score and near-exact name match.,Roman Vlad,Q2343525,Ukraine,Chernivtsi,Rome,https://en.wikipedia.org/wiki/Roman_Vlad
Igor Oistrakh,Игорь Ойстрах,f68018f5-24d4-4b23-ab17-747d9e8e9cce,UA,Person,violinist,100,review_needed,Candidate is disambiguated and should be checked manually.,Igor Oistrakh,Q538219,Ukraine,Odesa,Russia,https://en.wikipedia.org/wiki/Igor_Oistrakh
Klavdiya Shulzhenko,Клавдия Шульженко,3758c649-c9bd-4aec-88b3-2ded38060965,SU,Person,,100,review_needed,Candidate needs manual review.,Klavdiya Shulzhenko,Q292875,Ukraine,Kharkiv,Soviet Union,https://en.wikipedia.org/wiki/Klavdiya_Shulzhenko
Ana Layevska,Ana Layevska,6511828b-4c2c-4f44-8dea-bf13d1662dce,,,,100,auto_accept,Very high score and near-exact name match.,Ana Layevska,Q698094,Ukraine,Kyiv,Kyiv,https://en.wikipedia.org/wiki/Ana_Layevska
Lolita Milyavskaya,Лолита,f9ed53c4-0c72-418e-b164-5e7ba64fca1e,RU,Person,,100,review_needed,Candidate needs manual review.,Lolita Milyavskaya,Q1972714,Ukraine,Mukachevo,Israel,https://en.wikipedia.org/wiki/Lolita_Milyavskaya
Dmitry Gordon,Dmitry Gordon,8654cbba-c7eb-4d6e-8526-63d176147223,,Person,,100,auto_accept,Very high score and near-exact name match.,Dmitry Gordon,Q4143897,Ukraine,Kyiv,Ukraine,https://en.wikipedia.org/wiki/Dmitry_Gordon
Artem Pyvovarov,Artem,f65772c6-d92a-4f0c-bc03-786bf9499eb8,,Person,fka Mess Kid,100,review_needed,Candidate is disambiguated and should be checked manually.,Artem Pyvovarov,Q23656293,Ukraine,Vovchansk,Ukraine,https://en.wikipedia.org/wiki/Artem_Pyvovarov
Serhii Sternenko,Serhii Moskalchuk,8c22e69c-203c-425b-ab1f-eb95c3715686,,Person,,100,review_needed,Candidate needs manual review.,Serhii Sternenko,Q47489230,Ukraine,Sadove,Ukraine,https://en.wikipedia.org/wiki/Serhii_Sternenko
Levko Revutsky,Левко Ревуцький,df528ac5-a1ac-4a24-b05b-83add0b18b94,UA,Person,composer,100,review_needed,Candidate is disambiguated and should be checked manually.,Levko Revutsky,Q596947,Ukraine,Irzhavets,Russian Empire,https://en.wikipedia.org/wiki/Levko_Revutsky
Franz Doppler,Franz Doppler,0c442d6b-fb3b-4428-ac80-3acdb27a7b92,AT,Person,,100,auto_accept,Very high score and near-exact name match.,Franz Doppler,Q711460,Ukraine,Lviv,Austria–Hungary,https://en.wikipedia.org/wiki/Franz_Doppler
Yuri Shaporin,Юрий Александрович Шапорин,e7eb6e3d-540a-48cf-8e45-e853f77ae85a,SU,Person,Soviet composer,100,review_needed,Candidate is disambiguated and should be checked manually.,Yuri Shaporin,Q963055,Ukraine,Hlukhiv,Russian Empire,https://en.wikipedia.org/wiki/Yuri_Shaporin
Estás Tonné,Estas Tonne,70b2bb3e-873e-4e32-bbc7-a401b4c88d48,UA,Person,guitarist,100,auto_accept,High score and strong name similarity.,Estás Tonné,Q17254154,Ukraine,Zaporizhzhia,Zaporizhzhia,https://en.wikipedia.org/wiki/Estas_Tonne
Joseph Schmidt,Joseph Schmidt,0764f317-5b19-4c96-b7ce-2fb408eb3c2a,AT,Person,Austro-Hungarian and Romanian tenor and actor.,100,auto_accept,Very high score and near-exact name match.,Joseph Schmidt,Q94513,Ukraine,Davydivka,Berlin,https://en.wikipedia.org/wiki/Joseph_Schmidt
Emanuel Ax,Emanuel Ax,14aa864b-5878-40d5-b061-28c1bf995853,US,Person,pianist,100,auto_accept,Very high score and near-exact name match.,Emanuel Ax,Q505563,Ukraine,Lviv,Poland,https://en.wikipedia.org/wiki/Emanuel_Ax
Hanka Bielicka,Hanka Paldum,3c1352b0-b410-4b47-95ce-8f69fc4aaa82,,Person,folk/pop,100,review_needed,Candidate is disambiguated and should be checked manually.,Hanka Bielicka,Q428422,Ukraine,Poltava,Poland,https://en.wikipedia.org/wiki/Hanka_Bielicka
Sofia Tarasova,Marianna Tarasova,b87968e6-0fbc-42d7-b80d-7ccf414d3024,RU,Person,mezzo-soprano,100,review_needed,Candidate is disambiguated and should be checked manually.,Sofia Tarasova,Q14627544,Ukraine,Kyiv,Ukraine,https://en.wikipedia.org/wiki/Sofia_Tarasova
Mischa Elman,Mischa Elman,f7824a6b-a63b-45a4-9ca5-d6616c3e5912,US,Person,Russian-American violinist,100,auto_accept,Very high score and near-exact name match.,Mischa Elman,Q1391355,Ukraine,Talne,United States,https://en.wikipedia.org/wiki/Mischa_Elman
Mariana Sadovska,Марʼяна Садовська,fc235f54-95dd-4ae6-8253-556825ce87b9,UA,Person,,100,review_needed,Candidate needs manual review.,Mariana Sadovska,Q521717,Ukraine,Lviv,Ukraine,https://en.wikipedia.org/wiki/Mariana_Sadovska
Yan Frenkel,Ян Френкель,9512750d-5da8-4891-96db-9deb9d421714,SU,Person,,100,review_needed,Candidate needs manual review.,Yan Frenkel,Q771374,Ukraine,Kyiv,Soviet Union,https://en.wikipedia.org/wiki/Yan_Frenkel
Aleksandr Gauk,Александр Васильевич Гаук,8e70f102-6d77-4573-bdab-05daaae92cac,RU,Person,"Russian/Soviet conductor, composer 1893-1963",100,review_needed,Candidate is disambiguated and should be checked manually.,Aleksandr Gauk,Q972169,Ukraine,Odesa,Russian Empire,https://en.wikipedia.org/wiki/Alexander_Gauk
Leo Ornstein,Leo Ornstein,88e931c0-c22e-45c1-9662-02f52f4ca771,US,Person,Russian-born American avant-garde composer,100,auto_accept,Very high score and near-exact name match.,Leo Ornstein,Q1558656,Ukraine,Kremenchuk,United States,https://en.wikipedia.org/wiki/Leo_Ornstein
Alla Zahaikevych,Алла Загайкевич,533a8eb5-2a30-4a27-aefd-eac34cf6febd,UA,Person,,100,review_needed,Candidate needs manual review.,Alla Zahaikevych,Q1981300,Ukraine,Khmelnytskyi,Soviet Union,https://en.wikipedia.org/wiki/Alla_Zahaikevych
Felix Blumenfeld,Феликс Блуменфельд,9654ff1f-1d6d-4673-973e-a4b42c1e8469,SU,Person,"Russian composer, pianist, conductor",100,review_needed,Candidate is disambiguated and should be checked manually.,Felix Blumenfeld,Q1349550,Ukraine,Q12111027,Russian Empire,https://en.wikipedia.org/wiki/Felix_Blumenfeld
Volodymyr Melnykov,Volodymyr Gnatenko,12049dd4-41f5-44e4-8d1d-3c1681e90ffd,GB,Person,,100,review_needed,Candidate needs manual review.,Volodymyr Melnykov,Q12122449,Ukraine,Chernivtsi,Soviet Union,https://en.wikipedia.org/wiki/Volodymyr_Melnykov
Oksana Lyniv,Oksana Lyniv,6053d13f-ad90-43ea-88a3-6e23765bd1fc,UA,Person,conductor,100,auto_accept,Very high score and near-exact name match.,Oksana Lyniv,Q2017541,Ukraine,Brody,Ukraine,https://en.wikipedia.org/wiki/Oksana_Lyniv
Dasha Astafieva,Дарія Астафьєва,e0f2df83-f4ab-4780-a3c1-d5de5ff739fa,UA,Person,,100,review_needed,Candidate needs manual review.,Dasha Astafieva,Q2302686,Ukraine,Pokrov,Ukraine,https://en.wikipedia.org/wiki/Dasha_Astafieva
Alla Kudlai,Алла Кудлай,69ddd924-baec-4362-bc74-517513635761,UA,Person,,100,review_needed,Candidate needs manual review.,Alla Kudlai,Q12115430,Ukraine,Losynivka,Soviet Union,https://en.wikipedia.org/wiki/Alla_Kudlai
Konstantin Lopushansky,Konstantin Wecker,4e1d5be7-6736-4af3-8ac8-619fabc57818,DE,Person,,100,review_needed,Candidate needs manual review.,Konstantin Lopushansky,Q1364690,Ukraine,Dnipro,Russia,https://en.wikipedia.org/wiki/Konstantin_Lopushansky
Emil Paur,Emil Paur,3e720882-6b26-405c-858d-65dbe1a9fbcd,AT,Person,,100,auto_accept,Very high score and near-exact name match.,Emil Paur,Q78982,Ukraine,Chernivtsi,Místek,https://en.wikipedia.org/wiki/Emil_Paur
Vladimir Shainsky,Владимир Шаинский,98527ab7-12a6-4b5a-b72e-af1a954cc79c,SU,Person,,100,review_needed,Candidate needs manual review.,Vladimir Shainsky,Q674048,Ukraine,Kyiv,Israel,https://en.wikipedia.org/wiki/Vladimir_Shainsky
Edvin Marton,Edvin Marton,0b519a75-69a0-4392-83e9-47dc6572d74c,HU,Person,,100,auto_accept,Very high score and near-exact name match.,Edvin Marton,Q441053,Ukraine,Vilok,Hungary,https://en.wikipedia.org/wiki/Edvin_Marton
Semen Hulak-Artemovsky,Semyon Hulak-Artemovsky,5600fc5e-0c68-49f9-9f73-9993218d18d1,RU,Person,,100,auto_accept,High score and strong name similarity.,Semen Hulak-Artemovsky,Q1400433,Ukraine,Horodyshche,Russian Empire,https://en.wikipedia.org/wiki/Semen_Hulak-Artemovsky
Anna Fedorova,Anna Fedorova,2238d820-c874-4b9f-b40f-1b1e0b8c916a,UA,Person,,100,auto_accept,Very high score and near-exact name match.,Anna Fedorova,Q125885,Ukraine,Kyiv,Ukraine,https://en.wikipedia.org/wiki/Anna_Fedorova
Shura Cherkassky,Шура Черкасский,3f240111-fdb8-4ab4-a579-7352d94b1579,UA,Person,American pianist,100,review_needed,Candidate is disambiguated and should be checked manually.,Shura Cherkassky,Q713428,Ukraine,Odesa,United States,https://en.wikipedia.org/wiki/Shura_Cherkassky
Benno Moiseiwitsch,Benno Moiseiwitsch,b2b25392-4ea1-4be7-9d91-1b28a80f69e7,GB,Person,pianist,100,auto_accept,Very high score and near-exact name match.,Benno Moiseiwitsch,Q817970,Ukraine,Odesa,Russian Empire,https://en.wikipedia.org/wiki/Benno_Moiseiwitsch
Mieczysław Horszowski,Mieczysław Horszowski,37cd67d1-a786-4f5c-b91b-14f93b90ca04,PL,Person,pianist,100,auto_accept,Very high score and near-exact name match.,Mieczysław Horszowski,Q918339,Ukraine,Lviv,Poland,https://en.wikipedia.org/wiki/Mieczys%C5%82aw_Horszowski
Sergei Bortkiewicz,Сергей Борткевич,436bc3c4-c66b-4bf2-bed0-8d826e86baed,UA,Person,Ukrainian-Austrian composer,100,review_needed,Candidate is disambiguated and should be checked manually.,Sergei Bortkiewicz,Q742149,Ukraine,Kharkiv,Austria,https://en.wikipedia.org/wiki/Sergei_Bortkiewicz
Hnat Khotkevych,Zdeněk Hnát,3f410987-202e-4ade-9ed4-4314f31f6103,CZ,Person,,100,review_needed,Candidate needs manual review.,Hnat Khotkevych,Q2592547,Ukraine,Kharkiv,Russian Empire,https://en.wikipedia.org/wiki/Hnat_Khotkevych
Viktoria Leléka,Viktoria Leléka,abdfa2d6-0643-4458-9e37-e2a0e570a361,UA,Person,Ukrainian singer and composer,100,auto_accept,Very high score and near-exact name match.,Viktoria Leléka,Q111127206,Ukraine,Shakhtarske,Ukraine,https://en.wikipedia.org/wiki/Viktoria_Lel%C3%A9ka
Vasyl Barvinsky,Василь Барвінський,6a67bbf3-d621-4d61-9c17-735c88298761,UA,Person,,100,review_needed,Candidate needs manual review.,Vasyl Barvinsky,Q4078084,Ukraine,Ternopil,Austria–Hungary,https://en.wikipedia.org/wiki/Vasyl_Barvinsky
Antonina Nezhdanova,Антонина Васильевна Нежданова,13317f72-7e43-4196-ab90-f831829b2da6,SU,Person,soprano,100,review_needed,Candidate is disambiguated and should be checked manually.,Antonina Nezhdanova,Q2450734,Ukraine,Odesa,Russian Empire,https://en.wikipedia.org/wiki/Antonina_Nezhdanova
Lidiya Lipkovskaya,Lydia Lipkowzka,770e3d1e-2b02-4458-9144-0096c9b49ac2,,Person,soprano,100,review_needed,Candidate is disambiguated and should be checked manually.,Lidiya Lipkovskaya,Q3389824,Ukraine,Babyn,Romania,https://en.wikipedia.org/wiki/Lydia_Lipkowska
Anzhelina Shvachka,,,,,,,no_match,No usable result returned by MusicBrainz.,Anzhelina Shvachka,Q12171389,Ukraine,Dnipro,Ukraine,https://en.wikipedia.org/wiki/Anzhelina_Shvachka
Alexey Razumovsky,Razumovsky Quartet,c164b104-f96a-4773-9f41-e45cc154403e,GB,Group,"British string quartet, founded in 2020",100,review_needed,Candidate is disambiguated and should be checked manually.,Alexey Razumovsky,Q918514,Ukraine,Lemeshi (Kozeletskii raion),Russian Empire,https://en.wikipedia.org/wiki/Alexei_Razumovsky
Taisiia Povalii,Taisiia Chernyshova,674d6446-248b-4baf-bdb6-fd7f48b208cc,,Person,,100,review_needed,Candidate needs manual review.,Taisiia Povalii,Q1984215,Ukraine,Shamrayivka,Moscow,https://en.wikipedia.org/wiki/Taisia_Povaliy
Pavlo Vyshebaba,Павло Вишебаба,e2f3f740-b6f4-4bd6-8fdb-4466fb7a0750,UA,Person,,100,review_needed,Candidate needs manual review.,Pavlo Vyshebaba,Q65209556,Ukraine,Kramatorsk,Ukraine,https://en.wikipedia.org/wiki/Pavlo_Vyshebaba
Potap,Потап,ea8134e3-6168-4856-8fc8-b13e15538631,UA,Person,,100,review_needed,Candidate needs manual review.,Potap,Q1879459,Ukraine,Kyiv,Ukraine,https://en.wikipedia.org/wiki/Potap
Moriz Rosenthal,Moriz Rosenthal,0d6c4730-f0a3-409f-9456-2659942ee9a0,US,Person,"classical pianist and composer, 1862-1946",100,auto_accept,Very high score and near-exact name match.,Moriz Rosenthal,Q213772,Ukraine,Lviv,Poland,https://en.wikipedia.org/wiki/Moriz_Rosenthal
Victoria Bulitko,Victoria,0aeb5951-27a7-4e0c-b111-211afbd5c167,,Person,avex Eurobeat artist,100,review_needed,Candidate is disambiguated and should be checked manually.,Victoria Bulitko,Q4098935,Ukraine,Zaporizhzhia,Ukraine,https://en.wikipedia.org/wiki/Victoria_Bulitko
Stanisław Skrowaczewski,Stanisław Skrowaczewski,aecfecbb-840e-45ce-8d6c-3a234505c5ac,PL,Person,conductor,100,auto_accept,Very high score and near-exact name match.,Stanisław Skrowaczewski,Q961581,Ukraine,Lviv,Poland,https://en.wikipedia.org/wiki/Stanis%C5%82aw_Skrowaczewski
Pyotr Leshchenko,Пётр Лещенко,6255b6b6-2798-440e-969f-048ec20c04c8,RO,Person,,100,review_needed,Candidate needs manual review.,Pyotr Leshchenko,Q1188776,Ukraine,Isaieve,Kingdom of Romania,https://en.wikipedia.org/wiki/Pyotr_Leshchenko
Yolka,Ёлка,b8df5180-ff51-4a36-abcb-80d2ed027b99,RU,Person,,100,review_needed,Candidate needs manual review.,Yolka,Q4053738,Ukraine,Uzhhorod,Russia,https://en.wikipedia.org/wiki/Yolka_(singer)
Viorica Ursuleac,Viorica Ursuleac,98c02ab5-fbd2-4c16-b5ef-ef0b0c872734,,Person,soprano,100,auto_accept,Very high score and near-exact name match.,Viorica Ursuleac,Q270281,Ukraine,Chernivtsi,Romania,https://en.wikipedia.org/wiki/Viorica_Ursuleac
Karolina Protsenko,Karolina Protsenko,16313bc3-809f-4a9c-8116-5cbbe2b11ac5,,Person,"Ukrainian violinist based in California, USA",100,auto_accept,Very high score and near-exact name match.,Karolina Protsenko,Q91313507,Ukraine,Kyiv,Simi Valley,https://en.wikipedia.org/wiki/Karolina_Protsenko
Alexander Brailowsky,Олександр Браіловський,7cc6147c-8406-454e-ab20-213314bd75d5,FR,Person,,100,review_needed,Candidate needs manual review.,Alexander Brailowsky,Q946603,Ukraine,Kyiv,France,https://en.wikipedia.org/wiki/Alexander_Brailowsky
Marusia Churai,"חבורת ""למרוסיה באהבה""",8e235fc6-ab80-4bd2-87fd-64670fe51dbc,IL,Group,,100,review_needed,Candidate needs manual review.,Marusia Churai,Q2497569,Ukraine,Poltava,Polish–Lithuanian Commonwealth,https://en.wikipedia.org/wiki/Marusia_Churai
Nadia Meiher,Nadia Ali,e5d928e1-b020-4dd8-9497-7aaee1b337bd,US,Person,,100,review_needed,Candidate needs manual review.,Nadia Meiher,Q2391534,Ukraine,Zbruchivka,Ukraine,https://en.wikipedia.org/wiki/Nadia_Meiher
Monatik,MONATIK,c0199391-00f4-483a-aa8a-d1fe27d05dc6,UA,Person,,100,auto_accept,Very high score and near-exact name match.,Monatik,Q12124379,Ukraine,Lutsk,Ukraine,https://en.wikipedia.org/wiki/Monatik
Karol Mikuli,Karol Mikuli,c8c8ab60-4a68-44e7-a203-f86a74f0c2c4,PL,Person,,100,auto_accept,Very high score and near-exact name match.,Karol Mikuli,Q549666,Ukraine,Chernivtsi,Cisleithania,https://en.wikipedia.org/wiki/Karol_Mikuli
Yakov Zak,Яков Зак,f910ac7e-3fa8-4de0-8161-af94b168dc18,SU,Person,pianist,100,review_needed,Candidate is disambiguated and should be checked manually.,Yakov Zak,Q1369531,Ukraine,Odesa,Russian Empire,https://en.wikipedia.org/wiki/Yakov_Zak
Wojciech Bobowski,Wojciech Bobowski,db7db6d1-3ad2-4466-8065-574162fd1b84,PL,Person,,100,auto_accept,Very high score and near-exact name match.,Wojciech Bobowski,Q1360874,Ukraine,Lviv,Polish–Lithuanian Commonwealth,https://en.wikipedia.org/wiki/Ali_Ufk%C3%AE
Samuil Feinberg,Самуил Евгеньевич Фейнберг,d45c172a-05ae-4994-8f3b-211206b8bc35,RU,Person,,100,review_needed,Candidate needs manual review.,Samuil Feinberg,Q1971227,Ukraine,Odesa,Russian Empire,https://en.wikipedia.org/wiki/Samuil_Feinberg
Natalya Mogilevskaya,Natalya Veshnyeva,49b2fa5c-2931-46ce-8bb6-f900efec3e7d,,Person,,100,review_needed,Candidate needs manual review.,Natalya Mogilevskaya,Q4299108,Ukraine,Kyiv,Soviet Union,https://en.wikipedia.org/wiki/Natalia_Mohylevska
Ivan Kozlovskyi,Ivan Graziani,6640d654-4b8f-48ed-883c-e064a0a48861,IT,Person,,100,review_needed,Candidate needs manual review.,Ivan Kozlovskyi,Q1397423,Ukraine,Marianivka,Russia,https://en.wikipedia.org/wiki/Ivan_Kozlovsky
Yuri Kasparyan,Юрий Каспарян,b1de12a1-8cda-4445-9b7c-8d817f361ac9,RU,Person,"Rock musician, composer",100,review_needed,Candidate is disambiguated and should be checked manually.,Yuri Kasparyan,Q1068795,Ukraine,Simferopol,Saint Petersburg,https://en.wikipedia.org/wiki/Yuri_Kasparyan
MamaRika,MamaRika,d30d67bd-87ba-4480-b0d9-9da5bc306888,UA,Person,"Ukrainian singer Anastasiya Kotchetova, formerly Erika",100,auto_accept,Very high score and near-exact name match.,MamaRika,Q3056591,Ukraine,Sheptytskyi,Ukraine,https://en.wikipedia.org/wiki/MamaRika
Karl Doppler,Karl Doppler,ae8620b8-fc84-4a69-8611-ea6dee738e83,HU,Person,,100,auto_accept,Very high score and near-exact name match.,Karl Doppler,Q67497,Ukraine,Lviv,Cisleithania,https://en.wikipedia.org/wiki/Karl_Doppler
Eduard Steuermann,Eduard Steuermann,e088bed0-4f08-48ac-b48f-d69052580ee8,AT,Person,pianist and composer,100,auto_accept,Very high score and near-exact name match.,Eduard Steuermann,Q214108,Ukraine,Sambir,United States,https://en.wikipedia.org/wiki/Eduard_Steuermann
Samuel Maykapar,Самуил Майкапар,98d117af-5a3f-44e9-850d-31bfe2584d6e,RU,Person,,100,review_needed,Candidate needs manual review.,Samuel Maykapar,Q175282,Ukraine,Kherson,Russian Empire,https://en.wikipedia.org/wiki/Samuel_Maykapar
Yarmak,Alex Yarmak,eddb2d38-e153-486f-a713-93a3928130af,,Person,,100,review_needed,Candidate needs manual review.,Yarmak,Q16054135,Ukraine,Boryspil,Ukraine,https://en.wikipedia.org/wiki/Oleksandr_Yarmak
Svitlana Azarova,Svitlana Azarova,ca2e1c69-be90-49ab-917d-3b679053293f,UA,Person,,100,auto_accept,Very high score and near-exact name match.,Svitlana Azarova,Q455606,Ukraine,Izmail,The Hague,https://en.wikipedia.org/wiki/Svitlana_Azarova
Yevsevii Mandychesvky,,,,,,,no_match,No usable result returned by MusicBrainz.,Yevsevii Mandychesvky,Q701340,Ukraine,Chernivtsi,Austria–Hungary,https://en.wikipedia.org/wiki/Eusebius_Mandyczewski
Alexander Mosolov,Александр Мосолов,5486f401-0f75-4e65-ae02-d54bdb25c83e,SU,Person,Soviet composer,100,review_needed,Candidate is disambiguated and should be checked manually.,Alexander Mosolov,Q918640,Ukraine,Kyiv,Moscow,https://en.wikipedia.org/wiki/Alexander_Mosolov
Artemy Vedel,Артемий Лукьянович Ведель,b05771a9-3e8d-4c37-aed6-5dc289a1500f,UA,Person,,100,review_needed,Candidate needs manual review.,Artemy Vedel,Q971559,Ukraine,Kyiv,Russian Empire,https://en.wikipedia.org/wiki/Artemy_Vedel
Aleksander Michałowski,Aleksander Michałowski,8af15dfb-2d72-4578-9165-464bc1479874,PL,Person,,100,auto_accept,Very high score and near-exact name match.,Aleksander Michałowski,Q1220637,Ukraine,Kamianets-Podilskyi,Poland,https://en.wikipedia.org/wiki/Aleksander_Micha%C5%82owski
Isaac Schwartz,Исаак Шварц,7270f50e-9905-4010-b2ce-024d10163dda,SU,Person,,100,review_needed,Candidate needs manual review.,Isaac Schwartz,Q1366574,Ukraine,Romny,Russia,https://en.wikipedia.org/wiki/Isaac_Schwartz
Nikolay Diletsky,Микола Дилецкий,914ac3cb-4e00-45ca-a238-1102b9b95d78,UA,Person,"Nikolay Diletsky, Ukrainian composer",100,review_needed,Candidate is disambiguated and should be checked manually.,Nikolay Diletsky,Q1389722,Ukraine,Kyiv,Kyiv,https://en.wikipedia.org/wiki/Mykola_Pavlovych_Dyletsky
Ignacy Feliks Dobrzyński,Ignacy Feliks Dobrzyński,c7a1d08c-21f3-4457-a3f7-9e443884259d,PL,Person,,100,auto_accept,Very high score and near-exact name match.,Ignacy Feliks Dobrzyński,Q1622085,Ukraine,Romaniv,Poland,https://en.wikipedia.org/wiki/Ignacy_Feliks_Dobrzy%C5%84ski
Witold Maliszewski,Witold Maliszewski,dac7eb38-3ad9-4f9f-899e-8848e6f20ed2,PL,Person,composer,100,auto_accept,Very high score and near-exact name match.,Witold Maliszewski,Q2094426,Ukraine,Mohyliv-Podilskyi,Saint Petersburg,https://en.wikipedia.org/wiki/Witold_Maliszewski
Aleksander Serov,Александр Серов,5e9364b2-99ce-4d39-b5fb-0d9c15bf2681,RU,Person,Russian pop singer,100,review_needed,Candidate is disambiguated and should be checked manually.,Aleksander Serov,Q4417712,Ukraine,Kovalivka,Russia,https://en.wikipedia.org/wiki/Aleksander_Serov
Vladimir de Pachmann,Vladimir de Pachmann,3df93115-609c-4305-abf3-8a9c91c7704a,UA,Person,pianist,100,auto_accept,Very high score and near-exact name match.,Vladimir de Pachmann,Q674861,Ukraine,Odesa,Kingdom of Italy,https://en.wikipedia.org/wiki/Vladimir_de_Pachmann
Yuri Stoyanov,Yuri,40bad6e2-77f9-47b7-b0da-ffe035a10f67,MX,Person,Mexican singer,100,review_needed,Candidate is disambiguated and should be checked manually.,Yuri Stoyanov,Q26688,Ukraine,Odesa,Russia,https://en.wikipedia.org/wiki/Yuri_Stoyanov
Nikolai Malko,Николай Андреевич Малько,ab8091af-914a-4d98-8f66-66b03e376297,UA,Person,,100,review_needed,Candidate needs manual review.,Nikolai Malko,Q716305,Ukraine,Brailiv,Russian Empire,https://en.wikipedia.org/wiki/Nicolai_Malko
Nonna Grishayeva,Nonna,0a8e7a6d-7666-4658-939c-e6df3c8d1bf9,,Person,christian rapper,100,review_needed,Candidate is disambiguated and should be checked manually.,Nonna Grishayeva,Q2029106,Ukraine,Odesa,Russia,https://en.wikipedia.org/wiki/Nonna_Grishayeva
Nazarii Yaremchuk,Yuriy Yaremchuk,23fec618-9d78-496a-aa3e-574bd9024152,UA,Person,saxophonist and clarinetist,100,review_needed,Candidate is disambiguated and should be checked manually.,Nazarii Yaremchuk,Q2453311,Ukraine,Vyzhnytsia,Soviet Union,https://en.wikipedia.org/wiki/Nazariy_Yaremchuk
Andrii Khlyvniuk,Andrii Yefymov,4cd99092-aeb6-47b8-b0a4-bcd5e1d2afd6,,Person,production music [BaltaZzar],100,review_needed,Candidate is disambiguated and should be checked manually.,Andrii Khlyvniuk,Q4498294,Ukraine,Cherkasy,Ukraine,https://en.wikipedia.org/wiki/Andriy_Khlyvnyuk
Lyudmila Senchina,Людмила Сенчина,6a2a1337-8967-441d-a10f-948ebe5b9e86,SU,Person,,100,review_needed,Candidate needs manual review.,Lyudmila Senchina,Q4416413,Ukraine,Kudriavske,Russia,https://en.wikipedia.org/wiki/Lyudmila_Senchina
Olya Polyakova,Оля Полякова,a49e386a-039d-42ca-995e-9619cb5518d4,UA,Person,,100,review_needed,Candidate needs manual review.,Olya Polyakova,Q15081052,Ukraine,Vinnytsia,Kyiv,https://en.wikipedia.org/wiki/Olya_Polyakova
Berta Vázquez,Berta,5a945027-735d-4008-b4d3-b3d82c90ecac,,Person,,100,review_needed,Candidate needs manual review.,Berta Vázquez,Q21001794,Ukraine,Kyiv,Spain,https://en.wikipedia.org/wiki/Berta_V%C3%A1zquez
Maria Sur,Maria Sur,b57f0ac2-65f7-466b-ade8-19ad291157bd,SE,Person,,100,auto_accept,Very high score and near-exact name match.,Maria Sur,Q116733141,Ukraine,Zaporizhzhia,Sweden,https://en.wikipedia.org/wiki/Maria_Sur
Karol Rathaus,Karol Rathaus,514bcb56-d5c2-46e1-b022-8cb9fa58f9b6,UA,Person,,100,auto_accept,Very high score and near-exact name match.,Karol Rathaus,Q84660,Ukraine,Ternopil,Austria,https://en.wikipedia.org/wiki/Karol_Rathaus
Marian Hemar,Marian Hemar,de5ae606-4a76-4903-93f8-c5a45cc74bb5,PL,Person,,100,auto_accept,Very high score and near-exact name match.,Marian Hemar,Q367234,Ukraine,Lviv,Poland,https://en.wikipedia.org/wiki/Marian_Hemar
Olha Bohomolets,Olha Palamar,b315930a-70ca-4432-85d8-4991acbd06e1,,Person,,100,review_needed,Candidate needs manual review.,Olha Bohomolets,Q868081,Ukraine,Kyiv,Soviet Union,https://en.wikipedia.org/wiki/Olha_Bohomolets
Valentina Serova,Валентина Серова,e293befb-79bf-4f89-9124-8292ac9ae622,RU,Person,the first Russian female composer,100,review_needed,Candidate is disambiguated and should be checked manually.,Valentina Serova,Q534305,Ukraine,Kharkiv,Soviet Union,https://en.wikipedia.org/wiki/Valentina_Serova
Dmytro Shurov,Дмитро Шуров,34f7b488-4e39-4ec6-8a10-a0b0a4c28332,UA,Person,,100,review_needed,Candidate needs manual review.,Dmytro Shurov,Q4527981,Ukraine,Vinnytsia,Ukraine,https://en.wikipedia.org/wiki/Dmytro_Shurov
Menachem Avidom,Menachem Moskowitz,462841a9-85f7-4f34-8676-bec02f900fa5,US,Person,,100,review_needed,Candidate needs manual review.,Menachem Avidom,Q705340,Ukraine,Ivano-Frankivsk,Israel,https://en.wikipedia.org/wiki/Menachem_Avidom
Roza Tamarkina,Roza Roza,7070f620-349b-4c34-99e0-243f67edac89,,,,100,review_needed,Candidate needs manual review.,Roza Tamarkina,Q949673,Ukraine,Kyiv,Soviet Union,https://en.wikipedia.org/wiki/Rosa_Tamarkina
Misha Mengelberg,Misha Mengelberg,4f81bb0c-ea29-4671-9224-e55597811340,NL,Person,"pianist, improviser, composer, co-founder of ICP",100,auto_accept,Very high score and near-exact name match.,Misha Mengelberg,Q1264766,Ukraine,Kyiv,Kingdom of the Netherlands,https://en.wikipedia.org/wiki/Misha_Mengelberg
Yossele Rosenblatt,Yossele Rosenblatt,94344d92-4515-4815-80f0-42024021573c,US,Person,,100,auto_accept,Very high score and near-exact name match.,Yossele Rosenblatt,Q1708769,Ukraine,Bila Tserkva,United States,https://en.wikipedia.org/wiki/Yossele_Rosenblatt
Marcella Sembrich,Marcella Sembrich,296cc1b4-d88b-4ac0-8054-6ef9be09c5d3,PL,Person,"Polish coloratura soprano, Prakseda Marcelina Kochańska",100,auto_accept,Very high score and near-exact name match.,Marcella Sembrich,Q265698,Ukraine,Vyshnivchyk,Poland,https://en.wikipedia.org/wiki/Marcella_Sembrich
Simon Barere,Симон Барер,e4f0f6c2-e196-48d9-bcac-3099f518dee1,RU,Person,pianist,100,review_needed,Candidate is disambiguated and should be checked manually.,Simon Barere,Q268900,Ukraine,Odesa,United States,https://en.wikipedia.org/wiki/Simon_Barere
Tymko Padura,Caviar com Rapadura,882b673c-c4a0-4854-aa47-90203d3ee256,,,,100,review_needed,Candidate needs manual review.,Tymko Padura,Q2563175,Ukraine,Illintsi,Russian Empire,https://en.wikipedia.org/wiki/Tymko_Padura
Mykola Markevych,Mykola Suk,b444250d-1933-40c7-96dd-47785b6781ce,US,Person,pianist,100,review_needed,Candidate is disambiguated and should be checked manually.,Mykola Markevych,Q2659515,Ukraine,Dunaiets,Russian Empire,https://en.wikipedia.org/wiki/Mykola_Markevych
Oleg Karavaychuk,Олег Каравайчук,e510cc05-5101-4107-9212-8e95c3f34d5d,SU,Person,,100,review_needed,Candidate needs manual review.,Oleg Karavaychuk,Q4213623,Ukraine,Kyiv,Soviet Union,https://en.wikipedia.org/wiki/Oleg_Karavaychuk
Irene Abendroth,Irene Abendroth,9a63942e-9d5d-4853-b306-0f468507ea23,PL,Person,Polish soprano,100,auto_accept,Very high score and near-exact name match.,Irene Abendroth,Q79002,Ukraine,Lviv,Austria,https://en.wikipedia.org/wiki/Irene_Abendroth
Katya Chilly,Катя Chilly,360ac7f2-7c26-498a-ac6f-0f3a4f15d456,UA,Person,,100,review_needed,Candidate needs manual review.,Katya Chilly,Q4217574,Ukraine,Kyiv,Ukraine,https://en.wikipedia.org/wiki/Katya_Chilly
Alexander Kipnis,Alexander Kipnis,617e5e6d-555f-4655-8907-0d0a4f075cf1,US,Person,operatic bass,100,auto_accept,Very high score and near-exact name match.,Alexander Kipnis,Q215634,Ukraine,Zhytomyr,Russian Empire,https://en.wikipedia.org/wiki/Alexander_Kipnis
Bohdana Frolyak,Bohdana Frolyak,304ea972-0600-43b4-9d91-50377a574c10,UA,Person,Ukrainian composer,100,auto_accept,Very high score and near-exact name match.,Bohdana Frolyak,Q4938040,Ukraine,Vydyniv,Ukraine,https://en.wikipedia.org/wiki/Bohdana_Frolyak
Maria Kuznetsova,Мария Николаевна Кузнецова,69925e0c-2a09-4445-b8d7-6b0aa85aa10a,RU,Person,soprano Maria Kuznetsova,100,review_needed,Candidate is disambiguated and should be checked manually.,Maria Kuznetsova,Q3291015,Ukraine,Odesa,France,https://en.wikipedia.org/wiki/Mariya_Kuznetsova_(singer)
Olena Tokar,Olena Tokar,24285042-bcc6-4d24-aa57-a537ad34654d,UA,Person,soprano,100,auto_accept,Very high score and near-exact name match.,Olena Tokar,Q12161762,Ukraine,Novotoshkivske,Ukraine,https://en.wikipedia.org/wiki/Olena_Tokar
Maria Forescu,Maria Bethânia,b3998c06-04e6-4b1d-bd2a-d5b83572ae7b,BR,Person,,100,review_needed,Candidate needs manual review.,Maria Forescu,Q446936,Ukraine,Chernivtsi,Cisleithania,https://en.wikipedia.org/wiki/Maria_Forescu
Natalie Burn,Natalie Burn,0e8d262b-cf9d-4891-a3d3-898e2d3c816c,,Person,,100,auto_accept,Very high score and near-exact name match.,Natalie Burn,Q23715847,Ukraine,Kyiv,Ukraine,https://en.wikipedia.org/wiki/Natalie_Burn
Abraham Firkovich,Vader Abraham,a74bd336-7e59-4bdb-a33d-61073bdcfe44,NL,Person,"Dutch musician, singer-songwriter & record producer",100,review_needed,Candidate is disambiguated and should be checked manually.,Abraham Firkovich,Q2390259,Ukraine,Lutsk,Polish–Lithuanian Commonwealth,https://en.wikipedia.org/wiki/Abraham_Firkovich
Jascha Horenstein,Jascha Horenstein,f0fdf43e-55f3-48fb-a9ed-fbe254750f9b,US,Person,conductor,100,auto_accept,Very high score and near-exact name match.,Jascha Horenstein,Q214965,Ukraine,Kyiv,New York City,https://en.wikipedia.org/wiki/Jascha_Horenstein
Volodymyr Sheiko,Volodymyr Sheiko,2f6aa873-0574-488f-82d9-e6d4642cc6bf,UA,Person,conductor,100,auto_accept,Very high score and near-exact name match.,Volodymyr Sheiko,Q4522423,Ukraine,Kharkiv,Ukraine,https://en.wikipedia.org/wiki/Volodymyr_Sheiko
Helena Makowska,Helena Vondráčková,2c56c825-32ab-4317-b724-866076b7da75,CZ,Person,,100,review_needed,Candidate needs manual review.,Helena Makowska,Q274282,Ukraine,Kryvyi Rih,Italy,https://en.wikipedia.org/wiki/Helena_Makowska
Rimma Kazakova,Римма Казакова,732cf272-4c5a-4d08-a768-6e484a4f46d6,RU,Person,,100,review_needed,Candidate needs manual review.,Rimma Kazakova,Q2023059,Ukraine,Sevastopol,Russia,https://en.wikipedia.org/wiki/Rimma_Kazakova
Alina Grosu,Grosu,90c785c7-adea-465f-8a5d-018bccc4b6ab,UA,Person,Ukranian singer,100,review_needed,Candidate is disambiguated and should be checked manually.,Alina Grosu,Q2359458,Ukraine,Chernivtsi,Ukraine,https://en.wikipedia.org/wiki/Alina_Grosu
Oleksiy Gorbunov,Nikita Gorbunov,1bbae0df-fa91-42b3-a7e6-af9a4c52c430,DE,Person,,100,review_needed,Candidate needs manual review.,Oleksiy Gorbunov,Q2834347,Ukraine,Kyiv,Soviet Union,https://en.wikipedia.org/wiki/Oleksiy_Gorbunov
Olena Kravets,Олена Кравець,66893949-8c1d-4d0f-a8c0-62f3d919f488,UA,Person,,100,review_needed,Candidate needs manual review.,Olena Kravets,Q4237277,Ukraine,Kryvyi Rih,Soviet Union,https://en.wikipedia.org/wiki/Olena_Kravets
Olga Romanovskaya,Ольга Романовська,10005810-0dc4-43f5-b08d-6449dd663ea9,UA,Person,Olga Romanovska,100,review_needed,Candidate is disambiguated and should be checked manually.,Olga Romanovskaya,Q3350429,Ukraine,Mykolaiv,Ukraine,https://en.wikipedia.org/wiki/Olga_Romanovskaya
Aida Nikolaychuk,Aida Nikolaychuk,0ebcb599-e99c-4703-aea4-569ed82d40d5,UA,Person,,100,auto_accept,Very high score and near-exact name match.,Aida Nikolaychuk,Q12134613,Ukraine,Odesa,Ukraine,https://en.wikipedia.org/wiki/Aida_Nikolaychuk
Alisa Kozhikina,Alisa Kozhikina,2e3515b0-b4e0-4e95-8bc8-cbf102b34289,RU,Person,,100,auto_accept,Very high score and near-exact name match.,Alisa Kozhikina,Q18126952,Ukraine,Uspenka,Russia,https://en.wikipedia.org/wiki/Alisa_Kozhikina
Taras Chubay,Тарас Чубай,5788c6df-063e-4df3-99e9-99c607f64d6b,UA,Person,український рок-музикант та композитор,100,review_needed,Candidate is disambiguated and should be checked manually.,Taras Chubay,Q82262,Ukraine,Lviv,Soviet Union,https://en.wikipedia.org/wiki/Taras_Chubay
Alona Kimhi,אלונה קמחי,da6c3035-9078-4f00-9a35-ceaf3253a5d6,IL,Person,,100,review_needed,Candidate needs manual review.,Alona Kimhi,Q271816,Ukraine,Lviv,Israel,https://en.wikipedia.org/wiki/Alona_Kimhi
Irving Mills,Irving Mills,2a2bf494-ac80-4ac9-901f-1ef2fece51ce,US,Person,,100,auto_accept,Very high score and near-exact name match.,Irving Mills,Q1292110,Ukraine,Odesa,United States,https://en.wikipedia.org/wiki/Irving_Mills
Els Aarne,Els Aarne,44a9a8d8-8cf8-454a-a8bc-2ab06e428657,EE,Person,Estonian composer,100,auto_accept,Very high score and near-exact name match.,Els Aarne,Q453545,Ukraine,Makiivka,Estonia,https://en.wikipedia.org/wiki/Els_Aarne
Ihor Shamo,Iгор Шамо,55f20da1-4481-499d-9ffb-1db7e6b2a5b2,UA,Person,Ukrainian composer,100,review_needed,Candidate is disambiguated and should be checked manually.,Ihor Shamo,Q4519883,Ukraine,Kyiv,Soviet Union,https://en.wikipedia.org/wiki/Ihor_Shamo
Mikhail Elizarov,Esp Elizarov,790db201-d013-4792-9fb7-10b8196fb811,,,"appears in session.six, hip hop prod producer",100,review_needed,Candidate is disambiguated and should be checked manually.,Mikhail Elizarov,Q4174878,Ukraine,Ivano-Frankivsk,Germany,https://en.wikipedia.org/wiki/Mikhail_Elizarov
Vasyl Zinkevych,Василь Зінкевич,d84cf2f3-7551-436a-b2eb-c9155db84dea,UA,Person,,100,review_needed,Candidate needs manual review.,Vasyl Zinkevych,Q4192156,Ukraine,Vaskivtsi,Ukraine,https://en.wikipedia.org/wiki/Vasyl_Zinkevych
Jack Delano,Jack Delano,83b7f1f8-233c-4f1e-aa42-486d52b87276,US,Person,,100,auto_accept,Very high score and near-exact name match.,Jack Delano,Q639121,Ukraine,Voroshylivka,United States,https://en.wikipedia.org/wiki/Jack_Delano
Oleh Vynnyk,Oleh Harkavyy,f6fce331-d911-4509-95fd-b86f82fec8db,UA,Person,Ukrainian composer,100,review_needed,Candidate is disambiguated and should be checked manually.,Oleh Vynnyk,Q20066240,Ukraine,Verbivka,Germany,https://en.wikipedia.org/wiki/Oleh_Vynnyk
Mykola Kolessa,Микола Колесса,1a0c7f95-c118-4d26-9cc9-46c422736e72,UA,Person,"composer, conductor, educator",100,review_needed,Candidate is disambiguated and should be checked manually.,Mykola Kolessa,Q1956613,Ukraine,Sambir,Austria–Hungary,https://en.wikipedia.org/wiki/Mykola_Kolessa
Leonid Nikolayev,Leonid Nikolayev,b76c1fe9-1f8d-4a3c-9790-7f0bc6d42737,RU,Person,"pianist, conductor, composer",100,auto_accept,Very high score and near-exact name match.,Leonid Nikolayev,Q2023778,Ukraine,Kyiv,Russian Empire,https://en.wikipedia.org/wiki/Leonid_Nikolayev_(pianist)
Leo Sirota,Leo Sirota,d94fa163-90b0-450d-9abc-de462b63a081,US,Person,,100,auto_accept,Very high score and near-exact name match.,Leo Sirota,Q1037441,Ukraine,Kamianets-Podilskyi,Kyiv,https://en.wikipedia.org/wiki/Leo_Sirota
Rosina Lhévinne,Rosina Bessie Lhévinne,26ba0775-2322-42d3-9256-97e5f1850f47,RU,Person,pianist,100,review_needed,Candidate is disambiguated and should be checked manually.,Rosina Lhévinne,Q2633099,Ukraine,Kyiv,United States,https://en.wikipedia.org/wiki/Rosina_Lh%C3%A9vinne
Joel Engel,יואל אנגל,4f643a12-9b21-4d7f-b791-e1ef41105906,IL,Person,,100,review_needed,Candidate needs manual review.,Joel Engel,Q2910129,Ukraine,Berdiansk,Mandatory Palestine,https://en.wikipedia.org/wiki/Joel_Engel_(composer)
Borys Hmyria,Borys,97cfc858-63d9-4aa5-b11e-5757ce09cb7e,,Person,"Jason Borys, from Edmonton",100,review_needed,Candidate is disambiguated and should be checked manually.,Borys Hmyria,Q2024256,Ukraine,Lebedyn,Soviet Union,https://en.wikipedia.org/wiki/Borys_Hmyria
Olha Bezsmertna,Olga Bezsmertna,46334952-9b6b-4c9b-b424-0c57e9453fa2,UA,Person,soprano,100,auto_accept,High score and strong name similarity.,Olha Bezsmertna,Q20631407,Ukraine,Bohuslav,Ukraine,https://en.wikipedia.org/wiki/Olga_Bezsmertna
Arsen Mirzoyan,MirzOyan,67fcd98c-708d-4e07-9a4f-d50597179441,AM,Person,Armenian photographer,100,review_needed,Candidate is disambiguated and should be checked manually.,Arsen Mirzoyan,Q12131555,Ukraine,Zaporizhzhia,Ukraine,https://en.wikipedia.org/wiki/Arsen_Mirzoyan
Marek Weber,Marek Weber,7591640c-968e-42bf-9e4e-6cbce12352e6,DE,Person,,100,auto_accept,Very high score and near-exact name match.,Marek Weber,Q78127,Ukraine,Lviv,Austria–Hungary,https://en.wikipedia.org/wiki/Marek_Weber
Sári Fedák,Vörös Sári,a162eff6-1428-4829-a5e0-e10d94ce42f0,,,,100,review_needed,Candidate needs manual review.,Sári Fedák,Q427439,Ukraine,Berehove,Hungary,https://en.wikipedia.org/wiki/S%C3%A1ri_Fed%C3%A1k
Irena Karpa,Ірена Карпа,31b32a4e-84e2-48b0-af69-6081332544fe,UA,Person,,100,review_needed,Candidate needs manual review.,Irena Karpa,Q550858,Ukraine,Cherkasy,Ukraine,https://en.wikipedia.org/wiki/Irena_Karpa
Natalia Buchynska,Наталія Бучинська,8d4d85fc-7449-4aa2-8a05-17777e3057e0,UA,Person,,100,review_needed,Candidate needs manual review.,Natalia Buchynska,Q4100623,Ukraine,Lviv,Soviet Union,https://en.wikipedia.org/wiki/Natalia_Buchynska
Aleksandr Revva,Aleksandr Snizhko,9393dc63-4c54-4164-bd74-4d0b3fd3ec1c,,Person,,100,review_needed,Candidate needs manual review.,Aleksandr Revva,Q4391645,Ukraine,Donetsk,Russia,https://en.wikipedia.org/wiki/Aleksandr_Revva
Maria Burmaka,Марія Бурмака,c3c71e5a-7604-4764-9e49-76f18fbe2a9b,UA,Person,,100,review_needed,Candidate needs manual review.,Maria Burmaka,Q15064790,Ukraine,Kharkiv,Soviet Union,https://en.wikipedia.org/wiki/Maria_Burmaka
Anna Asti,ANNA ASTI,b934679c-d157-4d13-8618-6c21d212438d,RU,Person,,100,auto_accept,Very high score and near-exact name match.,Anna Asti,Q107646300,Ukraine,Cherkasy,Russia,https://en.wikipedia.org/wiki/Anna_Asti
Pyotr Stolyarsky,Пётр Столярский,be7c4870-d458-4fdd-9d74-e448498dfc35,RU,Person,Russian violinist and teacher,100,review_needed,Candidate is disambiguated and should be checked manually.,Pyotr Stolyarsky,Q440716,Ukraine,Lypovets,Soviet Union,https://en.wikipedia.org/wiki/Pyotr_Stolyarsky
Leon Belasco,Leon Belasco,8e0c4138-81cc-47ac-8c23-d62283a2b844,US,Person,Russian-American musician and actor,100,auto_accept,Very high score and near-exact name match.,Leon Belasco,Q6524510,Ukraine,Odesa,United States,https://en.wikipedia.org/wiki/Leon_Belasco
Victoria Petryk,Victoria Petryk,d4bdd9c7-2100-48a1-bf15-c0f543c64bad,UA,Person,"Ukranian singer, JESC 2008 runner-up",100,auto_accept,Very high score and near-exact name match.,Victoria Petryk,Q166661,Ukraine,Odesa,Ukraine,https://en.wikipedia.org/wiki/Viktoria_Petryk
GeeGun,Джиган,40e4a0d1-60e3-4b10-8184-46ea08e0cdf7,RU,Person,Russian hip-hop artist,100,review_needed,Candidate is disambiguated and should be checked manually.,GeeGun,Q4160262,Ukraine,Odesa,Russia,https://en.wikipedia.org/wiki/GeeGun
Joseph Schillinger,Joseph Schillinger,a92e8422-23a3-4210-bdac-a194b9f1755e,US,Person,,100,auto_accept,Very high score and near-exact name match.,Joseph Schillinger,Q510906,Ukraine,Kharkiv,Soviet Union,https://en.wikipedia.org/wiki/Joseph_Schillinger
Isydor Vorobkevych,Sydir Vorobkevych,dbd0709c-ad57-4bf2-b62f-b37b1cbbc002,UA,Person,,100,auto_accept,High score and strong name similarity.,Isydor Vorobkevych,Q695400,Ukraine,Chernivtsi,Austrian Empire,https://en.wikipedia.org/wiki/Sydir_Vorobkevych
Juliusz Zarębski,Juliusz Zarębski,722feabb-7453-4484-bee9-f519719e83d9,PL,Person,Polish composer and pianist,100,auto_accept,Very high score and near-exact name match.,Juliusz Zarębski,Q1245120,Ukraine,Zhytomyr,Poland,https://en.wikipedia.org/wiki/Juliusz_Zar%C4%99bski
Mikhail Alperin,Миша Альперин,38a2d94b-69e6-4700-879a-ade66459d0f6,UA,Person,,100,review_needed,Candidate needs manual review.,Mikhail Alperin,Q1377150,Ukraine,Kamianets-Podilskyi,Norway,https://en.wikipedia.org/wiki/Mikhail_Alperin
Alexander Tsfasman,Оркестр Александра Цфасмана,6e37356f-f41e-4f33-a955-263ccd8a126d,RU,Orchestra,jazz orchestra,100,review_needed,Candidate is disambiguated and should be checked manually.,Alexander Tsfasman,Q1523426,Ukraine,Zaporizhzhia,Russian Empire,https://en.wikipedia.org/wiki/Alexander_Tsfasman
Viktoriya Yermolyeva,Vika Yermolyeva,59feafb2-48ef-436f-afac-c6c89be9972d,UA,Person,,100,auto_accept,High score and strong name similarity.,Viktoriya Yermolyeva,Q441126,Ukraine,Kyiv,Ukraine,https://en.wikipedia.org/wiki/Viktoriya_Yermolyeva
Art Hodes,Art Hodes,913e5c9f-7ea0-44e3-a3cb-38a9962715ba,,Person,,100,auto_accept,Very high score and near-exact name match.,Art Hodes,Q705580,Ukraine,Mykolaiv,United States,https://en.wikipedia.org/wiki/Art_Hodes
Kyrylo Stetsenko,Denys Stetsenko,53e3c411-fa23-4477-8426-1db2f5cfe2be,PT,Person,,100,review_needed,Candidate needs manual review.,Kyrylo Stetsenko,Q2090016,Ukraine,Kvitky,Bila Tserkva,https://en.wikipedia.org/wiki/Kyrylo_Stetsenko
Stefan Askenase,Stefan Askenase,c6cf542a-1637-4fad-9994-f1e978b824a5,PL,Person,Polish-Belgian pianist,100,auto_accept,Very high score and near-exact name match.,Stefan Askenase,Q588354,Ukraine,Lviv,Belgium,https://en.wikipedia.org/wiki/Stefan_Askenase
Louis Krasner,Louis Krasner,3e55aba0-b591-4943-9f14-cb8fede63031,US,Person,,100,auto_accept,Very high score and near-exact name match.,Louis Krasner,Q2655660,Ukraine,Cherkasy,United States,https://en.wikipedia.org/wiki/Louis_Krasner
Delfina Potocka,Delfina Potocka,b5fafffd-5606-4066-962f-5dbaf6f460aa,PL,Person,,100,auto_accept,Very high score and near-exact name match.,Delfina Potocka,Q3021581,Ukraine,Murovani Kurylivtsi,Poland,https://en.wikipedia.org/wiki/Delfina_Potocka
Heorhii Maiboroda,Sergey Maiboroda,27aa15fd-08d2-45ec-b279-b1488f5a552e,,Person,,100,review_needed,Candidate needs manual review.,Heorhii Maiboroda,Q4274697,Ukraine,Pelekhivshchina,Russian Empire,https://en.wikipedia.org/wiki/Heorhiy_Maiboroda
Filaret Kolessa,Filaret Kolessa,c3b65019-1a56-4cc3-bfd9-05b248670e4f,UA,Person,,100,auto_accept,Very high score and near-exact name match.,Filaret Kolessa,Q4227870,Ukraine,Stryi,Austria–Hungary,https://en.wikipedia.org/wiki/Filaret_Kolessa
Oscar Feltsman,Оскар Фельцман,4d6291a8-fd81-48e3-a1b9-3fecf7d00451,SU,Person,,100,review_needed,Candidate needs manual review.,Oscar Feltsman,Q4136184,Ukraine,Odesa,Russia,https://en.wikipedia.org/wiki/Oscar_Feltsman
Nestor Nyzhankivskyi,Nestor,efd439ec-8052-4e1b-836b-ed475334ac3f,SE,Group,Swedish hard rock band,100,review_needed,Candidate is disambiguated and should be checked manually.,Nestor Nyzhankivskyi,Q12133668,Ukraine,Berezhany,Austria–Hungary,https://en.wikipedia.org/wiki/Nestor_Nyzhankivsky
Viktoriia Lukianets,VIKTORIIA,7d48a27b-72fa-4e27-b880-f7a20667d2b4,,,,100,review_needed,Candidate needs manual review.,Viktoriia Lukianets,Q435893,Ukraine,Kyiv,Ukraine,https://en.wikipedia.org/wiki/Victoria_Loukianetz
Yevheniia Miroshnychenko,Євгенія Смолянинова,3ffa967c-8cd9-4bca-b3ca-0c41751dfdb7,UA,Person,,100,review_needed,Candidate needs manual review.,Yevheniia Miroshnychenko,Q458179,Ukraine,Hrafske,Soviet Union,https://en.wikipedia.org/wiki/Evgeniya_Miroshnichenko
Józef Koffler,Józef Koffler,7928e584-ee78-4666-8a9d-7d5614e4a550,PL,Person,,100,auto_accept,Very high score and near-exact name match.,Józef Koffler,Q655026,Ukraine,Stryi,Second Polish Republic,https://en.wikipedia.org/wiki/J%C3%B3zef_Koffler
Mark Reizen,Марк Рейзен,e890eecb-73b5-4620-95e8-f4ccd8eba55c,SU,Person,a leading Soviet opera basso singer,100,review_needed,Candidate is disambiguated and should be checked manually.,Mark Reizen,Q1387918,Ukraine,Zaitseve,Russian Empire,https://en.wikipedia.org/wiki/Mark_Reizen
Dmytro Hnatyuk,Дмитро Гнатюк,a3e48583-5155-484f-91bc-d20ca097abc5,UA,Person,,100,review_needed,Candidate needs manual review.,Dmytro Hnatyuk,Q2560981,Ukraine,Northern Bukovina,Kingdom of Romania,https://en.wikipedia.org/wiki/Dmytro_Hnatyuk
Maria Sadovska-Barilotti,Марʼяна Садовська,fc235f54-95dd-4ae6-8253-556825ce87b9,UA,Person,,100,review_needed,Candidate needs manual review.,Maria Sadovska-Barilotti,Q12150164,Ukraine,Kamiano-Kostuvate,Russian Empire,https://en.wikipedia.org/wiki/Maria_Sadovska_Barilotti
Olga Kulchynska,Ольга Кульчинська,ce6c27eb-347d-433c-ae25-03afec03f463,UA,Person,soprano,100,review_needed,Candidate is disambiguated and should be checked manually.,Olga Kulchynska,Q16739217,Ukraine,Rivne,Ukraine,https://en.wikipedia.org/wiki/Olga_Kulchynska
Karmella Tsepkolenko,Кармелла Цепколенко,eb44637a-8997-44ce-a60e-316a6900e110,UA,Person,,100,review_needed,Candidate needs manual review.,Karmella Tsepkolenko,Q6372741,Ukraine,Odesa,Soviet Union,https://en.wikipedia.org/wiki/Karmella_Tsepkolenko
Denis Stoff,Denis Stoff,dd28a1a0-1980-4860-a1ff-4712e2c0c3fd,UA,Person,,100,auto_accept,Very high score and near-exact name match.,Denis Stoff,Q19817030,Ukraine,Khartsyzk,Ukraine,https://en.wikipedia.org/wiki/Denis_Stoff
Kirill Karabits,Kirill Karabits,15fb1034-680b-4f23-aba7-0218ff1a3fa3,UA,Person,conductor,100,auto_accept,Very high score and near-exact name match.,Kirill Karabits,Q6415231,Ukraine,Kyiv,Ukraine,https://en.wikipedia.org/wiki/Kirill_Karabits
Zula Pogorzelska,Zula Pogorzelska i chor,ec8c8dd6-f35c-4a32-a0e6-b707118fa575,,Orchestra,Polish jazz,100,review_needed,Candidate is disambiguated and should be checked manually.,Zula Pogorzelska,Q82959,Ukraine,Yevpatoriia,Russian Empire,https://en.wikipedia.org/wiki/Zula_Pogorzelska
Szymon Szurmiej,Dawid Szurmiej,90854351-f052-47f9-a34e-aef0bdca52e3,PL,Person,,100,review_needed,Candidate needs manual review.,Szymon Szurmiej,Q9352716,Ukraine,Lutsk,Poland,https://en.wikipedia.org/wiki/Szymon_Szurmiej
Iryna Fedyshyn,Ірина Федишин,7823703f-1134-4e6f-99d9-eeff577a6993,UA,Person,,100,review_needed,Candidate needs manual review.,Iryna Fedyshyn,Q12127853,Ukraine,Lviv,Ukraine,https://en.wikipedia.org/wiki/Iryna_Fedyshyn
Oleksandr Polozhynskyi,Oleksandr Polozhynskyi,be7622e0-ac28-4970-b93f-07c7b539a137,,Person,,100,auto_accept,Very high score and near-exact name match.,Oleksandr Polozhynskyi,Q11801469,Ukraine,Lutsk,Soviet Union,https://en.wikipedia.org/wiki/Oleksandr_Polozhynskyi
Dajos Béla,Dajos Béla,34ca6f4b-365f-4dc5-a8cf-5f39a35de42b,,Person,,100,auto_accept,Very high score and near-exact name match.,Dajos Béla,Q78124,Ukraine,Kyiv,Berlin,https://en.wikipedia.org/wiki/Dajos_B%C3%A9la
Ādolfs Skulte,Ādolfs Skulte,be18c90a-adee-40a4-9bff-216839135780,LV,Person,,100,auto_accept,Very high score and near-exact name match.,Ādolfs Skulte,Q336037,Ukraine,Kyiv,Latvia,https://en.wikipedia.org/wiki/%C4%80dolfs_Skulte
Mikhail Matusovsky,Михаил Матусовский,93491614-83e7-4977-8cdd-c3e3a7b6822e,SU,Person,,100,review_needed,Candidate needs manual review.,Mikhail Matusovsky,Q1990028,Ukraine,Luhansk,Russian Empire,https://en.wikipedia.org/wiki/Mikhail_Matusovsky
Roman Palester,Roman Palester,c77f8c74-85fc-4c0d-b769-40df9e312fb7,PL,Person,,100,auto_accept,Very high score and near-exact name match.,Roman Palester,Q460721,Ukraine,Sniatyn,Poland,https://en.wikipedia.org/wiki/Roman_Palester
Bogusław Schaeffer,Bogusław Schaeffer,3ba37600-ef36-4aae-a095-89a3c4234173,PL,Person,,100,auto_accept,Very high score and near-exact name match.,Bogusław Schaeffer,Q465396,Ukraine,Lviv,Kraków,https://en.wikipedia.org/wiki/Bogus%C5%82aw_Schaeffer
Mischa Levitzki,Mischa Levitzki,9517a495-9ce0-4e6f-b5e8-56572723ea62,US,Person,,100,auto_accept,Very high score and near-exact name match.,Mischa Levitzki,Q506276,Ukraine,Kremenchuk,United States,https://en.wikipedia.org/wiki/Mischa_Levitzki
Alexander Uninsky,Alexander Uninsky,5d106e98-86bb-458a-bedb-751c43b248bb,US,Person,American pianist,100,auto_accept,Very high score and near-exact name match.,Alexander Uninsky,Q931199,Ukraine,Kyiv,Russian Empire,https://en.wikipedia.org/wiki/Alexander_Uninsky
Mari Kraimbrery,Мари Краймбрери,ec819f95-7ffd-498e-a1ee-6caf524ddf84,RU,Person,,100,review_needed,Candidate needs manual review.,Mari Kraimbrery,Q65153800,Ukraine,Kryvyi Rih,Moscow,https://en.wikipedia.org/wiki/Mari_Kraimbrery
Yuri Levitin,Юрий Левитин,3757439b-5f24-41b4-ad3d-145401cd326b,UA,Person,,100,review_needed,Candidate needs manual review.,Yuri Levitin,Q1974337,Ukraine,Poltava,Soviet Union,https://en.wikipedia.org/wiki/Yuri_Levitin
Nikolai Dahl,Nikolai Dahl,f9fb846e-8506-4454-ae5a-94abd340add0,RU,Person,,100,auto_accept,Very high score and near-exact name match.,Nikolai Dahl,Q2439764,Ukraine,Kherson,Russian Empire,https://en.wikipedia.org/wiki/Nikolai_Dahl
Alla Pavlova,Алла Павлова,1ffbb44b-8fd9-482f-9cdd-a6b80d31c8d9,RU,Person,,100,review_needed,Candidate needs manual review.,Alla Pavlova,Q2446515,Ukraine,Vinnytsia,Soviet Union,https://en.wikipedia.org/wiki/Alla_Pavlova
Alena Vinnitskaya,Алёна Винницкая,9c067a4c-c8e8-43c7-83ef-ac6481d2de6f,UA,Person,,100,review_needed,Candidate needs manual review.,Alena Vinnitskaya,Q2504592,Ukraine,Kyiv,Ukraine,https://en.wikipedia.org/wiki/Alena_Vinnitskaya
Klavdia Petrivna,Klavdia Petrivna,8b064dd8-e707-41d6-b9db-e4d14d7dc4a7,UA,Person,,100,auto_accept,Very high score and near-exact name match.,Klavdia Petrivna,Q123117464,Ukraine,Hirne,Ukraine,https://en.wikipedia.org/wiki/Klavdia_Petrivna
Yulii Meitus,Robert Meitus,a2f8c663-e72f-4341-8bf9-3985c21622e2,,,,100,review_needed,Candidate needs manual review.,Yulii Meitus,Q4289181,Ukraine,Kropyvnytskyi,Soviet Union,https://en.wikipedia.org/wiki/Yuliy_Meitus
Stepan Hiha,Степан Гіга,7fac5b14-644c-4b47-b201-c952e3f9fe31,UA,Person,Ukrainian singer,100,review_needed,Candidate is disambiguated and should be checked manually.,Stepan Hiha,Q4137967,Ukraine,Bilky,Soviet Union,https://en.wikipedia.org/wiki/Stepan_Hiha
Alexey Retinsky,Alexey Retinsky,8d09c412-622e-44b6-a181-0c422429c56b,,Person,,100,auto_accept,Very high score and near-exact name match.,Alexey Retinsky,Q4393696,Ukraine,Simferopol,Austria,https://en.wikipedia.org/wiki/Alexey_Retinsky
Andrii Shtoharenko,Andrii Yefymov,4cd99092-aeb6-47b8-b0a4-bcd5e1d2afd6,,Person,production music [BaltaZzar],100,review_needed,Candidate is disambiguated and should be checked manually.,Andrii Shtoharenko,Q4526895,Ukraine,Dnipro,Russian Empire,https://en.wikipedia.org/wiki/Andriy_Shtoharenko
Hanna Havrylets,Hanna Havrylets,2872267b-ab35-48eb-9f1b-878e74f0c165,UA,Person,composer,100,auto_accept,Very high score and near-exact name match.,Hanna Havrylets,Q5648689,Ukraine,Vydyniv,Soviet Union,https://en.wikipedia.org/wiki/Hanna_Havrylets
Lesia Dychko,Леся Василівна Дичко,7474dd91-104b-482f-8936-89e4d47bdcc8,UA,Person,,100,review_needed,Candidate needs manual review.,Lesia Dychko,Q6530361,Ukraine,Kyiv,Soviet Union,https://en.wikipedia.org/wiki/Lesia_Dychko
Vitaliy Hodziatsky,Vitaliy,b668e6c9-847c-4f01-8f0e-c6c3ad897946,,Person,,100,review_needed,Candidate needs manual review.,Vitaliy Hodziatsky,Q7936889,Ukraine,Kyiv,Soviet Union,https://en.wikipedia.org/wiki/Vitaliy_Hodziatsky
Taras Petrynenko,Тарас Петриненко,1b06c764-7ecb-4bee-b46c-614a2a8c515e,UA,Person,"український музикант, співак, композитор",100,review_needed,Candidate is disambiguated and should be checked manually.,Taras Petrynenko,Q7685542,Ukraine,Kyiv,Soviet Union,https://en.wikipedia.org/wiki/Taras_Petrynenko
Anna Chertkova,Άννα Βίσση,e2b96b55-35c4-45b9-8d7b-726ac927982f,GR,Person,Greek singer and actress,100,review_needed,Candidate is disambiguated and should be checked manually.,Anna Chertkova,Q84045995,Ukraine,Kyiv,Russian Empire,https://en.wikipedia.org/wiki/Anna_Chertkova
Anastasija Stockaja,Анастасия Стоцкая,58b51c96-92c6-40a1-9719-848bd067307f,RU,Person,,100,review_needed,Candidate needs manual review.,Anastasija Stockaja,Q1091701,Ukraine,Kyiv,Russia,https://en.wikipedia.org/wiki/Anastasia_Stotskaya
Anzhelika Varum,Анжелика Варум,8fbecb92-da45-4f01-9cc5-746dcfdb200e,RU,Person,,100,review_needed,Candidate needs manual review.,Anzhelika Varum,Q4104030,Ukraine,Lviv,Russia,https://en.wikipedia.org/wiki/Anzhelika_Varum
Valery Obodzinsky,Валерий Ободзинский,37b2e746-1803-4022-9c93-186d93eefe00,RU,Person,,100,review_needed,Candidate needs manual review.,Valery Obodzinsky,Q4329463,Ukraine,Odesa,Russia,https://en.wikipedia.org/wiki/Valery_Obodzinsky
Lyubov Dobrzhanskaya,Lyubov,10b1dad6-5c0d-48ec-a4de-4fd94e2e6ca0,,Person,Vocalist from Pinkshinyultrablast,100,review_needed,Candidate is disambiguated and should be checked manually.,Lyubov Dobrzhanskaya,Q4163437,Ukraine,Kyiv,Soviet Union,https://en.wikipedia.org/wiki/Lyubov_Dobrzhanskaya
Sabriye Erecepova,Sabriye Sayın,592c644d-beb1-4355-9da3-3a9caadb00cb,,Person,,100,review_needed,Candidate needs manual review.,Sabriye Erecepova,Q12149944,Ukraine,Bakhchysarai,Soviet Union,https://en.wikipedia.org/wiki/Sabriye_Erecepova
Misha Romanova,Миша Романова,305a70d8-4903-4d1e-9032-bf54ed7f7728,UA,Person,,100,review_needed,Candidate needs manual review.,Misha Romanova,Q17372028,Ukraine,Kherson,Ukraine,https://en.wikipedia.org/wiki/Misha_Romanova
Alloise,Alloise,a7ee0f9b-8527-417f-9082-abb10574ae0a,UA,Person,,100,auto_accept,Very high score and near-exact name match.,Alloise,Q18235061,Ukraine,Poltava,Ukraine,https://en.wikipedia.org/wiki/Alloise
Levi Yitzchok of Berditchev,לוי יצחק בארדיטשובער,9e1676a6-67e8-44cc-995b-5d2e9263f5d2,,Person,,100,review_needed,Candidate needs manual review.,Levi Yitzchok of Berditchev,Q1821872,Ukraine,Husakiv,Russian Empire,https://en.wikipedia.org/wiki/Levi_Yitzchok_of_Berditchev
Bertha Kalich,Kalich pravdy,4fa43e62-040f-4941-9427-ac4580c28e5a,SK,Group,,100,review_needed,Candidate needs manual review.,Bertha Kalich,Q4895495,Ukraine,Lviv,United States,https://en.wikipedia.org/wiki/Bertha_Kalich
Zofia Lissa,Zofia Lissa,a6ac93de-36ca-42e2-b528-82d799c7c0a3,PL,Person,musicologist,100,auto_accept,Very high score and near-exact name match.,Zofia Lissa,Q218308,Ukraine,Lviv,Poland,https://en.wikipedia.org/wiki/Zofia_Lissa
Oksana Bilozir,Оксана Білозір,f1bf82c0-4eb0-48b9-b4d4-bc3980fd725e,UA,Person,українська артистка,100,review_needed,Candidate is disambiguated and should be checked manually.,Oksana Bilozir,Q444942,Ukraine,Smyha,Ukraine,https://en.wikipedia.org/wiki/Oksana_Bilozir
L. Wolfe Gilbert,L. Wolfe Gilbert,b9640354-c80b-4fe7-ab2c-7b5c68674157,US,Person,,100,auto_accept,Very high score and near-exact name match.,L. Wolfe Gilbert,Q329358,Ukraine,Odesa,United States,https://en.wikipedia.org/wiki/L._Wolfe_Gilbert
Lee Altus,Lee Altus,e1028d08-7ef0-4314-9790-a45467cfe685,US,Person,,100,auto_accept,Very high score and near-exact name match.,Lee Altus,Q361721,Ukraine,Odesa,United States,https://en.wikipedia.org/wiki/Lee_Altus
Sebastian z Felsztyna,Sebastian z Felsztyna,c6ddce9f-7feb-4a89-9c80-bafb42ae5575,PL,Person,,100,auto_accept,Very high score and near-exact name match.,Sebastian z Felsztyna,Q163833,Ukraine,Skelivka,Poland,https://en.wikipedia.org/wiki/Sebastian_z_Felsztyna
Yefim Golyshev,Yefim Bronfman,cfed95dc-6432-47f1-8364-586eb49511c1,RU,Person,pianist,100,review_needed,Candidate is disambiguated and should be checked manually.,Yefim Golyshev,Q214954,Ukraine,Kherson,Russian Empire,https://en.wikipedia.org/wiki/Yefim_Golyshev
Achilles Alferaki,Achilles Alferaki,97ca1418-e5b0-415c-9a01-1cdb29484c8f,RU,Person,,100,auto_accept,Very high score and near-exact name match.,Achilles Alferaki,Q340294,Ukraine,Kharkiv,Russian Empire,https://en.wikipedia.org/wiki/Achilles_Alferaki
Aşıq Ümer,Magda Umer,70b02d03-01b6-4e41-a39b-83d30ca512af,PL,Person,,100,review_needed,Candidate needs manual review.,Aşıq Ümer,Q794825,Ukraine,Yevpatoriia,Ottoman Empire,https://en.wikipedia.org/wiki/A%C5%9F%C4%B1q_%C3%9Cmer
Nikita Dzhigurda,Никита Джигурда,d0095f1b-d2b1-4b48-99db-7ae2e1a36e47,RU,Person,,100,review_needed,Candidate needs manual review.,Nikita Dzhigurda,Q2026869,Ukraine,Kyiv,Russia,https://en.wikipedia.org/wiki/Nikita_Dzhigurda
Gavriil Musicescu,Gavriil Musicescu,50cc1a56-53de-42bf-a4bc-21402f43ce61,RO,Person,,100,auto_accept,Very high score and near-exact name match.,Gavriil Musicescu,Q459023,Ukraine,Izmail,Kingdom of Romania,https://en.wikipedia.org/wiki/Gavriil_Musicescu
Lew Brown,Lew Brown,4d8cacfc-145e-42db-b779-f285898a455b,US,Person,,100,auto_accept,Very high score and near-exact name match.,Lew Brown,Q4096110,Ukraine,Odesa,United States,https://en.wikipedia.org/wiki/Lew_Brown
Yurii Kerpatenko,Юрий Керпатенко,fc03e90d-cc77-45bd-ac4a-bfc33a68b5c8,UA,Person,conductor,100,review_needed,Candidate is disambiguated and should be checked manually.,Yurii Kerpatenko,Q114681828,Ukraine,Kherson,Ukraine,https://en.wikipedia.org/wiki/Yurii_Kerpatenko
Oleh Psiuk,Олег Псюк,b073d192-8487-41ff-b8ec-04c110461321,UA,Person,,100,review_needed,Candidate needs manual review.,Oleh Psiuk,Q109394082,Ukraine,Kalush,Ukraine,https://en.wikipedia.org/wiki/Oleh_Psiuk
Wassili Kalafati,Wassili Shtefutsa,b2a424f7-d762-4a6a-8772-e82c6da4217d,,,,100,review_needed,Candidate needs manual review.,Wassili Kalafati,Q708738,Ukraine,Yevpatoriia,Russian Empire,https://en.wikipedia.org/wiki/Vasily_Kalafati
Bolesław Woytowicz,Bolesław Woytowicz,d815bb9f-b755-447a-87d9-cd05b30553ef,PL,Person,pianist / composer,100,auto_accept,Very high score and near-exact name match.,Bolesław Woytowicz,Q891327,Ukraine,Dunaivtsi,Poland,https://en.wikipedia.org/wiki/Boles%C5%82aw_Woytowicz
Naftule Brandwein,Naftule Brandwein,465c9697-ff9c-4651-9cc5-9db662ff3f1e,US,Person,,100,auto_accept,Very high score and near-exact name match.,Naftule Brandwein,Q1351126,Ukraine,Peremyshliany,Austria–Hungary,https://en.wikipedia.org/wiki/Naftule_Brandwein
Thomas de Hartmann,Thomas de Hartmann,1e52f345-e76e-4b3c-898e-f8b043781e0a,RU,Person,,100,auto_accept,Very high score and near-exact name match.,Thomas de Hartmann,Q1382528,Ukraine,Choruživka,Russian Empire,https://en.wikipedia.org/wiki/Thomas_de_Hartmann
Vsevolod Zaderatsky,Всеволод Задерацкий,0d49d51d-4336-4d90-b834-5280bee6ca4c,RU,Person,,100,review_needed,Candidate needs manual review.,Vsevolod Zaderatsky,Q1639391,Ukraine,Rivne,Russian Empire,https://en.wikipedia.org/wiki/Vsevolod_Zaderatsky
Yaktak,YAKTAK,7fba4b11-78b3-4722-8d51-cf8b1c3abc58,UA,Person,Ukrainian singer,100,auto_accept,Very high score and near-exact name match.,Yaktak,Q110246609,Ukraine,Stara Vyzhivka,Ukraine,https://en.wikipedia.org/wiki/Yaktak
Aleksandr Panayotov,Александр Панайотов,f505a05d-6404-45f8-bbc0-ea15d1786187,RU,Person,,100,review_needed,Candidate needs manual review.,Aleksandr Panayotov,Q1749380,Ukraine,Zaporizhzhia,Russia,https://en.wikipedia.org/wiki/Aleksandr_Panayotov
Alemdar Karamanov,Алемдар Сабітович Караманов,29b60c06-8dd6-40c8-b720-268b05de3ada,UA,Person,Turkish-Ukrainian composer,100,review_needed,Candidate is disambiguated and should be checked manually.,Alemdar Karamanov,Q1967646,Ukraine,Simferopol,Soviet Union,https://en.wikipedia.org/wiki/Alemdar_Karamanov
Alexander Tsekalo,Peter Alexander,1f27d918-b658-4918-aa18-80897433e14b,AT,Person,"Austrian singer, actor, entertainer and showmaster",100,review_needed,Candidate is disambiguated and should be checked manually.,Alexander Tsekalo,Q1980399,Ukraine,Kyiv,Moscow,https://en.wikipedia.org/wiki/Aleksandr_Tsekalo
Lubka Kolessa,Lubka Kolessa,37a4e0e7-ed24-454d-8766-a766eba6580b,CA,Person,pianist,100,auto_accept,Very high score and near-exact name match.,Lubka Kolessa,Q274423,Ukraine,Lviv,Canada,https://en.wikipedia.org/wiki/Lubka_Kolessa
Maria Grinberg,Mария Израилевна Гринберг,2ac0610d-5460-48b4-a24a-1f1ad5d51530,SU,Person,,100,review_needed,Candidate needs manual review.,Maria Grinberg,Q1029399,Ukraine,Odesa,Russian Empire,https://en.wikipedia.org/wiki/Maria_Grinberg
Timofei Dokshizer,Tимофей Докшицер,8b8ae983-46be-463c-99bb-c3a30c985fb0,UA,Person,trumpet player,100,review_needed,Candidate is disambiguated and should be checked manually.,Timofei Dokshizer,Q2434943,Ukraine,Nizhyn,Russia,https://en.wikipedia.org/wiki/Timofei_Dokschitzer
Arkady Filippenko,Аркадий Филиппенко,7346f254-593a-4cab-9a8c-8a1a73e03c18,UA,Person,,100,review_needed,Candidate needs manual review.,Arkady Filippenko,Q2584747,Ukraine,Kyiv,Soviet Union,https://en.wikipedia.org/wiki/Arkady_Filippenko
Józef Turczyński,Józef Turczyński,5dc618da-6e5d-44b5-abe6-5fd6fc575180,PL,Person,pianist,100,auto_accept,Very high score and near-exact name match.,Józef Turczyński,Q2089975,Ukraine,Zhytomyr,Poland,https://en.wikipedia.org/wiki/J%C3%B3zef_Turczy%C5%84ski
Ostap Veresai,Ostap,3e646160-4daf-46ef-b0cc-85e86bfb272c,,,,100,review_needed,Candidate needs manual review.,Ostap Veresai,Q2293380,Ukraine,Kaliuzhyntsi,Russian Empire,https://en.wikipedia.org/wiki/Ostap_Veresai
Olha-Oleksandra Bazhanska-Ozarkevych,Oleksandra Zaritska,c939e0a6-98c9-4a3d-a3b5-2dafa757ac53,UA,Person,,100,review_needed,Candidate needs manual review.,Olha-Oleksandra Bazhanska-Ozarkevych,Q12080233,Ukraine,Lviv,Austria–Hungary,https://en.wikipedia.org/wiki/Olha-Oleksandra_Bazhanska-Ozarkevych
Zhanna Kolodub,Zhanna,dc818600-37f9-4661-9ace-b5666d73331d,KZ,Person,psytrance djane,100,review_needed,Candidate is disambiguated and should be checked manually.,Zhanna Kolodub,Q12111665,Ukraine,Vinnytsia,Soviet Union,https://en.wikipedia.org/wiki/Zhanna_Kolodub
Svyatoslav Lunyov,Svyatoslav,70103059-6ad6-4b29-ae1e-4d5c9ef32d54,,Person,,100,review_needed,Candidate needs manual review.,Svyatoslav Lunyov,Q4269586,Ukraine,Kyiv,Soviet Union,https://en.wikipedia.org/wiki/Svyatoslav_Lunyov
Osip Petrov,Viktor Petrov,8c1a4ddc-deeb-4212-8e0d-fbe85b29f352,,Person,production music composer,100,review_needed,Candidate is disambiguated and should be checked manually.,Osip Petrov,Q1131756,Ukraine,Kropyvnytskyi,Russian Empire,https://en.wikipedia.org/wiki/Osip_Petrov
Edward Dębicki,Edward Elgar,4e60a56a-514a-4a19-a3cc-49927c96b3cb,GB,Person,composer,100,review_needed,Candidate is disambiguated and should be checked manually.,Edward Dębicki,Q5342684,Ukraine,Kalush,Poland,https://en.wikipedia.org/wiki/Edward_D%C4%99bicki
Liudmyla Monastyrska,Liudmyla Monastyrska,e9b5dde9-6750-4f22-a543-681255475f88,UA,Person,soprano,100,auto_accept,Very high score and near-exact name match.,Liudmyla Monastyrska,Q6654017,Ukraine,Irkliiv,Ukraine,https://en.wikipedia.org/wiki/Liudmyla_Monastyrska
Nina Koshetz,Nina Koshetz,09f02025-e044-4e2b-bf9e-dfb4a020acac,US,Person,,100,auto_accept,Very high score and near-exact name match.,Nina Koshetz,Q7037999,Ukraine,Kyiv,Russian Empire,https://en.wikipedia.org/wiki/Nina_Koshetz
Paul Kochanski,Paweł Kochański,ea9a6d55-4e80-4b17-a78f-4a71d47ccf8e,PL,Person,violinist,100,review_needed,Candidate is disambiguated and should be checked manually.,Paul Kochanski,Q6130338,Ukraine,Odesa,Saint Petersburg,https://en.wikipedia.org/wiki/Paul_Kochanski
Stepan Charnetsky,Степан Миколайович Чарнецький,779b3990-8ca8-4900-a405-737817f92a0b,,Person,,100,review_needed,Candidate needs manual review.,Stepan Charnetsky,Q12169160,Ukraine,Shmankivtsi,Shmankivtsi,https://en.wikipedia.org/wiki/Stepan_Charnetskyi
Vlasta Fabianová,Vlasta,3bf12f46-4988-4d74-abb6-b1d1814751b6,FR,Group,,100,review_needed,Candidate needs manual review.,Vlasta Fabianová,Q770831,Ukraine,Lviv,Brno,https://en.wikipedia.org/wiki/Vlasta_Fabianov%C3%A1
Emil Cooper,Emil Cooper,e03d4544-92c1-48f5-997e-17c1fa49b11a,RU,Person,"aka Emil Kuper, conductor",100,auto_accept,Very high score and near-exact name match.,Emil Cooper,Q2023664,Ukraine,Kherson,Russian Empire,https://en.wikipedia.org/wiki/Emil_Cooper
Vasyl Lazarovych,Василь Лазарович,416fdadc-bb47-479b-805d-df464e6bdecc,,Person,,100,review_needed,Candidate needs manual review.,Vasyl Lazarovych,Q949656,Ukraine,Bania-Bereziv,Ukraine,https://en.wikipedia.org/wiki/Vasyl_Lazarovych
Tamara Miansarova,Тамара Миансарова,936ffeb6-401e-4a1d-978c-395b98ba11ae,SU,Person,,100,review_needed,Candidate needs manual review.,Tamara Miansarova,Q1975962,Ukraine,Kropyvnytskyi,Russia,https://en.wikipedia.org/wiki/Tamara_Miansarova
Vadim Mulerman,Вадим Мулерман,758fccdb-c134-49bd-b1dd-322093c886b2,SU,Person,,100,review_needed,Candidate needs manual review.,Vadim Mulerman,Q4306877,Ukraine,Kharkiv,Soviet Union,https://en.wikipedia.org/wiki/Vadim_Mulerman
Tutta Larsen,Тутта Ларсен,f5d2cb40-abed-49f6-b50a-19410fa3e35e,RU,Person,,100,review_needed,Candidate needs manual review.,Tutta Larsen,Q4466637,Ukraine,Donetsk,Russia,https://en.wikipedia.org/wiki/Tutta_Larsen
Lyubov Uspenskaya,Lyubov,10b1dad6-5c0d-48ec-a4de-4fd94e2e6ca0,,Person,Vocalist from Pinkshinyultrablast,100,review_needed,Candidate is disambiguated and should be checked manually.,Lyubov Uspenskaya,Q4477966,Ukraine,Kyiv,Russia,https://en.wikipedia.org/wiki/Lyubov_Uspenskaya
Yevheniya Dembska,,,,,,,no_match,No usable result returned by MusicBrainz.,Yevheniya Dembska,Q17371743,Ukraine,Kyiv,Soviet Union,https://en.wikipedia.org/wiki/Yevheniya_Dembska
Maria Hrebinetska,Maria Bethânia,b3998c06-04e6-4b1d-bd2a-d5b83572ae7b,BR,Person,,100,review_needed,Candidate needs manual review.,Maria Hrebinetska,Q20066629,Ukraine,Kyiv,United States,https://en.wikipedia.org/wiki/Maria_Hrebinetska
Svitlana Tarabarova,TARABAROVA,202c8faa-a240-49f3-b0b4-501d92fa17e4,UA,Person,,100,review_needed,Candidate needs manual review.,Svitlana Tarabarova,Q20070199,Ukraine,Kherson,Ukraine,https://en.wikipedia.org/wiki/Svitlana_Tarabarova
EeOneGuy,Eeoneguy,c7873309-6e58-4147-800f-4b470c9211c7,,,,100,auto_accept,Very high score and near-exact name match.,EeOneGuy,Q24088965,Ukraine,Hannivka,Ukraine,https://en.wikipedia.org/wiki/EeOneGuy
Alan Schneider,Alan Schneider,680eb5c4-ce98-40e4-a6b0-f8d147b0e99a,,Person,producer,100,auto_accept,Very high score and near-exact name match.,Alan Schneider,Q575443,Ukraine,Kharkiv,United States,https://en.wikipedia.org/wiki/Alan_Schneider
Vasyl Verkhovynets,Vasyl Kotys,604114be-a058-46ba-b6f4-3c9f781da429,UA,Person,,100,review_needed,Candidate needs manual review.,Vasyl Verkhovynets,Q7917067,Ukraine,Staryi Mizun,Austria–Hungary,https://en.wikipedia.org/wiki/Vasyl_Verkhovynets
Jo Swerling,Jo Swerling,517166c1-dcbf-4008-aeb9-b2043e87b00b,US,Person,,100,auto_accept,Very high score and near-exact name match.,Jo Swerling,Q369404,Ukraine,Berdychiv,United States,https://en.wikipedia.org/wiki/Jo_Swerling
Zdzisław Jachimecki,Zdzisław Jachimecki,bde4522f-05e3-4543-b260-a0926ea497d7,PL,Person,,100,auto_accept,Very high score and near-exact name match.,Zdzisław Jachimecki,Q169249,Ukraine,Lviv,Poland,https://en.wikipedia.org/wiki/Zdzis%C5%82aw_Jachimecki
Mikhail Chulaki,Михаил Чулаки,e83b90db-eba5-46a5-979e-9c257b839848,RU,Person,,100,review_needed,Candidate needs manual review.,Mikhail Chulaki,Q172330,Ukraine,Simferopol,Soviet Union,https://en.wikipedia.org/wiki/Mikhail_Chulaki
Norbert Glanzberg,Norbert Glanzberg,343995f5-cc3f-4175-a7b4-b86282f3b3c1,FR,Person,,100,auto_accept,Very high score and near-exact name match.,Norbert Glanzberg,Q213834,Ukraine,Rohatyn,Austria–Hungary,https://en.wikipedia.org/wiki/Norbert_Glanzberg
Venya Drkin,Веня Д’ркин,f89cdc20-9bc5-4ba0-be4b-fd84c0827d48,UA,Person,,100,review_needed,Candidate needs manual review.,Venya Drkin,Q1959324,Ukraine,Dovzhanske,Russia,https://en.wikipedia.org/wiki/Venya_D%27rkin
Sergey Zakharov,Alexei Zakharov,cfca9a21-1549-47dd-95b9-240ff42a9078,RU,Person,,100,review_needed,Candidate needs manual review.,Sergey Zakharov,Q3329763,Ukraine,Mykolaiv,Russia,https://en.wikipedia.org/wiki/Sergei_Zakharov_(singer)
Boris Sichkin,Boris,57652bf8-cfe8-42e7-b9a7-5572a7080d8d,JP,Group,Japanese experimental doom/sludge/drone/psych/metal band,100,review_needed,Candidate is disambiguated and should be checked manually.,Boris Sichkin,Q893777,Ukraine,Kyiv,Soviet Union,https://en.wikipedia.org/wiki/Boris_Sichkin
Lazare Saminsky,Lazare Saminsky,a89abf2e-9391-4ba2-a584-51bc0f176ed2,US,Person,Russian-American composer,100,auto_accept,Very high score and near-exact name match.,Lazare Saminsky,Q969499,Ukraine,Dolynske,Russian Empire,https://en.wikipedia.org/wiki/Lazare_Saminsky
Marcin Leopolita,Marcin Leopolita,ceed16ce-9371-40a8-85de-1a037eb59aa5,PL,Person,,100,auto_accept,Very high score and near-exact name match.,Marcin Leopolita,Q954206,Ukraine,Lviv,Polish–Lithuanian Commonwealth,https://en.wikipedia.org/wiki/Marcin_Leopolita
Tadeusz Szeligowski,Tadeusz Szeligowski,cb4557c0-8583-4171-b78e-6df480bbdc62,PL,Person,,100,auto_accept,Very high score and near-exact name match.,Tadeusz Szeligowski,Q964782,Ukraine,Lviv,Poland,https://en.wikipedia.org/wiki/Tadeusz_Szeligowski
Vladimir Mikhailovich Yurovsky,Владимир Михайлович Юровский,c6dc626c-3122-4255-a8f4-8a7835d0476d,DE,Person,conductor,100,review_needed,Candidate is disambiguated and should be checked manually.,Vladimir Mikhailovich Yurovsky,Q982740,Ukraine,Tarashcha,Russian Empire,https://en.wikipedia.org/wiki/Vladimir_Yurovsky
Sholom Secunda,Sholom Secunda,1938ef95-a40c-4db0-a1a3-723769d6c437,US,Person,,100,auto_accept,Very high score and near-exact name match.,Sholom Secunda,Q947698,Ukraine,Oleksandriia,Russian Empire,https://en.wikipedia.org/wiki/Sholom_Secunda
Yevhen Adamtsevych,Yevhen Bubon,84e84352-68a6-4280-a9e9-d62e8d7fec8a,,Person,,100,review_needed,Candidate needs manual review.,Yevhen Adamtsevych,Q1445129,Ukraine,Solonytsia,Soviet Union,https://en.wikipedia.org/wiki/Yevhen_Adamtsevych
Masha Kondratenko,Маша Кондратенко,3b7a7d74-a671-46cf-b231-1341dbf2bf17,UA,Person,,100,review_needed,Candidate needs manual review.,Masha Kondratenko,Q61112522,Ukraine,Shostka,Ukraine,https://en.wikipedia.org/wiki/Masha_Kondratenko
SadSvit,SadSvit,c10e6aa5-afd0-464a-95b9-8022c050cb31,UA,Person,,100,auto_accept,Very high score and near-exact name match.,SadSvit,Q114527926,Ukraine,Ivano-Frankivsk,Ukraine,https://en.wikipedia.org/wiki/SadSvit
Leonid Desyatnikov,Леонид Аркадьевич Десятников,50a867a4-029d-4d65-bfb2-33ffb701f18f,RU,Person,,100,review_needed,Candidate needs manual review.,Leonid Desyatnikov,Q1986248,Ukraine,Kharkiv,Russia,https://en.wikipedia.org/wiki/Leonid_Desyatnikov
Semyon Bogatyrev,Семён Богатырёв,d7ced1dc-1327-43da-a5f3-adaec72d74d9,RU,Person,Russian musicologist and composer,100,review_needed,Candidate is disambiguated and should be checked manually.,Semyon Bogatyrev,Q2420577,Ukraine,Kharkiv,Soviet Union,https://en.wikipedia.org/wiki/Semyon_Bogatyrev
Boleslav Yavorsky,Болеслав Яворский,b2ecb232-8251-491f-99e6-5515590af1e1,RU,Person,,100,review_needed,Candidate needs manual review.,Boleslav Yavorsky,Q2471676,Ukraine,Kharkiv,Russian Empire,https://en.wikipedia.org/wiki/Boleslav_Yavorsky
Constantin Regamey,Constantin Régamey,196e97eb-ba27-4601-a08b-ec5a80d24fb5,PL,Person,,100,auto_accept,High score and strong name similarity.,Constantin Regamey,Q2995022,Ukraine,Kyiv,Poland,https://en.wikipedia.org/wiki/Constantin_Regamey
Arthur Berkut,Артур Беркут,fe1003dd-7778-41b5-a60c-362127688eba,RU,Group,"Russian group, not a person",100,review_needed,Candidate is disambiguated and should be checked manually.,Arthur Berkut,Q4084949,Ukraine,Kharkiv,Russia,https://en.wikipedia.org/wiki/Arthur_Berkut
Mykola Vilinsky,Микола Вілінський,e2995e49-aed4-4646-9706-48a0793d9e1a,UA,Person,,100,review_needed,Candidate needs manual review.,Mykola Vilinsky,Q4111193,Ukraine,Golta,Russian Empire,https://en.wikipedia.org/wiki/Mykola_Vilinsky
Ivan Karabyts,Іван Карабиць,2fedb647-a711-4155-8f63-9fe01fef5f2e,UA,Person,Ukrainian composer and conductor,100,review_needed,Candidate is disambiguated and should be checked manually.,Ivan Karabyts,Q4213538,Ukraine,Yalta,Soviet Union,https://en.wikipedia.org/wiki/Ivan_Karabyts
Tatyana Snezhina,Татьяна Снежина,037e3ea9-8938-42c1-94a1-c8d689aff2b6,RU,Person,Famous Soviet and Russian artists,100,review_needed,Candidate is disambiguated and should be checked manually.,Tatyana Snezhina,Q4425471,Ukraine,Luhansk,Russia,https://en.wikipedia.org/wiki/Tatyana_Snezhina
Elena Cernei,Elena,a0d3f28b-3f9c-4a75-a9a4-a47c317182ab,RO,Person,Romanian pop singer Elena Gheorghe,100,review_needed,Candidate is disambiguated and should be checked manually.,Elena Cernei,Q774555,Ukraine,Bairamcha,Romania,https://en.wikipedia.org/wiki/Elena_Cernei
Irena Turkevycz-Martynec,Gene Martynec,4df17e43-a316-4c58-bfe4-ab0e9272d33c,,Person,,100,review_needed,Candidate needs manual review.,Irena Turkevycz-Martynec,Q12162959,Ukraine,Brody,Austria–Hungary,https://en.wikipedia.org/wiki/Irena_Turkevycz-Martynec
Ostap Nyzhankivsky,Ostap,3e646160-4daf-46ef-b0cc-85e86bfb272c,,,,100,review_needed,Candidate needs manual review.,Ostap Nyzhankivsky,Q6349588,Ukraine,Mali Didushichi,West Ukrainian People's Republic,https://en.wikipedia.org/wiki/Ostap_Nyzhankivsky
Vadym Kholodenko,Vadym Kholodenko,93c75877-c152-4b49-b070-46ef20cd6f11,UA,Person,pianist,100,auto_accept,Very high score and near-exact name match.,Vadym Kholodenko,Q4499275,Ukraine,Kyiv,Ukraine,https://en.wikipedia.org/wiki/Vadym_Kholodenko
Yevhen Koshovyi,Yevhen Bubon,84e84352-68a6-4280-a9e9-d62e8d7fec8a,,Person,,100,review_needed,Candidate needs manual review.,Yevhen Koshovyi,Q4236976,Ukraine,Kivsharivka,Ukraine,https://en.wikipedia.org/wiki/Yevhen_Koshovyi
Yevhen Halych,Yevhen Bubon,84e84352-68a6-4280-a9e9-d62e8d7fec8a,,Person,,100,review_needed,Candidate needs manual review.,Yevhen Halych,Q17371778,Ukraine,Bila Tserkva,Ukraine,https://en.wikipedia.org/wiki/Yevhen_Halych
Natan Rakhlin,Натан Рахлин,9fab30ab-c2f5-45a2-bc9c-f06a69443975,SU,Person,Ukrainian/Soviet conductor,100,review_needed,Candidate is disambiguated and should be checked manually.,Natan Rakhlin,Q1361982,Ukraine,Snovsk,Chekists house,https://en.wikipedia.org/wiki/Natan_Rakhlin
Pavlo Muravskyi,Pavlo,329b2552-6646-42bb-a3c3-386e9ec10795,CA,Person,,100,review_needed,Candidate needs manual review.,Pavlo Muravskyi,Q619578,Ukraine,Dmytrashkivka,Soviet Union,https://en.wikipedia.org/wiki/Pavlo_Muravskyi
Marina Maximilian Blumin,מארינה מקסימיליאן,598852df-86a9-49fa-9928-01435bdd5ed7,IL,Person,Israeli singer,100,review_needed,Candidate is disambiguated and should be checked manually.,Marina Maximilian Blumin,Q2902771,Ukraine,Dnipro,Israel,https://en.wikipedia.org/wiki/Marina_Maximilian_Blumin
Santa Dimopulos,Санта Дімопулос,566f3412-ef1a-4d5e-9431-a060bb665c26,UA,Person,,100,review_needed,Candidate needs manual review.,Santa Dimopulos,Q3472625,Ukraine,Kyiv,Soviet Union,https://en.wikipedia.org/wiki/Santa_Dimopulos
Assia Ahhatt,Ассія Ахат,2d3c0841-dca4-4879-b40d-3239e6481cd8,UA,Person,,100,review_needed,Candidate needs manual review.,Assia Ahhatt,Q3501195,Ukraine,Kyiv,Soviet Union,https://en.wikipedia.org/wiki/Assia_Ahhatt
Ivo Bobul,Іво Бобул і Лілія Сандулесу,731d1ee3-3aed-480a-850c-bb42ac7617ab,UA,Group,"Ivo Bobul, Lilia Sandulesu",100,review_needed,Candidate is disambiguated and should be checked manually.,Ivo Bobul,Q12073862,Ukraine,Terebleche,Soviet Union,https://en.wikipedia.org/wiki/Ivo_Bobul
Anastasia Kozhevnikova,Masha Kozhevnikova,cea58f33-9d5f-4ff0-96d3-1c390b13bf8d,,,,100,review_needed,Candidate needs manual review.,Anastasia Kozhevnikova,Q17371621,Ukraine,Pivdennoukrainsk,Ukraine,https://en.wikipedia.org/wiki/Anastasia_Kozhevnikova
Ruth Rubin,Ruth Rubin,63a154f1-ebb0-4962-9252-3863f8f43e0a,CA,Person,,100,auto_accept,Very high score and near-exact name match.,Ruth Rubin,Q50281375,Ukraine,Khotyn,Canada,https://en.wikipedia.org/wiki/Ruth_Rubin
Eva Hadashi,Eva Cassidy,6f2dfabb-f0bb-4801-a392-592489a148e7,US,Person,,100,review_needed,Candidate needs manual review.,Eva Hadashi,Q97165151,Ukraine,Kyiv,Ukraine,https://en.wikipedia.org/wiki/Eva_Hadashi
Tossy Spivakovsky,Tossy Spivakovsky,617334ff-d6ba-43cd-bb18-f29447c91c46,RU,Person,violinist,100,auto_accept,Very high score and near-exact name match.,Tossy Spivakovsky,Q4431189,Ukraine,Odesa,Berlin,https://en.wikipedia.org/wiki/Tossy_Spivakovsky
Anastasiya Petryshak,Anastasiya Petryshak,faf537b9-5c3d-463c-9560-794d4b0bf7cd,UA,Person,violinist,100,auto_accept,Very high score and near-exact name match.,Anastasiya Petryshak,Q20671910,Ukraine,Ivano-Frankivsk,Ukraine,https://en.wikipedia.org/wiki/Anastasiya_Petryshak
Bohdana Durda,Dan Durda,0445603c-5a62-419a-8be2-90509993ff90,,Person,,100,review_needed,Candidate needs manual review.,Bohdana Durda,Q22138022,Ukraine,Buchach,Ukraine,https://en.wikipedia.org/wiki/Bohdana_Durda
Roman Filippov,Роман Филиппов,148ac81d-6a6c-464f-9b43-7163658b95b2,,,Musician,100,review_needed,Candidate is disambiguated and should be checked manually.,Roman Filippov,Q4484103,Ukraine,Simferopol,Russia,https://en.wikipedia.org/wiki/Roman_Filippov
Joachim Stutschewsky,יהויכין סטוצ׳בסקי,74200be7-f914-4bbb-a4ba-18a31c544209,IL,Person,Ukrainian-Israeli cellist and composer,100,review_needed,Candidate is disambiguated and should be checked manually.,Joachim Stutschewsky,Q214140,Ukraine,Romny,Israel,https://en.wikipedia.org/wiki/Joachim_Stutschewsky
Dmitry Pokrass,Дмитрий Покрасс,a65125da-0762-4e27-bc12-2501087ffda8,SU,Person,,100,review_needed,Candidate needs manual review.,Dmitry Pokrass,Q368695,Ukraine,Kyiv,Russian Empire,https://en.wikipedia.org/wiki/Dmitry_Pokrass
Zara Levina,Zara Levina,e6e40d4a-ecd6-4a35-a028-f4420bcaddbe,UA,Person,Soviet composer and pianist,100,auto_accept,Very high score and near-exact name match.,Zara Levina,Q385608,Ukraine,Simferopol,Soviet Union,https://en.wikipedia.org/wiki/Zara_Levina
Elżbieta Sikora,Elżbieta Sikora,7c6c2147-07d0-4b05-a905-c6e528c28dda,FR,Person,,100,auto_accept,Very high score and near-exact name match.,Elżbieta Sikora,Q434549,Ukraine,Lviv,Paris,https://en.wikipedia.org/wiki/El%C5%BCbieta_Sikora
Roman Kofman,Роман Кофман,14b0dc15-a9cf-46ab-9a2c-ce088eed87af,UA,Person,,100,review_needed,Candidate needs manual review.,Roman Kofman,Q446014,Ukraine,Kyiv,Soviet Union,https://en.wikipedia.org/wiki/Roman_Kofman
Mark Warshawsky,Josh Warshawsky,0780c5c7-e67e-4b23-93a4-13180b4c1957,,Person,,100,review_needed,Candidate needs manual review.,Mark Warshawsky,Q2908908,Ukraine,Odesa,Russian Empire,https://en.wikipedia.org/wiki/Mark_Warshawsky
Konstantin Listov,Константин Листов,1b05ea74-af59-454d-99f1-068142a5d6e4,SU,Person,,100,review_needed,Candidate needs manual review.,Konstantin Listov,Q4263449,Ukraine,Odesa,Soviet Union,https://en.wikipedia.org/wiki/Konstantin_Listov
Galina Grigoryeva,Maria Grigoryeva,c75e5bfe-503a-43ec-8c04-68d39e8a87e6,,,,100,review_needed,Candidate needs manual review.,Galina Grigoryeva,Q544608,Ukraine,Simferopol,Estonia,https://en.wikipedia.org/wiki/Galina_Grigorjeva
Jan Tabachnyk,Ян Табачник,0b19ebe4-a413-4fc0-a365-ba919851b818,UA,Person,Ukranian composer and accordionist,100,review_needed,Candidate is disambiguated and should be checked manually.,Jan Tabachnyk,Q4449226,Ukraine,Chernivtsi,Soviet Union,https://en.wikipedia.org/wiki/Jan_Tabachnyk
Ben-Zion Witler,Benzion Witler,edc3b34a-e886-474d-84c2-01018212994b,US,Person,,100,auto_accept,Very high score and near-exact name match.,Ben-Zion Witler,Q4885170,Ukraine,Belz,Galicia,https://en.wikipedia.org/wiki/Ben-Zion_Witler
Zavel Kwartin,Zavel Kwartin,9ece74f0-993b-47d4-9aaa-11ea206e18e6,US,Person,,100,auto_accept,Very high score and near-exact name match.,Zavel Kwartin,Q623243,Ukraine,Novoarkhanhelsk,United States,https://en.wikipedia.org/wiki/Zavel_Kwartin
Vitalij Kuprij,Vitalij Kuprij,0bbadaa0-1ca7-42b3-8c6a-c6cf2f02eb8b,US,Person,,100,auto_accept,Very high score and near-exact name match.,Vitalij Kuprij,Q846111,Ukraine,Kyiv,Ukraine,https://en.wikipedia.org/wiki/Vitalij_Kuprij
Ludwig Rottenberg,Ludwig Rottenberg,d2487c95-4c0c-4136-998b-52aff6a212d4,AT,Person,,100,auto_accept,Very high score and near-exact name match.,Ludwig Rottenberg,Q872179,Ukraine,Chernivtsi,Austria,https://en.wikipedia.org/wiki/Ludwig_Rottenberg
Stepan Davydov,Степан Иванович Давыдов,429f6916-53fc-4dec-9978-bdf9982cacb6,RU,Person,,100,review_needed,Candidate needs manual review.,Stepan Davydov,Q925676,Ukraine,Chernihiv,Russian Empire,https://en.wikipedia.org/wiki/Stepan_Davydov
Natalie Papazoglu,Natalia Papazoglu,3b687567-0582-4c69-b9d7-5d9333639d83,UA,Person,,100,review_needed,High score but other candidates look plausible.,Natalie Papazoglu,Q25721299,Ukraine,Kalush,Ukraine,https://en.wikipedia.org/wiki/Natalie_Papazoglu
Leonid Hrabovskyi,Леонід Грабовський,d75ede30-2b14-4c8a-b04e-ffb68f53791d,UA,Person,contemporary Ukrainian composer,100,review_needed,Candidate is disambiguated and should be checked manually.,Leonid Hrabovskyi,Q1971700,Ukraine,Kyiv,Soviet Union,https://en.wikipedia.org/wiki/Leonid_Hrabovsky
Vasyl Kuk,Brutal kuk,88c02cf7-464c-45ba-b7de-3f36c5d86821,NO,Group,,100,review_needed,Candidate needs manual review.,Vasyl Kuk,Q1984491,Ukraine,Krasne,Second Polish Republic,https://en.wikipedia.org/wiki/Vasyl_Kuk
Nikolai Sokoloff,Nikolai Sokoloff,bcc9a4f9-affb-47f3-bcc1-102b21255804,US,Person,US-Ukrainian conductor,100,auto_accept,Very high score and near-exact name match.,Nikolai Sokoloff,Q2080502,Ukraine,Kyiv,United States,https://en.wikipedia.org/wiki/Nikolai_Sokoloff
Semyon Chernetsky,Семён Чернецкий,fd9e8be3-3266-4ab2-998b-af168f2e4a43,SU,Person,,100,review_needed,Candidate needs manual review.,Semyon Chernetsky,Q2189186,Ukraine,Odesa,Russian Empire,https://en.wikipedia.org/wiki/Semyon_Chernetsky
Mark Kopytman,Mark Kopytman,e4ac4a37-aae3-418f-a635-09856fe7fd7a,IL,Person,,100,auto_accept,Very high score and near-exact name match.,Mark Kopytman,Q2450868,Ukraine,Kamianets-Podilskyi,Israel,https://en.wikipedia.org/wiki/Mark_Kopytman
Pavel Gintov,Павел Гинтов,165a6e59-d217-4cda-a9fd-9b6d8ca14aff,,Person,,100,review_needed,Candidate needs manual review.,Pavel Gintov,Q1646556,Ukraine,Kyiv,Ukraine,https://en.wikipedia.org/wiki/Pavlo_Gintov
Oleksandr Bilash,Олександр Білаш,de6894d8-9dbc-4efb-a06d-9fa2624fb6b8,SU,Person,український композитор,100,review_needed,Candidate is disambiguated and should be checked manually.,Oleksandr Bilash,Q2652682,Ukraine,Hradyzk,Soviet Union,https://en.wikipedia.org/wiki/Oleksandr_Bilash
Denys Sichynsky,Денис Січинський,da38c3d6-099f-4adc-bf43-ebdd4013b7ff,UA,Person,,100,review_needed,Candidate needs manual review.,Denys Sichynsky,Q12159553,Ukraine,Kliuvyntsi,Lviv,https://en.wikipedia.org/wiki/Denys_Sichynsky
Kola,KOLA,fc70c49c-6e2c-4f7f-9aab-24bf36770952,UA,Person,Ukrainian singer,100,auto_accept,Very high score and near-exact name match.,Kola,Q114891075,Ukraine,Kharkiv,Ukraine,https://en.wikipedia.org/wiki/Kola_(singer)
Irina Zaritskaya,Irina Zaritzkaya,d20f2653-1ed0-407c-b081-c6285edfbe84,UA,Person,pianist,100,auto_accept,High score and strong name similarity.,Irina Zaritskaya,Q3389363,Ukraine,Kyiv,Ukraine,https://en.wikipedia.org/wiki/Irina_Zaritskaya
Kostiantyn Dankevych,Kostiantyn Ivanov,fd9f55bd-3575-4d06-b243-5cea97e5af81,,,,100,review_needed,Candidate needs manual review.,Kostiantyn Dankevych,Q4154930,Ukraine,Odesa,Russian Empire,https://en.wikipedia.org/wiki/Kostiantyn_Dankevych
Mykola Arkas,Arkas,791b3f3d-4762-4a11-8c8f-5fe23057dbab,,Group,Hungarian band,100,review_needed,Candidate is disambiguated and should be checked manually.,Mykola Arkas,Q4069436,Ukraine,Mykolaiv,Mykolaiv,https://en.wikipedia.org/wiki/Mykola_Arkas
Lev Kolodub,Lev,f5ef92b0-fd02-435d-9587-84c40aa80083,IT,Group,Italian band,100,review_needed,Candidate is disambiguated and should be checked manually.,Lev Kolodub,Q4228225,Ukraine,Kyiv,Soviet Union,https://en.wikipedia.org/wiki/Lev_Kolodub
Toscha Seidel,Toscha Seidel,1d714761-e352-4c3e-85a2-9ae4a5e2be00,RU,Person,,100,auto_accept,Very high score and near-exact name match.,Toscha Seidel,Q4184265,Ukraine,Odesa,United States,https://en.wikipedia.org/wiki/Toscha_Seidel
Oleksandr Sparynskyi,Oleksandr Dudko,17f1f562-16d1-4a32-be57-217c5a5857ca,UA,Person,,100,review_needed,Candidate needs manual review.,Oleksandr Sparynskyi,Q4430676,Ukraine,Lutsk,Soviet Union,https://en.wikipedia.org/wiki/Alexander_Sparinsky
Victoria Poleva,Виктория Валерьевна Полевая,bb0667e2-b02b-49aa-bd3f-2a7ab955344e,UA,Person,,100,review_needed,Candidate needs manual review.,Victoria Poleva,Q4369600,Ukraine,Kyiv,Ukraine,https://en.wikipedia.org/wiki/Victoria_Poleva
Olga Mykytenko,Olga Mykytenko,64c6258c-d104-4655-9718-d0a8d3ad2436,UA,Person,soprano,100,auto_accept,Very high score and near-exact name match.,Olga Mykytenko,Q1277817,Ukraine,Zhytomyr,Ukraine,https://en.wikipedia.org/wiki/Olga_Mykytenko
Gershon Sirota,Gershon Sirota,5cff05c7-7577-45e3-9e18-402f78a6e68f,PL,Person,,100,auto_accept,Very high score and near-exact name match.,Gershon Sirota,Q2915432,Ukraine,Haisyn,Haisyn,https://en.wikipedia.org/wiki/Gershon_Sirota
Ivan Kuchuhura-Kucherenko,Ivan Kucherenko,9c232622-32d8-4028-b67f-5430b9f99bdf,,Person,Wargaming composer,100,review_needed,Candidate is disambiguated and should be checked manually.,Ivan Kuchuhura-Kucherenko,Q6096729,Ukraine,Murafa,Russian Empire,https://en.wikipedia.org/wiki/Ivan_Kuchuhura-Kucherenko
Mariia Stefiuk,Mariia,94413493-2200-4632-8101-7703c760d7ce,,,,100,review_needed,Candidate needs manual review.,Mariia Stefiuk,Q4442496,Ukraine,Rozhniv,Soviet Union,https://en.wikipedia.org/wiki/Mariia_Stefiuk
Aga Lahowska,AGA,2329454d-02f7-4656-9615-4a0235f8b0cf,HK,Person,江海迦,100,review_needed,Candidate is disambiguated and should be checked manually.,Aga Lahowska,Q24961058,Ukraine,Lviv,Poland,https://en.wikipedia.org/wiki/Jadwiga_Lachowska
Yakiv Stepovy,Яків Степанович Степовий,59305297-32ac-42f5-a087-e35d7b8844aa,UA,Person,Yakiv Stepanovych Stepovy,100,review_needed,Candidate is disambiguated and should be checked manually.,Yakiv Stepovy,Q8047116,Ukraine,Kharkiv,Russian Empire,https://en.wikipedia.org/wiki/Yakiv_Stepovy
Roman Kupchynskyi,Roman Flügel,5286b91c-5d42-4cab-933a-77e30eb74ddc,,Person,,100,review_needed,Candidate needs manual review.,Roman Kupchynskyi,Q12115897,Ukraine,Rozhadiv,Austria–Hungary,https://en.wikipedia.org/wiki/Roman_Kupchynskyi
Dalia Stasevska,Dalia Stasevska,b8eb520f-7dcd-4c3a-aa95-d7804427deba,FI,Person,conductor,100,auto_accept,Very high score and near-exact name match.,Dalia Stasevska,Q18421683,Ukraine,Kyiv,Helsinki,https://en.wikipedia.org/wiki/Dalia_Stasevska
Bohdan Sehin,Bohdan Warchal,d7d50deb-5932-4121-baea-d7b6bf2afbf0,SK,Person,"violinist, conductor",100,review_needed,Candidate is disambiguated and should be checked manually.,Bohdan Sehin,Q20069709,Ukraine,Borshchiv,Borshchiv,https://en.wikipedia.org/wiki/Bohdan_Sehin
Olena Karpenko,Olena,b97425cb-a23c-4e37-bd61-fdf2f0ae7e68,,,Artist working with Vakula,100,review_needed,Candidate is disambiguated and should be checked manually.,Olena Karpenko,Q29875192,Ukraine,Kyiv,Ukraine,https://en.wikipedia.org/wiki/Olena_Karpenko
Rezz,REZZ,2eaf4267-4dd6-412a-9bb0-596afb90215b,CA,Person,EDM producer Isabelle Rezazadeh,100,auto_accept,Very high score and near-exact name match.,Rezz,Q35487701,Ukraine,Ukraine,Canada,https://en.wikipedia.org/wiki/Rezz
Miss Monique,Miss Monique,167f05d9-c9d2-48b5-977d-98d7c78834f8,,Person,Ukrainian trance artist Alesia Arkusha,100,auto_accept,Very high score and near-exact name match.,Miss Monique,Q111208579,Ukraine,Kropyvnytskyi,Lisbon,https://en.wikipedia.org/wiki/Miss_Monique
Ireesha,Ireesha,3f4dce07-7b87-437e-ab72-50e35d48cb48,UA,Person,,100,auto_accept,Very high score and near-exact name match.,Ireesha,Q1274170,Ukraine,Kyiv,Soviet Union,https://en.wikipedia.org/wiki/Iryna_Blokhina
Russya,Руся,9b685bb1-aba7-43e9-b690-832585f2ce1e,UA,Person,українська поп-співачка,100,review_needed,Candidate is disambiguated and should be checked manually.,Russya,Q2559497,Ukraine,Kyiv,Canada,https://en.wikipedia.org/wiki/Russya
Yevheniia Vlasova,V. Vlasova,32d6c537-969e-401d-8cda-d1ae6e13b815,,Person,,100,review_needed,Candidate needs manual review.,Yevheniia Vlasova,Q2601883,Ukraine,Kyiv,Ukraine,https://en.wikipedia.org/wiki/Evgenia_Vlasova
Raisa Kyrychenko,Raisa,9bc1b374-43de-443c-abba-e2e946601dea,ID,Person,Indonesian singer,100,review_needed,Candidate is disambiguated and should be checked manually.,Raisa Kyrychenko,Q4221478,Ukraine,Hlobyne Raion,Soviet Union,https://en.wikipedia.org/wiki/Raisa_Kyrychenko
Sidi Tal,Sidi Tal,2c18b93b-1e20-462d-85a7-6981c4e74d30,,Person,,100,auto_accept,Very high score and near-exact name match.,Sidi Tal,Q4450651,Ukraine,Chernivtsi,Austria–Hungary,https://en.wikipedia.org/wiki/Sidi_Tal
Lilia Sandulesu,Лілія Сандулесу,ed9f812b-7211-42ff-b0db-50252b128b9d,UA,Person,Lilia Sandulesu,100,review_needed,Candidate is disambiguated and should be checked manually.,Lilia Sandulesu,Q12150532,Ukraine,Marshyntsi,Soviet Union,https://en.wikipedia.org/wiki/Lilia_Sandulesu
Marina Łuczenko,Marina,b37e091c-d2ee-4707-bfb1-402fc32f29bd,PL,Person,Polish singer Marina Łuczenko,100,review_needed,Candidate is disambiguated and should be checked manually.,Marina Łuczenko,Q11769968,Ukraine,Vinnytsia,Poland,https://en.wikipedia.org/wiki/Marina_(Polish_singer)
Taras Topolya,Тарас Тополя,c72e2779-ed02-464f-9166-f40eb7286235,UA,Person,"Ukrainian vocalist, member of the Territorial Defense Forces",100,review_needed,Candidate is disambiguated and should be checked manually.,Taras Topolya,Q29759139,Ukraine,Kyiv,Ukraine,https://en.wikipedia.org/wiki/Taras_Topolia
Artem Kotenko,Артем Котенко,f36e4420-deea-43cb-8b4c-1df085d9f2c6,UA,Person,,100,review_needed,Candidate needs manual review.,Artem Kotenko,Q130354657,Ukraine,Okhtyrka,Ukraine,https://en.wikipedia.org/wiki/Artem_Kotenko
Ihor Kondratyuk,Ihor Fedyk,97c5de93-2589-4c60-bafd-2ad5cfaea4f9,,Person,,100,review_needed,Candidate needs manual review.,Ihor Kondratyuk,Q4230628,Ukraine,Pryhiria,Soviet Union,https://en.wikipedia.org/wiki/Igor_Kondratyuk
Valery Klimov,Валерий Климов,f132c35b-9c26-4cc4-a80b-5cfd04082c10,RU,Person,violinist,100,review_needed,Candidate is disambiguated and should be checked manually.,Valery Klimov,Q4223729,Ukraine,Kyiv,Russia,https://en.wikipedia.org/wiki/Valery_Klimov_(violinist)
Valeriy Sokolov,Valeriy Sokolov,55a4085c-be04-4eb3-8b5e-70dc03ae0c8d,DE,Person,violinist,100,auto_accept,Very high score and near-exact name match.,Valeriy Sokolov,Q1378764,Ukraine,Kharkiv,Ukraine,https://en.wikipedia.org/wiki/Valeriy_Sokolov
Julian Sitkovetsky,Юлиан Ситковецкий,46e190e8-dca2-438c-8404-6143e182ae89,SU,Person,Russian violinist,100,review_needed,Candidate is disambiguated and should be checked manually.,Julian Sitkovetsky,Q4421099,Ukraine,Kyiv,Soviet Union,https://en.wikipedia.org/wiki/Julian_Sitkovetsky
Jonasz Kofta,Jonasz Kofta,78016b0c-199d-4dba-9727-b970401af4e7,PL,Person,,100,auto_accept,Very high score and near-exact name match.,Jonasz Kofta,Q278002,Ukraine,Mizoch,Poland,https://en.wikipedia.org/wiki/Jonasz_Kofta
Joseph Beer,Joseph Haydn,c130b0fb-5dce-449d-9f40-1437f889f7fe,AT,Person,composer,100,review_needed,Candidate is disambiguated and should be checked manually.,Joseph Beer,Q88552,Ukraine,Khodoriv,Vienna,https://en.wikipedia.org/wiki/Joseph_Beer
Antonio Spadavecchia,Antonio Vivaldi,ad79836d-9849-44df-8789-180bbc823f3c,IT,Person,Italian baroque composer and violinist,100,review_needed,Candidate is disambiguated and should be checked manually.,Antonio Spadavecchia,Q196267,Ukraine,Odesa,Soviet Union,https://en.wikipedia.org/wiki/Antonio_Spadavecchia
Al Sherman,Al Sherman,8fd502d1-eef3-4962-a478-9cb229bd8f63,US,Person,jazz trombone,100,auto_accept,Very high score and near-exact name match.,Al Sherman,Q1260972,Ukraine,Kyiv,United States,https://en.wikipedia.org/wiki/Al_Sherman
Mieczysław Sołtys,Mieczysław Weinberg,554fbabf-54f4-4640-8eb6-88693b6085c7,SU,Person,a.k.a. Vainberg (composer),100,review_needed,Candidate is disambiguated and should be checked manually.,Mieczysław Sołtys,Q328273,Ukraine,Lviv,Austria–Hungary,https://en.wikipedia.org/wiki/Mieczys%C5%82aw_So%C5%82tys
Nicholas Brodzsky,Nicholas Brodzsky,3d361dba-4b1f-41b6-a56d-b5a116278d20,UA,Person,,100,auto_accept,Very high score and near-exact name match.,Nicholas Brodzsky,Q1991393,Ukraine,Odesa,Hungary,https://en.wikipedia.org/wiki/Nicholas_Brodszky
Mordechai Zeira,מרדכי זעירא,94d26a3f-658b-43b2-9677-eee55e0203a8,IL,Person,,100,review_needed,Candidate needs manual review.,Mordechai Zeira,Q2911798,Ukraine,Kyiv,Afikim,https://en.wikipedia.org/wiki/Mordechai_Zeira
Iosif Kotek,Kotek,3bdb2308-a723-4a58-86f6-cf7a8fdea196,,Person,Canadian electronic music producer Mike Mlikotic,100,review_needed,Candidate is disambiguated and should be checked manually.,Iosif Kotek,Q471989,Ukraine,Kamianets-Podilskyi,Russian Empire,https://en.wikipedia.org/wiki/Iosif_Kotek
Mikhail Goldstein,Mikhail Goldstein,e177d716-4230-4826-a7de-c400f7d94838,UA,Person,Soviet composer and violinist,100,auto_accept,Very high score and near-exact name match.,Mikhail Goldstein,Q478325,Ukraine,Odesa,Germany,https://en.wikipedia.org/wiki/Mikhail_Goldstein
Zi Faámelu,Zi Zi,5c00aa47-50e2-48c4-979c-e7d116b72a84,,Person,"Known for song ""Look Back"".",100,review_needed,Candidate is disambiguated and should be checked manually.,Zi Faámelu,Q2910906,Ukraine,Chornomorske,Kyiv,https://en.wikipedia.org/wiki/Zi_Fa%C3%A1melu
Arkady Ukupnik,Аркадий Укупник,f29fdbef-cdf8-43ca-914c-c0c1998845cc,RU,Person,,100,review_needed,Candidate needs manual review.,Arkady Ukupnik,Q4470765,Ukraine,Kamianets-Podilskyi,Russia,https://en.wikipedia.org/wiki/Arkady_Ukupnik
Krystyna Moszumańska-Nazar,Krystyna Moszumańska-Nazar,f7346750-6002-4018-a14e-7117a50df208,PL,Person,,100,auto_accept,Very high score and near-exact name match.,Krystyna Moszumańska-Nazar,Q519116,Ukraine,Lviv,Poland,https://en.wikipedia.org/wiki/Krystyna_Moszuma%C5%84ska-Nazar
Francesco Pollini,Francesco Pollini,7d1195c1-ca0f-47fb-9607-bb62126e596b,,Person,Austrian-Roman musician,100,auto_accept,Very high score and near-exact name match.,Francesco Pollini,Q1351579,Ukraine,Lubiana,Austrian Empire,https://en.wikipedia.org/wiki/Francesco_Pollini
Sasha Boole,Sasha Boole,6124caab-e837-40c7-94e5-33621ef09d63,UA,Person,,100,auto_accept,Very high score and near-exact name match.,Sasha Boole,Q28919523,Ukraine,Zhytomyr,Ukraine,https://en.wikipedia.org/wiki/Sasha_Boole
Yechiel Michel of Zlotshov,Jean‐Michel Jarre,86e2e2ad-6d1b-44fd-9463-b6683718a1cc,FR,Person,,100,review_needed,Candidate needs manual review.,Yechiel Michel of Zlotshov,Q1686098,Ukraine,Brody,Brody,https://en.wikipedia.org/wiki/Yechiel_Michel_of_Zlotshov
Adolph Baller,Adolph Baller,6e54f4c6-faa9-4eb8-afc5-7a65e9a87719,US,Person,pianist,100,auto_accept,Very high score and near-exact name match.,Adolph Baller,Q86412,Ukraine,Brody,Austria,https://en.wikipedia.org/wiki/Adolph_Baller
Fedir Yakymenko,Fedir Tkachov,da253d9b-4487-4bd7-94a2-6a063ee35952,UA,Person,,100,review_needed,Candidate needs manual review.,Fedir Yakymenko,Q2000816,Ukraine,Pisky,Ukrainian People's Republic,https://en.wikipedia.org/wiki/Fedir_Yakymenko
Sándor Kallós,Kallós Zoltán,b8a57822-8705-420b-92bf-72ef7ad5bff3,RO,Person,,100,review_needed,Candidate needs manual review.,Sándor Kallós,Q2040332,Ukraine,Chernivtsi,Russia,https://en.wikipedia.org/wiki/S%C3%A1ndor_Kall%C3%B3s
Oleksandr Shchetynsky,Alexander Shchetynsky,c5abdcf1-60ef-4f0d-a4d1-dee6bd595def,UA,Person,,100,auto_accept,High score and strong name similarity.,Oleksandr Shchetynsky,Q2033246,Ukraine,Kharkiv,Soviet Union,https://en.wikipedia.org/wiki/Alexander_Shchetynsky
Jan Kleczyński,Jan Kleczyński,fd92d5d9-80e8-4309-ab98-f91351885b7a,PL,Person,,100,auto_accept,Very high score and near-exact name match.,Jan Kleczyński,Q2080097,Ukraine,Ivanychi,Congress Poland,https://en.wikipedia.org/wiki/Jan_Kleczy%C5%84ski_Sr.
Anatole Fistoulari,Anatole Fistoulari,8967f5da-ab20-4eb8-a00d-1855f9110f58,GB,Person,conductor,100,auto_accept,Very high score and near-exact name match.,Anatole Fistoulari,Q487710,Ukraine,Kyiv,United Kingdom,https://en.wikipedia.org/wiki/Anatole_Fistoulari
Misha Marvin,Marvin Gaye,afdb7919-059d-43c1-b668-ba1d265e7e42,US,Person,,100,review_needed,Candidate needs manual review.,Misha Marvin,Q48869199,Ukraine,Chernivtsi,Russia,https://en.wikipedia.org/wiki/Misha_Marvin
Oleg Maisenberg,Oleg Maisenberg,aca97bb9-e249-4fe1-8615-72373798154d,RU,Person,pianist,100,auto_accept,Very high score and near-exact name match.,Oleg Maisenberg,Q685169,Ukraine,Odesa,Austria,https://en.wikipedia.org/wiki/Oleg_Maisenberg
Naum Shtarkman,Наум Штаркман,ad250c7a-62e6-44a5-9db0-c0516d9f89b8,SU,Person,pianist,100,review_needed,Candidate is disambiguated and should be checked manually.,Naum Shtarkman,Q2389887,Ukraine,Zhytomyr,Russia,https://en.wikipedia.org/wiki/Naum_Shtarkman
Dmytro Klebanov,Dmytro Morykit,7cac5995-6910-47c9-a87d-439c30f1dc83,GB,Person,,100,review_needed,Candidate needs manual review.,Dmytro Klebanov,Q2372417,Ukraine,Kharkiv,Russian Empire,https://en.wikipedia.org/wiki/Dmitri_Klebanov
Lev Steinberg,Лев Штейнберг,46995c56-bcb5-49b3-b508-d0abe7d25881,RU,Person,,100,review_needed,Candidate needs manual review.,Lev Steinberg,Q2478992,Ukraine,Dnipro,Russian Empire,https://en.wikipedia.org/wiki/Lev_Steinberg
Charlie Spivak,Charlie Spivak,a18c050d-b706-441f-924c-ef0ce253b588,US,Person,,100,auto_accept,Very high score and near-exact name match.,Charlie Spivak,Q2645829,Ukraine,Kyiv,United States,https://en.wikipedia.org/wiki/Charlie_Spivak
Maksym Tymoshenko,Maksym Rzemiński,3d599dc9-2ad9-4bc3-a255-ced2d9e22b40,PL,Person,,100,review_needed,Candidate needs manual review.,Maksym Tymoshenko,Q12161214,Ukraine,Kyiv,Kyiv,https://en.wikipedia.org/wiki/Maksym_Tymoshenko
Alexander Gavrylyuk,Alexander Gavrylyuk,d80dd951-8c3b-4efb-8196-e44b410f7616,AU,Person,pianist,100,auto_accept,Very high score and near-exact name match.,Alexander Gavrylyuk,Q2082375,Ukraine,Kharkiv,Australia,https://en.wikipedia.org/wiki/Alexander_Gavrylyuk
Mykhailo Haivoronsky,Mykhailo Chirko,25c17acc-5ec0-4dd9-8487-806126a877fa,UA,Person,"Ukrainian bassist, member of the Territorial Defense Forces",100,review_needed,Candidate is disambiguated and should be checked manually.,Mykhailo Haivoronsky,Q6831026,Ukraine,Zalishchyky,Zalishchyky,https://en.wikipedia.org/wiki/Michael_Hayvoronsky
Albert Markov,Albert Markov,128f928c-6450-4f87-9e16-30ab099aa253,US,Person,violinist,100,auto_accept,Very high score and near-exact name match.,Albert Markov,Q2831383,Ukraine,Kharkiv,Soviet Union,https://en.wikipedia.org/wiki/Albert_Markov
Alexander Abramsky,Alexander Abramsky,0cb682d0-3304-46bb-bf6d-1051c00077fd,RU,Person,,100,auto_accept,Very high score and near-exact name match.,Alexander Abramsky,Q2833392,Ukraine,Lutsk,Russian Empire,https://en.wikipedia.org/wiki/Alexander_Abramsky
Alexander Gustav Winkler,Gustav Winckler,f296083e-9c83-4efa-a497-ccf27c2b0b8a,DK,Person,"Danish singer, composer and music publisher",100,review_needed,Candidate is disambiguated and should be checked manually.,Alexander Gustav Winkler,Q2833233,Ukraine,Kharkiv,France,https://en.wikipedia.org/wiki/Alexander_Winkler_(composer)
Anatoliy Avdiyevsky,Anatoliy Frolov,28ee0887-1d81-423a-93ee-e0d10a02fcdc,,,,100,review_needed,Candidate needs manual review.,Anatoliy Avdiyevsky,Q4055557,Ukraine,Pidlisne,Soviet Union,https://en.wikipedia.org/wiki/Anatoly_Avdievsky
Pyotr Ilyich Tchaikovsky,Пётр Ильич Чайковский,9ddd7abc-9e1b-471d-8031-583bc6bc8be9,RU,Person,Russian romantic composer,100,review_needed,Candidate is disambiguated and should be checked manually.,Pyotr Ilyich Tchaikovsky,Q7315,Russia,Votkinsk,Alapayevsk,https://en.wikipedia.org/wiki/Pyotr_Ilyich_Tchaikovsky
Anna Netrebko,Анна Нетребко,90cba256-80b2-464f-9d58-a877a3757d3a,RU,Person,soprano,100,review_needed,Candidate is disambiguated and should be checked manually.,Anna Netrebko,Q78516,Russia,Krasnodar,Austria,https://en.wikipedia.org/wiki/Anna_Netrebko
Igor Stravinsky,Игорь Фёдорович Стравинский,c278de2c-9696-4fdf-a919-0781cd945e2c,RU,Person,Russian composer,100,review_needed,Candidate is disambiguated and should be checked manually.,Igor Stravinsky,Q7314,Russia,Lomonosov,Biarritz,https://en.wikipedia.org/wiki/Igor_Stravinsky
Boris Pasternak,Борис Пастернак,8c9ca3ca-fe4b-425c-b4aa-88dbd2f20768,SU,Person,,100,review_needed,Candidate needs manual review.,Boris Pasternak,Q41223,Russia,Moscow,Russian Empire,https://en.wikipedia.org/wiki/Boris_Pasternak
Valery Leontiev,Валерий Леонтьев,0d1e04f4-ddb6-4b66-8b0b-7f3b66f34d6e,RU,Person,,100,review_needed,Candidate needs manual review.,Valery Leontiev,Q32927,Russia,Ust-Usa,Russia,https://en.wikipedia.org/wiki/Valery_Leontiev
Vladimir Vysotsky,Владимир Высоцкий,ebe42a0b-6a6f-4eb6-b436-5c0f351d96f3,SU,Person,Russian singer-songwriter,100,review_needed,Candidate is disambiguated and should be checked manually.,Vladimir Vysotsky,Q512,Russia,Moscow,Soviet Union,https://en.wikipedia.org/wiki/Vladimir_Vysotsky
Ivan the Terrible,Ivan Dawson,402be061-8f91-4bfe-ab69-131e435b3653,,Person,folk punk musician,100,review_needed,Candidate is disambiguated and should be checked manually.,Ivan the Terrible,Q7996,Russia,Kolomenskoye,Grand Principality of Moscow,https://en.wikipedia.org/wiki/Ivan_the_Terrible
Alla Pugacheva,Алла Пугачёва,2f745f25-7681-4c44-b713-34d37a307575,RU,Person,,100,review_needed,Candidate needs manual review.,Alla Pugacheva,Q80510,Russia,Moscow,Berezhki,https://en.wikipedia.org/wiki/Alla_Pugacheva
Dmitri Shostakovich,Дмитрий Дмитриевич Шостакович,519dd32e-8f30-4380-8826-7aa99169e1bb,RU,Person,composer,100,review_needed,Candidate is disambiguated and should be checked manually.,Dmitri Shostakovich,Q80135,Russia,Saint Petersburg,Russian Empire,https://en.wikipedia.org/wiki/Dmitri_Shostakovich
Sergei Rachmaninoff,Сергей Васильевич Рахманинов,44b16e44-da77-4580-b851-0d765904573e,RU,Person,Russian composer,100,review_needed,Candidate is disambiguated and should be checked manually.,Sergei Rachmaninoff,Q131861,Russia,Semenovo,Russian Empire,https://en.wikipedia.org/wiki/Sergei_Rachmaninoff
Nikolai Rimsky-Korsakov,Николай Андреевич Римский‐Корсаков,4cfe7051-f649-4d07-83b3-7a732abe7249,RU,Person,Russian composer,100,review_needed,Candidate is disambiguated and should be checked manually.,Nikolai Rimsky-Korsakov,Q93227,Russia,Tikhvin,Russian Empire,https://en.wikipedia.org/wiki/Nikolai_Rimsky-Korsakov
Alexander Borodin,Александр Порфирьевич Бородин,560b5e65-8d53-41b4-9913-83368f4721a0,RU,Person,Russian composer,100,review_needed,Candidate is disambiguated and should be checked manually.,Alexander Borodin,Q164004,Russia,Saint Petersburg,Russian Empire,https://en.wikipedia.org/wiki/Alexander_Borodin
Modest Petrovich Mussorgsky,Модест Петрович Мусоргский,c1380b12-3909-47d8-a5fd-d20e76123310,RU,Person,composer,100,review_needed,Candidate is disambiguated and should be checked manually.,Modest Petrovich Mussorgsky,Q132682,Russia,Karevo,Russian Empire,https://en.wikipedia.org/wiki/Modest_Mussorgsky
Viktor Tsoi,Виктор Цой,7da030e4-3b08-4e29-b497-344d809589fd,RU,Person,,100,review_needed,Candidate needs manual review.,Viktor Tsoi,Q487125,Russia,Saint Petersburg,Soviet Union,https://en.wikipedia.org/wiki/Viktor_Tsoi
Dima Bilan,Дима Билан,8b86576e-1cf5-46c8-970a-a79d13c2e0f0,RU,Person,,100,review_needed,Candidate needs manual review.,Dima Bilan,Q42904,Russia,Ust-Dzheguta,Russia,https://en.wikipedia.org/wiki/Dima_Bilan
Alexander Scriabin,Александр Николаевич Скрябин,a4eba7b5-aceb-4acf-b297-3c0a3cd42757,RU,Person,pianist and composer,100,review_needed,Candidate is disambiguated and should be checked manually.,Alexander Scriabin,Q185647,Russia,Moscow,Moscow,https://en.wikipedia.org/wiki/Alexander_Scriabin
Nikolai Noskov,Николай Носков,dcf844b2-fb03-49f3-a0ae-ce840ca3e802,RU,Person,,100,review_needed,Candidate needs manual review.,Nikolai Noskov,Q1978163,Russia,Gagarin,Russia,https://en.wikipedia.org/wiki/Nikolai_Noskov
Mikhail Glinka,Михаил Иванович Глинка,e539699a-5cb3-4f73-b60f-691b1499d0af,RU,Person,Russian composer,100,review_needed,Candidate is disambiguated and should be checked manually.,Mikhail Glinka,Q181885,Russia,Novospasskoye,Russian Empire,https://en.wikipedia.org/wiki/Mikhail_Glinka
Nikita Mikhalkov,Никита Михалков,e8971d4d-046f-4625-9945-4aa913f321d8,,Person,,100,review_needed,Candidate needs manual review.,Nikita Mikhalkov,Q55207,Russia,Moscow,Russia,https://en.wikipedia.org/wiki/Nikita_Mikhalkov
Yul Brynner,Yul Brynner,7a25c6af-0ff3-4e2a-81aa-795191a1fe86,US,Person,,100,auto_accept,Very high score and near-exact name match.,Yul Brynner,Q102813,Russia,Vladivostok,Far Eastern Republic,https://en.wikipedia.org/wiki/Yul_Brynner
Irving Berlin,Irving Berlin,5e645519-a175-4fe0-9a9b-eb9dc9f506b5,US,Person,,100,auto_accept,Very high score and near-exact name match.,Irving Berlin,Q128746,Russia,Tyumen,New York City,https://en.wikipedia.org/wiki/Irving_Berlin
Alexander Dugin,Peter Alexander,1f27d918-b658-4918-aa18-80897433e14b,AT,Person,"Austrian singer, actor, entertainer and showmaster",100,review_needed,Candidate is disambiguated and should be checked manually.,Alexander Dugin,Q438839,Russia,Moscow,Russia,https://en.wikipedia.org/wiki/Aleksandr_Dugin
Mily Balakirev,Милий Алексеевич Балакирев,482dc0a4-0c39-40dc-9d6d-ca250a5ef833,RU,Person,"composer, pianist, conductor",100,review_needed,Candidate is disambiguated and should be checked manually.,Mily Balakirev,Q185040,Russia,Nizhny Novgorod,Nizhny Novgorod,https://en.wikipedia.org/wiki/Mily_Balakirev
Vasily Smyslov,Vasily Kashnikov,40150e53-10d3-4a14-9b53-15bb790bb01a,RU,Person,,100,review_needed,Candidate needs manual review.,Vasily Smyslov,Q104148,Russia,Moscow,Russia,https://en.wikipedia.org/wiki/Vasily_Smyslov
Zemfira,Земфира,cec59910-2d12-46ec-8e39-85ca06acb0ed,RU,Person,,100,review_needed,Candidate needs manual review.,Zemfira,Q242454,Russia,Ufa,Paris,https://en.wikipedia.org/wiki/Zemfira
Yuri Nikulin,Юрий Никулин,618e1315-12a8-4a1f-a774-1dea8375ccbe,RU,Person,,100,review_needed,Candidate needs manual review.,Yuri Nikulin,Q310873,Russia,Demidov,Russia,https://en.wikipedia.org/wiki/Yuri_Nikulin
Alexander Griboyedov,Александр Грибоедов,6b5b3ad7-ce1f-49f4-91d7-4072bdaacdb6,RU,Person,"Russian diplomat, playwriter, poet, and composer, XIX c.",100,review_needed,Candidate is disambiguated and should be checked manually.,Alexander Griboyedov,Q15001,Russia,Moscow,Tbilisi,https://en.wikipedia.org/wiki/Alexander_Griboyedov
Polina Gagarina,Полина Гагарина,c66eb98b-82e4-402a-ab34-8be3c9aece2b,RU,Person,Polina Gagarina,100,review_needed,Candidate is disambiguated and should be checked manually.,Polina Gagarina,Q4131386,Russia,Moscow,Russia,https://en.wikipedia.org/wiki/Polina_Gagarina
Feodor Chaliapin,Фёдор Шаляпин,0ffcc552-fc9d-4b79-a6d5-b78912a7cdfb,RU,Person,operatic bass,100,review_needed,Candidate is disambiguated and should be checked manually.,Feodor Chaliapin,Q189164,Russia,Lisitsyn-Emelin House,Arça,https://en.wikipedia.org/wiki/Feodor_Chaliapin
Alexander Glazunov,Александр Константинович Глазунов,5a0988a4-695c-4bff-bc68-4f312427495e,RU,Person,"Russian composer, 1865–1936",100,review_needed,Candidate is disambiguated and should be checked manually.,Alexander Glazunov,Q25872,Russia,Saint Petersburg,Russian Empire,https://en.wikipedia.org/wiki/Alexander_Glazunov
Sergey Mikhalkov,Сергей Михалков,137e9eb0-8cdb-4d2c-8c90-5aacfa4b1d1a,RU,Person,,100,review_needed,Candidate needs manual review.,Sergey Mikhalkov,Q208116,Russia,Moscow,Russia,https://en.wikipedia.org/wiki/Sergey_Mikhalkov
Alsou,Алсу,119b77f3-87f4-45e2-a647-5cc21d0d0763,RU,Person,Russian singer,100,review_needed,Candidate is disambiguated and should be checked manually.,Alsou,Q270951,Russia,Bugulma,Russia,https://en.wikipedia.org/wiki/Alsou
Maria Zakharova,Maria Zakharova,2f34f5f5-8fd1-44ef-b3d8-e549c827eda4,,Person,,100,auto_accept,Very high score and near-exact name match.,Maria Zakharova,Q20812953,Russia,Moscow,Beijing,https://en.wikipedia.org/wiki/Maria_Zakharova
Airat Ichmouratov,Airat Ichmouratov,ef6395f2-54b8-460e-9c5e-4fca2d1ceb94,CA,Person,,100,auto_accept,Very high score and near-exact name match.,Airat Ichmouratov,Q21063940,Russia,Kazan,Canada,https://en.wikipedia.org/wiki/Airat_Ichmouratov
Bulat Okudzhava,Булат Окуджава,b63b2ac8-4df4-4038-97a0-c79969b5e29b,RU,Person,,100,review_needed,Candidate needs manual review.,Bulat Okudzhava,Q239652,Russia,Moscow,Russia,https://en.wikipedia.org/wiki/Bulat_Okudzhava
Tamara Karsavina,Тама́ра Карса́вина,6389f903-5537-4a3a-acbd-86e32f73201b,,Person,"Tamara Karsavina, Russian prima ballerina",100,review_needed,Candidate is disambiguated and should be checked manually.,Tamara Karsavina,Q231316,Russia,Saint Petersburg,Russian Empire,https://en.wikipedia.org/wiki/Tamara_Karsavina
Sofia Gubaidulina,София Асгатовна Губайдулина,fc69035e-f525-4648-9089-5943db021fc5,RU,Person,Russian composer,100,review_needed,Candidate is disambiguated and should be checked manually.,Sofia Gubaidulina,Q165668,Russia,Chistopol,Soviet Union,https://en.wikipedia.org/wiki/Sofia_Gubaidulina
Lyubov Orlova,Любовь Орлова,83d658dc-65c4-44b5-a943-c44841573a8c,SU,Person,,100,review_needed,Candidate needs manual review.,Lyubov Orlova,Q236229,Russia,Zvenigorod,Russian Socialist Federative Soviet Republic,https://en.wikipedia.org/wiki/Lyubov_Orlova
Sergey Lazarev,Сергей Лазарев,1c81c012-154f-40f7-99e2-482dae97a50d,RU,Person,"Russian singer, dancer and actor",100,review_needed,Candidate is disambiguated and should be checked manually.,Sergey Lazarev,Q381884,Russia,Moscow,Russia,https://en.wikipedia.org/wiki/Sergey_Lazarev
Dmitri Kabalevsky,Дмитрий Борисович Кабалевский,96c39679-7de4-48d1-a9ea-d8840296bb73,SU,Person,Soviet composer/teacher,100,review_needed,Candidate is disambiguated and should be checked manually.,Dmitri Kabalevsky,Q153776,Russia,Saint Petersburg,Russian Empire,https://en.wikipedia.org/wiki/Dmitry_Kabalevsky
Valery Gergiev,Валерий Гергиев,87b4252d-314b-4252-9cd3-44c08f3087b6,RU,Person,conductor,100,review_needed,Candidate is disambiguated and should be checked manually.,Valery Gergiev,Q165693,Russia,Moscow,Russia,https://en.wikipedia.org/wiki/Valery_Gergiev
Armin Mueller-Stahl,Armin Mueller-Stahl,f61bb183-fde3-4d2e-9189-9e6ffe042fd0,DE,Person,,100,auto_accept,Very high score and near-exact name match.,Armin Mueller-Stahl,Q164117,Russia,Sovetsk,German Democratic Republic,https://en.wikipedia.org/wiki/Armin_Mueller-Stahl
Tina Karol,Tina Karol,81fdd079-7d05-4ba4-8577-9500df6a8c4c,UA,Person,,100,auto_accept,Very high score and near-exact name match.,Tina Karol,Q229065,Russia,Orotukan,Zazymia,https://en.wikipedia.org/wiki/Tina_Karol
Helene Fischer,Helene Fischer,167e1cd2-4a9e-4f34-bcda-2e0acf0a1797,DE,Person,,100,auto_accept,Very high score and near-exact name match.,Helene Fischer,Q236549,Russia,Krasnoyarsk,Inning am Ammersee,https://en.wikipedia.org/wiki/Helene_Fischer
George Sanders,George Sanders,fc85172e-fb31-48c2-abf1-89df7d8466b9,GB,Person,,100,auto_accept,Very high score and near-exact name match.,George Sanders,Q296491,Russia,Saint Petersburg,United Kingdom,https://en.wikipedia.org/wiki/George_Sanders
Galina Vishnevskaya,Галина Вишневская,e11d1526-e57e-4d75-b38d-1a3014a8c835,RU,Person,soprano,100,review_needed,Candidate is disambiguated and should be checked manually.,Galina Vishnevskaya,Q230916,Russia,Saint Petersburg,Russia,https://en.wikipedia.org/wiki/Galina_Vishnevskaya
Zedd,Zedd,56c4b861-0922-4c3a-a9b9-3bfcb00f8274,DE,Person,Russian‐German producer,100,auto_accept,Very high score and near-exact name match.,Zedd,Q21088,Russia,Saratov,Germany,https://en.wikipedia.org/wiki/Zedd
Alexander Alexandrov,Alexander Alexandrov,ed3ba141-b10c-45f2-a375-d362b511813e,,Person,bassoon,100,auto_accept,Very high score and near-exact name match.,Alexander Alexandrov,Q319708,Russia,Plakhino,Russian Empire,https://en.wikipedia.org/wiki/Alexander_Vasilyevich_Alexandrov
Lidia Ruslanova,Лидия Русланова,c303aff7-e117-4921-a5ca-0dd51dbba55e,SU,Person,,100,review_needed,Candidate needs manual review.,Lidia Ruslanova,Q368072,Russia,Alexandrovka,Russian Empire,https://en.wikipedia.org/wiki/Lidia_Ruslanova
Dinä Ğäripevä,Dina Carroll,e4a10ad0-3c15-4c47-b376-6b34ae48f38a,GB,Person,,100,review_needed,Candidate needs manual review.,Dinä Ğäripevä,Q2112976,Russia,Zelenodolsk,Russia,https://en.wikipedia.org/wiki/Dina_Garipova
Lena Katina,Lena Katina,5f46a984-294d-4d41-9055-0ef628c66f40,RU,Person,,100,auto_accept,Very high score and near-exact name match.,Lena Katina,Q228826,Russia,Moscow,Russia,https://en.wikipedia.org/wiki/Lena_Katina
Regina Spektor,Regina Spektor,fbb375f9-48bb-4635-824e-4120273b3ba7,US,Person,,100,auto_accept,Very high score and near-exact name match.,Regina Spektor,Q229274,Russia,Moscow,New York City,https://en.wikipedia.org/wiki/Regina_Spektor
Julia Volkova,Julia Volkova,209bcf5b-552c-4a2a-8baa-cb490c1a4dfe,RU,Person,ex t.A.T.u,100,auto_accept,Very high score and near-exact name match.,Julia Volkova,Q228832,Russia,Moscow,Russia,https://en.wikipedia.org/wiki/Julia_Volkova
Dmitry Khvorostovsky,Dmitry Zhdanov,18c0e7f9-673a-41ea-8de2-a9ae560a54e7,,Person,production music,100,review_needed,Candidate is disambiguated and should be checked manually.,Dmitry Khvorostovsky,Q333201,Russia,Krasnoyarsk,Krasnoyarsk,https://en.wikipedia.org/wiki/Dmitri_Hvorostovsky
Kristian Kostov,Кристиан Костов,99dc8859-30a8-4746-8e49-f2766ffba735,RU,Person,Bulgarian-Russian singer,100,review_needed,Candidate is disambiguated and should be checked manually.,Kristian Kostov,Q21932286,Russia,Moscow,Bulgaria,https://en.wikipedia.org/wiki/Kristian_Kostov
Alfred Schnittke,Альфред Гарриевич Шнитке,2382cbc9-dd4e-4fc8-a92e-5391f70bd3b2,SU,Person,Russian composer and pianist,100,review_needed,Candidate is disambiguated and should be checked manually.,Alfred Schnittke,Q158078,Russia,Engels,Russia,https://en.wikipedia.org/wiki/Alfred_Schnittke
Evgeny Kissin,Евгений Кисин,5761282a-0965-4ff6-9796-7b9ba0ed70e2,RU,Person,Russian classical pianist,100,review_needed,Candidate is disambiguated and should be checked manually.,Evgeny Kissin,Q160154,Russia,Moscow,Israel,https://en.wikipedia.org/wiki/Evgeny_Kissin
Alexander Dargomyzhsky,Александр Даргомыжский,122664ab-ff76-4d74-860b-77c9b8a09624,RU,Person,,100,review_needed,Candidate needs manual review.,Alexander Dargomyzhsky,Q311384,Russia,Q23881797,Russian Empire,https://en.wikipedia.org/wiki/Alexander_Dargomyzhsky
Konstantin Khabensky,Константин Хабенский,0822a8cf-c56e-4da5-a718-9d5c46718ce0,RU,Person,,100,review_needed,Candidate needs manual review.,Konstantin Khabensky,Q558666,Russia,Saint Petersburg,Russia,https://en.wikipedia.org/wiki/Konstantin_Khabensky
Rodion Shchedrin,Родион Щедрин,09deb4a5-8746-47f8-b020-cde50023841d,RU,Person,Russian composer,100,review_needed,Candidate is disambiguated and should be checked manually.,Rodion Shchedrin,Q165706,Russia,Moscow,Germany,https://en.wikipedia.org/wiki/Rodion_Shchedrin
Vladimir Ashkenazy,Vladimir Ashkenazy,15a30428-87c4-455b-b7e8-71013237fea0,IS,Person,Russian‐Icelandic conductor and pianist,100,auto_accept,Very high score and near-exact name match.,Vladimir Ashkenazy,Q157785,Russia,Nizhny Novgorod,Iceland,https://en.wikipedia.org/wiki/Vladimir_Ashkenazy
Eduard Khil,Эдуард Хиль,aece1e8c-dde9-4e19-a4b5-bebfee72a81d,SU,Person,,100,review_needed,Candidate needs manual review.,Eduard Khil,Q360190,Russia,Smolensk,Russia,https://en.wikipedia.org/wiki/Eduard_Khil
Sergei Ivanovich Taneyev,Сергей Танеев,e61ad00c-fbe8-4ca1-ac14-2e0872257057,RU,Person,"Russian composer, pianist, teacher of composition, music theorist and author",100,review_needed,Candidate is disambiguated and should be checked manually.,Sergei Ivanovich Taneyev,Q335006,Russia,Vladimir,Russian Empire,https://en.wikipedia.org/wiki/Sergei_Taneyev
Yulia Samoylova,Yulia,8396c56c-abb1-4448-bfb7-d4a7c386935f,NZ,Person,,100,review_needed,Candidate needs manual review.,Yulia Samoylova,Q6259288,Russia,Ukhta,Russia,https://en.wikipedia.org/wiki/Yuliya_Samoylova_(singer)
Eva Rivas,Eva Rivas,90549c78-e351-4205-af2a-c1d5c199dbd9,AM,Person,,100,auto_accept,Very high score and near-exact name match.,Eva Rivas,Q235880,Russia,Rostov-on-Don,Armenia,https://en.wikipedia.org/wiki/Eva_Rivas
Andrei Mironov,Андрей Миронов,de02a26b-e003-4a51-8720-7262eaa98f9b,SU,Person,stage and film actor,100,review_needed,Candidate is disambiguated and should be checked manually.,Andrei Mironov,Q469550,Russia,Moscow,Soviet Union,https://en.wikipedia.org/wiki/Andrei_Mironov_(actor)
Nikolai Rubinstein,Николай Рубинштейн,56a5de93-d69d-411d-9168-7feb8fbe507a,RU,Person,"XIX century Russian pianist, conductor and composer",100,review_needed,Candidate is disambiguated and should be checked manually.,Nikolai Rubinstein,Q311791,Russia,Moscow,Russian Empire,https://en.wikipedia.org/wiki/Nikolai_Rubinstein
Alexey Vorobyov,Алексей Воробьёв,e18884d8-9ee4-4e24-9315-ac33e06a21d3,RU,Person,,100,review_needed,Candidate needs manual review.,Alexey Vorobyov,Q315181,Russia,Tula,Russia,https://en.wikipedia.org/wiki/Alexey_Vorobyov
Nadya Tolokonnikova,Надежда Толоконникова,60a8e47d-2944-48e1-ab72-208b233a06d3,,Person,,100,review_needed,Candidate needs manual review.,Nadya Tolokonnikova,Q288956,Russia,Norilsk,Russia,https://en.wikipedia.org/wiki/Nadya_Tolokonnikova
Peter Nalitch,Peter Nalitch,481e697a-2f20-45ed-9f8b-8fed42e573a6,,Person,,100,auto_accept,Very high score and near-exact name match.,Peter Nalitch,Q313217,Russia,Moscow,Russia,https://en.wikipedia.org/wiki/Peter_Nalitch
Georgy Sviridov,Георгий Свиридов,aed24a61-1c5c-402e-9e89-7cf4d7e4d95b,RU,Person,Russian composer,100,review_needed,Candidate is disambiguated and should be checked manually.,Georgy Sviridov,Q467738,Russia,Fatezh,Russia,https://en.wikipedia.org/wiki/Georgy_Sviridov
Elena Obraztsova,Елена Образцова,102eda2e-ff88-494d-9d9f-5f8da8702897,RU,Person,mezzo-soprano,100,review_needed,Candidate is disambiguated and should be checked manually.,Elena Obraztsova,Q464791,Russia,Saint Petersburg,Russia,https://en.wikipedia.org/wiki/Elena_Obraztsova
Nina Sublati,Nina Simone,2944824d-4c26-476f-a981-be849081942f,US,Person,,100,review_needed,Candidate needs manual review.,Nina Sublati,Q18710983,Russia,Moscow,Georgia,https://en.wikipedia.org/wiki/Nina_Sublatti
Yulia Savicheva,Юлия Савичева,5e71af4b-38b6-4235-8510-1349a139ec97,RU,Person,,100,review_needed,Candidate needs manual review.,Yulia Savicheva,Q466411,Russia,Kurgan,Russia,https://en.wikipedia.org/wiki/Yulia_Savicheva
Aleksandra Pakhmutova,Александра Пахмутова,4ae31952-1637-4732-9824-3a8f59c94199,RU,Person,,100,review_needed,Candidate needs manual review.,Aleksandra Pakhmutova,Q260885,Russia,Beketovka,Russia,https://en.wikipedia.org/wiki/Aleksandra_Pakhmutova
Anton Arensky,Антон Степанович Аренский,bfe09fc5-c12a-413d-88bf-b40bea40bf4c,RU,Person,"Russian composer, pianist and conductor",100,review_needed,Candidate is disambiguated and should be checked manually.,Anton Arensky,Q313970,Russia,Veliky Novgorod,Russian Empire,https://en.wikipedia.org/wiki/Anton_Arensky
Leon Theremin,Лев Сергеевич Термен,9b182733-e7ac-4ce6-86b1-eae2a54bed5f,RU,Person,,100,review_needed,Candidate needs manual review.,Leon Theremin,Q333265,Russia,Saint Petersburg,Magadan Oblast,https://en.wikipedia.org/wiki/Leon_Theremin
Nyusha,Нюша,e2a017fe-4e00-4528-b572-cb6cc0858850,RU,Person,Russian pop singer,100,review_needed,Candidate is disambiguated and should be checked manually.,Nyusha,Q125666,Russia,Moscow,Russia,https://en.wikipedia.org/wiki/Nyusha
Nikolay Baskov,Николай Басков,507d6b65-f914-4a01-b020-e61e6c9c7661,RU,Person,,100,review_needed,Candidate needs manual review.,Nikolay Baskov,Q194917,Russia,Moscow,Russia,https://en.wikipedia.org/wiki/Nikolay_Baskov
Sergey Bezrukov,Сергей Безруков,f9f8b6a7-856f-4df6-9b57-b24b3e25e99a,RU,Person,,100,review_needed,Candidate needs manual review.,Sergey Bezrukov,Q473580,Russia,Moscow,Russia,https://en.wikipedia.org/wiki/Sergey_Bezrukov
Yevgeny Mravinsky,Евгений Александрович Мравинский,1b19de02-6bf4-443b-9b8e-5ae9337b94c1,RU,Person,conductor,100,review_needed,Candidate is disambiguated and should be checked manually.,Yevgeny Mravinsky,Q320609,Russia,Saint Petersburg,Soviet Union,https://en.wikipedia.org/wiki/Yevgeny_Mravinsky
Yuri Shevchuk,Юрий Шевчук,22931d21-1b3a-4c44-bc72-a52e35685ecd,RU,Person,,100,review_needed,Candidate needs manual review.,Yuri Shevchuk,Q51094,Russia,Yagodnoye,Russia,https://en.wikipedia.org/wiki/Yuri_Shevchuk
Yegor Letov,Егор Летов,cfb3d32e-d095-4d63-946d-9daf06932180,RU,Person,,100,review_needed,Candidate needs manual review.,Yegor Letov,Q363371,Russia,Omsk,Russia,https://en.wikipedia.org/wiki/Yegor_Letov
Tikhon Khrennikov,Тихон Хренников,8f3c027c-cd46-4df4-bda2-58c2f3e8ad1b,RU,Person,,100,review_needed,Candidate needs manual review.,Tikhon Khrennikov,Q367830,Russia,Yelets,Russia,https://en.wikipedia.org/wiki/Tikhon_Khrennikov
Ivan Urgant,Иван Ургант,c43e03a3-029f-4f88-9a34-ce40dd4d8d09,RU,Person,,100,review_needed,Candidate needs manual review.,Ivan Urgant,Q442830,Russia,Saint Petersburg,Moscow,https://en.wikipedia.org/wiki/Ivan_Urgant
Aida Garifullina,Aida Garifullina,c573ad0f-b96b-430b-8568-421508a3c590,RU,Person,,100,auto_accept,Very high score and near-exact name match.,Aida Garifullina,Q13203005,Russia,Kazan,Austria,https://en.wikipedia.org/wiki/Aida_Garifullina
Lyudmila Petrushevskaya,Lyudmila Malian,0c29503f-2600-4d1e-a615-604609c5034f,,Person,,100,review_needed,Candidate needs manual review.,Lyudmila Petrushevskaya,Q183382,Russia,Moscow,Russia,https://en.wikipedia.org/wiki/Lyudmila_Petrushevskaya
Alisa Freindlich,Алиса Фрейндлих,78d4a8c6-c533-4257-ad43-38c211a4a927,RU,Person,,100,review_needed,Candidate needs manual review.,Alisa Freindlich,Q271630,Russia,Saint Petersburg,Russia,https://en.wikipedia.org/wiki/Alisa_Freindlich
Aleksandr Abdulov,Александр Абдулов,9af76f3d-30bc-4e12-a53c-2571c77bfc21,RU,Person,Russian film and stage actor,100,review_needed,Candidate is disambiguated and should be checked manually.,Aleksandr Abdulov,Q461085,Russia,Tobolsk,Russia,https://en.wikipedia.org/wiki/Aleksandr_Abdulov
Lyudmila Zykina,Татьяна Зыкина,3e00febf-61ac-4609-9769-8d5856148970,RU,Person,,100,review_needed,Candidate needs manual review.,Lyudmila Zykina,Q466546,Russia,Moscow,Russia,https://en.wikipedia.org/wiki/Lyudmila_Zykina
Ekaterina Ponamareva,Ekaterina,103dc54b-4266-490a-a443-4956d5ee028a,,,,100,review_needed,Candidate needs manual review.,Ekaterina Ponamareva,Q1623076,Russia,Pskov,Russia,https://en.wikipedia.org/wiki/Oxana_Fedorova
Hilarion (Alfeyev),Metropolitan Hilarion Alfeyev,5f6d0a2e-34a5-4372-8aac-be8180023cdf,RU,Person,,100,review_needed,Candidate needs manual review.,Hilarion (Alfeyev),Q311928,Russia,Moscow,Hungary,https://en.wikipedia.org/wiki/Hilarion_Alfeyev
Chingiz Mustafayev,Chingiz,51e1eb35-7ed6-48e0-8793-4b4b981e0dec,AZ,Person,Azerbaijani singer Chingiz Mustafayev,100,review_needed,Candidate is disambiguated and should be checked manually.,Chingiz Mustafayev,Q31310079,Russia,Moscow,Azerbaijan,https://en.wikipedia.org/wiki/Chingiz_Mustafayev_(singer)
Jeanna Friske,Жанна Фриске,215d5d02-c70f-42ee-a370-f8e888c3f546,RU,Person,,100,review_needed,Candidate needs manual review.,Jeanna Friske,Q241382,Russia,Moscow,Russia,https://en.wikipedia.org/wiki/Jeanna_Friske
Maxim Galkin,Максим Галкин,9709cc58-f4cc-4196-b100-6a547abe6e08,RU,Person,,100,review_needed,Candidate needs manual review.,Maxim Galkin,Q559485,Russia,Naro-Fominsky district,Russia,https://en.wikipedia.org/wiki/Maxim_Galkin
Boris Grebenshchikov,Борис Гребенщиков,2fccd72c-a3ba-4ca6-a89b-4024358c4f78,RU,Person,,100,review_needed,Candidate needs manual review.,Boris Grebenshchikov,Q542101,Russia,Saint Petersburg,Russia,https://en.wikipedia.org/wiki/Boris_Grebenshchikov
Boris Asafyev,Борис Асафьев,bfa300fc-b0a3-41b9-8788-b700c1162465,RU,Person,,100,review_needed,Candidate needs manual review.,Boris Asafyev,Q325032,Russia,Saint Petersburg,Russian Empire,https://en.wikipedia.org/wiki/Boris_Asafyev
Anatoly Lyadov,Анатолий Константинович Лядов,27870fb6-347c-48b1-adf4-c7bf0f71513e,RU,Person,Russian composer,100,review_needed,Candidate is disambiguated and should be checked manually.,Anatoly Lyadov,Q348282,Russia,Saint Petersburg,Russian Empire,https://en.wikipedia.org/wiki/Anatoly_Lyadov
Grigory Leps,Григорий Лепс,cb42445b-f8d8-4eb1-9806-d70c45725fc8,RU,Person,,100,review_needed,Candidate needs manual review.,Grigory Leps,Q1187527,Russia,Sochi,Russia,https://en.wikipedia.org/wiki/Grigory_Leps
Valentina Tolkunova,Валентина Толкунова,87a42f3c-6780-4d1c-bf4b-a7168bd59c57,RU,Person,,100,review_needed,Candidate needs manual review.,Valentina Tolkunova,Q270937,Russia,Armavir,Russia,https://en.wikipedia.org/wiki/Valentina_Tolkunova
Tanja Mihhailova-Saar,Tanja Mihhailova,8779914a-76f6-4148-bf96-ede9ff922114,EE,Person,,100,auto_accept,High score and strong name similarity.,Tanja Mihhailova-Saar,Q7688162,Russia,Kaliningrad,Estonia,https://en.wikipedia.org/wiki/Tanja_Mihhailova-Saar
Timati,Тимати,2dedd382-2b14-4b88-a767-dd2220b4b509,RU,Person,Russian rapper Timati,100,review_needed,Candidate is disambiguated and should be checked manually.,Timati,Q176846,Russia,Moscow,Russia,https://en.wikipedia.org/wiki/Timati
Edgar Froese,Edgar Froese,610a62e8-541b-42e4-a3fe-8dd595be93a8,DE,Person,,100,auto_accept,Very high score and near-exact name match.,Edgar Froese,Q505957,Russia,Sovetsk,Berlin,https://en.wikipedia.org/wiki/Edgar_Froese
Mikhail Boyarsky,Михаил Боярский,60ed79e0-159c-4b81-ac6c-fa86498f7e3c,RU,Person,,100,review_needed,Candidate needs manual review.,Mikhail Boyarsky,Q544641,Russia,Saint Petersburg,Saint Petersburg,https://en.wikipedia.org/wiki/Mikhail_Boyarsky
Andrey Makarevich,Андрей Макаревич,2619c907-4ae9-4c98-b464-31d7cb71f54f,RU,Person,,100,review_needed,Candidate needs manual review.,Andrey Makarevich,Q2227698,Russia,Moscow,Israel,https://en.wikipedia.org/wiki/Andrey_Makarevich
Anastasia Zavorotnyuk,Анастасия Заворотнюк,e369c16a-f7ed-4da8-8a08-5126fd477721,RU,Person,actress,100,review_needed,Candidate is disambiguated and should be checked manually.,Anastasia Zavorotnyuk,Q2626768,Russia,Astrakhan,Russia,https://en.wikipedia.org/wiki/Anastasia_Zavorotnyuk
Nikolai Slichenko,Николай Сличенко,3068c826-a978-40fb-a181-b3e027e3b669,RU,Person,Russian artist,100,review_needed,Candidate is disambiguated and should be checked manually.,Nikolai Slichenko,Q4423479,Russia,Belgorod,Russia,https://en.wikipedia.org/wiki/Nikolai_Slichenko
MakSim,Maksim,f53b3e36-f4c9-4df4-88ae-99c741e12ef2,HR,Person,Croatian pianist Maksim Mrvica,100,auto_accept,Very high score and near-exact name match.,MakSim,Q127252,Russia,Kazan,Russia,https://en.wikipedia.org/wiki/MakSim
Maxim Vengerov,Maxim Vengerov,e7aa41e4-23c2-48ef-a89c-89296edabf41,RU,Person,violinist,100,auto_accept,Very high score and near-exact name match.,Maxim Vengerov,Q441388,Russia,Novosibirsk,Germany,https://en.wikipedia.org/wiki/Maxim_Vengerov
Agrippina Vaganova,,,,,,,no_match,No usable result returned by MusicBrainz.,Agrippina Vaganova,Q236413,Russia,Saint Petersburg,Russian Empire,https://en.wikipedia.org/wiki/Agrippina_Vaganova
Yury Bashmet,Юрий Абрамович Башмет,313a94e0-82fe-4eb5-a4d9-70ef845ee7d5,RU,Person,Russian conductor and violist,100,review_needed,Candidate is disambiguated and should be checked manually.,Yury Bashmet,Q156546,Russia,Rostov-on-Don,Russia,https://en.wikipedia.org/wiki/Yuri_Bashmet
Serge Koussevitzky,Сергей Кусевицкий,fdfea72e-82f6-4d99-9ddb-992b5861dd31,RU,Person,,100,review_needed,Candidate needs manual review.,Serge Koussevitzky,Q353449,Russia,Vyshny Volochyok,Paris,https://en.wikipedia.org/wiki/Serge_Koussevitzky
Nikolay Ogarev,Nikolay Ogarev,f32ba9b9-4c49-48dd-ac4b-764d70d6c1eb,RU,Person,,100,auto_accept,Very high score and near-exact name match.,Nikolay Ogarev,Q374362,Russia,Saint Petersburg,Russian Empire,https://en.wikipedia.org/wiki/Nikolay_Ogarev
Gennady Rozhdestvensky,Геннадий Николаевич Рождественский,90595f34-e23e-4d0c-97cd-7d69b66e0727,RU,Person,conductor,100,review_needed,Candidate is disambiguated and should be checked manually.,Gennady Rozhdestvensky,Q437262,Russia,Moscow,Russia,https://en.wikipedia.org/wiki/Gennady_Rozhdestvensky
Egor Kreed,Егор Крид,47308bb0-d2a5-4ea1-b89e-f4b97015def8,RU,Person,Russian rnb/pop/rap artist,100,review_needed,Candidate is disambiguated and should be checked manually.,Egor Kreed,Q20483301,Russia,Penza,Russia,https://en.wikipedia.org/wiki/Egor_Kreed
Eduard Artemyev,Эдуард Артемьев,0d512eb7-93b7-4cda-8e97-dcd9a80ebfad,RU,Person,Russian composer,100,review_needed,Candidate is disambiguated and should be checked manually.,Eduard Artemyev,Q706995,Russia,Novosibirsk,Russia,https://en.wikipedia.org/wiki/Eduard_Artemyev
Hans Pfitzner,Hans Pfitzner,15a0fda7-75dd-472b-8c51-6e78f99ac510,DE,Person,German composer,100,auto_accept,Very high score and near-exact name match.,Hans Pfitzner,Q57358,Russia,Moscow,Germany,https://en.wikipedia.org/wiki/Hans_Pfitzner
Mikhail Ippolitov-Ivanov,Михаил Ипполитов‐Иванов,da8a2e8d-e63c-4852-8fc5-d5760e0102bd,RU,Person,"Russian composer, conductor, teacher",100,review_needed,Candidate is disambiguated and should be checked manually.,Mikhail Ippolitov-Ivanov,Q346815,Russia,Gatchina,Russian Empire,https://en.wikipedia.org/wiki/Mikhail_Ippolitov-Ivanov
Nikolai Medtner,Николай Карлович Метнер,8c806f4e-850e-4bdc-bc80-82d86dd3227d,RU,Person,Russian composer and pianist,100,review_needed,Candidate is disambiguated and should be checked manually.,Nikolai Medtner,Q365574,Russia,Moscow,Russian Empire,https://en.wikipedia.org/wiki/Nikolai_Medtner
Mikhail Kuzmin,Михаи́л Алексе́евич Кузми́н,46cdfa30-bc86-4463-8776-ea4eabbebcca,RU,Person,poet and composer,100,review_needed,Candidate is disambiguated and should be checked manually.,Mikhail Kuzmin,Q460352,Russia,Yaroslavl,Russian Empire,https://en.wikipedia.org/wiki/Mikhail_Kuzmin
Yuri Shatunov,Yuri Shatunov,bcafe7d5-e13d-49d5-a311-425581cfa027,RU,Person,Proper translation available for setlist.fm,100,auto_accept,Very high score and near-exact name match.,Yuri Shatunov,Q2028076,Russia,Kumertau,Moscow,https://en.wikipedia.org/wiki/Yuri_Shatunov
Alexander Alyabyev,Александр Алябьев,5390b083-ab88-4a2e-838e-ea5e76f923ea,RU,Person,Russian composer,100,review_needed,Candidate is disambiguated and should be checked manually.,Alexander Alyabyev,Q712094,Russia,Tobolsk,Russian Empire,https://en.wikipedia.org/wiki/Alexander_Alyabyev
Matvei Blanter,Матвей Блантер,a8d8f148-4cb9-44a9-9a9c-2f8c059cf0cb,SU,Person,Soviet Jewish composer,100,review_needed,Candidate is disambiguated and should be checked manually.,Matvei Blanter,Q928993,Russia,Pochep,Soviet Union,https://en.wikipedia.org/wiki/Matvey_Blanter
Zara Dolukhanova,Zara Dolukhanova,3130e469-2ef7-46d6-a5bc-7732d0bb2739,SU,Person,Soviet Armenian mezzo-soprano singer,100,auto_accept,Very high score and near-exact name match.,Zara Dolukhanova,Q4165121,Russia,Moscow,Russia,https://en.wikipedia.org/wiki/Zara_Dolukhanova
Yury Grigorovich,Yury,de66e794-a1f1-4da4-bdcf-0dd14f70468d,,Person,Pittsburgh hip hop,100,review_needed,Candidate is disambiguated and should be checked manually.,Yury Grigorovich,Q2622333,Russia,Saint Petersburg,Russia,https://en.wikipedia.org/wiki/Yury_Grigorovich
Vasily Lebedev-Kumach,Василий Лебедев-Кумач,80e68520-5e3f-4bcb-847e-0337dd35f5e2,SU,Person,,100,review_needed,Candidate needs manual review.,Vasily Lebedev-Kumach,Q1396852,Russia,Moscow,Soviet Union,https://en.wikipedia.org/wiki/Vasily_Lebedev-Kumach
Oleg Gazmanov,Олег Газманов,4d4a6aa6-6ceb-44a0-8ecf-971f0a27b54a,RU,Person,,100,review_needed,Candidate needs manual review.,Oleg Gazmanov,Q2994183,Russia,Gusev,Russia,https://en.wikipedia.org/wiki/Oleg_Gazmanov
Morgenshtern,MORGENSHTERN,ae97ba5f-e7ed-4ed5-9a53-eba415fc49d4,,Person,"Russian youtuber, rapper",100,auto_accept,Very high score and near-exact name match.,Morgenshtern,Q59194713,Russia,Ufa,Jerusalem,https://en.wikipedia.org/wiki/Morgenshtern
Yuri Temirkanov,Юрий Темирканов,0ba3cdeb-e53f-4841-8bbb-e6a1758eb46a,RU,Person,conductor,100,review_needed,Candidate is disambiguated and should be checked manually.,Yuri Temirkanov,Q469552,Russia,Nalchik,Russia,https://en.wikipedia.org/wiki/Yuri_Temirkanov
Zara,Zara,f977f5e8-3901-4c61-8255-f73486ea5904,TR,Person,Turkish singer,100,auto_accept,Very high score and near-exact name match.,Zara,Q946406,Russia,Saint Petersburg,Russia,https://en.wikipedia.org/wiki/Zara_(Russian_singer)
Grigory Sokolov,Григорий Соколов,1928a9f4-7ce0-4c68-855c-85410c5d06a7,RU,Person,pianist,100,review_needed,Candidate is disambiguated and should be checked manually.,Grigory Sokolov,Q468626,Russia,Saint Petersburg,Q492744,https://en.wikipedia.org/wiki/Grigory_Sokolov
Lev Leshchenko,Лев Лещенко,6625efc2-9c9e-40c9-a45b-0f1310be5d63,SU,Person,,100,review_needed,Candidate needs manual review.,Lev Leshchenko,Q2622339,Russia,Moscow,Russia,https://en.wikipedia.org/wiki/Lev_Leshchenko
Nikolai Karachentsov,Nikolai,0974b7b6-835b-412c-bce4-731ab0c0c301,DE,Person,"Nikolai Kaeßmann, trance",100,review_needed,Candidate is disambiguated and should be checked manually.,Nikolai Karachentsov,Q2365826,Russia,Moscow,Russia,https://en.wikipedia.org/wiki/Nikolai_Karachentsov
Tatiana Kotova,Татьяна Котова,5bd9d77f-28df-42a7-9a8a-7a3f43b2b785,RU,Person,,100,review_needed,Candidate needs manual review.,Tatiana Kotova,Q2395728,Russia,Rostov-on-Don,Russia,https://en.wikipedia.org/wiki/Tatiana_Kotova
Olga Buzova,Ольга Бузова,6202ef4f-5d61-4e31-9e4a-89fc8327cad6,RU,Person,,100,review_needed,Candidate needs manual review.,Olga Buzova,Q4098374,Russia,Saint Petersburg,Russia,https://en.wikipedia.org/wiki/Olga_Buzova
Kristina Orbakaitė,Кристина Орбакайте,e71738bd-39d4-4699-b6c2-688f95b31732,RU,Person,,100,review_needed,Candidate needs manual review.,Kristina Orbakaitė,Q285330,Russia,Moscow,Moscow,https://en.wikipedia.org/wiki/Kristina_Orbakait%C4%97
Alexander Gretchaninov,Александр Гречанинов,b1f170dd-cd12-4148-90f2-1e58aa5400f1,RU,Person,Russian Romantic composer,100,review_needed,Candidate is disambiguated and should be checked manually.,Alexander Gretchaninov,Q508270,Russia,Moscow,Russian Empire,https://en.wikipedia.org/wiki/Alexander_Gretchaninov
Mikhail Pletnev,Михаил Плетнёв,c3f0d6a4-a413-4c40-9103-1638c4eb41ee,RU,Person,pianist & conductor,100,review_needed,Candidate is disambiguated and should be checked manually.,Mikhail Pletnev,Q512015,Russia,Arkhangelsk,Russia,https://en.wikipedia.org/wiki/Mikhail_Pletnev
Olesya Rulin,Olesya Rulin,b9672bb9-4810-46a6-b442-b64211cca597,US,Person,,100,auto_accept,Very high score and near-exact name match.,Olesya Rulin,Q233463,Russia,Moscow,Russia,https://en.wikipedia.org/wiki/Olesya_Rulin
Glukoza,Глюк’oZa,5ea8cb8d-afbf-4ed1-ad0b-c141241b8b69,RU,Person,,100,review_needed,Candidate needs manual review.,Glukoza,Q35385,Russia,Moscow,Syzran,https://en.wikipedia.org/wiki/Glukoza
Ruslan Niğmätullin,DJ Ruslan Nigmatullin,e49c2424-de76-4e96-a14f-eb5adfbcb8d7,,Person,,100,review_needed,Candidate needs manual review.,Ruslan Niğmätullin,Q559136,Russia,Kazan,Russia,https://en.wikipedia.org/wiki/Ruslan_Nigmatullin
Valeriya,Валерия,b4313680-2f57-4ec6-87a7-24873133ba4c,RU,Person,,100,review_needed,Candidate needs manual review.,Valeriya,Q302484,Russia,Atkarsk,Russia,https://en.wikipedia.org/wiki/Valeriya
Youddiph,Юдифь,b004e053-9128-499c-967c-a689dba0d5dd,RU,Person,ESC 1994 for Russia,100,review_needed,Candidate is disambiguated and should be checked manually.,Youddiph,Q464199,Russia,Moscow,Russia,https://en.wikipedia.org/wiki/Masha_Katz
Ekaterina Aleksandrovna Klimova,Valentina Aleksandrovna,e3f223e2-912e-4ca3-ac3b-c3e3ecf09589,,Person,,100,review_needed,Candidate needs manual review.,Ekaterina Aleksandrovna Klimova,Q2213598,Russia,Moscow,Russia,https://en.wikipedia.org/wiki/Ekaterina_Klimova
Nadezhda Kadysheva,Nadezhda,f902653e-2e47-49b9-bf18-ece58d128832,,Group,,100,review_needed,Candidate needs manual review.,Nadezhda Kadysheva,Q4207433,Russia,Q19812437,Dolgorukovskaya Street,https://en.wikipedia.org/wiki/Nadezhda_Kadysheva
Aiko,aiko,53e90c12-6ad0-4d1e-ad5b-f2e5d0059946,JP,Person,singer-songwriter Aiko Yanai,100,auto_accept,Very high score and near-exact name match.,Aiko,Q123775383,Russia,Moscow,Karlovy Vary,https://en.wikipedia.org/wiki/Aiko_(Czech_singer)
Mikhail Krug,Михаил Круг,8523fe01-b990-45af-a8ab-aaa4fb3db907,RU,Person,,100,review_needed,Candidate needs manual review.,Mikhail Krug,Q1372387,Russia,Tver,Russia,https://en.wikipedia.org/wiki/Mikhail_Krug
Vasily Kalinnikov,Василий Калинников,d991017b-0e07-4ff6-8c0c-f6090f75b743,RU,Person,"Russian composer, XIX c.",100,review_needed,Candidate is disambiguated and should be checked manually.,Vasily Kalinnikov,Q368147,Russia,Pervy Voin,Russian Empire,https://en.wikipedia.org/wiki/Vasily_Kalinnikov
Alexander Gradsky,Александр Градский,be3cd5d7-ba60-4533-a42d-385b680d4884,RU,Person,,100,review_needed,Candidate needs manual review.,Alexander Gradsky,Q1964661,Russia,Kopeysk,Russia,https://en.wikipedia.org/wiki/Alexander_Gradsky
Irina Allegrova,Ирина Аллегрова,24b79f21-8628-4ab6-ada7-ec27f9a90fb3,RU,Person,,100,review_needed,Candidate needs manual review.,Irina Allegrova,Q467737,Russia,Rostov-on-Don,Russia,https://en.wikipedia.org/wiki/Irina_Allegrova
Georg Ots,Georg Ots,4ad0bad8-7ccd-497b-b064-13c8b3f5dbe6,EE,Person,,100,auto_accept,Very high score and near-exact name match.,Georg Ots,Q1280772,Russia,Saint Petersburg,Soviet Union,https://en.wikipedia.org/wiki/Georg_Ots
Anna Semenovich,Анна Семенович,d2a0f3c1-c859-4af6-b99d-52b0f9dbfe50,RU,Person,,100,review_needed,Candidate needs manual review.,Anna Semenovich,Q274362,Russia,Yekaterinburg,Russia,https://en.wikipedia.org/wiki/Anna_Semenovich
Pelageya,Пелагея,48514fdf-3669-4a52-b9c6-e0a808524404,RU,Group,band,100,review_needed,Candidate is disambiguated and should be checked manually.,Pelageya,Q1593089,Russia,Novosibirsk,Russia,https://en.wikipedia.org/wiki/Pelageya
Valentin Gaft,Валентин Гафт,cdc58584-eeeb-43f3-a915-f7335bf43021,SU,Person,,100,review_needed,Candidate needs manual review.,Valentin Gaft,Q1964037,Russia,Moscow,Russia,https://en.wikipedia.org/wiki/Valentin_Gaft
Vasili Eroshenko,Vasili,75220576-3136-48bd-89e9-00b022dd95a0,,Person,,100,review_needed,Candidate needs manual review.,Vasili Eroshenko,Q20887,Russia,Obukhovka,Russian Empire,https://en.wikipedia.org/wiki/Vasili_Eroshenko
Edison Denisov,Эдисон Васильевич Денисов,22120b9a-dc6b-4d7e-a89a-ddff6a6fc116,RU,Person,composer,100,review_needed,Candidate is disambiguated and should be checked manually.,Edison Denisov,Q275659,Russia,Tomsk,Russia,https://en.wikipedia.org/wiki/Edison_Denisov
Elena Vaenga,Елена Ваенга,115c7f2c-f620-4f13-9561-844419a422b7,RU,Person,,100,review_needed,Candidate needs manual review.,Elena Vaenga,Q1626575,Russia,Severomorsk,Russia,https://en.wikipedia.org/wiki/Elena_Vaenga
Yevgeny Svetlanov,Евгений Фёдорович Светланов,cd673bce-4d0b-4272-b331-39772bb4995f,RU,Person,conductor,100,review_needed,Candidate is disambiguated and should be checked manually.,Yevgeny Svetlanov,Q709440,Russia,Moscow,Russia,https://en.wikipedia.org/wiki/Yevgeny_Svetlanov
Vasily Solovyov-Sedoi,Василий Соловьёв-Седой,b86c3843-db89-4e56-96a5-24ea2ddfebce,RU,Person,Russian composer,100,review_needed,Candidate is disambiguated and should be checked manually.,Vasily Solovyov-Sedoi,Q739362,Russia,Saint Petersburg,Soviet Union,https://en.wikipedia.org/wiki/Vasily_Solovyov-Sedoy
Maria Yudina,Мария Юдина,b230cee7-3fb4-423f-8f5c-c4eca571ca2e,SU,Person,Soviet pianist,100,review_needed,Candidate is disambiguated and should be checked manually.,Maria Yudina,Q258602,Russia,Nevel,Russian Empire,https://en.wikipedia.org/wiki/Maria_Yudina
Lidia Isac,Lidia Isac,7b634b56-c2c6-47ef-9c9e-a24edf5fd8cb,,Person,Russian born Moldovan singer,100,auto_accept,Very high score and near-exact name match.,Lidia Isac,Q22964723,Russia,Saint Petersburg,Moldova,https://en.wikipedia.org/wiki/Lidia_Isac
Daniil Trifonov,Даниил Трифонов,d41468ad-65f9-4b68-9b2b-f5fdcac88c45,RU,Person,pianist,100,review_needed,Candidate is disambiguated and should be checked manually.,Daniil Trifonov,Q2635946,Russia,Nizhny Novgorod,Cleveland,https://en.wikipedia.org/wiki/Daniil_Trifonov
Oleg Anofriyev,Oleg,f01945ea-d840-4d72-bb94-43d976385c52,SE,Person,electropop,100,review_needed,Candidate is disambiguated and should be checked manually.,Oleg Anofriyev,Q2634866,Russia,Gelendzhik,Russia,https://en.wikipedia.org/wiki/Oleg_Anofriyev
Kirill Kondrashin,Кирилл Кондрашин,ca668bdc-b289-4ca9-b4d2-5a20ff057fb5,SU,Person,conductor,100,review_needed,Candidate is disambiguated and should be checked manually.,Kirill Kondrashin,Q431025,Russia,Moscow,Russian Empire,https://en.wikipedia.org/wiki/Kirill_Kondrashin
Kirill Petrenko,Кирилл Петренко,11395c65-588d-4a8f-b365-47d1f39a03c7,RU,Person,conductor,100,review_needed,Candidate is disambiguated and should be checked manually.,Kirill Petrenko,Q478275,Russia,Omsk,Berlin,https://en.wikipedia.org/wiki/Kirill_Petrenko
Vladimir Odoevsky,Vladimir Cosma,5dfa70d0-d170-4b5d-a901-e6c2edc96dd1,FR,Person,"French-Romanian composer, conductor and violinist",100,review_needed,Candidate is disambiguated and should be checked manually.,Vladimir Odoevsky,Q468067,Russia,Moscow,Russian Empire,https://en.wikipedia.org/wiki/Vladimir_Odoyevsky
Maimuna,Maimuna,758c187b-a4c9-4c46-add2-a3852598be66,,Person,"Swiss? singer, Team Bassment",100,auto_accept,Very high score and near-exact name match.,Maimuna,Q18676754,Russia,Saint Petersburg,Belarus,https://en.wikipedia.org/wiki/Maimuna
Rudolf Barshai,Рудольф Баршай,cd7ff109-3001-4ee1-936b-797ba8c14f3e,SU,Person,viola player and conductor,100,review_needed,Candidate is disambiguated and should be checked manually.,Rudolf Barshai,Q362806,Russia,Labinsk,Russia,https://en.wikipedia.org/wiki/Rudolf_Barshai
Sergey Shnurov,Сергей Шнуров,183c8ffa-8f77-44c9-929f-818f26ab4953,RU,Person,,100,review_needed,Candidate needs manual review.,Sergey Shnurov,Q921496,Russia,Saint Petersburg,Russia,https://en.wikipedia.org/wiki/Sergey_Shnurov
Alexander Serov,Александр Николаевич Серов,0b2e2859-bb9c-45b5-90cf-9d52a66cbe6c,RU,Person,,100,review_needed,Candidate needs manual review.,Alexander Serov,Q442978,Russia,Saint Petersburg,Russian Empire,https://en.wikipedia.org/wiki/Alexander_Serov
Yanka Dyagileva,Янка Дягилева,ca9739ab-d1a3-474c-8061-903c28c07043,SU,Person,,100,review_needed,Candidate needs manual review.,Yanka Dyagileva,Q998702,Russia,Novosibirsk,Soviet Union,https://en.wikipedia.org/wiki/Yanka_Dyagileva
Nikolai Lugansky,Николай Луганский,cd909fcb-7c80-4988-9b91-930c06d18d27,RU,Person,pianist,100,review_needed,Candidate is disambiguated and should be checked manually.,Nikolai Lugansky,Q706497,Russia,Moscow,Moscow,https://en.wikipedia.org/wiki/Nikolai_Lugansky
Dmitriy Nagiev,Dmitriy Mityukhin,bad85a78-9859-459d-b7d8-861b5ecff9eb,,Person,Tybercore (production music),100,review_needed,Candidate is disambiguated and should be checked manually.,Dmitriy Nagiev,Q3033167,Russia,Saint Petersburg,Russia,https://en.wikipedia.org/wiki/Dmitry_Nagiyev
Elena Temnikova,Елена Темникова,88059cfc-f1d9-4e0a-902e-d84baae1a17f,RU,Person,,100,review_needed,Candidate needs manual review.,Elena Temnikova,Q973066,Russia,Kurgan,Russia,https://en.wikipedia.org/wiki/Elena_Temnikova
Yulia Nachalova,Юлия Началова,6eb931be-cc46-445e-8c49-9063fcee57ef,RU,Person,,100,review_needed,Candidate needs manual review.,Yulia Nachalova,Q2454464,Russia,Voronezh,Moscow,https://en.wikipedia.org/wiki/Yulia_Nachalova
Alexey Buldakov,Maxim Buldakov,a72687d1-1e2a-4431-a48e-3a6a42c08ec3,,Person,dance music,100,review_needed,Candidate is disambiguated and should be checked manually.,Alexey Buldakov,Q1967525,Russia,Klyuchevsky District,Soviet Union,https://en.wikipedia.org/wiki/Aleksey_Buldakov
Sati Kazanova,Сати Казанова,c66ea219-2424-49f8-9d99-445dbdf8716f,RU,Person,,100,review_needed,Candidate needs manual review.,Sati Kazanova,Q4207677,Russia,Verkhny Kurkuzhin,Russia,https://en.wikipedia.org/wiki/Sati_Kazanova
Detsl,Децл,c3fbe265-f1e0-4839-a391-6629184f18d8,RU,Person,Russian hip-hop artist,100,review_needed,Candidate is disambiguated and should be checked manually.,Detsl,Q1968358,Russia,Moscow,Russia,https://en.wikipedia.org/wiki/Detsl
Basta,Basta,dd4cb991-2f44-4690-bdfb-662df0e21b64,DE,Group,German a cappella quintet,100,auto_accept,Very high score and near-exact name match.,Basta,Q3986754,Russia,Rostov-on-Don,Russia,https://en.wikipedia.org/wiki/Basta_(rapper)
Alexander Siloti,Александр Зилоти,e8ece613-bcdf-49e5-a610-e1cb5e116769,RU,Person,,100,review_needed,Candidate needs manual review.,Alexander Siloti,Q366536,Russia,Znamenka,Russian Empire,https://en.wikipedia.org/wiki/Alexander_Siloti
Vissarion Shebalin,Виссарион Шебалин,a4966aba-9075-466e-94c7-2470f6cdd9d0,SU,Person,"Russian composer, XX c.",100,review_needed,Candidate is disambiguated and should be checked manually.,Vissarion Shebalin,Q504286,Russia,Omsk,Russian Empire,https://en.wikipedia.org/wiki/Vissarion_Shebalin
Maxim Fadeev,Maxim,86ea8a04-8700-4054-9886-4edd5a73bdba,DE,Person,German reggae singer,100,review_needed,Candidate is disambiguated and should be checked manually.,Maxim Fadeev,Q2393147,Russia,Kurgan,Russia,https://en.wikipedia.org/wiki/Maxim_Fadeev
Andrei Eshpai,Андрей Эшпай,f16b4bfe-be6d-4f9e-a89b-4e7e97aaf2c6,SU,Person,pianist/composer,100,review_needed,Candidate is disambiguated and should be checked manually.,Andrei Eshpai,Q502147,Russia,Kozmodemyansk,Russia,https://en.wikipedia.org/wiki/Andrei_Eshpai
Nicolas Slonimsky,Nicolas Slonimsky,5c1dcdc3-e583-4a2e-8c45-d6001353713e,US,Person,"musicologist, conductor, pianist and composer",100,auto_accept,Very high score and near-exact name match.,Nicolas Slonimsky,Q555602,Russia,Saint Petersburg,Russian Empire,https://en.wikipedia.org/wiki/Nicolas_Slonimsky
Nikolai Tcherepnin,Николай Николаевич Черепнин,6775554d-38f8-4771-a036-a779c88c582a,RU,Person,composer,100,review_needed,Candidate is disambiguated and should be checked manually.,Nikolai Tcherepnin,Q918647,Russia,Saint Petersburg,Russian Empire,https://en.wikipedia.org/wiki/Nikolai_Tcherepnin
Tsarevich Ivan Ivanovich of Russia,Ivan Russia,75c07dab-c6ac-427e-8455-8033b2ca80a8,,,,100,review_needed,Candidate needs manual review.,Tsarevich Ivan Ivanovich of Russia,Q1353547,Russia,Moscow,Tsardom of Russia,https://en.wikipedia.org/wiki/Tsarevich_Ivan_Ivanovich_of_Russia
Natalia Gutman,Наталья Гутман,c863732d-de4e-4154-9a73-f07ef4008f63,RU,Person,cellist,100,review_needed,Candidate is disambiguated and should be checked manually.,Natalia Gutman,Q272462,Russia,Kazan,Russia,https://en.wikipedia.org/wiki/Natalia_Gutman
Zivert,Zivert,225712aa-699f-4e77-8547-93dfcdfa5666,RU,Person,,100,auto_accept,Very high score and near-exact name match.,Zivert,Q62079006,Russia,Moscow,Russia,https://en.wikipedia.org/wiki/Zivert
Boris Berezovsky,Борис Березовский,7f8e85df-12d8-438f-98dd-7194c004d123,RU,Person,pianist,100,review_needed,Candidate is disambiguated and should be checked manually.,Boris Berezovsky,Q25873,Russia,Moscow,Russia,https://en.wikipedia.org/wiki/Boris_Berezovsky_(pianist)
Vladimir Sofronitsky,Владимир Владимирович Софроницкий,4232481b-b62b-4b88-a9df-29dd00614695,RU,Person,pianist,100,review_needed,Candidate is disambiguated and should be checked manually.,Vladimir Sofronitsky,Q950150,Russia,Saint Petersburg,Russian Empire,https://en.wikipedia.org/wiki/Vladimir_Sofronitsky
Irina Arkhipova,Ирина Архипова,3f3bcfcb-ad3a-422f-a467-e360860af53a,RU,Person,"opera singer, mezzo-soprano and later contralto",100,review_needed,Candidate is disambiguated and should be checked manually.,Irina Arkhipova,Q272421,Russia,Moscow,Russia,https://en.wikipedia.org/wiki/Irina_Arkhipova
Julius Krohn,Julius Krohn,6c482abe-a067-4504-9bf0-7e33348b9bd6,FI,Person,,100,auto_accept,Very high score and near-exact name match.,Julius Krohn,Q1712767,Russia,Vyborg,Benigno Aquino III,https://en.wikipedia.org/wiki/Julius_Krohn
Aleksandra Skochilenko,Aleksandra,f10e1f98-9b7f-4b8d-a717-9abbcd336c49,,Person,"singer feat. on Croatian group North Coast Vibes' ""Tenderness""",100,review_needed,Candidate is disambiguated and should be checked manually.,Aleksandra Skochilenko,Q111603847,Russia,Saint Petersburg,Russia,https://en.wikipedia.org/wiki/Aleksandra_Skochilenko
Wladimir Kaminer,Wladimir Kaminer,779462a4-8142-4c25-b143-c5719d6371da,DE,Person,,100,auto_accept,Very high score and near-exact name match.,Wladimir Kaminer,Q76946,Russia,Moscow,Berlin,https://en.wikipedia.org/wiki/Wladimir_Kaminer
Bob Martin,Bob Martin,0716f478-fdf8-4492-be63-55c8b443ecc0,US,Person,US folk singer-songwriter,100,auto_accept,Very high score and near-exact name match.,Bob Martin,Q217120,Russia,Krasnoyarsk,Austria,https://en.wikipedia.org/wiki/Bob_Martin_(singer)
Renata Litvinova,Рената Литвинова,dd836279-bec0-4603-9463-a8f5a9446b43,RU,Person,,100,review_needed,Candidate needs manual review.,Renata Litvinova,Q2627377,Russia,Moscow,Paris,https://en.wikipedia.org/wiki/Renata_Litvinova
Artur Smolyaninov,Arthur Rubinstein,7cc89d05-3db5-4d08-bea0-9c328aa56c39,PL,Person,pianist,100,review_needed,Candidate is disambiguated and should be checked manually.,Artur Smolyaninov,Q2865340,Russia,Moscow,Russia,https://en.wikipedia.org/wiki/Artur_Smolyaninov
Larisa Golubkina,Лариса Голубкина,ebc7484e-cc50-4026-9803-890e21c8033e,RU,Person,,100,review_needed,Candidate needs manual review.,Larisa Golubkina,Q4142441,Russia,Moscow,Russia,https://en.wikipedia.org/wiki/Larisa_Golubkina
Aleksei Losev,Aleksei,a9b40b81-2e41-438e-aae8-8b5be22db0f6,US,Person,,100,review_needed,Candidate needs manual review.,Aleksei Losev,Q1248105,Russia,Novocherkassk,Russian Empire,https://en.wikipedia.org/wiki/Aleksei_Losev
John Kay,John Kay,0d833cff-1f5c-4684-8a4b-200bd96f814a,CA,Person,lead singer of Steppenwolf,100,auto_accept,Very high score and near-exact name match.,John Kay,Q63204,Russia,Sovetsk,United States,https://en.wikipedia.org/wiki/John_Kay_(musician)
Zhanna Bichevskaya,Жанна Бичевская,ddfc0d58-b989-4d0a-a915-d8e56e4f1f36,RU,Person,,100,review_needed,Candidate needs manual review.,Zhanna Bichevskaya,Q274312,Russia,Moscow,Russia,https://en.wikipedia.org/wiki/Zhanna_Bichevskaya
Tatiana Nikolayeva,Татьяна Николаева,b7c7c8d7-0c94-4278-ab46-81e1e6359072,SU,Person,pianist,100,review_needed,Candidate is disambiguated and should be checked manually.,Tatiana Nikolayeva,Q260104,Russia,Bezhitsa,Russia,https://en.wikipedia.org/wiki/Tatiana_Nikolayeva
Ekaterina Ryabova,Ekaterina Ryabova,a8712ff0-0152-4958-a60e-72e058c6e0da,RU,Person,Russian singer,100,auto_accept,Very high score and near-exact name match.,Ekaterina Ryabova,Q972840,Russia,Shchyolkovo,Russia,https://en.wikipedia.org/wiki/Ekaterina_Ryabova_(singer)
Sergei Lyapunov,Сергей Михайлович Ляпунов,fc448b69-a27a-4ee4-8425-4f8c0410ea49,RU,Person,,100,review_needed,Candidate needs manual review.,Sergei Lyapunov,Q427214,Russia,Yaroslavl,Russian Empire,https://en.wikipedia.org/wiki/Sergei_Lyapunov
Andrey Petrov,Андрей Петров,12da9155-b360-422c-88af-2181e6378cca,RU,Person,russian drummer,100,review_needed,Candidate is disambiguated and should be checked manually.,Andrey Petrov,Q502390,Russia,Saint Petersburg,Russia,https://en.wikipedia.org/wiki/Andrei_Petrov
Erkki Melartin,Erkki Melartin,5b3f4700-d190-4f70-8f36-9b68e76d9464,FI,Person,Finnish composer,100,auto_accept,Very high score and near-exact name match.,Erkki Melartin,Q534960,Russia,Priozersk,Helsinki,https://en.wikipedia.org/wiki/Erkki_Melartin
Mikhail Gnesin,Михаил Гнесин,d27a692c-a786-48dc-a75f-6e737e4d0c8f,RU,Person,,100,review_needed,Candidate needs manual review.,Mikhail Gnesin,Q601425,Russia,Rostov-on-Don,Russian Empire,https://en.wikipedia.org/wiki/Mikhail_Gnessin
Olga Seryabkina,MOLLY,b3a8a29f-abeb-4026-ab8c-97058a379c8a,RU,Person,Russian singer Olga Seryabkina,100,review_needed,Candidate is disambiguated and should be checked manually.,Olga Seryabkina,Q3320764,Russia,Moscow,Russia,https://en.wikipedia.org/wiki/Olga_Seryabkina
Maxim Shostakovich,Максим Дмитриевич Шостакович,450a4803-0dbc-46cd-9e5a-98767d554f10,RU,Person,"conductor and pianist, son of the composer",100,review_needed,Candidate is disambiguated and should be checked manually.,Maxim Shostakovich,Q706328,Russia,Saint Petersburg,Russia,https://en.wikipedia.org/wiki/Maxim_Shostakovich
Lazar Berman,Lazar Berman,b468084e-d9c2-4350-b85f-6aa81dc07538,RU,Person,pianist,100,auto_accept,Very high score and near-exact name match.,Lazar Berman,Q545764,Russia,Saint Petersburg,Italy,https://en.wikipedia.org/wiki/Lazar_Berman
Vasily Agapkin,Василий Агапкин,b8a7eaae-04d6-4eb1-9632-585b02ae4c81,RU,Person,,100,review_needed,Candidate needs manual review.,Vasily Agapkin,Q2585526,Russia,Shancherovo,Russian Empire,https://en.wikipedia.org/wiki/Vasily_Agapkin
Martti Talvela,Martti Talvela,837cdbca-b803-4ecf-adf2-c56020f78785,FI,Person,operatic bass,100,auto_accept,Very high score and near-exact name match.,Martti Talvela,Q470945,Russia,Khiytola,Berlin,https://en.wikipedia.org/wiki/Martti_Talvela
Ildar Abdrazakov,Ильдар Абдразаков,635889e7-fd62-41fe-b302-9ecf09962359,RU,Person,operatic bass,100,review_needed,Candidate is disambiguated and should be checked manually.,Ildar Abdrazakov,Q4054479,Russia,Ufa,Russia,https://en.wikipedia.org/wiki/Ildar_Abdrazakov
Nina Kraviz,Nina Kraviz,5dd3cf5b-474d-465a-a539-456d7e125ebc,RU,Person,Russian DJ,100,auto_accept,Very high score and near-exact name match.,Nina Kraviz,Q14829032,Russia,Irkutsk,Russia,https://en.wikipedia.org/wiki/Nina_Kraviz
Vladimir Spivakov,Владимир Спиваков,e002cfbc-a46a-47d5-9031-84bd574d76a6,RU,Person,Russian violinist/conductor,100,review_needed,Candidate is disambiguated and should be checked manually.,Vladimir Spivakov,Q579170,Russia,Ufa,Russia,https://en.wikipedia.org/wiki/Vladimir_Spivakov
Aleksandr Domogarov,Александр Домогаров,4ac36b89-0cbe-4151-9d21-0d93c6ed8293,SU,Person,Soviet theater actor,100,review_needed,Candidate is disambiguated and should be checked manually.,Aleksandr Domogarov,Q1958241,Russia,Moscow,Russia,https://en.wikipedia.org/wiki/Aleksandr_Domogarov
Olga Budina,Olga Wojtas,3c78696f-78a7-416c-96ca-3d3e9d99d754,,Person,,100,review_needed,Candidate needs manual review.,Olga Budina,Q1977596,Russia,Moscow,Russia,https://en.wikipedia.org/wiki/Olga_Budina
Maya Kristalinskaya,Майя Кристалинская,70e86235-c852-4b94-881c-311c2ad7f94a,SU,Person,,100,review_needed,Candidate needs manual review.,Maya Kristalinskaya,Q1982660,Russia,Moscow,Soviet Union,https://en.wikipedia.org/wiki/Maya_Kristalinskaya
Klara Rumyanova,Клара Румянова,d50ab1d6-7d2b-4f58-8e17-768c68bf471f,SU,Person,,100,review_needed,Candidate needs manual review.,Klara Rumyanova,Q2367082,Russia,Saint Petersburg,Russia,https://en.wikipedia.org/wiki/Klara_Rumyanova
Irina Miroshnichenko,Irina,8b95d10e-bc87-4aab-9404-39941f76bcb8,FI,Person,Finnish singer Irina Saari,100,review_needed,Candidate is disambiguated and should be checked manually.,Irina Miroshnichenko,Q3154381,Russia,Barnaul,Russia,https://en.wikipedia.org/wiki/Irina_Miroshnichenko
Vladimir Romashkin,Vladimir Romashkin,80c03495-914b-4834-92f9-f2d8c3b642c7,,Person,,100,auto_accept,Very high score and near-exact name match.,Vladimir Romashkin,Q4397499,Russia,Ichalki,Finland,https://en.wikipedia.org/wiki/Vladimir_Romashkin
Marina Tchebourkina,Marina Tchebourkina,b070ee4d-a0be-4041-af52-d3c1174f55b6,FR,Person,organist,100,auto_accept,Very high score and near-exact name match.,Marina Tchebourkina,Q18522075,Russia,Moscow,Palace of Versailles,https://en.wikipedia.org/wiki/Marina_Tchebourkina
Nikolay Alexandrovich Lvov,Gred Lvov,3daf8b72-fe61-479c-9703-71907e102bfc,,Person,,100,review_needed,Candidate needs manual review.,Nikolay Alexandrovich Lvov,Q51131,Russia,Nikolskoe,Gatchina,https://en.wikipedia.org/wiki/Nikolay_Lvov
Galina Ustvolskaya,Галина Ивановна Уствольская,58966657-7fcb-49f7-8992-6e2f9fae1052,RU,Person,composer,100,review_needed,Candidate is disambiguated and should be checked manually.,Galina Ustvolskaya,Q255300,Russia,Saint Petersburg,Russia,https://en.wikipedia.org/wiki/Galina_Ustvolskaya
Yuri Vizbor,Юрий Визбор,b7d22e94-cdff-4139-bda9-2dceae4f0ffc,SU,Person,,100,review_needed,Candidate needs manual review.,Yuri Vizbor,Q582152,Russia,Moscow,Soviet Union,https://en.wikipedia.org/wiki/Yuri_Vizbor
Alexander Tcherepnin,Александр Николаевич Черепнин,aae12a3d-8f00-410a-a87b-f19f8d7fd24e,RU,Person,Russian composer,100,review_needed,Candidate is disambiguated and should be checked manually.,Alexander Tcherepnin,Q504011,Russia,Saint Petersburg,Russian Empire,https://en.wikipedia.org/wiki/Alexander_Tcherepnin
Dmitri Prigov,Дмитрий Дмитриевич Шостакович,519dd32e-8f30-4380-8826-7aa99169e1bb,RU,Person,composer,100,review_needed,Candidate is disambiguated and should be checked manually.,Dmitri Prigov,Q537003,Russia,Moscow,Russia,https://en.wikipedia.org/wiki/Dmitri_Prigov
Viktoria Mullova,Виктория Муллова,02bd2dff-f337-4788-9e75-0eb6beb932ac,RU,Person,violinist,100,review_needed,Candidate is disambiguated and should be checked manually.,Viktoria Mullova,Q268575,Russia,Moscow,Holland Park,https://en.wikipedia.org/wiki/Viktoria_Mullova
Igor Presnyakov,Igor Presnyakov,d0f48c49-9c87-4466-a7d0-0dc62d02f649,NL,Person,,100,auto_accept,Very high score and near-exact name match.,Igor Presnyakov,Q715626,Russia,Moscow,Kingdom of the Netherlands,https://en.wikipedia.org/wiki/Igor_Presnyakov
Sergei Vasilenko,Сергей Василенко,a44353fb-85bf-47de-bafe-0238d6729ccd,RU,Person,Russian composer and conductor,100,review_needed,Candidate is disambiguated and should be checked manually.,Sergei Vasilenko,Q1553197,Russia,Moscow,Russian Empire,https://en.wikipedia.org/wiki/Sergei_Vasilenko
Andrej Hoteev,Andrej Hoteev,f2b419d4-7f88-45df-83c4-3a5df2cef817,DE,Person,,100,auto_accept,Very high score and near-exact name match.,Andrej Hoteev,Q502063,Russia,Saint Petersburg,Germany,https://en.wikipedia.org/wiki/Andrej_Hoteev
Vasily Safonov,Василий Сафонов,e9483a6d-f0a2-42ff-b367-3c746ec26c19,RU,Person,,100,review_needed,Candidate needs manual review.,Vasily Safonov,Q947291,Russia,Ishcherskaya,Russian Empire,https://en.wikipedia.org/wiki/Vasily_Safonov
Ivan Larionov,Иван Ларионов,8bf19a45-3a28-411d-b2c8-c4e0b535b68d,RU,Person,,100,review_needed,Candidate needs manual review.,Ivan Larionov,Q2353026,Russia,Perm,Russian Empire,https://en.wikipedia.org/wiki/Ivan_Larionov
Denis Matsuev,Denis Matsuev,981e0034-de98-4680-9822-9fc3eda40f04,RU,Person,pianist,100,auto_accept,Very high score and near-exact name match.,Denis Matsuev,Q739505,Russia,Irkutsk,Moscow,https://en.wikipedia.org/wiki/Denis_Matsuev
Muslim Magomayev,Муслим Магомаев,37177120-189b-418f-a01c-284ff0ed9d6c,SU,Person,,100,review_needed,Candidate needs manual review.,Muslim Magomayev,Q2499809,Russia,Grozny,Azerbaijan Democratic Republic,https://en.wikipedia.org/wiki/Muslim_Magomayev_(composer)
Sara Sadıyqova,Zarah Leander,d3353e72-41cf-40df-a61a-ba7982557c2b,SE,Person,,100,review_needed,Candidate needs manual review.,Sara Sadıyqova,Q4404938,Russia,Kazan,Russian Empire,https://en.wikipedia.org/wiki/Sara_Sad%C3%ADqova
Leonid Sobinov,Леонид Собинов,58504099-de90-4496-b476-9d0044147ae8,RU,Person,"opera singer, tenor",100,review_needed,Candidate is disambiguated and should be checked manually.,Leonid Sobinov,Q1397007,Russia,Yaroslavl,Russian Empire,https://en.wikipedia.org/wiki/Leonid_Sobinov
Ilya Naishuller,Ilya,9e2cde4a-3241-45df-b122-f23ffcce7093,GB,Group,downtempo duo from Bristol,100,review_needed,Candidate is disambiguated and should be checked manually.,Ilya Naishuller,Q23867507,Russia,Moscow,Russia,https://en.wikipedia.org/wiki/Ilya_Naishuller
Pavel Volya,Павел Воля,b34b104d-d1bc-4d6f-923a-b9a3b39302aa,RU,Person,,100,review_needed,Candidate needs manual review.,Pavel Volya,Q2064926,Russia,Penza,Russia,https://en.wikipedia.org/wiki/Pavel_Volya
Shlomo Mintz,Shlomo Mintz,e32e635d-ee6e-45c7-bcf3-aad9407dfefa,IL,Person,"violinist, violist and conductor",100,auto_accept,Very high score and near-exact name match.,Shlomo Mintz,Q470457,Russia,Moscow,Israel,https://en.wikipedia.org/wiki/Shlomo_Mintz
Natalya Andrejchenko,Natalya Veshnyeva,49b2fa5c-2931-46ce-8bb6-f900efec3e7d,,Person,,100,review_needed,Candidate needs manual review.,Natalya Andrejchenko,Q449925,Russia,Moscow,Russia,https://en.wikipedia.org/wiki/Natalya_Andreychenko
Ansa Ikonen,Ansa Ikonen,846a55d4-3994-4159-ad38-376188fb2684,FI,Person,Finnish film and theater actress,100,auto_accept,Very high score and near-exact name match.,Ansa Ikonen,Q4770489,Russia,Saint Petersburg,Helsinki,https://en.wikipedia.org/wiki/Ansa_Ikonen
Anahit Tsitsikian,Anahit,f50b43fa-27a4-4829-b4b3-280800e1fd3e,,,,100,review_needed,Candidate needs manual review.,Anahit Tsitsikian,Q2567135,Russia,Saint Petersburg,Armenia,https://en.wikipedia.org/wiki/Anahit_Tsitsikian
Duke Peter of Oldenburg,Peter Oldenburg,199cf81c-6027-4147-bbb4-512beabdc6ed,,Person,,100,review_needed,Candidate needs manual review.,Duke Peter of Oldenburg,Q62816,Russia,Yaroslavl,Grand Duchy of Oldenburg,https://en.wikipedia.org/wiki/Duke_Peter_of_Oldenburg
Leonid Agutin,Леонид Агутин,90ea34d4-84b7-45a1-90fb-5c007d8521e1,RU,Person,,100,review_needed,Candidate needs manual review.,Leonid Agutin,Q337404,Russia,Moscow,Russia,https://en.wikipedia.org/wiki/Leonid_Agutin
Lera Auerbach,Lera Auerbach,7421b42f-0a7a-415b-80d6-2fb88a95743c,US,Person,,100,auto_accept,Very high score and near-exact name match.,Lera Auerbach,Q241503,Russia,Chelyabinsk,Austria,https://en.wikipedia.org/wiki/Lera_Auerbach
Alexander Rosenbaum,Александр Розенбаум,f519baa1-deda-4c56-bbce-5c05966c0355,RU,Person,,100,review_needed,Candidate needs manual review.,Alexander Rosenbaum,Q663116,Russia,Saint Petersburg,Moscow,https://en.wikipedia.org/wiki/Alexander_Rosenbaum
Oxxxymiron,Oxxxymiron,fb2a8279-79cf-4849-b692-1ce674709159,GB,Person,Russian rapper,100,auto_accept,Very high score and near-exact name match.,Oxxxymiron,Q4046107,Russia,Saint Petersburg,Russia,https://en.wikipedia.org/wiki/Oxxxymiron
Yevgeny Nesterenko,Евгений Нестеренко,4e22b950-f212-46a2-a897-00c6c03e3024,RU,Person,Russian operatic bass singer,100,review_needed,Candidate is disambiguated and should be checked manually.,Yevgeny Nesterenko,Q2640005,Russia,Moscow,Russia,https://en.wikipedia.org/wiki/Yevgeny_Nesterenko
Mikhail Shufutinsky,Михаил Шуфутинский,c5fbd2a7-574b-47f9-b3c8-14dfcabf283d,RU,Person,,100,review_needed,Candidate needs manual review.,Mikhail Shufutinsky,Q541833,Russia,Moscow,Russia,https://en.wikipedia.org/wiki/Mikhail_Shufutinsky
Nikolai Zverev,Николай Зверев,5ba3d13c-a544-4493-ac77-cf0e55eb15a6,RU,Person,,100,review_needed,Candidate needs manual review.,Nikolai Zverev,Q553959,Russia,Volokolamsk,Russian Empire,https://en.wikipedia.org/wiki/Nikolai_Zverev
Efrem Zimbalist,Efrem Zimbalist,030c725e-f671-4c35-b283-8690ba6f3c4e,RU,Person,,100,auto_accept,Very high score and near-exact name match.,Efrem Zimbalist,Q614454,Russia,Rostov-on-Don,Russian Empire,https://en.wikipedia.org/wiki/Efrem_Zimbalist
George Avakian,George Avakian,a4f7c16a-77bf-433a-be6d-d91ae3b9a13f,US,Person,US 1940–90s record producer,100,auto_accept,Very high score and near-exact name match.,George Avakian,Q1382368,Russia,Armavir,United States,https://en.wikipedia.org/wiki/George_Avakian
Anna Vyrubova,Άννα Βίσση,e2b96b55-35c4-45b9-8d7b-726ac927982f,GR,Person,Greek singer and actress,100,review_needed,Candidate is disambiguated and should be checked manually.,Anna Vyrubova,Q266125,Russia,Lomonosov,Saint Petersburg,https://en.wikipedia.org/wiki/Anna_Vyrubova
Anna Yesipova,Анна Николаевна Есипова,b7ae513c-5b4d-40a3-bef7-7b7f91843ddc,RU,Person,Russian pianist,100,review_needed,Candidate is disambiguated and should be checked manually.,Anna Yesipova,Q521740,Russia,Saint Petersburg,Russian Empire,https://en.wikipedia.org/wiki/Anna_Yesipova
Andrei Gavrilov,Андрей Гаврилов,6624e455-c745-4ca8-bebb-146cdfe89359,RU,Person,pianist,100,review_needed,Candidate is disambiguated and should be checked manually.,Andrei Gavrilov,Q502725,Russia,Moscow,Armenia,https://en.wikipedia.org/wiki/Andrei_Gavrilov
Josef Lhévinne,Josef Lhévinne,cf2fc622-4455-4e4a-b711-d3d0f439dc71,RU,Person,pianist,100,auto_accept,Very high score and near-exact name match.,Josef Lhévinne,Q951486,Russia,Oryol,Berlin,https://en.wikipedia.org/wiki/Josef_Lh%C3%A9vinne
Shaman,Shaman,9ff3eacb-c52e-40c6-8f0d-b242b05061f0,BR,Group,progressive power-metal band from Brazil,100,auto_accept,Very high score and near-exact name match.,Shaman,Q112996409,Russia,Novomoskovsk,Russia,https://en.wikipedia.org/wiki/Shaman_(singer)
Modest Tchaikovsky,Пётр Ильич Чайковский,9ddd7abc-9e1b-471d-8031-583bc6bc8be9,RU,Person,Russian romantic composer,100,review_needed,Candidate is disambiguated and should be checked manually.,Modest Tchaikovsky,Q2306644,Russia,Alapayevsk,Russian Empire,https://en.wikipedia.org/wiki/Modest_Ilyich_Tchaikovsky
Vladimir Martynov,Владимир Мартынов,fce348ea-05cd-4533-850d-fee25d42019f,RU,Person,composer,100,review_needed,Candidate is disambiguated and should be checked manually.,Vladimir Martynov,Q2640499,Russia,Moscow,Russia,https://en.wikipedia.org/wiki/Vladimir_Martynov
Sergei Lemeshev,Сергей Лемешев,67638dd4-2270-4bcf-beee-38ee16fd7ee7,RU,Person,,100,review_needed,Candidate needs manual review.,Sergei Lemeshev,Q972380,Russia,Knyazevo,Russian Empire,https://en.wikipedia.org/wiki/Sergei_Lemeshev
Alexander Amfiteatrov,Peter Alexander,1f27d918-b658-4918-aa18-80897433e14b,AT,Person,"Austrian singer, actor, entertainer and showmaster",100,review_needed,Candidate is disambiguated and should be checked manually.,Alexander Amfiteatrov,Q2705483,Russia,Kaluga,Russian Empire,https://en.wikipedia.org/wiki/Alexander_Amfiteatrov
Pyotr Mamonov,Пётр Мамонов,9079304f-3219-479d-9b3a-398b71038166,RU,Person,,100,review_needed,Candidate needs manual review.,Pyotr Mamonov,Q2369235,Russia,Moscow,Russia,https://en.wikipedia.org/wiki/Pyotr_Mamonov
Semyon Bychkov,Семён Бычков,6badf867-cc3f-4fae-a6e7-9156e1769dc2,RU,Person,conductor,100,review_needed,Candidate is disambiguated and should be checked manually.,Semyon Bychkov,Q720037,Russia,Saint Petersburg,Soviet Union,https://en.wikipedia.org/wiki/Semyon_Bychkov_(conductor)
Valeri Zolotukhin,Валерий Золотухин,4cfd56d7-23ab-4ee7-a10d-e60eacf5d06a,SU,Person,,100,review_needed,Candidate needs manual review.,Valeri Zolotukhin,Q1660403,Russia,Bystryy Istok,Russia,https://en.wikipedia.org/wiki/Valeri_Zolotukhin
Masha Rasputina,Маша Распутина,3bcd884c-be67-46df-8f34-e12d29888b30,RU,Person,,100,review_needed,Candidate needs manual review.,Masha Rasputina,Q1972287,Russia,Inskoy,Russia,https://en.wikipedia.org/wiki/Masha_Rasputina
Dayana Kirillova,Dayana Kirillova,3b3b43d8-22e2-47bc-844d-030f860fed51,,,,100,auto_accept,Very high score and near-exact name match.,Dayana Kirillova,Q13423493,Russia,Kazan,Russia,https://en.wikipedia.org/wiki/Dayana_Kirillova
Polina Bogusevich,Polina Bogusevich,63de9e34-3e2e-472c-8573-40c69f63c62c,RU,Person,,100,auto_accept,Very high score and near-exact name match.,Polina Bogusevich,Q43773905,Russia,Moscow,Russia,https://en.wikipedia.org/wiki/Polina_Bogusevich
Jiva,Jiva,5e6134b1-147d-4f01-8342-041c80e0bff3,US,Group,US deep house/acid jazz group,100,auto_accept,Very high score and near-exact name match.,Jiva,Q138586693,Russia,Moscow,Azerbaijan,https://en.wikipedia.org/wiki/Jiva_(singer)
Maria Alyokhina,Maria Bethânia,b3998c06-04e6-4b1d-bd2a-d5b83572ae7b,BR,Person,,100,review_needed,Candidate needs manual review.,Maria Alyokhina,Q6760992,Russia,Moscow,Iceland,https://en.wikipedia.org/wiki/Maria_Alyokhina
Sergey Kuryokhin,The Sergey Kuryokhin Creative Ensemble,2f0b962f-b9cf-409c-a011-d0cc8e4443a1,,Group,,100,review_needed,Candidate needs manual review.,Sergey Kuryokhin,Q118233,Russia,Murmansk,Russia,https://en.wikipedia.org/wiki/Sergey_Kuryokhin
Issay Dobrowen,Исай Добровейн,dbc39adc-0b93-45c0-9959-159d62178e47,NO,Person,"Russian conductor, composer and pianist",100,review_needed,Candidate is disambiguated and should be checked manually.,Issay Dobrowen,Q181145,Russia,Nizhny Novgorod,Norway,https://en.wikipedia.org/wiki/Issay_Dobrowen
Q263059,,,,,,,no_match,No usable result returned by MusicBrainz.,Q263059,Q263059,Russia,Moscow,Russia,https://en.wikipedia.org/wiki/Yulianna_Avdeeva
Origa,ORIGA,b5536488-a4da-4e87-9779-d5351c00729d,JP,Person,Russian singer active in Japan,100,auto_accept,Very high score and near-exact name match.,Origa,Q259884,Russia,Kochenёvo,Tokyo,https://en.wikipedia.org/wiki/Origa
Timur Mutsurayev,Тимур Муцураев,58af28df-5496-41e6-924c-93bfe10f780a,,Person,,100,review_needed,Candidate needs manual review.,Timur Mutsurayev,Q737833,Russia,Grozny,Chechen Republic of Ichkeria,https://en.wikipedia.org/wiki/Timur_Mutsurayev
Anita Tsoy,Анита Цой,c01f4952-68c1-4c59-837e-204bd1ce4f7f,RU,Person,,100,review_needed,Candidate needs manual review.,Anita Tsoy,Q461151,Russia,Moscow,Russia,https://en.wikipedia.org/wiki/Anita_Tsoy
Alexander Bashlachev,Александр Башлачёв,c605a898-029b-43c9-8f5d-086b5ed84d04,RU,Person,,100,review_needed,Candidate needs manual review.,Alexander Bashlachev,Q973400,Russia,Cherepovets,Soviet Union,https://en.wikipedia.org/wiki/Alexander_Bashlachev
Boris Alexandrovich Alexandrov,Борис Александров,6d97e17e-a0b0-48c3-88cb-e28f492499eb,RU,Person,,100,review_needed,Candidate needs manual review.,Boris Alexandrovich Alexandrov,Q1958951,Russia,Bologoye,Russia,https://en.wikipedia.org/wiki/Boris_Aleksandrov_(composer)
Igor Talkov,Игорь Тальков,22dd5cae-d4c5-4b7c-a413-964d2b15edb2,RU,Person,,100,review_needed,Candidate needs manual review.,Igor Talkov,Q2625789,Russia,Gretsovka,Soviet Union,https://en.wikipedia.org/wiki/Igor_Talkov
Kamaliya,Kamaliya,24f40066-f516-4e92-838f-2a010089aa36,UA,Person,,100,auto_accept,Very high score and near-exact name match.,Kamaliya,Q2781934,Russia,Step’,Pakistan,https://en.wikipedia.org/wiki/Kamaliya
Aulis Sallinen,Aulis Sallinen,30ed19b3-2e06-43b9-a1cc-72ad95e6baa3,FI,Person,Finnish composer,100,auto_accept,Very high score and near-exact name match.,Aulis Sallinen,Q542194,Russia,Salmi,Helsinki,https://en.wikipedia.org/wiki/Aulis_Sallinen
Aleksandr Zatsepin,Александр Зацепин,1de63bc1-ab68-461f-90ce-94fe8649eb40,RU,Person,composer,100,review_needed,Candidate is disambiguated and should be checked manually.,Aleksandr Zatsepin,Q641869,Russia,Novosibirsk,Russia,https://en.wikipedia.org/wiki/Aleksandr_Zatsepin
Lev Oborin,Лев Оборин,9c714b14-aa7f-40c4-9a7c-516e2e848639,RU,Person,pianist,100,review_needed,Candidate is disambiguated and should be checked manually.,Lev Oborin,Q644483,Russia,Moscow,Russian Empire,https://en.wikipedia.org/wiki/Lev_Oborin
Mikhail Matyushin,Mikhail,0fcb4ff5-6384-4497-b796-9d545583c8bd,,,Mikhail Karikis,100,review_needed,Candidate is disambiguated and should be checked manually.,Mikhail Matyushin,Q787155,Russia,Nizhny Novgorod,Russian Empire,https://en.wikipedia.org/wiki/Mikhail_Matyushin
Maxim Munzuk,Maxim,86ea8a04-8700-4054-9886-4edd5a73bdba,DE,Person,German reggae singer,100,review_needed,Candidate is disambiguated and should be checked manually.,Maxim Munzuk,Q926680,Russia,Q28482842,Qing dynasty,https://en.wikipedia.org/wiki/Maxim_Munzuk
Sergei Slonimsky,Сергей Слонимский,04b737f6-563e-41f6-a567-baf5ee758289,RU,Person,,100,review_needed,Candidate needs manual review.,Sergei Slonimsky,Q959291,Russia,Saint Petersburg,Russia,https://en.wikipedia.org/wiki/Sergei_Slonimsky
Vyacheslav Ovchinnikov,Вячеслав Овчинников,8256c597-d2fc-4b5b-ab36-3f95021bef93,RU,Person,,100,review_needed,Candidate needs manual review.,Vyacheslav Ovchinnikov,Q1357516,Russia,Voronezh,Russia,https://en.wikipedia.org/wiki/Vyacheslav_Ovchinnikov
Karen Khachaturian,Карэн Хачатурян,2c07fce9-7a26-4516-93a2-af5f28774621,SU,Person,,100,review_needed,Candidate needs manual review.,Karen Khachaturian,Q1382482,Russia,Moscow,Armenia,https://en.wikipedia.org/wiki/Karen_Khachaturian
Katya Sambuca,Sambuca,716b7bb6-1141-47df-975a-8685f63ad1d3,,,,100,review_needed,Candidate needs manual review.,Katya Sambuca,Q19720072,Russia,Saint Petersburg,Russia,https://en.wikipedia.org/wiki/Katya_Sambuca
Nikita Bogoslovsky,Никита Богословский,600c1c63-5b11-47a3-99c8-38a9ecf8f618,SU,Person,,100,review_needed,Candidate needs manual review.,Nikita Bogoslovsky,Q1975649,Russia,Saint Petersburg,Russia,https://en.wikipedia.org/wiki/Nikita_Bogoslovsky
Misia Sert,Misia Sert,f79c72c2-6fe5-4a75-a557-fa3d28805a3e,FR,Person,Polish-French pianist and music patron,100,auto_accept,Very high score and near-exact name match.,Misia Sert,Q447487,Russia,Pushkin,Villa Servais,https://en.wikipedia.org/wiki/Misia_Sert
Albert Coates,Albert Coates,5f060bc5-3118-463a-b889-3c03f479c80b,GB,Person,conductor,100,auto_accept,Very high score and near-exact name match.,Albert Coates,Q2595770,Russia,Saint Petersburg,England,https://en.wikipedia.org/wiki/Albert_Coates_(musician)
Gavriil Popov,Гавриил Попов,53fb4a83-0887-4f24-bed0-6682ea461434,RU,Person,,100,review_needed,Candidate needs manual review.,Gavriil Popov,Q918639,Russia,Novocherkassk,Russian Empire,https://en.wikipedia.org/wiki/Gavriil_Popov_(composer)
Larin Paraske,Larin Paraske,a1a9953e-259a-45ee-a792-b458a7e4fd9b,,Person,Finnish folk lyrics,100,auto_accept,Very high score and near-exact name match.,Larin Paraske,Q164441,Russia,Q16707549,Gromovo,https://en.wikipedia.org/wiki/Larin_Paraske
Alexander Vedernikov,Александр Ведерников,324fb9d5-214c-407e-9a62-b57682c69840,RU,Person,conductor,100,review_needed,Candidate is disambiguated and should be checked manually.,Alexander Vedernikov,Q2045019,Russia,Moscow,Moscow,https://en.wikipedia.org/wiki/Alexander_Vedernikov
Tugan Sokhiev,Туган Сохиев,af2430db-4efe-474b-8b3c-b8e8ba81bfed,RU,Person,conductor,100,review_needed,Candidate is disambiguated and should be checked manually.,Tugan Sokhiev,Q737849,Russia,Vladikavkaz,Russia,https://en.wikipedia.org/wiki/Tugan_Sokhiev
Laila Halme,Laila Halme,2b7ee215-2a65-4c7f-8aa7-e720045ab91d,FI,Person,,100,auto_accept,Very high score and near-exact name match.,Laila Halme,Q127321,Russia,Lesogorsky,Finland,https://en.wikipedia.org/wiki/Laila_Halme
Makka Sagaipova,Makka,ed515c5c-4c12-4b7d-9405-72829d3b3d4e,DE,Person,German hip-hop dj,100,review_needed,Candidate is disambiguated and should be checked manually.,Makka Sagaipova,Q467048,Russia,Grozny,Russia,https://en.wikipedia.org/wiki/Makka_Sagaipova
Yekaterina Guseva,Yekaterina Chemberdzhi,be18d0fc-adcc-458d-a8d4-eadcc09919db,RU,Person,,100,review_needed,Candidate needs manual review.,Yekaterina Guseva,Q2098262,Russia,Moscow,Russia,https://en.wikipedia.org/wiki/Yekaterina_Guseva
Dmitri Dyuzhev,Дмитрий Дюжев,ea801f7a-58ae-4a4c-850e-011a1a8bef61,RU,Person,,100,review_needed,Candidate needs manual review.,Dmitri Dyuzhev,Q2375843,Russia,Astrakhan,Russia,https://en.wikipedia.org/wiki/Dmitri_Dyuzhev
Jasmin,Jasmin Tabatabai,fd214d5a-8a2d-4f16-b430-cebe4ea682fc,DE,Person,,100,review_needed,Candidate needs manual review.,Jasmin,Q4178347,Russia,Derbent,Russia,https://en.wikipedia.org/wiki/Jasmin_(singer)
Katerina Shpitsa,KATERINA,4c217cd9-7bda-4a3e-9cd0-468594b3a6cc,RU,Person,Russian singer,100,review_needed,Candidate is disambiguated and should be checked manually.,Katerina Shpitsa,Q4526492,Russia,Perm,Russia,https://en.wikipedia.org/wiki/Katerina_Shpitsa
Vadim Repin,Вадим Репин,e1dac35f-0840-4ead-9f6b-1798a0bade78,RU,Person,violinist,100,review_needed,Candidate is disambiguated and should be checked manually.,Vadim Repin,Q474762,Russia,Novosibirsk,Belgium,https://en.wikipedia.org/wiki/Vadim_Repin
Valeri Brainin,Norbert Brainin,18666cca-2c37-4371-ae98-700d8a01d0ab,AT,Person,violinist,100,review_needed,Candidate is disambiguated and should be checked manually.,Valeri Brainin,Q60441,Russia,Nizhny Tagil,Germany,https://en.wikipedia.org/wiki/Valeri_Brainin
Georg Schnéevoigt,Georg Schnéevoigt,13755a51-a59d-47fb-8d00-a34a01ce508a,FI,Person,"conductor, cellist",100,auto_accept,Very high score and near-exact name match.,Georg Schnéevoigt,Q133832,Russia,Vyborg,Finland,https://en.wikipedia.org/wiki/Georg_Schn%C3%A9evoigt
Noize MC,Noize MC,a0c5737e-da6d-468f-a78e-19146494f1db,RU,Person,,100,auto_accept,Very high score and near-exact name match.,Noize MC,Q2026639,Russia,Yartsevo,Russia,https://en.wikipedia.org/wiki/Noize_MC
Elena Firsova,Elena Firsova,a21e5f30-9c18-47bb-91f3-9eca2fc5a897,RU,Person,Russian metal bassist,100,auto_accept,Very high score and near-exact name match.,Elena Firsova,Q264808,Russia,Saint Petersburg,Moscow,https://en.wikipedia.org/wiki/Elena_Firsova
Yuliy Kim,Юлий Ким,888058ef-edaf-4269-851d-d4e49c1746cf,SU,Person,,100,review_needed,Candidate needs manual review.,Yuliy Kim,Q750943,Russia,Moscow,Israel,https://en.wikipedia.org/wiki/Yuliy_Kim
Igor Nikolayev,Игорь Николаев,70fe729d-772f-4c0d-afe0-d62d6c590063,RU,Person,Russian singer Igor Nikolayev,100,review_needed,Candidate is disambiguated and should be checked manually.,Igor Nikolayev,Q1974797,Russia,Kholmsk,Russia,https://en.wikipedia.org/wiki/Igor_Nikolayev
Dmitry Malikov,Дмитрий Маликов,bcf7d704-9468-43b4-a157-7603665bb4bc,RU,Person,,100,review_needed,Candidate needs manual review.,Dmitry Malikov,Q1989101,Russia,Moscow,Russia,https://en.wikipedia.org/wiki/Dmitry_Malikov
Ivan Shapovalov,Иван Шаповалов,08a8503f-e0ec-4442-ac5c-3a1f4dbf5cc6,RU,Person,,100,review_needed,Candidate needs manual review.,Ivan Shapovalov,Q662871,Russia,Kotovo,Russia,https://en.wikipedia.org/wiki/Ivan_Shapovalov
Boris Tishchenko,Борис Тищенко,9129cf72-a33e-4880-b781-b4104f527a96,RU,Person,Russian composer,100,review_needed,Candidate is disambiguated and should be checked manually.,Boris Tishchenko,Q893684,Russia,Saint Petersburg,Russia,https://en.wikipedia.org/wiki/Boris_Tishchenko
Armas Järnefelt,Armas Järnefelt,95309762-51f2-4e36-9c49-2709e7cf250e,FI,Person,,100,auto_accept,Very high score and near-exact name match.,Armas Järnefelt,Q767237,Russia,Vyborg,Stockholm,https://en.wikipedia.org/wiki/Armas_J%C3%A4rnefelt
Vladimir Jurowski,Владимир Михайлович Юровский,c6dc626c-3122-4255-a8f4-8a7835d0476d,DE,Person,conductor,100,review_needed,Candidate is disambiguated and should be checked manually.,Vladimir Jurowski,Q943125,Russia,Moscow,Russia,https://en.wikipedia.org/wiki/Vladimir_Jurowski
Andre Kostelanetz,André Kostelanetz,58f94ab2-b68f-4647-963d-4b922a91b15b,US,Person,conductor,100,auto_accept,Very high score and near-exact name match.,Andre Kostelanetz,Q1074114,Russia,Saint Petersburg,Russian Empire,https://en.wikipedia.org/wiki/Andre_Kostelanetz
Vasily Andreyev,Василий Андреев,7898a1ac-fe41-4e41-988f-9c1d01c3fca8,RU,Person,,100,review_needed,Candidate needs manual review.,Vasily Andreyev,Q982300,Russia,Bezhetsk,Russian Empire,https://en.wikipedia.org/wiki/Vasily_Andreyev
Klava Koka,Клава Кока,8be618ff-96bf-40ed-9139-c382f464199c,RU,Person,,100,review_needed,Candidate needs manual review.,Klava Koka,Q61685163,Russia,Yekaterinburg,Russia,https://en.wikipedia.org/wiki/Klava_Koka
Nikita Magaloff,Nikita Magaloff,0fbf1500-a8bd-4db2-b372-86d195c69682,RU,Person,pianist,100,auto_accept,Very high score and near-exact name match.,Nikita Magaloff,Q731429,Russia,Saint Petersburg,Russian Soviet Federative Socialist Republic,https://en.wikipedia.org/wiki/Nikita_Magaloff
Nikolai Golovanov,Николай Голованов,eb21c41a-1c27-471a-91d4-6e162e5527fc,RU,Person,conductor and composer,100,review_needed,Candidate is disambiguated and should be checked manually.,Nikolai Golovanov,Q2651977,Russia,Moscow,Russian Empire,https://en.wikipedia.org/wiki/Nikolai_Golovanov
Alina Ibragimova,Alina Ibragimova,12dfe167-894b-49d8-93f3-f27f68a8163b,RU,Person,violinist,100,auto_accept,Very high score and near-exact name match.,Alina Ibragimova,Q466549,Russia,Polevskoy,Russia,https://en.wikipedia.org/wiki/Alina_Ibragimova
Alexei Lubimov,Алексей Любимов,385cb39b-f06c-4635-84fd-ecc8fff56c97,RU,Person,"Russian pianist, fortepianist and harpsichordist",100,review_needed,Candidate is disambiguated and should be checked manually.,Alexei Lubimov,Q1515566,Russia,Moscow,Russia,https://en.wikipedia.org/wiki/Alexei_Lubimov
Zagir Ismagilov,Tim Ismag,51004041-9729-470a-aef1-09274869e593,,Person,dubstep producer,100,review_needed,Candidate is disambiguated and should be checked manually.,Zagir Ismagilov,Q4204075,Russia,Sermenevo,Russia,https://en.wikipedia.org/wiki/Zagir_Ismagilov
Palina Rojinski,Palina Rojinski,9d1e4c66-81dd-46b9-9595-839a121eda7e,DE,Person,,100,auto_accept,Very high score and near-exact name match.,Palina Rojinski,Q90849,Russia,Saint Petersburg,Berlin,https://en.wikipedia.org/wiki/Palina_Rojinski
Leo Borchard,Leo Borchard,0620cac4-d10e-45ba-8a9c-8ef7d5b8a23c,DE,Person,conductor,100,auto_accept,Very high score and near-exact name match.,Leo Borchard,Q706770,Russia,Moscow,Germany,https://en.wikipedia.org/wiki/Leo_Borchard
Sainkho Namtchylak,Sainkho Namtchylak,b2b97779-e09d-4e76-a0c9-a4c80cf043fa,RU,Person,Tuvan throat singer,100,auto_accept,Very high score and near-exact name match.,Sainkho Namtchylak,Q266271,Russia,Ulug-Khemsky District,Russia,https://en.wikipedia.org/wiki/Sainkho_Namtchylak
Tatiana Bulanova,Татьяна Буланова,a255e270-e602-48aa-8381-356988a81d59,RU,Person,Russian singer,100,review_needed,Candidate is disambiguated and should be checked manually.,Tatiana Bulanova,Q467118,Russia,Saint Petersburg,Russia,https://en.wikipedia.org/wiki/Tatiana_Bulanova
Anna Samokhina,Άννα Βίσση,e2b96b55-35c4-45b9-8d7b-726ac927982f,GR,Person,Greek singer and actress,100,review_needed,Candidate is disambiguated and should be checked manually.,Anna Samokhina,Q470452,Russia,Guryevsk,Russia,https://en.wikipedia.org/wiki/Anna_Samokhina
Garik Kharlamov,Alex Kharlamov,9c9ea122-7aa9-46b5-8501-f9218a2ed4ee,,Person,,100,review_needed,Candidate needs manual review.,Garik Kharlamov,Q4495971,Russia,Moscow,Moscow,https://en.wikipedia.org/wiki/Garik_Kharlamov
Yekaterina Samutsevich,Yekaterina Chemberdzhi,be18d0fc-adcc-458d-a8d4-eadcc09919db,RU,Person,,100,review_needed,Candidate needs manual review.,Yekaterina Samutsevich,Q5215874,Russia,Moscow,Russia,https://en.wikipedia.org/wiki/Yekaterina_Samutsevich
Olga Preobrajenska,Olga Wojtas,3c78696f-78a7-416c-96ca-3d3e9d99d754,,Person,,100,review_needed,Candidate needs manual review.,Olga Preobrajenska,Q270265,Russia,Saint Petersburg,France,https://en.wikipedia.org/wiki/Olga_Preobrajenska
Mot,MOT,77597bcc-690a-4c19-ae5f-1372d0309659,KR,Group,South Korean group,100,auto_accept,Very high score and near-exact name match.,Mot,Q4289881,Russia,Krymsk,Russia,https://en.wikipedia.org/wiki/Mot_(rapper)
Igor Khoroshev,Igor Khoroshev,2571dad7-0a84-42ba-9929-e7046aaf888c,RU,Person,,100,auto_accept,Very high score and near-exact name match.,Igor Khoroshev,Q539989,Russia,Moscow,Russia,https://en.wikipedia.org/wiki/Igor_Khoroshev
Alexander Goedicke,Александр Гёдике,682a6858-10fd-4945-8ee9-a20f9299103c,RU,Person,Russian composer,100,review_needed,Candidate is disambiguated and should be checked manually.,Alexander Goedicke,Q289058,Russia,Moscow,Russian Empire,https://en.wikipedia.org/wiki/Alexander_Goedicke
Nikolai Fomenko,Николай Фоменко,4c4d28f5-96ba-4bec-b4ab-9359bc2dda2b,RU,Person,,100,review_needed,Candidate needs manual review.,Nikolai Fomenko,Q380407,Russia,Saint Petersburg,Russia,https://en.wikipedia.org/wiki/Nikolai_Fomenko
Vladimir Vavilov,Владимир Вавилов,74ed331c-7c1b-4337-ae4b-ad05030b870e,RU,Person,,100,review_needed,Candidate needs manual review.,Vladimir Vavilov,Q431041,Russia,Saint Petersburg,Soviet Union,https://en.wikipedia.org/wiki/Vladimir_Vavilov_(composer)
Katya Lel,Катя Лель,ffd28252-abcb-4385-94db-395d3c6b703e,RU,Person,,100,review_needed,Candidate needs manual review.,Katya Lel,Q2028602,Russia,Nalchik,Russia,https://en.wikipedia.org/wiki/Katya_Lel
Konstantin Igumnov,Константин Игумнов,60a9effc-cdd7-42a1-a245-f18e68eb0e10,RU,Person,pianist,100,review_needed,Candidate is disambiguated and should be checked manually.,Konstantin Igumnov,Q586116,Russia,Lebedyan,Soviet Union,https://en.wikipedia.org/wiki/Konstantin_Igumnov
Ivan Wyschnegradsky,Иван Вышнеградский,7eac8e8e-cb06-48ab-b139-072f18fec70b,FR,Person,Russian composer known for his microtonal compositions,100,review_needed,Candidate is disambiguated and should be checked manually.,Ivan Wyschnegradsky,Q1380845,Russia,Saint Petersburg,Russian Empire,https://en.wikipedia.org/wiki/Ivan_Wyschnegradsky
Daniil Shafran,Даниил Борисович Шафран,8a8128e3-959c-4cc9-8cb4-8a6089a7453b,RU,Person,cellist,100,review_needed,Candidate is disambiguated and should be checked manually.,Daniil Shafran,Q1163944,Russia,Saint Petersburg,Russia,https://en.wikipedia.org/wiki/Daniil_Shafran
Nikolai Roslavets,Николай Рославец,ed1201f9-71be-4821-a21e-f5f86ba47c60,RU,Person,"Russian composer, musicologist, violinist, teacher",100,review_needed,Candidate is disambiguated and should be checked manually.,Nikolai Roslavets,Q1594567,Russia,Surazh,Konotop,https://en.wikipedia.org/wiki/Nikolai_Roslavets
Anna Zak,אנה זק,4b682288-d046-4865-91ff-9ad503edd752,,Person,,100,review_needed,Candidate needs manual review.,Anna Zak,Q29554348,Russia,Sochi,Ashdod,https://en.wikipedia.org/wiki/Anna_Zak
Monetochka,Монеточка,30fcffbe-1083-4e3e-b85a-9b184b97d09f,LT,Person,,100,review_needed,Candidate needs manual review.,Monetochka,Q32361743,Russia,Yekaterinburg,Russia,https://en.wikipedia.org/wiki/Monetochka
Alexander Arkhangelsky,Alexander Arkhangelsky,db52d2d3-9730-4f96-ae6c-072268a90ade,RU,Person,Russian oboist,100,auto_accept,Very high score and near-exact name match.,Alexander Arkhangelsky,Q1929280,Russia,Mikhailovo-Tezikovo,Russian Empire,https://en.wikipedia.org/wiki/Alexander_Arkhangelsky_(composer)
Dimitri Arakishvili,დიმიტრი არაყიშვილი,111ebe07-f2ae-429e-8071-1f13f5be4aa2,RU,Person,Dimitri Arakishvili,100,review_needed,Candidate is disambiguated and should be checked manually.,Dimitri Arakishvili,Q2031789,Russia,Vladikavkaz,Russian Empire,https://en.wikipedia.org/wiki/Dimitri_Arakishvili
Arcadi Volodos,Arcadi Volodos,9512b75b-0715-40c8-bee0-e8d142058a82,RU,Person,pianist,100,auto_accept,Very high score and near-exact name match.,Arcadi Volodos,Q631344,Russia,Saint Petersburg,Madrid,https://en.wikipedia.org/wiki/Arcadi_Volodos
Natali,Натали,72330196-8558-4f4f-b931-27dba4a13955,RU,Person,Russian singer,100,review_needed,Candidate is disambiguated and should be checked manually.,Natali,Q2392017,Russia,Dzerzhinsk,Russia,https://en.wikipedia.org/wiki/Natali_(singer)
Vassily Sinaisky,Василий Синайский,70c64d9d-8ad9-4ba1-ab99-ffdb806a5051,RU,Person,conductor,100,review_needed,Candidate is disambiguated and should be checked manually.,Vassily Sinaisky,Q926689,Russia,Abez,Russia,https://en.wikipedia.org/wiki/Vassily_Sinaisky
Nikolai Arnoldovich Petrov,Николай Петров,e8d92486-0d84-49d6-b825-845504bf1877,RU,Person,pianist,100,review_needed,Candidate is disambiguated and should be checked manually.,Nikolai Arnoldovich Petrov,Q1369521,Russia,Moscow,Russia,https://en.wikipedia.org/wiki/Nikolai_Arnoldovich_Petrov
Valery Afanassiev,Валерий Павлович Афанасьев,868ef8f5-c3d5-47d6-a847-1b57103f8362,RU,Person,pianist,100,review_needed,Candidate is disambiguated and should be checked manually.,Valery Afanassiev,Q1552348,Russia,Moscow,Belgium,https://en.wikipedia.org/wiki/Valery_Afanassiev
Nadezhda Obukhova,Надежда Обухова,b1062c6f-9ed3-4293-a24c-348e7d9a6eb1,SU,Person,opera singer,100,review_needed,Candidate is disambiguated and should be checked manually.,Nadezhda Obukhova,Q2025035,Russia,Moscow,Russian Empire,https://en.wikipedia.org/wiki/Nadezhda_Obukhova
Valentina Starikova,Valentina,2901b58e-4884-4ef2-a068-19f783ff02fd,IT,Person,"Elena Ferretti, '90s Eurobeat/Italo-disco singer",100,review_needed,Candidate is disambiguated and should be checked manually.,Valentina Starikova,Q22246994,Russia,Ufa,Russia,https://en.wikipedia.org/wiki/Valentina_Starikova
Leonid Kharitonov,Леонид Харитонов,ce6de3e2-737c-4e12-95e5-d269b97deae9,RU,Person,,100,review_needed,Candidate needs manual review.,Leonid Kharitonov,Q4495910,Russia,Irkutsk,Russia,https://en.wikipedia.org/wiki/Leonid_Kharitonov_(singer)
Vasily Petrenko,Василий Петренко,7de3202f-0e33-4485-a27c-ec1302df73aa,RU,Person,conductor,100,review_needed,Candidate is disambiguated and should be checked manually.,Vasily Petrenko,Q2060404,Russia,Saint Petersburg,Russia,https://en.wikipedia.org/wiki/Vasily_Petrenko
Lyubov Polishchuk,Lyubov,10b1dad6-5c0d-48ec-a4de-4fd94e2e6ca0,,Person,Vocalist from Pinkshinyultrablast,100,review_needed,Candidate is disambiguated and should be checked manually.,Lyubov Polishchuk,Q287110,Russia,Omsk,Russia,https://en.wikipedia.org/wiki/Lyubov_Polishchuk
Anastasia Zadorozhnaya,Mishel Zadorozhnaya,c3f5e0ab-6dea-42ce-ab55-c62e5a86918a,RU,Person,,100,review_needed,Candidate needs manual review.,Anastasia Zadorozhnaya,Q487157,Russia,Vytegra,Russia,https://en.wikipedia.org/wiki/Anastasia_Zadorozhnaya
Slava,Slava,d7ad402f-8855-479e-a0a1-bbcabeafba3f,,Person,US producer Slava Balasanov,100,auto_accept,Very high score and near-exact name match.,Slava,Q512027,Russia,Moscow,Russia,https://en.wikipedia.org/wiki/Slava_(singer)
Stas Piekha,Эдита Пьеха,b6b13b08-b1bc-4674-a253-0b8b2e704a26,RU,Person,,100,review_needed,Candidate needs manual review.,Stas Piekha,Q1340169,Russia,Saint Petersburg,Russia,https://en.wikipedia.org/wiki/Stas_Piekha
Efim Shifrin,David Shifrin,4634909e-b942-46e7-92ab-3d5ca4cd4fe6,US,Person,clarinetist,100,review_needed,Candidate is disambiguated and should be checked manually.,Efim Shifrin,Q1342277,Russia,Neksikan,Russia,https://en.wikipedia.org/wiki/Efim_Shifrin
Aleksandr Yakovlevich Mikhailov,Николай Яковлевич Мясковский,2e3c82fd-fbab-4675-bc64-e57ebb40dcca,RU,Person,Russian composer,100,review_needed,Candidate is disambiguated and should be checked manually.,Aleksandr Yakovlevich Mikhailov,Q1996390,Russia,Olovyannaya,Russia,https://en.wikipedia.org/wiki/Aleksandr_Mikhailov_(actor)
Vladimir Turchinsky,Vladimir Cosma,5dfa70d0-d170-4b5d-a901-e6c2edc96dd1,FR,Person,"French-Romanian composer, conductor and violinist",100,review_needed,Candidate is disambiguated and should be checked manually.,Vladimir Turchinsky,Q2416148,Russia,Moscow,Russia,https://en.wikipedia.org/wiki/Vladimir_Turchinsky
Marina Lizorkina,Марина Лизоркина,a768daf1-c024-449c-b124-6e81b1537593,RU,Person,,100,review_needed,Candidate needs manual review.,Marina Lizorkina,Q2660446,Russia,Moscow,Russia,https://en.wikipedia.org/wiki/Marina_Lizorkina
Nadezhda Babkina,Евгений Гор,33bd50e3-efd1-4bf3-836b-48d8076a7ab2,RU,Person,husband of Nadezhda Babkina,100,review_needed,Candidate is disambiguated and should be checked manually.,Nadezhda Babkina,Q4074462,Russia,Akhtubinsk,Russia,https://en.wikipedia.org/wiki/Nadezhda_Babkina
Fyodor Volkov,fyodor,21e8564c-482a-4224-9c24-388de4d2f348,,,,100,review_needed,Candidate needs manual review.,Fyodor Volkov,Q663447,Russia,Kostroma,Russian Empire,https://en.wikipedia.org/wiki/Fyodor_Volkov
Ernst Mielck,Ernst Mielck,f50b2b4f-cfba-4feb-94c1-d5621f94e7e4,FI,Person,,100,auto_accept,Very high score and near-exact name match.,Ernst Mielck,Q4761,Russia,Vyborg,Grand Duchy of Finland,https://en.wikipedia.org/wiki/Ernst_Mielck
Ella Adayevskaya,Элла Адаевская,e99a1f5d-725c-4b4b-999a-298d4e6d2096,RU,Person,,100,review_needed,Candidate needs manual review.,Ella Adayevskaya,Q112885,Russia,Saint Petersburg,German Empire,https://en.wikipedia.org/wiki/Ella_Adayevskaya
Alexey Rybnikov,Алексей Рыбников,9c6d5959-a574-423e-8955-bd7ebbd9626c,SU,Person,,100,review_needed,Candidate needs manual review.,Alexey Rybnikov,Q195773,Russia,Moscow,Russia,https://en.wikipedia.org/wiki/Alexey_Rybnikov
Lev Oshanin,Лев Ошанин,fe5d2ada-0ea9-4788-a4ef-f7f352f63cad,SU,Person,,100,review_needed,Candidate needs manual review.,Lev Oshanin,Q626982,Russia,Rybinsk,Russia,https://en.wikipedia.org/wiki/Lev_Oshanin_(poet)
Novella Matveyeva,Novella,64269daf-c754-40a4-b98e-97195f67cf23,GB,Group,London-based female trio,100,review_needed,Candidate is disambiguated and should be checked manually.,Novella Matveyeva,Q842449,Russia,Pushkin,Russia,https://en.wikipedia.org/wiki/Novella_Matveyeva
Aleksandr Marshal,Александр Маршал,30aa8c42-43f8-454c-8d0c-83d3434c0404,RU,Person,,100,review_needed,Candidate needs manual review.,Aleksandr Marshal,Q4283235,Russia,Korenovsk,Russia,https://en.wikipedia.org/wiki/Aleksandr_Marshal
Adolph Brodsky,Адольф Бродский,b0308f2f-9760-44fa-ac80-489da7cb04d1,RU,Person,Russian violinist,100,review_needed,Candidate is disambiguated and should be checked manually.,Adolph Brodsky,Q365287,Russia,Taganrog,Leipzig,https://en.wikipedia.org/wiki/Adolph_Brodsky
Vyacheslav Butusov,Вячеслав Бутусов,de2f6b7a-9d08-4a16-88c1-68c141e0b0c6,RU,Person,,100,review_needed,Candidate needs manual review.,Vyacheslav Butusov,Q1862092,Russia,Krasnoyarsk,Russia,https://en.wikipedia.org/wiki/Vyacheslav_Butusov
Oksana Pochepa,Оксана Почепа,be14056f-1b8d-404d-94c3-fc5451d1d09d,RU,Person,,100,review_needed,Candidate needs manual review.,Oksana Pochepa,Q2595507,Russia,Rostov-on-Don,Russia,https://en.wikipedia.org/wiki/Oksana_Pochepa
Elena Gnesina,Елена Фабиановна Гнесина,61cf9f18-e34a-4eeb-a4c0-97904993877e,RU,Person,,100,review_needed,Candidate needs manual review.,Elena Gnesina,Q535155,Russia,Rostov-on-Don,Russian Empire,https://en.wikipedia.org/wiki/Elena_Gnesina
Arthur Friedheim,Arthur Friedheim,2a2d33bb-acc2-4ff0-bf80-87fb37477eb8,DE,Person,"Russian-born pianist, 1859-1932",100,auto_accept,Very high score and near-exact name match.,Arthur Friedheim,Q557478,Russia,Saint Petersburg,Germany,https://en.wikipedia.org/wiki/Arthur_Friedheim
Garik Sukachov,Гарик Сукачёв,6b767db3-4655-4aba-9255-21a6b14a6516,RU,Person,,100,review_needed,Candidate needs manual review.,Garik Sukachov,Q1981460,Russia,Moscow,Russia,https://en.wikipedia.org/wiki/Garik_Sukachov
Semyon Slepakov,Semyon,97e9448d-2d67-4429-b62a-3a7941621035,,Person,Siberian rapper,100,review_needed,Candidate is disambiguated and should be checked manually.,Semyon Slepakov,Q3718842,Russia,Pyatigorsk,Russia,https://en.wikipedia.org/wiki/Semyon_Slepakov
Niletto,NILETTO,7175d955-ac2a-434a-81ce-300564b02c20,RU,Person,,100,auto_accept,Very high score and near-exact name match.,Niletto,Q80331200,Russia,Tyumen,Russia,https://en.wikipedia.org/wiki/Niletto
Q4231170,,,,,,,no_match,No usable result returned by MusicBrainz.,Q4231170,Q4231170,Russia,Pochep,Portugal,https://en.wikipedia.org/wiki/Roman_Konoplev
Instasamka,Instasamka,7f742d76-39fa-4939-8e41-e5a2e07ce0a0,RU,Person,Russian rapper,100,auto_accept,Very high score and near-exact name match.,Instasamka,Q99578037,Russia,Tobolsk,Moscow,https://en.wikipedia.org/wiki/Instasamka
Yevgeny Krylatov,Yevgeny Sudbin,cfb38fd7-1d90-44ea-ae93-d434a3b72208,GB,Person,Russian-British pianist,100,review_needed,Candidate is disambiguated and should be checked manually.,Yevgeny Krylatov,Q1414578,Russia,Lysva,Russia,https://en.wikipedia.org/wiki/Yevgeny_Krylatov
Karl Heinrich Barth,Karl Heinrich Barth,695de63f-d20a-4e8f-bba9-2ae645f109a9,DE,Person,,100,auto_accept,Very high score and near-exact name match.,Karl Heinrich Barth,Q64926,Russia,Baltiysk,Germany,https://en.wikipedia.org/wiki/Karl_Heinrich_Barth
Sergei Roldugin,Сергей Ролдугин,08ec132a-9e5e-48ca-a9b4-78f24d2faa8a,RU,Person,Russian cellist,100,review_needed,Candidate is disambiguated and should be checked manually.,Sergei Roldugin,Q4396930,Russia,Sakhalin Oblast,Saint Petersburg,https://en.wikipedia.org/wiki/Sergei_Roldugin
Konstantin Orbelyan,Константин Орбелян,18661925-e144-44fb-8053-217f3987bd15,SU,Person,Soviet composer,100,review_needed,Candidate is disambiguated and should be checked manually.,Konstantin Orbelyan,Q2074401,Russia,Armavir,Armenia,https://en.wikipedia.org/wiki/Konstantin_Orbelyan
Ania Bukstein,אניה בוקשטיין,a55cc7c7-8107-4d72-91ce-cfeeb6ee640f,IL,Person,,100,review_needed,Candidate needs manual review.,Ania Bukstein,Q529532,Russia,Moscow,Israel,https://en.wikipedia.org/wiki/Ania_Bukstein
Vladimir Fedoseyev,Владимир Федосеев,e3e47776-394b-4626-9cf4-59842f715f3c,RU,Person,conductor,100,review_needed,Candidate is disambiguated and should be checked manually.,Vladimir Fedoseyev,Q692153,Russia,Saint Petersburg,Russia,https://en.wikipedia.org/wiki/Vladimir_Fedoseyev
Valery Kipelov,Валерий Кипелов,c0d7624b-720f-424d-b241-261daf19220c,RU,Person,,100,review_needed,Candidate needs manual review.,Valery Kipelov,Q2620486,Russia,Moscow,Russia,https://en.wikipedia.org/wiki/Valery_Kipelov
Alexander Barykin,Peter Alexander,1f27d918-b658-4918-aa18-80897433e14b,AT,Person,"Austrian singer, actor, entertainer and showmaster",100,review_needed,Candidate is disambiguated and should be checked manually.,Alexander Barykin,Q2665390,Russia,Beryozovo,Russia,https://en.wikipedia.org/wiki/Alexander_Barykin
Julia Lezhneva,Юлия Лежнева,86d02d7f-f3dc-4619-add9-06b9219a1d92,RU,Person,soprano,100,review_needed,Candidate is disambiguated and should be checked manually.,Julia Lezhneva,Q1998172,Russia,Yuzhno-Sakhalinsk,Russia,https://en.wikipedia.org/wiki/Julia_Lezhneva
Lyudmila Lyadova,Людмила Лядова,eb8dd446-c053-424a-a37f-637dd6fa7357,RU,Person,,100,review_needed,Candidate needs manual review.,Lyudmila Lyadova,Q4272534,Russia,Yekaterinburg,Russia,https://en.wikipedia.org/wiki/Lyudmila_Lyadova
Mikhail Gorsheniov,Mikhail,0fcb4ff5-6384-4497-b796-9d545583c8bd,,,Mikhail Karikis,100,review_needed,Candidate is disambiguated and should be checked manually.,Mikhail Gorsheniov,Q4146025,Russia,Pikalyovo,Russia,https://en.wikipedia.org/wiki/Mikhail_Gorsheniov
Fyokla Bezzubova,,,,,,,no_match,No usable result returned by MusicBrainz.,Fyokla Bezzubova,Q4080900,Russia,Q18170482,Russian Empire,https://en.wikipedia.org/wiki/Fyokla_Bezzubova
Paul Juon,Павел Фёдорович Юон,f886ea9c-b636-4012-a7ea-e0aa8b44adad,RU,Person,Russian-Swiss composer,100,review_needed,Candidate is disambiguated and should be checked manually.,Paul Juon,Q171509,Russia,Moscow,Switzerland,https://en.wikipedia.org/wiki/Paul_Juon
Nikolay Rastorguyev,Николай Расторгуев,914a0e1d-d958-42d1-8519-3fb73a9c063c,RU,Person,,100,review_needed,Candidate needs manual review.,Nikolay Rastorguyev,Q4390600,Russia,Lytkarino,Moscow,https://en.wikipedia.org/wiki/Nikolay_Rastorguyev
Adam Kadyrov,Наиль Кадыров,8a6af7db-a3ee-4a43-bc54-8bd4ef379176,SU,Person,,100,review_needed,Candidate needs manual review.,Adam Kadyrov,Q122967353,Russia,Chechnya,Russia,https://en.wikipedia.org/wiki/Adam_Kadyrov
Ksenia Borodina,Marina Borodina,6c800965-1117-4b9e-82e9-4e91a1259bc3,,,,100,review_needed,Candidate needs manual review.,Ksenia Borodina,Q4094549,Russia,Moscow,Moscow,https://en.wikipedia.org/wiki/Kseniya_Borodina
Timur Rodriguez,Тимур Родригез,67ac44d6-00bc-4c88-a4cf-f7740d80e401,RU,Person,"Russian singer, actor, TV/radio personality",100,review_needed,Candidate is disambiguated and should be checked manually.,Timur Rodriguez,Q2394275,Russia,Penza,Russia,https://en.wikipedia.org/wiki/Timur_Rodriguez
Pavel Kogan,Павел Коган,bbd11205-1344-4638-8294-1a5f29d7d0ef,,Person,violinist/conductor,100,review_needed,Candidate is disambiguated and should be checked manually.,Pavel Kogan,Q1398124,Russia,Moscow,Soviet Union,https://en.wikipedia.org/wiki/Pavel_Kogan_(conductor)
Izabella Yurieva,Изабелла Юрьева,af076b6a-2b77-4930-b657-532c1fba933a,RU,Person,,100,review_needed,Candidate needs manual review.,Izabella Yurieva,Q188070,Russia,Rostov-on-Don,Russia,https://en.wikipedia.org/wiki/Izabella_Yurieva
Sasha Strunin,Sasha Strunin,3b5ac5ab-b3f1-4454-aed1-ec935744b7a7,PL,Person,,100,auto_accept,Very high score and near-exact name match.,Sasha Strunin,Q466906,Russia,Saint Petersburg,Poland,https://en.wikipedia.org/wiki/Sasha_Strunin
Viktor Klimenko,Viktor Klimenko,ef1040da-4cab-4fed-8e78-3ec4749e041e,FI,Person,,100,auto_accept,Very high score and near-exact name match.,Viktor Klimenko,Q1354731,Russia,Karelia,Finland,https://en.wikipedia.org/wiki/Viktor_Klimenko_(singer)
Marina Devyatova,Марина Девятова,682436a6-f12d-480c-8ee0-c3c110106faf,RU,Person,,100,review_needed,Candidate needs manual review.,Marina Devyatova,Q2047105,Russia,Moscow,Russia,https://en.wikipedia.org/wiki/Marina_Devyatova
Kongar-ol Ondar,Kongar‐ol Ondar,c241deef-3d84-401e-bf92-a0d7a767ab2e,,Person,,100,auto_accept,Very high score and near-exact name match.,Kongar-ol Ondar,Q3816355,Russia,Iyme,Russia,https://en.wikipedia.org/wiki/Kongar-ool_Ondar
Aleksandr Borisov,Алексей Борисов,00677665-9fb8-4601-b0ce-5bfb21c98a22,RU,Person,,100,review_needed,Candidate needs manual review.,Aleksandr Borisov,Q4093818,Russia,Saint Petersburg,Russian Empire,https://en.wikipedia.org/wiki/Aleksandr_Borisov_(actor)
Paulina Andreyeva,Paulina Rubio,5938c629-1d06-480b-9780-859b153af11e,MX,Person,,100,review_needed,Candidate needs manual review.,Paulina Andreyeva,Q16272350,Russia,Saint Petersburg,Russia,https://en.wikipedia.org/wiki/Paulina_Andreeva
Yulianna Karaulova,Юлианна Караулова,9b3846a3-52b7-4886-9fed-5393f98b0b75,RU,Person,,100,review_needed,Candidate needs manual review.,Yulianna Karaulova,Q23656051,Russia,Moscow,Russia,https://en.wikipedia.org/wiki/Yulianna_Karaulova
Yevgeni Grishkovetz,Евгений Гришковец,6fbcb9d1-ab71-4347-8765-101811d53778,RU,Person,,100,review_needed,Candidate needs manual review.,Yevgeni Grishkovetz,Q1688694,Russia,Kemerovo,Russia,https://en.wikipedia.org/wiki/Yevgeni_Grishkovetz
Andrey Gubin,Андрей Губин,2ffa08ed-6007-490c-a065-d37e097a3847,RU,Person,,100,review_needed,Candidate needs manual review.,Andrey Gubin,Q83643,Russia,Ufa,Russia,https://en.wikipedia.org/wiki/Andrey_Gubin
Vasily Pashkevich,Василий Пашкевич,9b3c7608-8dfe-4345-9b77-aac6db048273,RU,Person,,100,review_needed,Candidate needs manual review.,Vasily Pashkevich,Q218633,Russia,Saint Petersburg,Russian Empire,https://en.wikipedia.org/wiki/Vasily_Pashkevich
Nikolai Dobronravov,Николай Добронравов,b242c901-6abe-4252-b8bc-4ded059b53c4,RU,Person,,100,review_needed,Candidate needs manual review.,Nikolai Dobronravov,Q556499,Russia,Saint Petersburg,Soviet Union,https://en.wikipedia.org/wiki/Nikolai_Dobronravov
Aleksey Igudesman,Aleksey Igudesman,737d320a-6460-4fe7-be0b-8cb0780a663c,AT,Person,,100,auto_accept,Very high score and near-exact name match.,Aleksey Igudesman,Q329409,Russia,Saint Petersburg,Russia,https://en.wikipedia.org/wiki/Aleksey_Igudesman
Sergey Nikitin,Сергей Никитин,9eba308b-a676-4e45-80b8-db6dffef08ce,RU,Person,,100,review_needed,Candidate needs manual review.,Sergey Nikitin,Q1029521,Russia,Moscow,Russia,https://en.wikipedia.org/wiki/Sergey_Nikitin_(musician)
Ilya Reznik,Илья Резник,0da162ff-624f-4bfe-aa90-b54e016fad57,RU,Person,,100,review_needed,Candidate needs manual review.,Ilya Reznik,Q1990888,Russia,Saint Petersburg,Russia,https://en.wikipedia.org/wiki/Ilya_Reznik
Vladimir Kuzmin,Владимир Кузьмин,f4a0da40-e4e5-4e00-95d1-d74978228817,,Person,Graphic designer,100,review_needed,Candidate is disambiguated and should be checked manually.,Vladimir Kuzmin,Q2380843,Russia,Moscow,Russia,https://en.wikipedia.org/wiki/Vladimir_Kuzmin
Face,face to face,8a3be197-2afd-4e80-b795-17f9df3aefac,US,Group,90s California punk band,100,review_needed,Candidate is disambiguated and should be checked manually.,Face,Q42296351,Russia,Ufa,Russia,https://en.wikipedia.org/wiki/Face_(rapper)
Stas Mikhaylov,STAS,40fa56f9-f482-49b6-945e-4cb99c3aa841,,Person,founder of Babylon Records,100,review_needed,Candidate is disambiguated and should be checked manually.,Stas Mikhaylov,Q4297411,Russia,Sochi,Russia,https://en.wikipedia.org/wiki/Stas_Mikhaylov
Ivan Dorn,Иван Дорн,52fdb07f-4f10-4493-9fc9-065601eee5eb,UA,Person,,100,review_needed,Candidate needs manual review.,Ivan Dorn,Q4166662,Russia,Chelyabinsk,Ukraine,https://en.wikipedia.org/wiki/Ivan_Dorn
Boris Tchaikovsky,Борис Александрович Чайковский,a5b38b12-80e3-4204-9557-c7309c024147,RU,Person,Russian-Soviet composer,100,review_needed,Candidate is disambiguated and should be checked manually.,Boris Tchaikovsky,Q893609,Russia,Moscow,Russia,https://en.wikipedia.org/wiki/Boris_Tchaikovsky
David Tukhmanov,Давид Тухманов,b7a586c3-bd15-46ee-9cf7-11a22eb67d30,RU,Person,,100,review_needed,Candidate needs manual review.,David Tukhmanov,Q925653,Russia,Moscow,Russia,https://en.wikipedia.org/wiki/David_Tukhmanov
Fyodor Petrovich Tolstoy,Tolstoy,a8af496e-bb46-489e-aa0a-2008113eb1c0,,,A french singer,100,review_needed,Candidate is disambiguated and should be checked manually.,Fyodor Petrovich Tolstoy,Q742253,Russia,Saint Petersburg,Saint Petersburg,https://en.wikipedia.org/wiki/Fyodor_Tolstoy_(artist)
Lev Naumov,Lev Naumov,a20cc149-5c6c-4b9a-939d-93b0979902e6,RU,Person,pianist/composer,100,auto_accept,Very high score and near-exact name match.,Lev Naumov,Q1187114,Russia,Rostov Veliky,Russia,https://en.wikipedia.org/wiki/Lev_Naumov
Stanislav Bunin,Станислав Бунин,6a20a19f-4b89-4958-ae3b-3448ed9a0a67,JP,Person,pianist,100,review_needed,Candidate is disambiguated and should be checked manually.,Stanislav Bunin,Q1190512,Russia,Moscow,Tokyo,https://en.wikipedia.org/wiki/Stanislav_Bunin
Ossip Gabrilowitsch,Осип Сoломонович Габрилович,dc196212-0729-4aa5-aa02-102a194bae01,RU,Person,"pianist, conductor and composer",100,review_needed,Candidate is disambiguated and should be checked manually.,Ossip Gabrilowitsch,Q1344071,Russia,Saint Petersburg,Russian Empire,https://en.wikipedia.org/wiki/Ossip_Gabrilowitsch
Georgy Catoire,Георгий Катуар,aa66a602-2d39-4177-9e00-c766a6c52f3a,RU,Person,Russian composer,100,review_needed,Candidate is disambiguated and should be checked manually.,Georgy Catoire,Q1461106,Russia,Moscow,Russian Empire,https://en.wikipedia.org/wiki/Georgy_Catoire
Andria Balanchivadze,ანდრია ბალანჩივაძე,cae81687-221d-4707-86d5-c3947364c4f4,GE,Person,Georgian composer,100,review_needed,Candidate is disambiguated and should be checked manually.,Andria Balanchivadze,Q1632304,Russia,Saint Petersburg,Georgia,https://en.wikipedia.org/wiki/Andria_Balanchivadze
Leonid Kreutzer,Leonid Kreutzer,c472c297-71dc-4e45-b172-14479c3f826e,DE,Person,,100,auto_accept,Very high score and near-exact name match.,Leonid Kreutzer,Q64864,Russia,Saint Petersburg,Germany,https://en.wikipedia.org/wiki/Leonid_Kreutzer
Yuri Khanon,Yuri Khanon,2b13a216-bd80-456e-b4a6-556879cb1da0,RU,Person,,100,auto_accept,Very high score and near-exact name match.,Yuri Khanon,Q1713908,Russia,Saint Petersburg,Russia,https://en.wikipedia.org/wiki/Yuri_Khanon
Lukas Geniušas,Lukas Geniušas,ae97fe1f-c7f1-435a-9a98-ad02367c9052,LT,Person,pianist,100,auto_accept,Very high score and near-exact name match.,Lukas Geniušas,Q93837,Russia,Moscow,Lithuania,https://en.wikipedia.org/wiki/Lukas_Geniu%C5%A1as
Igor Levit,Igor Levit,2297faf9-2cc0-45c6-bfcf-e9280d640f6d,DE,Person,pianist,100,auto_accept,Very high score and near-exact name match.,Igor Levit,Q100759,Russia,Nizhny Novgorod,Berlin,https://en.wikipedia.org/wiki/Igor_Levit
Yulia Chicherina,Чичерина,12916891-225a-4c4b-a5df-56292d031b41,RU,Group,,100,review_needed,Candidate needs manual review.,Yulia Chicherina,Q2024466,Russia,Yekaterinburg,Russia,https://en.wikipedia.org/wiki/Yulia_Chicherina
Olga Kern,Olga Kern,36515b74-9ad7-4879-bd0d-31461a0800b5,US,Person,pianist,100,auto_accept,Very high score and near-exact name match.,Olga Kern,Q443167,Russia,Moscow,Russia,https://en.wikipedia.org/wiki/Olga_Kern
Jerzy Żurawlew,Jerzy Żurawlew,00abd24b-2ef8-4e6b-8680-13c286c9eac5,PL,Person,pianist,100,auto_accept,Very high score and near-exact name match.,Jerzy Żurawlew,Q2534202,Russia,Rostov-on-Don,Poland,https://en.wikipedia.org/wiki/Jerzy_%C5%BBurawlew
Boris Berman,Boris Berman,a231e945-8fbd-4db5-9c10-e4bade592dc7,RU,Person,pianist,100,auto_accept,Very high score and near-exact name match.,Boris Berman,Q2599508,Russia,Moscow,United States,https://en.wikipedia.org/wiki/Boris_Berman_(musician)
Viktor Kosenko,Віктор Косенко,6e878951-0d02-417c-aaae-0bb127b223a4,UA,Person,"composer, pianist, educator",100,review_needed,Candidate is disambiguated and should be checked manually.,Viktor Kosenko,Q4234841,Russia,Saint Petersburg,Russian Empire,https://en.wikipedia.org/wiki/Viktor_Kosenko
Alena Apina,Алёна Апина,4b4fa19b-d8a2-4d2b-80ca-5376441a9166,RU,Person,,100,review_needed,Candidate needs manual review.,Alena Apina,Q4067997,Russia,Saratov,Russia,https://en.wikipedia.org/wiki/Alyona_Apina
Olga Borodina,Ольга Бородина,0fc64e19-fa69-4599-8e83-9c54de47dac3,RU,Person,mezzo-soprano,100,review_needed,Candidate is disambiguated and should be checked manually.,Olga Borodina,Q24166,Russia,Saint Petersburg,Russia,https://en.wikipedia.org/wiki/Olga_Borodina
Waldemar Klingelhöfer,Bodo Klingelhöfer,9ea20e15-d082-4aec-bc0c-292543d1f9d3,DE,Person,,100,review_needed,Candidate needs manual review.,Waldemar Klingelhöfer,Q66877,Russia,Moscow,Kassel,https://en.wikipedia.org/wiki/Waldemar_Klingelh%C3%B6fer
Valeria Barsova,Inna Barsova,e45535de-066e-4b48-a524-b02aec43eff1,,Person,,100,review_needed,Candidate needs manual review.,Valeria Barsova,Q670917,Russia,Astrakhan,Soviet Union,https://en.wikipedia.org/wiki/Valeria_Barsova
Asaf Zeynally,Asəf Zeynallı,9c3acabb-b975-421c-a459-44cee0311658,SU,Person,,100,auto_accept,High score and strong name similarity.,Asaf Zeynally,Q4190194,Russia,Derbent,Azerbaijan Democratic Republic,https://en.wikipedia.org/wiki/Asaf_Zeynally
Félia Litvinne,Félia Litvinne,a605e6dc-7481-47fa-a904-aabb185ed0f5,FR,Person,soprano,100,auto_accept,Very high score and near-exact name match.,Félia Litvinne,Q952599,Russia,Saint Petersburg,France,https://en.wikipedia.org/wiki/F%C3%A9lia_Litvinne
Yuri Bykov,Yuri,40bad6e2-77f9-47b7-b0da-ffe035a10f67,MX,Person,Mexican singer,100,review_needed,Candidate is disambiguated and should be checked manually.,Yuri Bykov,Q17582593,Russia,Novomichurinsk,Russia,https://en.wikipedia.org/wiki/Yuri_Bykov
Winirä Ğimadievä,Venera Gimadieva,93ea03a0-6388-4a7a-948d-82b5d2dfc544,RU,Person,Russian soprano,100,review_needed,Candidate is disambiguated and should be checked manually.,Winirä Ğimadievä,Q20579311,Russia,Kazan,Russia,https://en.wikipedia.org/wiki/Venera_Gimadieva
Georgy Guryanov,Georgy,a29309ae-8eb4-48fc-8119-6bcc94a49b1e,,,,100,review_needed,Candidate needs manual review.,Georgy Guryanov,Q343456,Russia,Saint Petersburg,Russia,https://en.wikipedia.org/wiki/Georgy_Guryanov
Yakov Kreizberg,Yakov Kreizberg,b9c7f17a-5c04-42a3-a243-1ec4f759366e,US,Person,,100,auto_accept,Very high score and near-exact name match.,Yakov Kreizberg,Q944723,Russia,Saint Petersburg,Soviet Union,https://en.wikipedia.org/wiki/Yakov_Kreizberg
Yuri Simonov,Юрий Симонов,6dd40b6a-3b95-4e01-99ed-13d05628e67b,RU,Person,Soviet and Russian conductor,100,review_needed,Candidate is disambiguated and should be checked manually.,Yuri Simonov,Q2343238,Russia,Saratov,Russia,https://en.wikipedia.org/wiki/Yuri_Simonov
Sophie Milman,Sophie Milman,bd3deba0-d5f7-4c67-b840-36ce967b035b,CA,Person,,100,auto_accept,Very high score and near-exact name match.,Sophie Milman,Q289671,Russia,Ufa,Canada,https://en.wikipedia.org/wiki/Sophie_Milman
Irina Muravyova,Irina,8b95d10e-bc87-4aab-9404-39941f76bcb8,FI,Person,Finnish singer Irina Saari,100,review_needed,Candidate is disambiguated and should be checked manually.,Irina Muravyova,Q1962742,Russia,Moscow,Russia,https://en.wikipedia.org/wiki/Irina_Muravyova
Albina Dzhanabaeva,Альбина Джанабаева,9e644aeb-603a-4065-8a98-0a58c8e1ecc2,RU,Person,,100,review_needed,Candidate needs manual review.,Albina Dzhanabaeva,Q1980070,Russia,Volgograd,Russia,https://en.wikipedia.org/wiki/Albina_Dzhanabaeva
Tatiana Abramova,Tatiana,3e3bc3d5-3100-48b3-b232-a474ba5075a9,MX,Person,"Mexican kids artist, actress, and pop singer",100,review_needed,Candidate is disambiguated and should be checked manually.,Tatiana Abramova,Q4054968,Russia,Tyumen,Russia,https://en.wikipedia.org/wiki/Tatiana_Abramova
Yevgeny Ponasenkov,Yevgeny Sudbin,cfb38fd7-1d90-44ea-ae93-d434a3b72208,GB,Person,Russian-British pianist,100,review_needed,Candidate is disambiguated and should be checked manually.,Yevgeny Ponasenkov,Q4371811,Russia,Moscow,Russia,https://en.wikipedia.org/wiki/Evgeniy_Ponasenkov
Dmitry Pevtsov,Дмитрий Певцов,c9fb3327-455e-47fc-9349-1ad55c34293a,RU,Person,,100,review_needed,Candidate needs manual review.,Dmitry Pevtsov,Q3400285,Russia,Moscow,Russia,https://en.wikipedia.org/wiki/Dmitry_Pevtsov
Viktorija Loba,Викторија Лоба,216f19a2-b7bf-464e-8fd6-9117af67a4c4,,Person,,100,review_needed,Candidate needs manual review.,Viktorija Loba,Q12905559,Russia,Taganrog,North Macedonia,https://en.wikipedia.org/wiki/Viktorija_Loba
Zelimkhan Bakaev,,,,,,,no_match,No usable result returned by MusicBrainz.,Zelimkhan Bakaev,Q42295587,Russia,Grozny,Chechnya,https://en.wikipedia.org/wiki/Zelim_Bakaev
Ilya Prusikin,Илья Прусикин,eadc8810-6fba-4e71-be81-70473bade8b9,,Person,,100,review_needed,Candidate needs manual review.,Ilya Prusikin,Q45550458,Russia,Ust-Borzya,Saint Petersburg,https://en.wikipedia.org/wiki/Ilya_Prusikin
Alan Badoev,Алан Бадоев,9d6b99cb-4fa4-4538-83f3-15b8e9abcab7,UA,Person,,100,review_needed,Candidate needs manual review.,Alan Badoev,Q4074981,Russia,Beslan,Ukraine,https://en.wikipedia.org/wiki/Alan_Badoev
Mitrofan Belyayev,Митрофан Беляев,376e2851-e7de-4984-b6b7-8026ec12f22b,,Person,,100,review_needed,Candidate needs manual review.,Mitrofan Belyayev,Q1317716,Russia,Saint Petersburg,Russian Empire,https://en.wikipedia.org/wiki/Mitrofan_Belyayev
Oleg Kagan,Олег Каган,8f207de8-aeae-4d02-87c5-440286bffea7,RU,Person,violinist,100,review_needed,Candidate is disambiguated and should be checked manually.,Oleg Kagan,Q1363356,Russia,Yuzhno-Sakhalinsk,Soviet Union,https://en.wikipedia.org/wiki/Oleg_Kagan
Sergei Nakariakov,Sergei Nakariakov,9c5524c7-859c-4aa3-a8c8-b4c3f07e4508,FR,Person,trumpeter,100,auto_accept,Very high score and near-exact name match.,Sergei Nakariakov,Q1632910,Russia,Nizhny Novgorod,Russia,https://en.wikipedia.org/wiki/Sergei_Nakariakov
Alexander Egorovich Varlamov,Александр Варламов,eeebe8e9-11cd-4b04-8325-fe441dc1d161,RU,Person,founding father of the Russian art song,100,review_needed,Candidate is disambiguated and should be checked manually.,Alexander Egorovich Varlamov,Q2003374,Russia,Moscow,Russian Empire,"https://en.wikipedia.org/wiki/Aleksandr_Varlamov_(composer,_born_1801)"
Wladimir Vogel,Wladimir Vogel,af4795bc-9b50-445b-a821-2be872be2825,CH,Person,Swiss composer,100,auto_accept,Very high score and near-exact name match.,Wladimir Vogel,Q115947,Russia,Moscow,Ascona,https://en.wikipedia.org/wiki/Wladimir_Vogel
Anna Marly,Anna Marly,17568a47-5686-4d8d-9a1a-71c56a9b11ad,FR,Person,,100,auto_accept,Very high score and near-exact name match.,Anna Marly,Q464853,Russia,Saint Petersburg,France,https://en.wikipedia.org/wiki/Anna_Marly
Igor Matvienko,Игорь Матвиенко,b8ed472b-e957-45ea-9977-58899b15417d,RU,Person,,100,review_needed,Candidate needs manual review.,Igor Matvienko,Q4284680,Russia,Moscow,Russia,https://en.wikipedia.org/wiki/Igor_Matvienko
Grigory Ginzburg,Grigory Romanovich Ginzburg,9ae01b82-72aa-4ebd-85b0-143d4c894dcc,SU,Person,pianist,100,review_needed,Candidate is disambiguated and should be checked manually.,Grigory Ginzburg,Q374594,Russia,Nizhny Novgorod,Soviet Union,https://en.wikipedia.org/wiki/Grigory_Ginzburg
Lydia Kavina,Лидия Кавина,f2ef5bc9-f6dd-4ec9-9d48-86a8695959fa,,Person,,100,review_needed,Candidate needs manual review.,Lydia Kavina,Q448758,Russia,Moscow,Russia,https://en.wikipedia.org/wiki/Lydia_Kavina
Capital Bra,Capital Bra,b725da05-6d6e-4a28-b2c4-c639c24fc1cd,DE,Person,German rapper from Berlin,100,auto_accept,Very high score and near-exact name match.,Capital Bra,Q24008612,Russia,Siberia,Kleinmachnow,https://en.wikipedia.org/wiki/Capital_Bra
Yuz Aleshkovsky,YUZ,9208e87b-9709-4f50-ad8a-b853a21a94aa,,Person,"Guitarist, composer and producer Uriah Witztum",100,review_needed,Candidate is disambiguated and should be checked manually.,Yuz Aleshkovsky,Q4062196,Russia,Krasnoyarsk,Soviet Union,https://en.wikipedia.org/wiki/Yuz_Aleshkovsky
Vladimir Rebikov,Владимир Ребиков,8c7209ab-7f62-4109-997f-aeae00961c29,RU,Person,Russian composer and pianist,100,review_needed,Candidate is disambiguated and should be checked manually.,Vladimir Rebikov,Q950199,Russia,Krasnoyarsk,Russian Empire,https://en.wikipedia.org/wiki/Vladimir_Rebikov
Oleg Lundstrem,Оркестр Олега Лундстрема,8e118325-e340-4573-a6d9-3c6b7af1207c,SU,Group,,100,review_needed,Candidate needs manual review.,Oleg Lundstrem,Q1390611,Russia,Chita,Russia,https://en.wikipedia.org/wiki/Oleg_Lundstrem
Ilya Lagutenko,Илья Лагутенко,7bb1abfd-f5e1-49a9-8804-bf2539f11c91,RU,Person,,100,review_needed,Candidate needs manual review.,Ilya Lagutenko,Q1658597,Russia,Moscow,Russia,https://en.wikipedia.org/wiki/Ilya_Lagutenko
Gerasim Lebedev,Alexey Lebedev,d97b19cd-e3f5-48d5-bfc0-21c8ca9f3c58,RU,Person,pianist,100,review_needed,Candidate is disambiguated and should be checked manually.,Gerasim Lebedev,Q2028881,Russia,Yaroslavl,Kolkata,https://en.wikipedia.org/wiki/Gerasim_Lebedev
Vera Timanova,Vera Teltz,736da881-0b40-4a32-a347-3688d0b83195,DE,Person,,100,review_needed,Candidate needs manual review.,Vera Timanova,Q439806,Russia,Ufa,Russian Empire,https://en.wikipedia.org/wiki/Vera_Timanova
Viviana Sofronitsky,Viviana Sofronitzky,2aba3834-53b8-49e7-8379-dda0c1d25240,RU,Person,pianist,100,auto_accept,High score and strong name similarity.,Viviana Sofronitsky,Q440486,Russia,Moscow,Canada,https://en.wikipedia.org/wiki/Viviana_Sofronitsky
Vladimir Krainev,Vladimir Krainev,5ebb36c1-218b-4bbe-98b0-d71ab197828e,RU,Person,pianist,100,auto_accept,Very high score and near-exact name match.,Vladimir Krainev,Q670381,Russia,Krasnoyarsk,Russia,https://en.wikipedia.org/wiki/Vladimir_Krainev
Yakov Flier,Яков Флиер,0d17c3cd-2c48-4bc6-a756-ba8bc25b488c,SU,Person,pianist,100,review_needed,Candidate is disambiguated and should be checked manually.,Yakov Flier,Q931515,Russia,Orekhovo-Zuyevo,Russian Empire,https://en.wikipedia.org/wiki/Yakov_Flier
Armen Grigoryan,Армен Григорян,cd08528a-793a-46e6-bdf3-d05c7f448267,RU,Person,,100,review_needed,Candidate needs manual review.,Armen Grigoryan,Q2472160,Russia,Moscow,Russia,https://en.wikipedia.org/wiki/Armen_Grigoryan_(guitarist)
Naoko,河合奈保子,ef0ed4b3-614e-4cdc-8a5c-c012c28e3b65,JP,Person,,100,review_needed,Candidate needs manual review.,Naoko,Q136535620,Russia,Rakhya,Russia,https://en.wikipedia.org/wiki/Diana_Loginova
Zulya Kamalova,Zulya,8df84e50-d6fc-42b8-afbe-7c502bf79dd8,AU,Person,,100,review_needed,Candidate needs manual review.,Zulya Kamalova,Q2944740,Russia,Sarapul,Australia,https://en.wikipedia.org/wiki/Zulya_Kamalova
Yevgeny Gabrilovich,Yevgeny Sudbin,cfb38fd7-1d90-44ea-ae93-d434a3b72208,GB,Person,Russian-British pianist,100,review_needed,Candidate is disambiguated and should be checked manually.,Yevgeny Gabrilovich,Q3655818,Russia,Voronezh,Russia,https://en.wikipedia.org/wiki/Yevgeny_Gabrilovich
Rita Streich,Rita Streich,43f61d4d-bffc-4997-a319-580abe388a9b,DE,Person,soprano,100,auto_accept,Very high score and near-exact name match.,Rita Streich,Q77741,Russia,Barnaul,Ascona,https://en.wikipedia.org/wiki/Rita_Streich
Praskovia Kovalyova-Zhemchugova,,,,,,,no_match,No usable result returned by MusicBrainz.,Praskovia Kovalyova-Zhemchugova,Q2011786,Russia,Q13640339,Russian Empire,https://en.wikipedia.org/wiki/Praskovia_Kovalyova-Zhemchugova
Alexander Malofeev,Alexander Malofeev,db406134-8a59-4096-a694-4677ec52a130,RU,Person,Russian Pianist,100,auto_accept,Very high score and near-exact name match.,Alexander Malofeev,Q18245585,Russia,Moscow,Russia,https://en.wikipedia.org/wiki/Alexander_Malofeev
Dmitry Shishkin,Dmitry Shishkin,ad7850af-3840-4d89-9727-25dd7c2770cf,RU,Person,pianist,100,auto_accept,Very high score and near-exact name match.,Dmitry Shishkin,Q24053154,Russia,Chelyabinsk,Russia,https://en.wikipedia.org/wiki/Dmitry_Shishkin
Tamara Sinyavskaya,Тамара Синявская,abaebe07-726b-409a-8536-3d84c5998b4f,RU,Person,mezzo-soprano,100,review_needed,Candidate is disambiguated and should be checked manually.,Tamara Sinyavskaya,Q3742244,Russia,Moscow,Russia,https://en.wikipedia.org/wiki/Tamara_Sinyavskaya
Irina Bogacheva,Ирина Богачёва,ff778b59-3e97-4450-8b9e-1400e6be31a7,RU,Person,mezzo-soprano,100,review_needed,Candidate is disambiguated and should be checked manually.,Irina Bogacheva,Q4089164,Russia,Saint Petersburg,Russia,https://en.wikipedia.org/wiki/Irina_Bogacheva_(mezzo-soprano)
Haji Khanmammadov,Haji,71b8a01e-7fa8-4ab0-b737-b9161e36c041,,,,100,review_needed,Candidate needs manual review.,Haji Khanmammadov,Q5639906,Russia,Derbent,Azerbaijan,https://en.wikipedia.org/wiki/Haji_Khanmammadov
Igor Sklyar,Игорь Скляр,f4bc09e5-e432-4df3-a20f-444703e8b859,RU,Person,,100,review_needed,Candidate needs manual review.,Igor Sklyar,Q2003255,Russia,Kursk,Russia,https://en.wikipedia.org/wiki/Igor_Sklyar
Arty,ARTY,52491cf4-55df-4d0f-b4d4-c3652f7e122d,RU,Person,"Russian producer and DJ, Artem Stoliarov",100,auto_accept,Very high score and near-exact name match.,Arty,Q715890,Russia,Engels,Russia,https://en.wikipedia.org/wiki/Arty_(musician)
Yuri Ahronovitch,Юрий Аранович,c37dc7b6-3293-4beb-9870-e99d62ad1bc7,IL,Person,conductor,100,review_needed,Candidate is disambiguated and should be checked manually.,Yuri Ahronovitch,Q182586,Russia,Saint Petersburg,Israel,https://en.wikipedia.org/wiki/Yuri_Ahronovitch
Viktor Tretiakov,Виктор Викторович Третьяков,b70c091c-175a-4c02-be5d-2aae1765c0ea,RU,Person,violinist,100,review_needed,Candidate is disambiguated and should be checked manually.,Viktor Tretiakov,Q82384,Russia,Krasnoyarsk,Russia,https://en.wikipedia.org/wiki/Viktor_Tretiakov
Dmitri Kitayenko,Дмитрий Китаенко,6d24079f-217b-4015-90e9-f57b7ba5dd13,RU,Person,"Soviet, Russian conductor b. 1940",100,review_needed,Candidate is disambiguated and should be checked manually.,Dmitri Kitayenko,Q664572,Russia,Saint Petersburg,Russia,https://en.wikipedia.org/wiki/Dmitri_Kitayenko
Dilbar Abdurahmonova,Дильба́р Гулямовна Абдурахма́нова,669fcbfe-6b2c-42c0-a675-35f0d58de30a,SU,Person,,100,review_needed,Candidate needs manual review.,Dilbar Abdurahmonova,Q4054642,Russia,Moscow,Soviet Union,https://en.wikipedia.org/wiki/Dilbar_Abdurahmonova
Netta Barzilai,Netta,6806600b-f824-4874-b574-f7b9a3e6cd3d,IL,Person,,100,review_needed,Candidate needs manual review.,Netta Barzilai,Q48654131,Israel,Hod HaSharon,Tel Aviv,https://en.wikipedia.org/wiki/Netta_Barzilai
Dana International,Dana International,f92469be-f755-433a-be19-8bd0c9040e5a,IL,Person,,100,auto_accept,Very high score and near-exact name match.,Dana International,Q201204,Israel,Tel Aviv,Israel,https://en.wikipedia.org/wiki/Dana_International
Ofra Haza,עפרה חזה,7591796a-a545-4b51-ba52-bf2539b90d99,IL,Person,,100,review_needed,Candidate needs manual review.,Ofra Haza,Q111087,Israel,Hatikva Quarter,Israel,https://en.wikipedia.org/wiki/Ofra_Haza
Gene Simmons,Gene Simmons,96a1182f-e8e6-4df6-a811-82cb67d4565c,US,Person,KISS bassist and vocalist,100,auto_accept,Very high score and near-exact name match.,Gene Simmons,Q207197,Israel,Tirat Carmel,New York City,https://en.wikipedia.org/wiki/Gene_Simmons
Itzhak Perlman,Itzhak Perlman,5e85f4f1-a491-4e63-9103-6065c5e997d4,US,Person,violinist and conductor,100,auto_accept,Very high score and near-exact name match.,Itzhak Perlman,Q215905,Israel,Jaffa,New York City,https://en.wikipedia.org/wiki/Itzhak_Perlman
Harel Skaat,הראל סקעת,d668af2b-e35c-48d6-ab38-cba591747e6e,IL,Person,,100,review_needed,Candidate needs manual review.,Harel Skaat,Q276295,Israel,Kfar Saba,Israel,https://en.wikipedia.org/wiki/Harel_Skaat
Chaim Topol,Topol,e23e3e0e-7327-48ce-96a3-481896b26ca1,IL,Person,"actor, singer",100,review_needed,Candidate is disambiguated and should be checked manually.,Chaim Topol,Q319133,Israel,Tel Aviv,Israel,https://en.wikipedia.org/wiki/Chaim_Topol
"Achinoam ""Noa"" Nini",אחינועם ניני,a80ed192-a34e-4fcd-ad84-5347ddcd3acf,IL,Person,Achinoam Nini // songwriter // aka. Noa,100,review_needed,Candidate is disambiguated and should be checked manually.,"Achinoam ""Noa"" Nini",Q340527,Israel,Tel Aviv,Israel,https://en.wikipedia.org/wiki/Noa_(singer)
Eden Golan,Eden Golan,86a4c009-aee7-47bb-b1cf-a8db9d216916,IL,Person,,100,auto_accept,Very high score and near-exact name match.,Eden Golan,Q81436819,Israel,Kfar Saba,Israel,https://en.wikipedia.org/wiki/Eden_Golan
Noa Kirel,Noa Kirel,76a3b9fc-ebb1-44a7-86fc-aca8650320c2,IL,Person,Israeli singer,100,auto_accept,Very high score and near-exact name match.,Noa Kirel,Q43139030,Israel,Ra'anana,Israel,https://en.wikipedia.org/wiki/Noa_Kirel
Hillel Slovak,Hillel Slovak,e9abbfc9-6140-4fdc-ba65-eb6592533134,US,Person,,100,auto_accept,Very high score and near-exact name match.,Hillel Slovak,Q186924,Israel,Haifa,Israel,https://en.wikipedia.org/wiki/Hillel_Slovak
Mira Awad,ميرا عوض,6424c7d2-95bb-48d2-b0e8-bd6d76ff1a78,IL,Person,Mira Anwar Awad,100,review_needed,Candidate is disambiguated and should be checked manually.,Mira Awad,Q236056,Israel,Rameh,London,https://en.wikipedia.org/wiki/Mira_Awad
Sarit Hadad,שרית חדד,bf77650a-a5c6-462d-8a29-b6381464ad09,IL,Person,,100,review_needed,Candidate needs manual review.,Sarit Hadad,Q466767,Israel,Afula,Israel,https://en.wikipedia.org/wiki/Sarit_Hadad
Yuval Raphael,יובל רפאל,1a9eebf6-163f-49a9-92e0-cf2aef80f738,IL,Person,,100,review_needed,Candidate needs manual review.,Yuval Raphael,Q131856689,Israel,Tel Aviv,Israel,https://en.wikipedia.org/wiki/Yuval_Raphael
Izhar Cohen,יזהר כהן,124fa000-44ae-4171-bbd0-c5d000a616a6,IL,Person,Israeli singer who won the 1978 Eurovision Song Contest,100,review_needed,Candidate is disambiguated and should be checked manually.,Izhar Cohen,Q460148,Israel,Tel Aviv,Israel,https://en.wikipedia.org/wiki/Izhar_Cohen
Eden Alene,Eden Alene,1be7cde4-8c97-4a83-8a85-5fd251da4be8,IL,Person,Israeli singer,100,auto_accept,Very high score and near-exact name match.,Eden Alene,Q64775156,Israel,Jerusalem,Israel,https://en.wikipedia.org/wiki/Eden_Alene
Yasmin Levy,Yasmin Levy,856e486f-21f3-4203-a5d2-e30993988b38,IL,Person,,100,auto_accept,Very high score and near-exact name match.,Yasmin Levy,Q298202,Israel,Jerusalem,Serbia,https://en.wikipedia.org/wiki/Yasmin_Levy
Mei Finegold,מיי פיינגולד,b30079f6-123a-4c23-82b5-b7f00bb32ab3,IL,Person,,100,review_needed,Candidate needs manual review.,Mei Finegold,Q6809922,Israel,Rishon LeZion,Israel,https://en.wikipedia.org/wiki/Mei_Finegold
Bo'az Ma'uda,,,,,,,no_match,No usable result returned by MusicBrainz.,Bo'az Ma'uda,Q319142,Israel,Eliakim,Israel,https://en.wikipedia.org/wiki/Boaz_Ma%27uda
Shiri Maimon,שירי מימון,f51f06d9-450a-4633-9ca0-a438754d812b,IL,Person,,100,review_needed,Candidate needs manual review.,Shiri Maimon,Q266578,Israel,Kiryat Chaim,Israel,https://en.wikipedia.org/wiki/Shiri_Maimon
Pinchas Zukerman,Pinchas Zukerman,88b8d585-02c6-4ac7-b1ee-f160f83afa78,CA,Person,violinist/conductor,100,auto_accept,Very high score and near-exact name match.,Pinchas Zukerman,Q346204,Israel,Tel Aviv,Israel,https://en.wikipedia.org/wiki/Pinchas_Zukerman
Ari Folman,Ari Folman,26d3d1ef-7048-423d-ac86-82dcbc810cad,IL,Person,,100,auto_accept,Very high score and near-exact name match.,Ari Folman,Q653645,Israel,Haifa,Haifa,https://en.wikipedia.org/wiki/Ari_Folman
Gali Atari,גלי עטרי,d352aa74-3c8c-4a5c-9d17-63abe4149119,IL,Person,,100,review_needed,Candidate needs manual review.,Gali Atari,Q231654,Israel,Rehovot,Israel,https://en.wikipedia.org/wiki/Gali_Atari
Moran Mazor,מורן מזור,3aa69a0f-ba79-47c1-947d-f4134af9e26a,IL,Person,,100,review_needed,Candidate needs manual review.,Moran Mazor,Q6495231,Israel,Holon,Israel,https://en.wikipedia.org/wiki/Moran_Mazor
Imri Ziv,Imri,35e522a0-e972-410f-a66c-f794b252effd,IL,Person,singer & voice actor from Israel,100,review_needed,Candidate is disambiguated and should be checked manually.,Imri Ziv,Q28768280,Israel,Hod HaSharon,Israel,https://en.wikipedia.org/wiki/Imri_Ziv
Tali Golergant,TALI,669572e9-6104-402f-a639-13348d3650f7,LU,Person,"Golergant, Luxembourgish-Israeli singer",100,review_needed,Candidate is disambiguated and should be checked manually.,Tali Golergant,Q121306325,Israel,Jerusalem,Luxembourg,https://en.wikipedia.org/wiki/Tali_Golergant
Yitzhak Yedid,Yitzhak Yedid,1982bc14-ecc0-4fe2-b175-cbe740b4fa85,IL,Person,,100,auto_accept,Very high score and near-exact name match.,Yitzhak Yedid,Q2006195,Israel,Jerusalem,Israel,https://en.wikipedia.org/wiki/Yitzhak_Yedid
Odeya Rush,Rush,534ee493-bfac-4575-a44a-0ae41e2c3fe4,CA,Group,Canadian rock trio,100,review_needed,Candidate is disambiguated and should be checked manually.,Odeya Rush,Q3647258,Israel,Haifa,Los Angeles,https://en.wikipedia.org/wiki/Odeya_Rush
Inbar Lavi,Daliah Lavi,19faa9e3-6976-4baa-8e1a-db5212b18c2c,IL,Person,,100,review_needed,Candidate needs manual review.,Inbar Lavi,Q13560257,Israel,Ramat Gan,Israel,https://en.wikipedia.org/wiki/Inbar_Lavi
Hovi Star,Hovi Star,db0aa171-e62c-4289-ac57-62a4df81c351,,Person,ESC 2016,100,auto_accept,Very high score and near-exact name match.,Hovi Star,Q23000844,Israel,Kiryat Ata,Israel,https://en.wikipedia.org/wiki/Hovi_Star
Kobi Marimi,Kobi Marimi,10cec3ac-3803-45bd-a0e3-4c865c8394bd,IL,Person,israeli singer and actor,100,auto_accept,Very high score and near-exact name match.,Kobi Marimi,Q61711466,Israel,Ramat Gan,Tel Aviv,https://en.wikipedia.org/wiki/Kobi_Marimi
Naomi Shemer,נעמי שמר,40a0a2c6-4a92-4442-b16e-1750111818b2,IL,Person,,100,review_needed,Candidate needs manual review.,Naomi Shemer,Q238719,Israel,Kvutzat Kinneret,Israel,https://en.wikipedia.org/wiki/Naomi_Shemer
Alona Tal,Alona,a6b34d24-0518-4ee4-835f-1d0b617384fa,,,,100,review_needed,Candidate needs manual review.,Alona Tal,Q263433,Israel,Herzliya,Israel,https://en.wikipedia.org/wiki/Alona_Tal
Arik Einstein,אריק איינשטיין,d3c90d1b-f529-404b-939d-41873386d4b4,IL,Person,,100,review_needed,Candidate needs manual review.,Arik Einstein,Q509660,Israel,Tel Aviv,Israel,https://en.wikipedia.org/wiki/Arik_Einstein
Ronit Elkabetz,Ronit,fd08429e-38f6-4416-8aaa-fbced6de3b51,,Person,Ronit Benyovits,100,review_needed,Candidate is disambiguated and should be checked manually.,Ronit Elkabetz,Q455824,Israel,Beersheba,Israel,https://en.wikipedia.org/wiki/Ronit_Elkabetz
Michael Ben David,מיכאל בן דוד,c8b022c8-4089-4817-9841-e5db2b7dc313,IL,Person,,100,review_needed,Candidate needs manual review.,Michael Ben David,Q110822290,Israel,Ashkelon,Ramat Gan,https://en.wikipedia.org/wiki/Michael_Ben_David
Assi Dayan,אסי דיין,535e9aa5-9ab8-4392-96b1-8b5409f2f0a5,IL,Person,,100,review_needed,Candidate needs manual review.,Assi Dayan,Q609095,Israel,Nahalal,Israel,https://en.wikipedia.org/wiki/Assi_Dayan
Daliah Lavi,Daliah Lavi,19faa9e3-6976-4baa-8e1a-db5212b18c2c,IL,Person,,100,auto_accept,Very high score and near-exact name match.,Daliah Lavi,Q274158,Israel,Shavei Tzion,Israel,https://en.wikipedia.org/wiki/Daliah_Lavi
Ivry Gitlis,Ivry Gitlis,46b78de7-c0e2-4fb5-9d3f-395742e83437,FR,Person,violinist,100,auto_accept,Very high score and near-exact name match.,Ivry Gitlis,Q442010,Israel,Haifa,Paris,https://en.wikipedia.org/wiki/Ivry_Gitlis
Idan Raichel,עידן רייכל,48b69932-5352-4b2e-9847-b15ec8736d1e,IL,Person,,100,review_needed,Candidate needs manual review.,Idan Raichel,Q1772804,Israel,Kfar Saba,Israel,https://en.wikipedia.org/wiki/Idan_Raichel
Inon Zur,Inon Zur,ba23bac1-2b00-43fb-95e5-c3c0fd286e7e,US,Person,,100,auto_accept,Very high score and near-exact name match.,Inon Zur,Q933777,Israel,Israel,Israel,https://en.wikipedia.org/wiki/Inon_Zur
Ilanit,אילנית,7cd7c71d-8890-40d3-a5d1-c0282180389c,IL,Person,,100,review_needed,Candidate needs manual review.,Ilanit,Q274743,Israel,Tel Aviv,Israel,https://en.wikipedia.org/wiki/Ilanit
Esther Ofarim,אסתר עופרים,8408d6b8-f124-46f4-9cb5-c37e03a6e08a,IL,Person,,100,review_needed,Candidate needs manual review.,Esther Ofarim,Q270374,Israel,Safed,Germany,https://en.wikipedia.org/wiki/Esther_Ofarim
Noam Bettan,נועם בתן,75606893-454b-419f-8493-8b61d536ba71,IL,Person,Israeli singer,100,review_needed,Candidate is disambiguated and should be checked manually.,Noam Bettan,Q117355818,Israel,Ra'anana,Israel,https://en.wikipedia.org/wiki/Noam_Bettan
Avishai Cohen,Avishai Cohen,17d78170-7194-4603-8dbb-ca1108430882,IL,Person,Israeli jazz bassist,100,auto_accept,Very high score and near-exact name match.,Avishai Cohen,Q388320,Israel,Kabri,Israel,https://en.wikipedia.org/wiki/Avishai_Cohen_(bassist)
Keren Ann,Keren Ann,8bb436cd-8fbf-48c6-9fc8-a172c27e24ba,IL,Person,singer-songwriter,100,auto_accept,Very high score and near-exact name match.,Keren Ann,Q262294,Israel,Caesarea,Israel,https://en.wikipedia.org/wiki/Keren_Ann
Ivri Lider,עברי לידר,e63b8019-5fd8-460d-8d82-58af4fb9b9b0,IL,Person,,100,review_needed,Candidate needs manual review.,Ivri Lider,Q716158,Israel,Givat Haim (Ihud),Israel,https://en.wikipedia.org/wiki/Ivri_Lider
Yardena Arazi,ירדנה ארזי,05bafd96-ada9-43b0-a328-50d96fcbea22,IL,Person,,100,review_needed,Candidate needs manual review.,Yardena Arazi,Q266563,Israel,Kabri,Israel,https://en.wikipedia.org/wiki/Yardena_Arazi
Aviv Geffen,אביב גפן,3f1f9c33-b86e-44e1-a332-b215456d279c,IL,Person,,100,review_needed,Candidate needs manual review.,Aviv Geffen,Q733103,Israel,Ramat Gan,Israel,https://en.wikipedia.org/wiki/Aviv_Geffen
Rim Banna,ريم بنا,1b803671-18dd-4ce9-b527-75872ca880a0,PS,Person,,100,review_needed,Candidate needs manual review.,Rim Banna,Q2736035,Israel,Nazareth,Occupied Palestinian territories,https://en.wikipedia.org/wiki/Rim_Banna
Asaf Avidan,Asaf Avidan,5b9890b9-a2e8-4768-ad70-9f28bb81fc00,IL,Person,,100,auto_accept,Very high score and near-exact name match.,Asaf Avidan,Q259788,Israel,Jerusalem,Pesaro,https://en.wikipedia.org/wiki/Asaf_Avidan
Ninet Tayeb,Ninet Tayeb,0278afe6-a670-4022-acc3-09c0519dea8c,US,Person,Ninet,100,auto_accept,Very high score and near-exact name match.,Ninet Tayeb,Q444518,Israel,Kiryat Gat,Israel,https://en.wikipedia.org/wiki/Ninet_Tayeb
Tal,Tal,0c7083e0-d1fd-426a-a663-2ee49de4093e,FR,Person,Israeli-French singer,100,auto_accept,Very high score and near-exact name match.,Tal,Q453841,Israel,Pardes Hanna-Karkur,France,https://en.wikipedia.org/wiki/Tal_(singer)
Lior Narkis,ליאור נרקיס,043640c5-5728-40e5-9122-6ee30103b2a9,IL,Person,,100,review_needed,Candidate needs manual review.,Lior Narkis,Q1494846,Israel,Holon,Israel,https://en.wikipedia.org/wiki/Lior_Narkis
Eliahu Inbal,Eliahu Inbal,a34fb252-833a-4fee-b53a-892428ad91d7,IL,Person,Israeli conductor,100,auto_accept,Very high score and near-exact name match.,Eliahu Inbal,Q695465,Israel,Jerusalem,Israel,https://en.wikipedia.org/wiki/Eliahu_Inbal
Hana Laszlo,חנה לסלאו,ce3d7d6e-4fcc-4894-be9c-6cca66a1110f,IL,Person,,100,review_needed,Candidate needs manual review.,Hana Laszlo,Q287420,Israel,Jaffa,Israel,https://en.wikipedia.org/wiki/Hana_Laszlo
Dafna Dekel,דפנה דקל,8320cbb1-3270-4dd5-a133-2890c44082c5,IL,Person,,100,review_needed,Candidate needs manual review.,Dafna Dekel,Q455888,Israel,Ashdod,Israel,https://en.wikipedia.org/wiki/Dafna_Dekel
Shlomo Artzi,שלמה ארצי,88f93eab-1bbb-4b02-816b-539af9ba8d4f,IL,Person,,100,review_needed,Candidate needs manual review.,Shlomo Artzi,Q966848,Israel,Israel,Israel,https://en.wikipedia.org/wiki/Shlomo_Artzi
Yaël Abecassis,יעל אבקסיס,6550fca2-f3da-49b8-8385-8669e6543fbf,IL,Person,,100,review_needed,Candidate needs manual review.,Yaël Abecassis,Q460358,Israel,Ashkelon,Israel,https://en.wikipedia.org/wiki/Yael_Abecassis
Kamilya Jubran,Kamilya Jubran,b9b65add-f042-4a8d-bb05-4ac1317b3cd3,FR,Person,,100,auto_accept,Very high score and near-exact name match.,Kamilya Jubran,Q1349848,Israel,Acre,France,https://en.wikipedia.org/wiki/Kamilya_Jubran
Rika Zaraï,ריקה זראי,745ff372-0333-40cf-bf44-105418ac6ce4,IL,Person,,100,review_needed,Candidate needs manual review.,Rika Zaraï,Q2029078,Israel,Jerusalem,France,https://en.wikipedia.org/wiki/Rika_Zara%C3%AF
Ishtar,Ishtar,f98c6e06-a95a-4446-918f-c363f57695f8,FR,Person,"French-Israeli vocalist, singer of Alabina",100,auto_accept,Very high score and near-exact name match.,Ishtar,Q2048477,Israel,Kiryat Ata,France,https://en.wikipedia.org/wiki/Ishtar_(singer)
Juliano Mer-Khamis,Khamis,4ea4935e-faca-4b52-8146-6b73d4d5fafe,,,,100,review_needed,Candidate needs manual review.,Juliano Mer-Khamis,Q455584,Israel,Nazareth,Palestine,https://en.wikipedia.org/wiki/Juliano_Mer-Khamis
Borgore,Borgore,215e2b5d-06f8-4c68-b33b-8fccec27a077,IL,Person,,100,auto_accept,Very high score and near-exact name match.,Borgore,Q50674,Israel,Tel Aviv,Israel,https://en.wikipedia.org/wiki/Borgore
Miri Ben-Ari,Miri Ben‐Ari,3e7d3eac-7789-493f-940d-8a4b8c14e72b,US,Person,,100,auto_accept,Very high score and near-exact name match.,Miri Ben-Ari,Q269916,Israel,Tel Aviv,United States,https://en.wikipedia.org/wiki/Miri_Ben-Ari
Elyanna,Elyanna,bc563821-40ec-48e9-b0a0-4f41dc46a1f2,PS,Person,Palestinian-Chilean singer-songwriter,100,auto_accept,Very high score and near-exact name match.,Elyanna,Q108124205,Israel,Nazareth,Israel,https://en.wikipedia.org/wiki/Elyanna
Carmela Corren,Carmela Corren,ece3c620-2050-4d69-a750-1835e91f90c4,IL,Person,,100,auto_accept,Very high score and near-exact name match.,Carmela Corren,Q442706,Israel,Tel Aviv,Israel,https://en.wikipedia.org/wiki/Carmela_Corren
Yafa Yarkoni,יפה ירקוני,fbb412e9-099c-42ea-a555-b779afe65b14,IL,Person,,100,review_needed,Candidate needs manual review.,Yafa Yarkoni,Q579498,Israel,Givatayim,Israel,https://en.wikipedia.org/wiki/Yafa_Yarkoni
Eyal Golan,אייל גולן,1bac0f84-77e7-4884-a9ae-122a90582da0,IL,Person,,100,review_needed,Candidate needs manual review.,Eyal Golan,Q1382405,Israel,Rehovot,Israel,https://en.wikipedia.org/wiki/Eyal_Golan
Yon Tumarkin,Yon,1f342306-9423-40e2-9c35-bbbe623043d7,,Group,Screamo from Germany,100,review_needed,Candidate is disambiguated and should be checked manually.,Yon Tumarkin,Q9097151,Israel,Jaffa,Israel,https://en.wikipedia.org/wiki/Yon_Tumarkin
Mor Karbasi,Mor Karbasi,ddadcc7a-4ab1-4e2d-9d0c-11bf4192a358,IL,Person,,100,auto_accept,Very high score and near-exact name match.,Mor Karbasi,Q462158,Israel,Jerusalem,Israel,https://en.wikipedia.org/wiki/Mor_Karbasi
David D'Or,דוד ד׳אור,d241fe83-6ec3-40bd-9afe-7cac6810b7c8,IL,Person,,100,review_needed,Candidate needs manual review.,David D'Or,Q1174277,Israel,Holon,Israel,https://en.wikipedia.org/wiki/David_D%27Or
Nurit Hirsh,נורית הירש,3b4aad26-a95f-49a0-81d8-9348e58cc7fd,IL,Person,,100,review_needed,Candidate needs manual review.,Nurit Hirsh,Q2891207,Israel,Tel Aviv,Israel,https://en.wikipedia.org/wiki/Nurit_Hirsh
Armand Amar,Armand Amar,e24fcdb1-425e-47ea-9fec-389296ee6bd9,FR,Person,,100,auto_accept,Very high score and near-exact name match.,Armand Amar,Q2659446,Israel,Jerusalem,France,https://en.wikipedia.org/wiki/Armand_Amar
Ehud Manor,אהוד מנור,e3d84322-3f3b-4756-8023-8fef11d4d0da,IL,Person,,100,review_needed,Candidate needs manual review.,Ehud Manor,Q603114,Israel,Binyamina-Giv'at Ada,Israel,https://en.wikipedia.org/wiki/Ehud_Manor
Oren Lavie,Oren Lavie,411f15e4-fdad-4d09-beca-0201c2e56727,IL,Person,,100,auto_accept,Very high score and near-exact name match.,Oren Lavie,Q532331,Israel,Tel Aviv,Israel,https://en.wikipedia.org/wiki/Oren_Lavie
Haim Gouri,חיים גורי,a384a6d4-5a42-4799-9817-0ee66caa1ca6,IL,Person,,100,review_needed,Candidate needs manual review.,Haim Gouri,Q2661005,Israel,Tel Aviv,Israel,https://en.wikipedia.org/wiki/Haim_Gouri
Cemal Reşit Rey,Cemal Reşit Rey,7fb4bb4e-dc6b-4353-8949-05f11cfb6dae,TR,Person,,100,auto_accept,Very high score and near-exact name match.,Cemal Reşit Rey,Q1053284,Israel,Jerusalem,Ottoman Empire,https://en.wikipedia.org/wiki/Cemal_Re%C5%9Fit_Rey
Gilad Atzmon,Gilad Atzmon,5ac3b93a-2336-4072-8e46-28cfcbdb9eb7,GB,Person,"British jazz saxophonist, novelist, political activist & writer",100,auto_accept,Very high score and near-exact name match.,Gilad Atzmon,Q1389497,Israel,Tel Aviv,London,https://en.wikipedia.org/wiki/Gilad_Atzmon
Rucka Rucka Ali,Rucka Rucka Ali,c626c2bb-8baa-4f7b-afb3-a0ee9fc5c6cc,US,Person,,100,auto_accept,Very high score and near-exact name match.,Rucka Rucka Ali,Q3446620,Israel,Jerusalem,United States,https://en.wikipedia.org/wiki/Rucka_Rucka_Ali
Ohad Naharin,אוהד נהרין,d1e519a9-7db1-4863-8339-ea2b4c08825c,IL,Person,,100,review_needed,Candidate needs manual review.,Ohad Naharin,Q733785,Israel,kibbutz,Israel,https://en.wikipedia.org/wiki/Ohad_Naharin
Offer Nissim,Offer Nissim,9da88e1f-94f7-48e3-a8c2-e969cb8cfcd7,IL,Person,,100,auto_accept,Very high score and near-exact name match.,Offer Nissim,Q2539564,Israel,Tel Aviv,Israel,https://en.wikipedia.org/wiki/Offer_Nissim
Eddie Butler,Eddie Butler,d0c56799-2d14-4618-b18a-7985b82571fe,IL,Person,,100,auto_accept,Very high score and near-exact name match.,Eddie Butler,Q1282716,Israel,Dimona,Israel,https://en.wikipedia.org/wiki/Eddie_Butler_(singer)
Dalal Abu Amneh,دلال أبو آمنة,18d79c2c-c768-4e3d-90f5-25afb970ee6e,PS,Person,,100,review_needed,Candidate needs manual review.,Dalal Abu Amneh,Q7015528,Israel,Nazareth,Israel,https://en.wikipedia.org/wiki/Dalal_Abu_Amneh
Nasrin Kadri,נסרין קדרי,f124b70a-1db2-4cef-ab68-d5dd3bdda4ac,IL,Person,,100,review_needed,Candidate needs manual review.,Nasrin Kadri,Q19894291,Israel,Lod,Israel,https://en.wikipedia.org/wiki/Nasrin_Kadri
Abi Ofarim,Abi Ofarim,52034fde-b89c-44e1-ba68-d93df3a56aac,IL,Person,,100,auto_accept,Very high score and near-exact name match.,Abi Ofarim,Q320813,Israel,Safed,Israel,https://en.wikipedia.org/wiki/Abi_Ofarim
Keren Peles,קרן פלס,8293bae5-1d33-428f-a210-477444904519,IL,Person,,100,review_needed,Candidate needs manual review.,Keren Peles,Q466518,Israel,Yavne'el,Israel,https://en.wikipedia.org/wiki/Keren_Peles
Lahav Shani,Lahav Shani,4607a34c-fa1e-4533-8148-d3439dbe8595,IL,Person,pianist/conductor,100,auto_accept,Very high score and near-exact name match.,Lahav Shani,Q41505182,Israel,Tel Aviv,Berlin,https://en.wikipedia.org/wiki/Lahav_Shani
Israel Yinon,Israel Yinon,3061cc82-ea80-4d2b-b856-f58fe47a2e2b,IL,Person,conductor,100,auto_accept,Very high score and near-exact name match.,Israel Yinon,Q1674626,Israel,Kfar Saba,Israel,https://en.wikipedia.org/wiki/Israel_Yinon
Yoav,Yoav Goren,7d610910-e08c-4e2a-8dc6-39ea16a02646,US,Person,production music composer,100,review_needed,Candidate is disambiguated and should be checked manually.,Yoav,Q995592,Israel,Tel Aviv,Israel,https://en.wikipedia.org/wiki/Yoav_(musician)
Noam Sheriff,נעם שריף,e32fef29-ff82-456e-8270-775f212c2573,IL,Person,"Israeli composer, conductor and arranger",100,review_needed,Candidate is disambiguated and should be checked manually.,Noam Sheriff,Q542264,Israel,Tel Aviv,Israel,https://en.wikipedia.org/wiki/Noam_Sheriff
Subliminal,Subliminal,1af836b3-2e0f-4dc2-8a19-9fca99b5c3bb,DE,Person,German industrial/experimental rock,100,auto_accept,Very high score and near-exact name match.,Subliminal,Q657013,Israel,Tel Aviv,Israel,https://en.wikipedia.org/wiki/Subliminal_(rapper)
Meir Banai,מאיר בנאי,0c6f309f-4ed2-4e3b-a2a5-047cecbcf042,IL,Person,,100,review_needed,Candidate needs manual review.,Meir Banai,Q12408754,Israel,Jerusalem,Israel,https://en.wikipedia.org/wiki/Meir_Banai
Zohar Argov,זוהר ארגוב,b7790a1d-de3d-4823-a64c-c0f9ceb15f38,IL,Person,,100,review_needed,Candidate needs manual review.,Zohar Argov,Q258991,Israel,Rishon LeZion,Israel,https://en.wikipedia.org/wiki/Zohar_Argov
Pnina Rosenblum,פנינה רוזנבלום,6da0dc6c-ff25-487f-aef7-4b735d6daec5,IL,Person,,100,review_needed,Candidate needs manual review.,Pnina Rosenblum,Q2890097,Israel,Petah Tikva,Jerusalem,https://en.wikipedia.org/wiki/Pnina_Rosenblum
Noa Tishby,נועה תשבי,69b0d550-f11a-499c-83c0-9485b4cf2fb8,IL,Person,,100,review_needed,Candidate needs manual review.,Noa Tishby,Q7045290,Israel,Tel Aviv,Los Angeles,https://en.wikipedia.org/wiki/Noa_Tishby
Sharon Bezaly,Sharon Bezaly,9091ade7-02a8-42b8-9fe5-78022a91398b,IL,Person,flutist,100,auto_accept,Very high score and near-exact name match.,Sharon Bezaly,Q269852,Israel,Tel Aviv,Sweden,https://en.wikipedia.org/wiki/Sharon_Bezaly
Aviv Alush,אביב אלוש,41e4e9c7-28c2-448a-a08e-886435457532,IL,Person,,100,review_needed,Candidate needs manual review.,Aviv Alush,Q6909125,Israel,Karmiel,Israel,https://en.wikipedia.org/wiki/Aviv_Alush
Shlomi Shabat,שלומי שבת,033255b5-77da-4560-93ae-49a55cea2f41,IL,Person,,100,review_needed,Candidate needs manual review.,Shlomi Shabat,Q349662,Israel,Yehud,Israel,https://en.wikipedia.org/wiki/Shlomi_Shabat
Chaya Czernowin,Chaya Czernowin,ea9c7004-fbf4-4f11-9942-5bc343084442,IL,Person,composer,100,auto_accept,Very high score and near-exact name match.,Chaya Czernowin,Q450870,Israel,Kiryat Chaim,San Diego,https://en.wikipedia.org/wiki/Chaya_Czernowin
Uzi Hitman,עוזי חיטמן,90e3a038-2dd1-4e47-b724-69912c2b0888,IL,Person,,100,review_needed,Candidate needs manual review.,Uzi Hitman,Q2915715,Israel,Giv'at Shmuel,Israel,https://en.wikipedia.org/wiki/Uzi_Hitman
Riff Cohen,ריף כהן,bf0669ad-1088-47da-a538-7f7e3255bf69,IL,Person,,100,review_needed,Candidate needs manual review.,Riff Cohen,Q3431891,Israel,Tel Aviv,Ramat Aviv,https://en.wikipedia.org/wiki/Riff_Cohen
Q2056096,,,,,,,no_match,No usable result returned by MusicBrainz.,Q2056096,Q2056096,Israel,Tel Aviv,Israel,https://en.wikipedia.org/wiki/Shuki_Levy
Miri Mesika,מירי מסיקה,808abb20-772c-4223-b18d-25ea004a0c37,IL,Person,,100,review_needed,Candidate needs manual review.,Miri Mesika,Q441232,Israel,Herzliya,Israel,https://en.wikipedia.org/wiki/Miri_Mesika
Tal Sondak,טל סונדק,e923f95c-48f2-482a-9504-a1db5d1141a3,IL,Person,,100,review_needed,Candidate needs manual review.,Tal Sondak,Q549642,Israel,Tel Aviv,Israel,https://en.wikipedia.org/wiki/Tal_Sondak
Yehoram Gaon,יהורם גאון,67025659-1206-4d8f-aaf2-36df95c73a6a,IL,Person,,100,review_needed,Candidate needs manual review.,Yehoram Gaon,Q2091045,Israel,Jerusalem,Israel,https://en.wikipedia.org/wiki/Yehoram_Gaon
Aki Avni,אקי אבני,d98a8afe-5bd8-417e-b414-04c10c43d8c4,IL,Person,,100,review_needed,Candidate needs manual review.,Aki Avni,Q2906794,Israel,Rehovot,Israel,https://en.wikipedia.org/wiki/Aki_Avni
Liraz Charhi,Liraz,55c963e3-6b37-4887-ab08-f3f15f0a22c4,IL,Person,"singer, songwriter and actress",100,review_needed,Candidate is disambiguated and should be checked manually.,Liraz Charhi,Q7047702,Israel,Ramla,Israel,https://en.wikipedia.org/wiki/Liraz_Charhi
Eden Ben Zaken,עדן בן זקן,21770f58-cf1d-429c-bb29-e7b8bb2ceded,IL,Person,,100,review_needed,Candidate needs manual review.,Eden Ben Zaken,Q28053146,Israel,Jerusalem,Israel,https://en.wikipedia.org/wiki/Eden_Ben_Zaken
Dennis Lloyd,Dennis Lloyd,026c1c22-8d1c-473c-a33f-a27fd02d6975,IL,Person,,100,auto_accept,Very high score and near-exact name match.,Dennis Lloyd,Q51033104,Israel,Tel Aviv,Portugal,https://en.wikipedia.org/wiki/Dennis_Lloyd
David Broza,דויד ברוזה,2077bf4d-9bf2-43ac-8c9d-d3eec73e3b30,IL,Person,,100,review_needed,Candidate needs manual review.,David Broza,Q731076,Israel,Haifa,Israel,https://en.wikipedia.org/wiki/David_Broza
Amal Murkus,أمل مرقص,5968a4bf-73c6-46d8-9e2d-9eb899b4d88e,IL,Person,,100,review_needed,Candidate needs manual review.,Amal Murkus,Q452646,Israel,Kafr Yasif,Israel,https://en.wikipedia.org/wiki/Amal_Murkus
Shalom Hanoch,שלום חנוך,5dfde28d-8e46-43f8-bb33-2f593ee8c9f1,IL,Person,,100,review_needed,Candidate needs manual review.,Shalom Hanoch,Q2436563,Israel,Mishmarot,Israel,https://en.wikipedia.org/wiki/Shalom_Hanoch
Yehonatan Geffen,יהונתן גפן,89a93dbb-9eda-45a4-8a2c-4e92ad0c787d,IL,Person,,100,review_needed,Candidate needs manual review.,Yehonatan Geffen,Q2911403,Israel,Nahalal,Israel,https://en.wikipedia.org/wiki/Yehonatan_Geffen
Saint Levant,Saint Levant,015c8b7d-015b-4603-9792-18bb440178ac,,Person,Palestinian/French/Algerian/Serbian musician,100,auto_accept,Very high score and near-exact name match.,Saint Levant,Q116663665,Israel,Jerusalem,Los Angeles,https://en.wikipedia.org/wiki/Saint_Levant
Kobi Oshrat,קובי אשרת,46b3ec08-f0e8-49bf-ba16-2ab8ad5394af,IL,Person,,100,review_needed,Candidate needs manual review.,Kobi Oshrat,Q2898703,Israel,Haifa,Israel,https://en.wikipedia.org/wiki/Kobi_Oshrat
Ilan Chester,Ilan Chester,9ee21580-2800-46ba-8d80-eff00e60f961,VE,Person,,100,auto_accept,Very high score and near-exact name match.,Ilan Chester,Q2918727,Israel,Tel Aviv,Israel,https://en.wikipedia.org/wiki/Ilan_Chester
Sharon Kam,Sharon Kam,8493c11f-7abf-4225-91e2-3f30cb031b7d,IL,Person,clarinetist,100,auto_accept,Very high score and near-exact name match.,Sharon Kam,Q273058,Israel,Haifa,Germany,https://en.wikipedia.org/wiki/Sharon_Kam
Marie Ortal Malka,Ortal,a47fa6d1-dc39-46b3-82a8-40146fe76ba8,,,Eurovision participant,100,review_needed,Candidate is disambiguated and should be checked manually.,Marie Ortal Malka,Q453532,Israel,Israel,France,https://en.wikipedia.org/wiki/Marie_Ortal_Malka
Shimon Gershon,Shimon,71f986d9-6c85-4db5-846e-a0fcb3300d6e,GB,Person,UK DnB DJ/producer Shimon Alcoby,100,review_needed,Candidate is disambiguated and should be checked manually.,Shimon Gershon,Q2916684,Israel,Tel Aviv,Israel,https://en.wikipedia.org/wiki/Shimon_Gershon
Uri Katzenstein,Uri Katzenstein,0b7971fd-8168-4bbc-936a-63f93b62dbaa,IL,Person,,100,auto_accept,Very high score and near-exact name match.,Uri Katzenstein,Q20392101,Israel,Tel Aviv,University of Haifa,https://en.wikipedia.org/wiki/Uri_Katzenstein
Sara Levi-Tanai,שרה לוי תנאי,45046d9b-059e-4abe-81f1-430febc13198,IL,Person,,100,review_needed,Candidate needs manual review.,Sara Levi-Tanai,Q546295,Israel,Jerusalem,Israel,https://en.wikipedia.org/wiki/Sara_Levi-Tanai
Suki Lahav,צרויה להב,0a5bc8be-edcf-499a-9490-f43b3ce68f30,IL,Person,"Israeli violinist, vocalist, actress, lyricist, screenwriter, and novelist",100,review_needed,Candidate is disambiguated and should be checked manually.,Suki Lahav,Q1275103,Israel,Ayelet HaShahar,Israel,https://en.wikipedia.org/wiki/Suki_Lahav
Dotan,Dotan,d4be6874-2e8c-459a-972a-5293dded219e,NL,Person,Dutch‐Israeli singer‐songwriter,100,auto_accept,Very high score and near-exact name match.,Dotan,Q2789859,Israel,Jerusalem,Kingdom of the Netherlands,https://en.wikipedia.org/wiki/Dotan_(singer)
Yossi Banai,יוסי בנאי,331edda3-a98d-422e-9b44-9a9484b8a479,IL,Person,,100,review_needed,Candidate needs manual review.,Yossi Banai,Q2249325,Israel,Jerusalem,Israel,https://en.wikipedia.org/wiki/Yossi_Banai
Shuli Rand,שולי רנד,f14c3d52-879d-4509-a0d9-42bb4fdd5320,IL,Person,,100,review_needed,Candidate needs manual review.,Shuli Rand,Q2911752,Israel,Bnei Brak,Israel,https://en.wikipedia.org/wiki/Shuli_Rand
Yaakov Shabtai,יעקב שבתאי,917e645e-94e7-4a61-a0ff-2f02b402d022,IL,Person,,100,review_needed,Candidate needs manual review.,Yaakov Shabtai,Q2916906,Israel,Tel Aviv,Israel,https://en.wikipedia.org/wiki/Yaakov_Shabtai
Sarai Givaty,שרי גבעתי,2d158faa-2cfd-45ad-82b0-e048a630d57e,IL,Person,,100,review_needed,Candidate needs manual review.,Sarai Givaty,Q2892732,Israel,Tiberias,Israel,https://en.wikipedia.org/wiki/Sarai_Givaty
Samira Saraya,Samira Saraya,f50d8f20-8869-48d8-89b6-0cfcfbdb03d5,IL,Person,"Israeli musician, rapper, writer and actress",100,auto_accept,Very high score and near-exact name match.,Samira Saraya,Q30527170,Israel,Haifa,Israel,https://en.wikipedia.org/wiki/Samira_Saraya
Yair Dalal,Yair Dalal and the Al Ol Ensemble,72dcc085-db9a-4643-9455-7dfe82750518,,Group,,100,review_needed,Candidate needs manual review.,Yair Dalal,Q1396147,Israel,Israel,Israel,https://en.wikipedia.org/wiki/Yair_Dalal
Doron Medalie,דורון מדלי,573353e3-3bc2-438c-b197-a6581a2dcdb5,IL,Person,,100,review_needed,Candidate needs manual review.,Doron Medalie,Q12405768,Israel,Ramat HaSharon,Israel,https://en.wikipedia.org/wiki/Doron_Medalie
Anat Cohen,Anat Cohen,fe935257-b7ef-47c1-a31e-ce678292c674,,Person,,100,auto_accept,Very high score and near-exact name match.,Anat Cohen,Q168116,Israel,Tel Aviv,New York City,https://en.wikipedia.org/wiki/Anat_Cohen
Shulamit Ran,Shulamit Ran,5bec6cb9-b195-4e60-aa5b-3a0a612667c2,US,Person,Israeli-American composer,100,auto_accept,Very high score and near-exact name match.,Shulamit Ran,Q1889606,Israel,Tel Aviv,United States,https://en.wikipedia.org/wiki/Shulamit_Ran
Ohan Durian,Օհան Դուրյան,431c8d59-522d-44f7-9ee1-b48acb506c7b,,Person,,100,review_needed,Candidate needs manual review.,Ohan Durian,Q2087820,Israel,Jerusalem,Armenia,https://en.wikipedia.org/wiki/Ohan_Durian
Matt Haimovitz,Matt Haimovitz,9bde975a-29a4-490c-83db-5707a9266559,IL,Person,cellist,100,auto_accept,Very high score and near-exact name match.,Matt Haimovitz,Q2900830,Israel,Bat Yam,Canada,https://en.wikipedia.org/wiki/Matt_Haimovitz
Yaron Herman,Yaron Herman,fe018ccc-1943-4287-ac8b-2681e259e0f5,FR,Person,pianist,100,auto_accept,Very high score and near-exact name match.,Yaron Herman,Q966881,Israel,Tel Aviv,Paris,https://en.wikipedia.org/wiki/Yaron_Herman
Matti Caspi,מתי כספי,606d3e5a-cbaa-4199-b2fd-88951e07d523,IL,Person,,100,review_needed,Candidate needs manual review.,Matti Caspi,Q2910872,Israel,Hanita,Israel,https://en.wikipedia.org/wiki/Matti_Caspi
Pnina Salzman,Pnina Salzman,cf44d5d3-c963-4775-a7fc-8320132d2a91,IL,Person,pianist,100,auto_accept,Very high score and near-exact name match.,Pnina Salzman,Q1972935,Israel,Tel Aviv,Tel Aviv University,https://en.wikipedia.org/wiki/Pnina_Salzman
Shai Maestro,Shai Maestro,fe723bbb-47cc-4f42-830c-352f7b1fed81,IL,Person,,100,auto_accept,Very high score and near-exact name match.,Shai Maestro,Q3481238,Israel,Israel,Israel,https://en.wikipedia.org/wiki/Shai_Maestro
Kobi Arad,Kobi Arad,3af629ac-eead-4999-9660-5f623e0cdf63,,Person,Israeli-American pianist,100,auto_accept,Very high score and near-exact name match.,Kobi Arad,Q28465757,Israel,Haifa,Israel,https://en.wikipedia.org/wiki/Kobi_Arad
Efrat Gosh,אפרת גוש,dd8ae859-31a7-47a3-b665-612911ff9749,IL,Person,,100,review_needed,Candidate needs manual review.,Efrat Gosh,Q182083,Israel,Herzliya,Israel,https://en.wikipedia.org/wiki/Efrat_Gosh
Dana Ivgy,דאנה איבגי,77f76495-18c2-446e-b122-b619cfdbcdf6,IL,Person,,100,review_needed,Candidate needs manual review.,Dana Ivgy,Q528853,Israel,Tel Aviv,Israel,https://en.wikipedia.org/wiki/Dana_Ivgy
Meital Dohan,Meital Dohan,182d1d48-750d-4481-853f-a8f4cabc0eb8,,,,100,auto_accept,Very high score and near-exact name match.,Meital Dohan,Q431393,Israel,Givatayim,Israel,https://en.wikipedia.org/wiki/Meital_Dohan
Bracha Tzfira,Bracha,8b7e0560-3f8c-4021-ba05-6b5759ce0184,,Group,,100,review_needed,Candidate needs manual review.,Bracha Tzfira,Q2909834,Israel,Jerusalem,Israel,https://en.wikipedia.org/wiki/Bracha_Zefira
Michal Yannai,מיכל ינאי,a8570a89-c3b2-4a47-816d-e57e5be15882,IL,Person,,100,review_needed,Candidate needs manual review.,Michal Yannai,Q6835849,Israel,Ramat Gan,Athens,https://en.wikipedia.org/wiki/Michal_Yannai
Aya Korem,איה כורם,cd61b287-37ef-403e-9cdd-f0d40f1170cf,IL,Person,,100,review_needed,Candidate needs manual review.,Aya Korem,Q444841,Israel,Nof HaGalil,Israel,https://en.wikipedia.org/wiki/Aya_Korem
Liel Kolet,Liel Kolet,a211d8a1-43b6-4fff-9f04-93c8b780faa2,,Person,Electronic vocalist,100,auto_accept,Very high score and near-exact name match.,Liel Kolet,Q446072,Israel,Kvutzat Kinneret,Israel,https://en.wikipedia.org/wiki/Liel_Kolet
Etti Ankri,אתי אנקרי,728c048d-659e-42f7-9553-198bec3798ad,IL,Person,,100,review_needed,Candidate needs manual review.,Etti Ankri,Q467369,Israel,Lod,Israel,https://en.wikipedia.org/wiki/Etti_Ankri
Rivka Golani,Rivka Golani,46e5fe2b-bbd6-47cb-915c-c31ff69df072,IL,Person,Israeli-Canadian violist,100,auto_accept,Very high score and near-exact name match.,Rivka Golani,Q1993134,Israel,Tel Aviv,Israel,https://en.wikipedia.org/wiki/Rivka_Golani
Moti Giladi,מוטי גלעדי,dd3237a9-31e6-42c9-b4d5-37ecd37b8b72,IL,Person,,100,review_needed,Candidate needs manual review.,Moti Giladi,Q1641796,Israel,Haifa,Israel,https://en.wikipedia.org/wiki/Moti_Giladi
Yoni Bloch,יוני בלוך,ecf9d2d0-43fb-43ae-acf2-720e3e08bfb0,IL,Person,,100,review_needed,Candidate needs manual review.,Yoni Bloch,Q1986182,Israel,Beersheba,Israel,https://en.wikipedia.org/wiki/Yoni_Bloch
Mosh Ben-Ari,מוש בן ארי,c227cb59-7fea-408d-86ee-b3b0addfb3ca,IL,Person,,100,review_needed,Candidate needs manual review.,Mosh Ben-Ari,Q2906427,Israel,Afula,Israel,https://en.wikipedia.org/wiki/Mosh_Ben-Ari
Roy Arad,Roy “Chicky” Arad,e0c0ec28-6be0-49d1-93e9-8a3294cdc6f4,IL,Person,,100,review_needed,Candidate needs manual review.,Roy Arad,Q2916282,Israel,Beersheba,Israel,https://en.wikipedia.org/wiki/Roy_Arad
Moshe Peretz,משה פרץ,a0524708-2a9c-4476-9b44-66cc7c736f17,IL,Person,,100,review_needed,Candidate needs manual review.,Moshe Peretz,Q2902995,Israel,Tiberias,Israel,https://en.wikipedia.org/wiki/Moshe_Peretz
Avihu Medina,אביהו מדינה,72542ff0-bba0-4783-bf30-a1c58db5e177,IL,Person,,100,review_needed,Candidate needs manual review.,Avihu Medina,Q4828830,Israel,Tel Aviv,Israel,https://en.wikipedia.org/wiki/Avihu_Medina
Kutiman,Kutiman,48e18c9b-371f-42e6-878d-633e25fa01fd,IL,Person,"Ophir Kutiel, Israeli musician",100,auto_accept,Very high score and near-exact name match.,Kutiman,Q939843,Israel,Jerusalem,Israel,https://en.wikipedia.org/wiki/Kutiman
Yaron London,ירון לונדון,b8b9369f-140a-4b21-b13a-77eef16522de,IL,Person,,100,review_needed,Candidate needs manual review.,Yaron London,Q5870601,Israel,Tel Aviv,Tel Aviv,https://en.wikipedia.org/wiki/Yaron_London
Noga Erez,Noga Erez,06479724-ee7d-471e-a3d4-4554330a0293,IL,Person,,100,auto_accept,Very high score and near-exact name match.,Noga Erez,Q40856678,Israel,Tel Aviv,Tel Aviv,https://en.wikipedia.org/wiki/Noga_Erez
Yoram Taharlev,יורם טהרלב,8d7f0cd0-3541-43f1-8b12-de0cea73e4ab,IL,Person,,100,review_needed,Candidate needs manual review.,Yoram Taharlev,Q16131043,Israel,Yagur,Israel,https://en.wikipedia.org/wiki/Yoram_Taharlev
Omer Avital,Omer Avital,ea75d592-70c1-4d08-a0b5-a859ee576d78,US,Person,,100,auto_accept,Very high score and near-exact name match.,Omer Avital,Q2023299,Israel,Givatayim,Israel,https://en.wikipedia.org/wiki/Omer_Avital
Omer Meir Wellber,Omer Meir Wellber,ecce23a8-051c-4239-b550-8d2028f802cd,IL,Person,,100,auto_accept,Very high score and near-exact name match.,Omer Meir Wellber,Q2023318,Israel,Beersheba,Israel,https://en.wikipedia.org/wiki/Omer_Meir_Wellber
Yehuda Poliker,יהודה פוליקר,4f1f5734-ea28-4640-862b-8fcdd79a16d5,IL,Person,,100,review_needed,Candidate needs manual review.,Yehuda Poliker,Q2911185,Israel,Kiryat Chaim,Israel,https://en.wikipedia.org/wiki/Yehuda_Poliker
Noam Kaniel,Noam Kaniel,bca8a522-ff52-474f-8172-a5817d6172a1,IL,Person,,100,auto_accept,Very high score and near-exact name match.,Noam Kaniel,Q2897062,Israel,Tel Aviv,Israel,https://en.wikipedia.org/wiki/Noam_Kaniel
Yoav Talmi,Yoav Talmi,705021d7-b97f-444b-b4e0-42e18821c15a,IL,Person,conductor and composer,100,auto_accept,Very high score and near-exact name match.,Yoav Talmi,Q2918939,Israel,Merhavia,Israel,https://en.wikipedia.org/wiki/Yoav_Talmi
Miriam Toukan,Miriam Toukan,a8e4bbbd-81ac-4731-b04f-f0b413d5fa5b,,Person,Israeli Christian Arab singer and peace activist.,100,auto_accept,Very high score and near-exact name match.,Miriam Toukan,Q6873436,Israel,I'billin,Haifa,https://en.wikipedia.org/wiki/Miriam_Toukan
Tamer Nafar,تامر النفار,48a14e85-1587-417c-ad7d-a709789431f6,PS,Person,,100,review_needed,Candidate needs manual review.,Tamer Nafar,Q7681149,Israel,Lod,Israel,https://en.wikipedia.org/wiki/Tamer_Nafar
Yigal Bashan,יגאל בשן,f627ed5a-51e7-4171-95fd-48bf9b2952ae,IL,Person,,100,review_needed,Candidate needs manual review.,Yigal Bashan,Q16129085,Israel,Nachlat Yehudah,Israel,https://en.wikipedia.org/wiki/Yigal_Bashan
Ilan Volkov,Ilan Volkov,7af3ddf7-a524-453e-babe-c99910b44411,IL,Person,conductor,100,auto_accept,Very high score and near-exact name match.,Ilan Volkov,Q1658306,Israel,Tel Aviv,Israel,https://en.wikipedia.org/wiki/Ilan_Volkov
Uri Segal,אורי סגל,e4eb9d5d-6244-4f94-bf6b-15eda409262d,IL,Person,Israeli conductor,100,review_needed,Candidate is disambiguated and should be checked manually.,Uri Segal,Q1978130,Israel,Jerusalem,Israel,https://en.wikipedia.org/wiki/Uri_Segal
Asher Fisch,Asher Fisch,8abbbcc2-bc04-4720-8bb2-806ac8025962,IL,Person,,100,auto_accept,Very high score and near-exact name match.,Asher Fisch,Q2866498,Israel,Jerusalem,Israel,https://en.wikipedia.org/wiki/Asher_Fisch
Riki Gal,ריקי גל,22783a0d-71ea-489b-b0bc-9912e0ba64d1,IL,Person,Israeli singer,100,review_needed,Candidate is disambiguated and should be checked manually.,Riki Gal,Q545772,Israel,Jerusalem,Israel,https://en.wikipedia.org/wiki/Riki_Gal
Haim Moshe,חיים משה,d2269ed4-5496-4077-b595-33aa24a60282,IL,Person,,100,review_needed,Candidate needs manual review.,Haim Moshe,Q1569294,Israel,Ramat HaSharon,Israel,https://en.wikipedia.org/wiki/Haim_Moshe
Yousef Sweid,Yousef,ecd05952-15b4-46f2-b15c-68ca7b3c3329,GB,Person,dance music,100,review_needed,Candidate is disambiguated and should be checked manually.,Yousef Sweid,Q2907443,Israel,Haifa,Berlin,https://en.wikipedia.org/wiki/Yousef_Sweid
Sofi Tsedaka,סופי צדקה,05fa2ffe-59fa-4397-99fa-bf73f689228f,IL,Person,,100,review_needed,Candidate needs manual review.,Sofi Tsedaka,Q2908527,Israel,Holon,Israel,https://en.wikipedia.org/wiki/Sofi_Tsedaka
Chen Aharoni,חן אהרוני,704e1c94-b604-4599-80d4-82374c548612,IL,Person,,100,review_needed,Candidate needs manual review.,Chen Aharoni,Q1825089,Israel,Holon,Israel,https://en.wikipedia.org/wiki/Chen_Aharoni
Liora,Liora,a20308a6-1d40-46fe-bf28-512cc4cfb30c,DE,Person,"German artist Liora Bels, née Mirnik",100,auto_accept,Very high score and near-exact name match.,Liora,Q1827317,Israel,Ashkelon,Israel,https://en.wikipedia.org/wiki/Liora_(singer)
Sarai Tzuriel,שרי צוריאל,1524e618-2af3-446a-9e2a-da313d747d94,IL,Person,ESC 1986 for Israel,100,review_needed,Candidate is disambiguated and should be checked manually.,Sarai Tzuriel,Q2224556,Israel,Kfar Yehoshua,Israel,https://en.wikipedia.org/wiki/Sarai_Tzuriel
Zehava Ben,זהבה בן,bb4f3a1b-ab07-43ed-9339-06ce0435c3bd,IL,Person,,100,review_needed,Candidate needs manual review.,Zehava Ben,Q2920291,Israel,Beersheba,Israel,https://en.wikipedia.org/wiki/Zehava_Ben
Dudu Fisher,Dudu Fisher,4c257dfc-aea8-470c-843b-6ccdb2d03703,IL,Person,Israeli cantor,100,auto_accept,Very high score and near-exact name match.,Dudu Fisher,Q2783534,Israel,Petah Tikva,Israel,https://en.wikipedia.org/wiki/Dudu_Fisher
Rivka Michaeli,רבקה מיכאלי,597a5a18-07db-4828-8a6c-09b864c7e1cc,IL,Person,,100,review_needed,Candidate needs manual review.,Rivka Michaeli,Q4127724,Israel,Jerusalem,Israel,https://en.wikipedia.org/wiki/Rivka_Michaeli
Dafna Rechter,דפנה רכטר,d8ee9bb1-e14e-4bde-8ee9-fcdc704bdfac,IL,Person,,100,review_needed,Candidate needs manual review.,Dafna Rechter,Q7008318,Israel,Israel,Israel,https://en.wikipedia.org/wiki/Dafna_Rechter
Assaf Gavron,אסף גברון,830f24c9-39e3-4b93-b98f-4f336a664fa1,,Person,,100,review_needed,Candidate needs manual review.,Assaf Gavron,Q7065167,Israel,Arad,Israel,https://en.wikipedia.org/wiki/Assaf_Gavron
Ofer Levy,עופר לוי,395440e3-da84-406b-aac3-d009012d336f,IL,Person,,100,review_needed,Candidate needs manual review.,Ofer Levy,Q16133125,Israel,Kiryat Ata,Israel,https://en.wikipedia.org/wiki/Ofer_Levi
Shimon Adaf,שמעון אדף,b92b5bfe-726f-4617-8bc1-e13c8a3f6e3b,IL,Person,,100,review_needed,Candidate needs manual review.,Shimon Adaf,Q346816,Israel,Sderot,Israel,https://en.wikipedia.org/wiki/Shimon_Adaf
Michal Bat-Adam,Bat Watcher,976a4de9-7fa6-44d0-b620-2c0a81937700,,,wall noise,100,review_needed,Candidate is disambiguated and should be checked manually.,Michal Bat-Adam,Q6988917,Israel,Afula,Haifa,https://en.wikipedia.org/wiki/Michal_Bat-Adam
Pierre Dulaine,Tim Dulaine,bbfaca97-20a3-4465-ae48-353fc371aa7e,US,Person,,100,review_needed,Candidate needs manual review.,Pierre Dulaine,Q1387509,Israel,Jaffa,Ireland,https://en.wikipedia.org/wiki/Pierre_Dulaine
Avner Dorman,Avner Dorman,e457a318-b659-4467-ac08-544b8faa85f3,IL,Person,,100,auto_accept,Very high score and near-exact name match.,Avner Dorman,Q120785,Israel,Tel Aviv,Israel,https://en.wikipedia.org/wiki/Avner_Dorman
Dana Berger,דנה ברגר,58258fdf-ffa8-4a36-bdcd-2930fc205621,IL,Person,,100,review_needed,Candidate needs manual review.,Dana Berger,Q433246,Israel,Haifa,Israel,https://en.wikipedia.org/wiki/Dana_Berger
Lior Shambadal,Lior Shambadal,213bbe85-e33a-42fa-b7cc-f9dd92fb0815,IL,Person,,100,auto_accept,Very high score and near-exact name match.,Lior Shambadal,Q382330,Israel,Tel Aviv,Israel,https://en.wikipedia.org/wiki/Lior_Shambadal
Yehudit Ravitz,יהודית רביץ,10385cb9-e45f-4c18-b03e-190c94f5f305,IL,Person,,100,review_needed,Candidate needs manual review.,Yehudit Ravitz,Q545752,Israel,Beersheba,Israel,https://en.wikipedia.org/wiki/Yehudit_Ravitz
Meir Ariel,מאיר אריאל,630d216e-178d-4b25-9bc9-31830f7a133d,IL,Person,,100,review_needed,Candidate needs manual review.,Meir Ariel,Q2910806,Israel,Mishmarot,Israel,https://en.wikipedia.org/wiki/Meir_Ariel
Boaz Sharabi,בעז שרעבי,7a59e20f-09b4-4600-8e72-aff3fc17cfaf,IL,Person,,100,review_needed,Candidate needs manual review.,Boaz Sharabi,Q2920270,Israel,Tel Aviv,Israel,https://en.wikipedia.org/wiki/Boaz_Sharabi
Ariel Zilber,אריאל זילבר,91a0e0b2-732a-4ee4-8aaa-76edf50a1c9a,IL,Person,,100,review_needed,Candidate needs manual review.,Ariel Zilber,Q4790480,Israel,Tel Aviv,Gitit,https://en.wikipedia.org/wiki/Ariel_Zilber
Assaf Amdursky,אסף אמדורסקי,cb9aca05-9cdc-4500-bfbf-338920ea2c36,IL,Person,,100,review_needed,Candidate needs manual review.,Assaf Amdursky,Q4808345,Israel,Tel Aviv,Israel,https://en.wikipedia.org/wiki/Assaf_Amdursky
Nathan Goshen,נתן גושן,bf580a37-46c5-4d78-b157-a3ff81e85374,IL,Person,,100,review_needed,Candidate needs manual review.,Nathan Goshen,Q6583345,Israel,Lod,Israel,https://en.wikipedia.org/wiki/Nathan_Goshen
Dror Feiler,Dror Feiler,c5586e9a-afca-4ae6-985d-42c4ea053fe5,SE,Person,,100,auto_accept,Very high score and near-exact name match.,Dror Feiler,Q1260343,Israel,Tel Aviv,Stockholm,https://en.wikipedia.org/wiki/Dror_Feiler
Ofra Harnoy,Ofra Harnoy,3747f7a0-7dc7-4886-96a7-464ec2c596d8,CA,Person,cellist,100,auto_accept,Very high score and near-exact name match.,Ofra Harnoy,Q2627757,Israel,Hadera,Canada,https://en.wikipedia.org/wiki/Ofra_Harnoy
Avi Avital,אבי אביטל,18a5e73c-a688-4c6b-80ba-5f47a3b72b6b,IL,Person,Israeli mandolinist,100,review_needed,Candidate is disambiguated and should be checked manually.,Avi Avital,Q2917858,Israel,Beersheba,Israel,https://en.wikipedia.org/wiki/Avi_Avital
Arie Vardi,Arie Vardi,ae26b737-a119-4a32-af73-04cd9214be1b,IL,Person,pianist/conductor,100,auto_accept,Very high score and near-exact name match.,Arie Vardi,Q3622545,Israel,Tel Aviv,Israel,https://en.wikipedia.org/wiki/Arie_Vardi
Eviatar Banai,אביתר בנאי,f0bdaa19-6f9f-42f3-b392-7782b24725b5,IL,Person,,100,review_needed,Candidate needs manual review.,Eviatar Banai,Q5418308,Israel,Beersheba,Israel,https://en.wikipedia.org/wiki/Eviatar_Banai
Ehud Banai,אהוד בנאי,5f52ab16-e6d1-44e4-8de1-65d140410ebf,IL,Person,,100,review_needed,Candidate needs manual review.,Ehud Banai,Q5348678,Israel,Jerusalem,Israel,https://en.wikipedia.org/wiki/Ehud_Banai
Yair Rosenblum,יאיר רוזנבלום,1bdbe44a-111f-4faf-895b-298555b66574,IL,Person,,100,review_needed,Candidate needs manual review.,Yair Rosenblum,Q8046985,Israel,Tel Aviv,Beit HaShita,https://en.wikipedia.org/wiki/Yair_Rosenblum
Nami Melumad,Nami Melumad,3f118b8c-f298-417b-bedd-448b170db8b4,US,Person,film composer,100,auto_accept,Very high score and near-exact name match.,Nami Melumad,Q16341114,Israel,Ramat Gan,Israel,https://en.wikipedia.org/wiki/Nami_Melumad
Dan Ettinger,Dan Ettinger,8e17baf9-3e39-42d4-8956-f350e014d114,IL,Person,Israeli conductor,100,auto_accept,Very high score and near-exact name match.,Dan Ettinger,Q1159060,Israel,Holon,Israel,https://en.wikipedia.org/wiki/Dan_Ettinger
Daniel Oren,Daniel Oren,0f39dcd0-af42-4010-9161-add581dcfce6,IL,Person,Israeli conductor,100,auto_accept,Very high score and near-exact name match.,Daniel Oren,Q2294327,Israel,Tel Aviv,Israel,https://en.wikipedia.org/wiki/Daniel_Oren
Anat Atzmon,ענת עצמון,df1aa7d4-317f-4d58-8c76-728634df8e17,IL,Person,,100,review_needed,Candidate needs manual review.,Anat Atzmon,Q487272,Israel,Tel Aviv,Israel,https://en.wikipedia.org/wiki/Anat_Atzmon
Ilana Eliya,אילנה אליה,aee1907e-a5b3-4799-aec6-4912cb40e159,IL,Person,,100,review_needed,Candidate needs manual review.,Ilana Eliya,Q541734,Israel,Jerusalem,Israel,https://en.wikipedia.org/wiki/Ilana_Eliya
Miri Aloni,מירי אלוני,f96aa0b9-85e9-4de8-a546-418c20d6c4b1,IL,Person,,100,review_needed,Candidate needs manual review.,Miri Aloni,Q1708957,Israel,Givatayim,Israel,https://en.wikipedia.org/wiki/Miri_Aloni
Yehonathan Gatro,Yehonathan,937ae77b-d6de-49d7-98cf-9c34f73139e0,IL,Person,Yeho,100,review_needed,Candidate is disambiguated and should be checked manually.,Yehonathan Gatro,Q1281090,Israel,Tel Aviv,Israel,https://en.wikipedia.org/wiki/Yeho
Maya Bouskilla,מאיה בוסקילה,49fe0956-a56c-426a-af2a-c9aa87bffe4a,IL,Person,,100,review_needed,Candidate needs manual review.,Maya Bouskilla,Q2078758,Israel,Netanya,Israel,https://en.wikipedia.org/wiki/Maya_Bouskilla
Hani Furstenberg,חני פירסטנברג,25db8bd2-c16d-4b1a-b35f-c9e20335c39c,IL,Person,,100,review_needed,Candidate needs manual review.,Hani Furstenberg,Q5648161,Israel,Israel,Israel,https://en.wikipedia.org/wiki/Hani_Furstenberg
Linet,Linet,3c7af09d-c335-45d5-9352-176c4616b566,TR,Person,Turkish folk singer,100,auto_accept,Very high score and near-exact name match.,Linet,Q6082980,Israel,Tel Aviv,Israel,https://en.wikipedia.org/wiki/Linet
Naomi Polani,נעמי פולני,95209a02-bedd-457f-b868-4d3f69e5c892,IL,Person,,100,review_needed,Candidate needs manual review.,Naomi Polani,Q6964682,Israel,Tel Aviv,Israel,https://en.wikipedia.org/wiki/Naomi_Polani
Tomer Yosef,תומר יוסף,717824b3-f900-4775-b15d-6088d4341a38,IL,Person,,100,review_needed,Candidate needs manual review.,Tomer Yosef,Q7061145,Israel,Kfar Saba,Israel,https://en.wikipedia.org/wiki/Tomer_Yosef
Zohar Strauss,Richard Strauss,4cb43d82-824e-4034-b03d-1a98f36f6e16,DE,Person,German composer,100,review_needed,Candidate is disambiguated and should be checked manually.,Zohar Strauss,Q8073451,Israel,Haifa,Israel,https://en.wikipedia.org/wiki/Zohar_Strauss
Daniella Pick,דניאלה פיק,42d4ac1c-fe9a-460b-b4e9-b1ea98e76aa0,IL,Person,,100,review_needed,Candidate needs manual review.,Daniella Pick,Q32947601,Israel,Ramat HaSharon,Israel,https://en.wikipedia.org/wiki/Daniella_Pick
Motty Steinmets,מוטי שטיינמץ,53b3b4f4-d196-4b2d-9ace-3b0c2c8d086b,IL,Person,,100,review_needed,Candidate needs manual review.,Motty Steinmets,Q42306376,Israel,Rehovot,Israel,https://en.wikipedia.org/wiki/Motty_Steinmetz
Jonatan Mergui,Mergui,e64eef7f-c698-469d-a2b3-75837934ec77,IL,Person,"Israeli singer-songwriter, actor and dancer",100,review_needed,Candidate is disambiguated and should be checked manually.,Jonatan Mergui,Q56651641,Israel,Tel Aviv,Israel,https://en.wikipedia.org/wiki/Jonathan_Mergui
Ilana Rovina,אילנה רובינא,82e7fe90-72d2-46af-a978-e11b2dbd8189,IL,Person,,100,review_needed,Candidate needs manual review.,Ilana Rovina,Q100627627,Israel,Tel Aviv,Israel,https://en.wikipedia.org/wiki/Ilana_Rovina
Nir Zidkyahu,Nir Zidkyahu,fff4c9ff-6018-4da1-bebf-85e673f79a14,IL,Person,drummer,100,auto_accept,Very high score and near-exact name match.,Nir Zidkyahu,Q377187,Israel,Rishon LeZion,Israel,https://en.wikipedia.org/wiki/Nir_Z
Rosi Golan,Rosi Golan,406ff146-022c-4206-b753-bf480d3259b0,,Person,,100,auto_accept,Very high score and near-exact name match.,Rosi Golan,Q509181,Israel,Netanya,United States,https://en.wikipedia.org/wiki/Rosi_Golan
Michael Moshonov,מיכאל מושונוב,2c4a4404-4650-4327-b180-6ab17409a2d2,IL,Person,,100,review_needed,Candidate needs manual review.,Michael Moshonov,Q6832937,Israel,Tel Aviv,Israel,https://en.wikipedia.org/wiki/Michael_Moshonov
Roni Dalumi,רוני דלומי,52a97d62-1ff9-4244-8e76-2dda25a41f4e,IL,Person,,100,review_needed,Candidate needs manual review.,Roni Dalumi,Q2898233,Israel,Beersheba,Omer,https://en.wikipedia.org/wiki/Roni_Daloomi
Eliad Nachum,אליעד נחום,21665930-ef5d-4cc2-912b-125f95820400,IL,Person,,100,review_needed,Candidate needs manual review.,Eliad Nachum,Q6741400,Israel,Bat Yam,Israel,https://en.wikipedia.org/wiki/Eliad_Nachum
Dudu Aharon,דודו אהרון,41d3bdf6-dcc6-4dd8-9e30-cf2c62cdea3c,IL,Person,,100,review_needed,Candidate needs manual review.,Dudu Aharon,Q5312086,Israel,Kiryat Ekron,Israel,https://en.wikipedia.org/wiki/Dudu_Aharon
Amos Meller,Tori Amos,c0b2500e-0cef-4130-869d-732b23ed9df5,US,Person,,100,review_needed,Candidate needs manual review.,Amos Meller,Q1052323,Israel,Ein HaHoresh,Israel,https://en.wikipedia.org/wiki/Amos_Meller
Roni Ben-Hur,Roni Ben-Hur,f088566e-0022-4eb8-aba6-96a45b3944fb,IL,Person,Israeli jazz guitarist,100,auto_accept,Very high score and near-exact name match.,Roni Ben-Hur,Q7365688,Israel,Dimona,Teaneck,https://en.wikipedia.org/wiki/Roni_Ben-Hur
Didi Menussi,Didi,a5bd0654-b009-4961-a887-8ae565dfdf97,RU,Person,"Сomposer, sound engineer, multi-instrumentalist musician, performer and songwriter.",100,review_needed,Candidate is disambiguated and should be checked manually.,Didi Menussi,Q12405787,Israel,Geva,Israel,https://en.wikipedia.org/wiki/Didi_Menosi
Yossi Green,Yossi Green,212fa907-2e60-444e-a09e-64ea86af5f13,US,Person,,100,auto_accept,Very high score and near-exact name match.,Yossi Green,Q10956727,Israel,Israel,United States,https://en.wikipedia.org/wiki/Yossi_Green
Wissam Joubran,Wissam Joubran,6a7a2250-f266-469b-b353-a14cfc71e56b,,Person,,100,auto_accept,Very high score and near-exact name match.,Wissam Joubran,Q1624878,Israel,Nazareth,Israel,https://en.wikipedia.org/wiki/Wissam_Joubran
Avi Benedi,Avi Benedi,6f9aa532-0c4d-44cd-9172-9a03a8e4cc97,AT,Person,"Ави Бенеди, אבי בנדי",100,auto_accept,Very high score and near-exact name match.,Avi Benedi,Q23640839,Israel,Israel,Bulgaria,https://en.wikipedia.org/wiki/Avi_Benedi
David Greilsammer,David Greilsammer,6b2bb2ce-9d44-48da-9efe-bf4b39a9d6da,IL,Person,,100,auto_accept,Very high score and near-exact name match.,David Greilsammer,Q519901,Israel,Jerusalem,Jerusalem,https://en.wikipedia.org/wiki/David_Greilsammer
Benjamin Rawitz-Castel,Benjamin Rawitz,126df86e-7a8b-46e5-8b61-9f9eb0700f3e,BE,Person,Israeli-Belgian classical pianist,100,review_needed,Candidate is disambiguated and should be checked manually.,Benjamin Rawitz-Castel,Q792948,Israel,Haifa,Israel,https://en.wikipedia.org/wiki/Benjamin_Rawitz-Castel
Yoni Rechter,יוני רכטר,48580a29-41f2-49e2-b602-90dc12899549,IL,Person,,100,review_needed,Candidate needs manual review.,Yoni Rechter,Q2910061,Israel,Tel Aviv,Israel,https://en.wikipedia.org/wiki/Yoni_Rechter
Amir Benayoun,עמיר בניון,56ec372f-e833-40cd-a2b3-ff85206c5d8d,IL,Person,,100,review_needed,Candidate needs manual review.,Amir Benayoun,Q2920263,Israel,Beersheba,Israel,https://en.wikipedia.org/wiki/Amir_Benayoun
Hofesh Shechter,Hofesh Shechter,083332c6-dcef-4689-939a-aa22ed7850b6,IL,Person,,100,auto_accept,Very high score and near-exact name match.,Hofesh Shechter,Q3139052,Israel,Jerusalem,Jerusalem,https://en.wikipedia.org/wiki/Hofesh_Shechter
Aner Shapira,Jonathan Aner,7efdd445-bc69-45ed-8822-82b45e7e37c1,IL,Person,pianist,100,review_needed,Candidate is disambiguated and should be checked manually.,Aner Shapira,Q123463731,Israel,Jerusalem,Israel,https://en.wikipedia.org/wiki/Killing_of_Aner_Shapira
Dani Litani,דני ליטני,0cfaca3f-77cc-4538-92cd-0a918935b2ab,IL,Person,,100,review_needed,Candidate needs manual review.,Dani Litani,Q3701528,Israel,Haifa,Israel,https://en.wikipedia.org/wiki/Dani_Litani
Dov Yermiya,Dov,bb59491d-2a3b-4ab3-9438-56cbfe9abe8a,,Person,,100,review_needed,Candidate needs manual review.,Dov Yermiya,Q5302375,Israel,Beit Gan,Eilon,https://en.wikipedia.org/wiki/Dov_Yermiya
Nitai Hershkovits,Nitai Hershkovits,5f9bac39-de3f-4d35-bbc9-0c43cb6bd47e,IL,Person,,100,auto_accept,Very high score and near-exact name match.,Nitai Hershkovits,Q19667178,Israel,Israel,Israel,https://en.wikipedia.org/wiki/Nitai_Hershkovits
Meytal Cohen,Meytal Cohen,7285d7a5-f76d-4768-b15e-97272d8707f2,,Person,Drummer,100,auto_accept,Very high score and near-exact name match.,Meytal Cohen,Q1176409,Israel,Ramat Gan,Israel,https://en.wikipedia.org/wiki/Meytal_Cohen
Adam Ben Ezra,Adam Ben Ezra,027b27ac-cb3f-40c8-8abb-aac46eaf16ef,,Person,"upright bass virtuoso, composer, multi-instrumentalist",100,auto_accept,Very high score and near-exact name match.,Adam Ben Ezra,Q20738970,Israel,Tel Aviv,Israel,https://en.wikipedia.org/wiki/Adam_Ben_Ezra
Eden Hason,עדן חסון,94d92992-76d3-4125-8f99-c2c118db697d,IL,Person,,100,review_needed,Candidate needs manual review.,Eden Hason,Q57261031,Israel,Pardes Hanna-Karkur,Israel,https://en.wikipedia.org/wiki/Eden_Hason
David Shallon,David Shallon,4eac2450-2994-40e6-a6e8-18eba5b9d8aa,IL,Person,conductor,100,auto_accept,Very high score and near-exact name match.,David Shallon,Q1176612,Israel,Tel Aviv,Düsseldorf,https://en.wikipedia.org/wiki/David_Shallon
Avi Ostrowsky,Avi Ostrowsky,0ff4ba5b-022c-4bd8-81ed-4b7299ec5831,,Person,,100,auto_accept,Very high score and near-exact name match.,Avi Ostrowsky,Q2897240,Israel,Givatayim,Israel,https://en.wikipedia.org/wiki/Avi_Ostrowsky
Roni Duani,רוני דואני,173e9898-690e-4159-baa5-c57dcdf58fc5,IL,Person,,100,review_needed,Candidate needs manual review.,Roni Duani,Q528717,Israel,Rishon LeZion,Israel,https://en.wikipedia.org/wiki/Roni_Duani
Aderet,אדרת,69ad9524-ef85-4c7c-a8ea-b85a86f61183,IL,Person,,100,review_needed,Candidate needs manual review.,Aderet,Q503797,Israel,Jerusalem,Israel,https://en.wikipedia.org/wiki/Aderet_(singer)
Sigal Shachmon,Sigal,ca308a92-bf6f-4cc7-926c-680d5b902d89,AR,Group,Argentinean rock band,100,review_needed,Candidate is disambiguated and should be checked manually.,Sigal Shachmon,Q2284648,Israel,Petah Tikva,Kfar Shmaryahu,https://en.wikipedia.org/wiki/Sigal_Shachmon
Asher Mizrahi,אשר מזרחי,41c6e8f6-8241-49bc-a53f-039d2cd53c25,,Person,,100,review_needed,Candidate needs manual review.,Asher Mizrahi,Q2823014,Israel,Jerusalem,French protectorate of Tunisia,https://en.wikipedia.org/wiki/Asher_Mizrahi
Yaakov Shwekey,Yaakov Shwekey,b5792b6a-1561-4499-a9d3-82fa7f40b33f,US,Person,,100,auto_accept,Very high score and near-exact name match.,Yaakov Shwekey,Q2747854,Israel,Jerusalem,United States,https://en.wikipedia.org/wiki/Yaakov_Shwekey
Gad Elbaz,גד אלבז,4669ea30-ee23-4f52-bd57-8510fb367439,US,Person,,100,review_needed,Candidate needs manual review.,Gad Elbaz,Q2910504,Israel,Rehovot,United States,https://en.wikipedia.org/wiki/Gad_Elbaz
Victoria Hanna,Victoria Hanna,7f294ae9-da49-4dff-be02-699a0fd442e4,IL,Person,Israeli female vocalist,100,auto_accept,Very high score and near-exact name match.,Victoria Hanna,Q6978632,Israel,Jerusalem,Israel,https://en.wikipedia.org/wiki/Victoria_Hanna
Shlomit Aharon,שלומית אהרון,4a72a150-6856-4b1a-b262-8faa049ed2b1,IL,Person,,100,review_needed,Candidate needs manual review.,Shlomit Aharon,Q7049894,Israel,Tel Aviv,Israel,https://en.wikipedia.org/wiki/Shlomit_Aharon
Sara Sharon,שרהלה שרון,9f409451-3314-466b-93fe-1d07bc030206,IL,Person,,100,review_needed,Candidate needs manual review.,Sara Sharon,Q6775105,Israel,Ashdot Ya'akov Ihud,Israel,https://en.wikipedia.org/wiki/Sara_Sharon
Sivan Levy,סיון לוי,d0aa7f1a-40a0-4405-abc8-dbb8478974c3,IL,Person,,100,review_needed,Candidate needs manual review.,Sivan Levy,Q7532377,Israel,Ramat HaSharon,Israel,https://en.wikipedia.org/wiki/Sivan_Levy
Yisrael Poliakov,ישראל פוליאקוב,5a70030d-e109-4511-bbbf-b363303e5824,,Person,,100,review_needed,Candidate needs manual review.,Yisrael Poliakov,Q8053866,Israel,Jerusalem,Israel,https://en.wikipedia.org/wiki/Yisrael_Poliakov
Amir Frischer Gutman,Amir,0e455850-74bd-4129-b95e-80c30b0d3297,,Person,"Eurovision 2016 singer for France, Amir Haddad",100,review_needed,Candidate is disambiguated and should be checked manually.,Amir Frischer Gutman,Q12404038,Israel,Kiryat Chaim,Israel,https://en.wikipedia.org/wiki/Amir_Fryszer_Guttman
Noam Jacobson,נעם יעקובסון,bd030511-78de-4cac-b41a-1a99d9a22bc4,IL,Person,,100,review_needed,Candidate needs manual review.,Noam Jacobson,Q12409918,Israel,Petah Tikva,Israel,https://en.wikipedia.org/wiki/Noam_Jacobson
Tzachi HaLevy,Fromental Halévy,6ee2b4d1-febd-44c4-89d2-aeb38e9c8d59,FR,Person,French composer,100,review_needed,Candidate is disambiguated and should be checked manually.,Tzachi HaLevy,Q17523670,Israel,Petah Tikva,Israel,https://en.wikipedia.org/wiki/Tzachi_Halevy
Kobi Farhi,Kobi Farhi,eb185f9e-1304-4877-9e66-292100d48536,IL,Person,,100,auto_accept,Very high score and near-exact name match.,Kobi Farhi,Q25930476,Israel,Jaffa,Israel,https://en.wikipedia.org/wiki/Kobi_Farhi
Neta Elkayam,Neta Elkayam,0ccc1a1d-4120-4ade-8b1b-b14732690fdd,IL,Person,,100,auto_accept,Very high score and near-exact name match.,Neta Elkayam,Q63406660,Israel,Netivot,Israel,https://en.wikipedia.org/wiki/Neta_Elkayam
Wasif Jawhariyyeh,Wasif Ali Wasif,21bd870c-95e6-4241-a248-41083fafe4b2,PK,Person,,100,review_needed,Candidate needs manual review.,Wasif Jawhariyyeh,Q5880798,Israel,Jerusalem,Ottoman Empire,https://en.wikipedia.org/wiki/Wasif_Jawhariyyeh
Guy Braunstein,גיא בראונשטיין,5d0ba841-6f1e-4b45-aeee-2e0a684b71b1,IL,Person,violinist,100,review_needed,Candidate is disambiguated and should be checked manually.,Guy Braunstein,Q549660,Israel,Tel Aviv,Israel,https://en.wikipedia.org/wiki/Guy_Braunstein
Hagai Shaham,Hagai Shaham,59715d60-3b74-4aca-810a-3487bdd0f58c,IL,Person,Israeli violin virtuoso,100,auto_accept,Very high score and near-exact name match.,Hagai Shaham,Q5638516,Israel,Israel,Tel Aviv University,https://en.wikipedia.org/wiki/Hagai_Shaham
Misha Segal,מישה סגל,26d75c0d-c5ba-4ae9-9024-4f4fc524ca88,IL,Person,,100,review_needed,Candidate needs manual review.,Misha Segal,Q290230,Israel,Haifa,Israel,https://en.wikipedia.org/wiki/Misha_Segal
Mooki,Mooki,ef020371-eca8-4606-a8b9-8c993b4ab1cd,,Person,,100,auto_accept,Very high score and near-exact name match.,Mooki,Q2908623,Israel,Rishon LeZion,Israel,https://en.wikipedia.org/wiki/Mooki_(singer)
Lior Navok,Lior,815d6a24-ab6e-49dc-83a1-27c8075f21a9,AU,Person,"Lior Attar, Israeli-Australian singer-songwriter",100,review_needed,Candidate is disambiguated and should be checked manually.,Lior Navok,Q372577,Israel,Tel Aviv,Israel,https://en.wikipedia.org/wiki/Lior_Navok
Betty Olivero,Betty Olivero,58138f9d-f735-4661-9f10-a9a42bd0ea1e,IL,Person,,100,auto_accept,Very high score and near-exact name match.,Betty Olivero,Q440916,Israel,Tel Aviv,Bar-Ilan University,https://en.wikipedia.org/wiki/Betty_Olivero
Yardena Alotin,ירדנה ארזי,05bafd96-ada9-43b0-a328-50d96fcbea22,IL,Person,,100,review_needed,Candidate needs manual review.,Yardena Alotin,Q546239,Israel,Tel Aviv,Israel,https://en.wikipedia.org/wiki/Yardena_Alotin
Ruth Dolores Weiss,רות דולורס וייס,944d8608-2e1e-4e3c-8974-ec2cd35bb839,IL,Person,,100,review_needed,Candidate needs manual review.,Ruth Dolores Weiss,Q7382951,Israel,Ashkelon,Israel,https://en.wikipedia.org/wiki/Ruth_Dolores_Weiss
Avner Strauss,Avner Strauss,55b1ce43-13eb-4a00-acbb-16329003463b,,,,100,auto_accept,Very high score and near-exact name match.,Avner Strauss,Q4829079,Israel,Israel,Tel Aviv,https://en.wikipedia.org/wiki/Avner_Strauss
Daniel Salomon,דניאל סלומון,a7bea84b-b8e2-4289-bf7e-21358c7c0232,IL,Person,,100,review_needed,Candidate needs manual review.,Daniel Salomon,Q5218676,Israel,Haifa,Israel,https://en.wikipedia.org/wiki/Daniel_Salomon_(musician)
Danny Sanderson,דני סנדרסון,0be04841-9152-49bd-9407-06d016a5ede7,IL,Person,,100,review_needed,Candidate needs manual review.,Danny Sanderson,Q5220799,Israel,Kfar Blum,Israel,https://en.wikipedia.org/wiki/Danny_Sanderson
Yosi Piamenta,Yosi Piamenta,4c90a769-9dd8-4a92-b352-aa375bab6267,IL,Person,,100,auto_accept,Very high score and near-exact name match.,Yosi Piamenta,Q20640880,Israel,Jerusalem,Israel,https://en.wikipedia.org/wiki/Yosi_Piamenta
Moshe Klughaft,משה קלוגהפט,cd3ceb44-d19e-4e9c-bc8c-21aa68a0a41a,IL,Person,,100,review_needed,Candidate needs manual review.,Moshe Klughaft,Q7025758,Israel,Bat Yam,Giv'at Shmuel,https://en.wikipedia.org/wiki/Moshe_Klughaft
Rachel Shapira,רחל שפירא,07633a63-2309-4045-a992-c89b978aa0d1,IL,Person,,100,review_needed,Candidate needs manual review.,Rachel Shapira,Q6978461,Israel,Shefayim,Israel,https://en.wikipedia.org/wiki/Rachel_Shapira
Oz Noy,Oz Noy,e1412c77-0e60-406e-b48d-cb28b97aa62d,,Person,Israeli-American guitarist and composer,100,auto_accept,Very high score and near-exact name match.,Oz Noy,Q24642315,Israel,Israel,New York City,https://en.wikipedia.org/wiki/Oz_Noy
Yaakov Rotblit,Yaakov Shwekey,b5792b6a-1561-4499-a9d3-82fa7f40b33f,US,Person,,100,review_needed,Candidate needs manual review.,Yaakov Rotblit,Q16131900,Israel,Haifa,Israel,https://en.wikipedia.org/wiki/Yaakov_Rotblit
Gavriel Lipkind,Gavriel Lipkind,29975b7d-546a-4d58-8510-2bcbc9144a05,,,,100,auto_accept,Very high score and near-exact name match.,Gavriel Lipkind,Q949580,Israel,Tel Aviv,Israel,https://en.wikipedia.org/wiki/Gavriel_Lipkind
Amir Katz,Amir Katz,bc88605c-03b3-4966-9e07-0331e552909c,IL,Person,pianist,100,auto_accept,Very high score and near-exact name match.,Amir Katz,Q472047,Israel,Ramat Gan,Israel,https://en.wikipedia.org/wiki/Amir_Katz
Avi Belleli,אבי בללי,c7a28bef-2a55-4d43-bd60-c6854f68e3f8,IL,Person,,100,review_needed,Candidate needs manual review.,Avi Belleli,Q2904129,Israel,Givatayim,Israel,https://en.wikipedia.org/wiki/Avi_Belleli
Nechama Hendel,נחמה הנדל,7637e03c-3a76-49a7-b412-804c8ca5bd06,IL,Person,,100,review_needed,Candidate needs manual review.,Nechama Hendel,Q2906902,Israel,Jerusalem,Israel,https://en.wikipedia.org/wiki/Nechama_Hendel
Gil Aldema,גיל אלדמע,bd7fc995-3049-41fa-8ada-457c80cd0bab,IL,Person,,100,review_needed,Candidate needs manual review.,Gil Aldema,Q2911448,Israel,Givatayim,Israel,https://en.wikipedia.org/wiki/Gil_Aldema
Omer Fedi,Omer Fedi,c81c430f-dbe1-4a1e-954f-2a89114331e9,US,Person,,100,auto_accept,Very high score and near-exact name match.,Omer Fedi,Q100717799,Israel,Tel Aviv,Israel,https://en.wikipedia.org/wiki/Omer_Fedi
Shmulik Kraus,שמוליק קראוס,35cf5d5b-bd69-42a9-9772-8f69b920a297,IL,Person,,100,review_needed,Candidate needs manual review.,Shmulik Kraus,Q4278999,Israel,Jerusalem,Israel,https://en.wikipedia.org/wiki/Shmulik_Kraus
Maya Dunietz,מאיה דוניץ,7b650310-094a-46f7-b81c-0c36d04b0b98,IL,Person,"Israeli pianist, singer, composer, choir conductor and sound artist",100,review_needed,Candidate is disambiguated and should be checked manually.,Maya Dunietz,Q6796684,Israel,Tel Aviv,Israel,https://en.wikipedia.org/wiki/Maya_Dunietz
Ami Maayani,עמי מעייני,75d21fe8-0d0f-4ee9-b3fb-6d3c2f8e7eef,IL,Person,,100,review_needed,Candidate needs manual review.,Ami Maayani,Q4746088,Israel,Jaffa,Israel,https://en.wikipedia.org/wiki/Ami_Maayani
Karin Shifrin,David Shifrin,4634909e-b942-46e7-92ab-3d5ca4cd4fe6,US,Person,clarinetist,100,review_needed,Candidate is disambiguated and should be checked manually.,Karin Shifrin,Q4524599,Israel,Jerusalem,Israel,https://en.wikipedia.org/wiki/Karin_Shifrin
Gilad Hochman,Gilad Hochman,8026240c-2202-43b2-80a2-f4bd8542976f,,Person,,100,auto_accept,Very high score and near-exact name match.,Gilad Hochman,Q5560688,Israel,Herzliya,Israel,https://en.wikipedia.org/wiki/Gilad_Hochman
Johnny Goldstein,ג׳וני גולדשטיין,64610823-c7d5-453b-84de-4ff73e3af153,IL,Person,,100,review_needed,Candidate needs manual review.,Johnny Goldstein,Q6266767,Israel,Motza Illit,Israel,https://en.wikipedia.org/wiki/Johnny_Goldstein
Elam Rotem,Elam Rotem,40be476b-bd67-48e4-9fe4-22dfdc647330,,Person,composer/harpsichordist,100,auto_accept,Very high score and near-exact name match.,Elam Rotem,Q52714759,Israel,Sdot Yam,Israel,https://en.wikipedia.org/wiki/Elam_Rotem
Peter Roth,פיטר רוט,1a549459-3106-4662-be8e-5035230a7d86,IL,Person,,100,review_needed,Candidate needs manual review.,Peter Roth,Q12410565,Israel,Bat Yam,Israel,https://en.wikipedia.org/wiki/Peter_Roth_(musician)
Shirley Brill,Shirley Brill,45a2dc53-cb15-42c9-b96c-9cc4d6447197,DE,Person,clarinetist,100,auto_accept,Very high score and near-exact name match.,Shirley Brill,Q2279383,Israel,Israel,Israel,https://en.wikipedia.org/wiki/Shirley_Brill
Noy Alooshe,Noy Alooshe,3eef3dd8-bc22-48b0-8843-664e54e10902,,,,100,auto_accept,Very high score and near-exact name match.,Noy Alooshe,Q2918387,Israel,Israel,Israel,https://en.wikipedia.org/wiki/Noy_Alooshe
Orly Silbersatz,אורלי זילברשץ־בנאי,394480a4-7247-4ac3-a553-bf00903e3ca3,IL,Person,,100,review_needed,Candidate needs manual review.,Orly Silbersatz,Q528701,Israel,Israel,Tel Aviv,https://en.wikipedia.org/wiki/Orly_Silbersatz_Banai
Shay Gabso,שי גבסו,3d5ab7e0-5fe4-4197-9e2f-42296b2148c2,IL,Person,,100,review_needed,Candidate needs manual review.,Shay Gabso,Q536600,Israel,Rishon LeZion,Israel,https://en.wikipedia.org/wiki/Shay_Gabso
Shimi Tavori,שימי תבורי,0d7aa9cb-d5a0-48e9-a8be-18d6ef79de61,IL,Person,,100,review_needed,Candidate needs manual review.,Shimi Tavori,Q2893357,Israel,Ness Ziona,Israel,https://en.wikipedia.org/wiki/Shimi_Tavori
Hagit Yaso,חגית יאסו,fe9ebf35-0661-4721-bb29-b3abecfb4e82,IL,Person,,100,review_needed,Candidate needs manual review.,Hagit Yaso,Q2894620,Israel,Sderot,Israel,https://en.wikipedia.org/wiki/Hagit_Yaso
Q2904031,,,,,,,no_match,No usable result returned by MusicBrainz.,Q2904031,Q2904031,Israel,Tel Aviv,Israel,https://en.wikipedia.org/wiki/Orly_Weinerman
Hanan Goldblatt,חנן גולדבלט,c84cdc98-e777-4741-9847-7fb6573f056b,IL,Person,Israeli actor singer,100,review_needed,Candidate is disambiguated and should be checked manually.,Hanan Goldblatt,Q5646901,Israel,Tel Aviv,Israel,https://en.wikipedia.org/wiki/Hanan_Goldblatt
David Refael ben Ami,דוד רפאל (דדי) בן עמי,65e3906a-a6ea-435e-be4e-39bf5858f12f,IL,Person,,100,review_needed,Candidate needs manual review.,David Refael ben Ami,Q6831484,Israel,Nahalal,Israel,https://en.wikipedia.org/wiki/David_Refael_ben-Ami
Michal Amdursky,מיכל אמדורסקי,b98eaf7b-4b17-4efd-89fe-e4b39fc3306d,IL,Person,,100,review_needed,Candidate needs manual review.,Michal Amdursky,Q6835706,Israel,Tel Aviv,Israel,https://en.wikipedia.org/wiki/Michal_Amdursky
Ami Mandelman,עמי מנדלמן,1ca58bf7-352a-4586-a136-264ed26af512,IL,Person,,100,review_needed,Candidate needs manual review.,Ami Mandelman,Q6971687,Israel,Haifa,Israel,https://en.wikipedia.org/wiki/Ami_Mandelman
Nitza Shaul,Nitza,f4e3e951-5c80-4708-a7c1-49455773fdc7,CA,Person,Canadian singer,100,review_needed,Candidate is disambiguated and should be checked manually.,Nitza Shaul,Q7041627,Israel,Tel Aviv,Israel,https://en.wikipedia.org/wiki/Nitza_Saul
Nurit Galron,נורית גלרון,0d2057e6-e05c-4ffa-b855-cef53b47ef78,IL,Person,,100,review_needed,Candidate needs manual review.,Nurit Galron,Q7070133,Israel,Herzliya,Israel,https://en.wikipedia.org/wiki/Nurit_Galron
Tzipi Shavit,ציפי שביט,993cb7b2-91f4-40fa-ab4c-6bc793b7eb30,IL,Person,Israeli singer,100,review_needed,Candidate is disambiguated and should be checked manually.,Tzipi Shavit,Q7861973,Israel,Haifa,Tel Aviv,https://en.wikipedia.org/wiki/Tzipi_Shavit
Zion Golan,ציון גולן,c157ecb1-85ff-4fae-b52e-06697cb1b5d4,IL,Person,,100,review_needed,Candidate needs manual review.,Zion Golan,Q8072524,Israel,Ashkelon,Israel,https://en.wikipedia.org/wiki/Zion_Golan
Yehuda Green,Yehuda Green,1f3fdbd8-63bc-421a-9956-5406523366a5,IL,Person,,100,auto_accept,Very high score and near-exact name match.,Yehuda Green,Q18326044,Israel,Jerusalem,Israel,https://en.wikipedia.org/wiki/Yehuda_Green
Stéphane Legar,Stéphane Legar,630f7b31-ff31-4db7-9201-4f5bcfad479d,IL,Person,,100,auto_accept,Very high score and near-exact name match.,Stéphane Legar,Q47402082,Israel,Bat Yam,Israel,https://en.wikipedia.org/wiki/St%C3%A9phane_Legar
Nunu,nunu,169309f0-58ad-474a-8709-de7f4340b225,,Person,deconstructed club producer,100,auto_accept,Very high score and near-exact name match.,Nunu,Q111792269,Israel,Tel Aviv,Israel,https://en.wikipedia.org/wiki/Nunu_(singer)
Shmuel Ashkenasi,Shmuel Ashkenasi,397c9d8d-d614-477f-a3cd-6b2fc01da212,IL,Person,violinist,100,auto_accept,Very high score and near-exact name match.,Shmuel Ashkenasi,Q321539,Israel,Tel Aviv,Israel,https://en.wikipedia.org/wiki/Shmuel_Ashkenasi
Emanuel Gat,GAT,800ae4c2-6e99-415b-84ea-7e849202c610,,Group,"Japanese unit consisting of DJ Genki, aran, Tachibana",100,review_needed,Candidate is disambiguated and should be checked manually.,Emanuel Gat,Q549227,Israel,Hadera,Israel,https://en.wikipedia.org/wiki/Emanuel_Gat
Ido Mosseri,עידו מוסרי,c38f49ab-9a2d-45ff-8bf3-d026efba70e5,IL,Person,,100,review_needed,Candidate needs manual review.,Ido Mosseri,Q1543563,Israel,Tel Aviv,Israel,https://en.wikipedia.org/wiki/Ido_Mosseri
Tal Friedman,Tal,0c7083e0-d1fd-426a-a663-2ee49de4093e,FR,Person,Israeli-French singer,100,review_needed,Candidate is disambiguated and should be checked manually.,Tal Friedman,Q7678703,Israel,Kiryat Ata,Israel,https://en.wikipedia.org/wiki/Tal_Friedman
Zohar Fresco,זוהר פרסקו,d1d14d6a-62aa-4473-89a8-3126927f5087,IL,Person,,100,review_needed,Candidate needs manual review.,Zohar Fresco,Q5319632,Israel,Israel,Israel,https://en.wikipedia.org/wiki/Zohar_Fresco
Eli Mohar,עלי מוהר,d1b1e235-e0ba-4b4d-8e3b-6fd24fe9d4ed,IL,Person,,100,review_needed,Candidate needs manual review.,Eli Mohar,Q367913,Israel,Tel Aviv,Israel,https://en.wikipedia.org/wiki/Eli_Mohar
Jonathan Bar Giora,יונתן בר גיורא,033a16ab-02b6-475d-9c86-81b2bbd90bef,IL,Person,,100,review_needed,Candidate needs manual review.,Jonathan Bar Giora,Q264791,Israel,Jerusalem,Israel,https://en.wikipedia.org/wiki/Jonathan_Bar_Giora
Uri Adelman,Uri Caine,75f0db0e-12c5-4c86-be14-5b87008a7967,US,Person,,100,review_needed,Candidate needs manual review.,Uri Adelman,Q346842,Israel,Ramat Gan,Israel,https://en.wikipedia.org/wiki/Uri_Adelman
Amnon Weinstein,Amnon Wolman,c39e10d1-1d3b-4231-814d-8c30208cf5f2,IL,Person,Israeli composer,100,review_needed,Candidate is disambiguated and should be checked manually.,Amnon Weinstein,Q54860850,Israel,Tel Aviv,Israel,https://en.wikipedia.org/wiki/Amnon_Weinstein
Maya Simantov,Maya Simantov,b0634a52-8533-4a20-8787-ba046e6b13b6,IL,Person,Israeli singer-songwriter,100,auto_accept,Very high score and near-exact name match.,Maya Simantov,Q1657536,Israel,Bat Yam,Israel,https://en.wikipedia.org/wiki/Maya_Simantov
Idan Yaniv,עידן יניב,91093e98-740c-48af-9598-f1104926cbe5,IL,Person,,100,review_needed,Candidate needs manual review.,Idan Yaniv,Q2905481,Israel,Tel Aviv,Israel,https://en.wikipedia.org/wiki/Idan_Yaniv
Rami Fortis,S.O.B.,0f2e01ef-2e0d-4fa4-8030-ca84a1cf158d,IL,Group,Israeli artist Rami Fortis,100,review_needed,Candidate is disambiguated and should be checked manually.,Rami Fortis,Q2910590,Israel,Tel Aviv,Israel,https://en.wikipedia.org/wiki/Rami_Fortis
Shy Nobleman,Shy Nobleman,562d5ba0-1b58-49b0-a930-f4c538600832,IL,Person,,100,auto_accept,Very high score and near-exact name match.,Shy Nobleman,Q2280469,Israel,Ramat Gan,Israel,https://en.wikipedia.org/wiki/Shy_Nobleman
Akiva Nof,עקיבא נוף,7aef9197-6547-4dae-872c-b28f9a1590af,IL,Person,,100,review_needed,Candidate needs manual review.,Akiva Nof,Q2911436,Israel,Tel Aviv,Jerusalem,https://en.wikipedia.org/wiki/Akiva_Nof
Ori Comay,דודו פארוק,e532538d-5d75-4230-a4e8-d33ea69d5a09,IL,Person,Israeli rapper,100,review_needed,Candidate is disambiguated and should be checked manually.,Ori Comay,Q60529885,Israel,Tel Aviv,Israel,https://en.wikipedia.org/wiki/Dudu_Faruk
Karolina,Karolina,88366aa6-5a99-44f0-b2fa-7c23a35b2088,VE,Person,latin vocalist,100,auto_accept,Very high score and near-exact name match.,Karolina,Q6373161,Israel,Jaffa,Israel,https://en.wikipedia.org/wiki/Karolina_(singer)
Guy Gerber,Guy Gerber,69c075c0-3c49-4143-8aa8-fdfbacac3b08,IL,Person,,100,auto_accept,Very high score and near-exact name match.,Guy Gerber,Q1557483,Israel,Tel Aviv,Israel,https://en.wikipedia.org/wiki/Guy_Gerber
Dan Almagor,דן אלמגור,8ad6376b-8213-4225-8751-f66062803304,IL,Person,,100,review_needed,Candidate needs manual review.,Dan Almagor,Q5213074,Israel,Ramat Gan,Israel,https://en.wikipedia.org/wiki/Dan_Almagor
Danny Robas,דני רובס,81fe0058-851e-4ee9-a444-e41bf45f4b96,IL,Person,,100,review_needed,Candidate needs manual review.,Danny Robas,Q5220776,Israel,Shoval,Israel,https://en.wikipedia.org/wiki/Danny_Robas
Rivka Zohar,רבקה זהר,f1bda199-e09d-46ae-9d4d-282857b9e30e,IL,Person,,100,review_needed,Candidate needs manual review.,Rivka Zohar,Q7338960,Israel,Acre,Israel,https://en.wikipedia.org/wiki/Rivka_Zohar
Shlomo Gronich,שלמה גרוניך,32b29b99-38fb-4f6f-ade3-b9c3a3eb320a,IL,Person,,100,review_needed,Candidate needs manual review.,Shlomo Gronich,Q7499585,Israel,Hadera,Israel,https://en.wikipedia.org/wiki/Shlomo_Gronich
Pe'er Tasi,פאר טסי,f6eddaa4-c7f3-4f2d-a67d-4d1fef509163,IL,Person,,100,review_needed,Candidate needs manual review.,Pe'er Tasi,Q16129473,Israel,Pardes Hanna-Karkur,Israel,https://en.wikipedia.org/wiki/Pe%27er_Tasi
Yinon Yahel,Yinon Yahel,6e5c7604-08a3-444c-b6bc-88334ed6d28a,,Person,,100,auto_accept,Very high score and near-exact name match.,Yinon Yahel,Q5403095,Israel,Israel,Israel,https://en.wikipedia.org/wiki/Yinon_Yahel
Gideon Koren,גידי קורן,0aef5d08-ea24-4acd-b9aa-b8ffdc3ab297,IL,Person,,100,review_needed,Candidate needs manual review.,Gideon Koren,Q5559617,Israel,Tel Aviv,Canada,https://en.wikipedia.org/wiki/Gideon_Koren
Kenny Young,Kenny Young,f058cde2-6f32-4d09-9137-2cd2f76dbe11,GB,Person,,100,auto_accept,Very high score and near-exact name match.,Kenny Young,Q6391263,Israel,Jerusalem,United States,https://en.wikipedia.org/wiki/Kenny_Young
Avraham Tal,Avraham Tal,ccab199d-d361-4ecb-bebd-ec6c8797109f,,Person,,100,auto_accept,Very high score and near-exact name match.,Avraham Tal,Q7183341,Israel,Nir Moshe,Israel,https://en.wikipedia.org/wiki/Avraham_Tal
Elio Martusciello,Elio Martusciello,5b76f7eb-4733-4fdf-b925-7f7e560edf77,IT,Person,Italian electroacoustic musician and composer,100,auto_accept,Very high score and near-exact name match.,Elio Martusciello,Q1329570,Israel,Israel,Italy,https://en.wikipedia.org/wiki/Elio_Martusciello
Barak Cohen,Leonard Cohen,65314b12-0e08-43fa-ba33-baaa7b874c15,CA,Person,Canadian singer‐songwriter and poet,100,review_needed,Candidate is disambiguated and should be checked manually.,Barak Cohen,Q46829910,Israel,Jerusalem,Israel,https://en.wikipedia.org/wiki/Barak_Cohen
Yair Nitzani,יאיר ניצני,fd1020c5-1dce-4e0e-9aba-7e728c143753,IL,Person,,100,review_needed,Candidate needs manual review.,Yair Nitzani,Q8046983,Israel,Beersheba,Israel,https://en.wikipedia.org/wiki/Yair_Nitzani
Dor Daniel,דניאל דור,3f741de1-872b-4bf2-9110-378765d178a0,IL,Person,,100,review_needed,Candidate needs manual review.,Dor Daniel,Q12405762,Israel,Hod HaSharon,Israel,https://en.wikipedia.org/wiki/Dor_Daniel
Dudu Tassa,דודו טסה,feeb07b4-4cfd-4c47-b985-dc864805f84d,IL,Person,Israeli rock musician,100,review_needed,Candidate is disambiguated and should be checked manually.,Dudu Tassa,Q12405747,Israel,Tel Aviv,Israel,https://en.wikipedia.org/wiki/Dudu_Tassa
Smadar Shir,Smadar,5b12de9e-5961-499c-9e7d-afc036b68cb6,,,,100,review_needed,Candidate needs manual review.,Smadar Shir,Q12410103,Israel,Tel Aviv,Israel,https://en.wikipedia.org/wiki/Smadar_Shir
Sivan Arbel,Sivan Arbel,8c9b48fd-d2d2-44fd-9d05-136ed3bd29eb,,Person,,100,auto_accept,Very high score and near-exact name match.,Sivan Arbel,Q100605067,Israel,Jerusalem,Israel,https://en.wikipedia.org/wiki/Sivan_Arbel
Odeya,אודיה,d964a3c2-03e6-4609-89ac-4fa7ec6263a7,IL,Person,,100,review_needed,Candidate needs manual review.,Odeya,Q105735087,Israel,Bat Yam,Israel,https://en.wikipedia.org/wiki/Odeya
Matt Schwartz,Matt Schwartz,df0e96fe-6625-4891-9402-dde3df89d654,GB,Person,"Israeli-British multi-instrumentalist, record producer, songwriter and DJ.",100,auto_accept,Very high score and near-exact name match.,Matt Schwartz,Q17277187,Israel,Haifa,Israel,https://en.wikipedia.org/wiki/Matt_Schwartz
Eli Gorenstein,אלי גורנשטיין,06f90281-1ca4-44f1-88c2-8f57506bd408,IL,Person,Israeli singer,100,review_needed,Candidate is disambiguated and should be checked manually.,Eli Gorenstein,Q12403917,Israel,Tel Aviv,Israel,https://en.wikipedia.org/wiki/Eli_Gorenstein
Simon Shaheen,Simon Shaheen,2b26b168-d3c2-4016-b492-c84b8a38dec4,US,Person,,100,auto_accept,Very high score and near-exact name match.,Simon Shaheen,Q2287816,Israel,Ma'alot-Tarshiha,Occupied Palestinian territories,https://en.wikipedia.org/wiki/Simon_Shaheen
Amit Peled,Amit Peled,d30a695e-af01-4661-bddb-39830419c603,IL,Person,,100,auto_accept,Very high score and near-exact name match.,Amit Peled,Q4746865,Israel,Yizre'el,Israel,https://en.wikipedia.org/wiki/Amit_Peled
Elisha Abas,Elisha,d526bc7e-3ab3-4383-a083-3435609c7469,,Person,Seattle-via-Miami vocalist,100,review_needed,Candidate is disambiguated and should be checked manually.,Elisha Abas,Q658399,Israel,Jerusalem,Israel,https://en.wikipedia.org/wiki/Elisha_Abas
Izhar Ashdot,יזהר אשדות,a6d1d71e-74db-4e82-a548-b15051e9b2e7,IL,Person,,100,review_needed,Candidate needs manual review.,Izhar Ashdot,Q2910769,Israel,Jerusalem,Israel,https://en.wikipedia.org/wiki/Izhar_Ashdot
Jonathan Gee,Jonathan Gee,5e3a0d42-d77d-4e7e-87e5-f9397218154e,GB,Person,,100,auto_accept,Very high score and near-exact name match.,Jonathan Gee,Q1424809,Israel,Tel Aviv,United Kingdom,https://en.wikipedia.org/wiki/Jonathan_Gee
Kfir Tzafir,RAZ,f5a49563-21a6-4aee-aae7-3d84239901ad,IL,Person,Raz Kfir (psytrance),100,review_needed,Candidate is disambiguated and should be checked manually.,Kfir Tzafir,Q123593996,Israel,Petah Tikva,Israel,https://en.wikipedia.org/wiki/Kfir_Tsafrir
Shai Wosner,Shai Wosner,3830b3b7-63ff-44ec-b6c8-9f092821c3f0,IL,Person,Israeli pianist,100,auto_accept,Very high score and near-exact name match.,Shai Wosner,Q2276463,Israel,Israel,Israel,https://en.wikipedia.org/wiki/Shai_Wosner
Koby Israelite,Koby Israelite,eafa8416-c139-42bf-a48f-fc5530492d94,,Person,,100,auto_accept,Very high score and near-exact name match.,Koby Israelite,Q3198150,Israel,Tel Aviv,Israel,https://en.wikipedia.org/wiki/Koby_Israelite
Marvin Goldstein,Marvin Goldstein,1a4c7fd1-6d4d-4ccb-be24-bdecdb629373,US,Person,,100,auto_accept,Very high score and near-exact name match.,Marvin Goldstein,Q3296070,Israel,Tel Aviv,United States,https://en.wikipedia.org/wiki/Marvin_Goldstein
Itay Talgam,Itay Steinberg,05d38dd7-aed1-49b2-9d6e-27d51f1e811e,,Person,production music,100,review_needed,Candidate is disambiguated and should be checked manually.,Itay Talgam,Q6094174,Israel,Tel Aviv,Israel,https://en.wikipedia.org/wiki/Itay_Talgam
Ammiel Bushakevitz,Ammiel Bushakevitz,c048e1a7-df89-4494-b9cf-3ae01fa1fd33,IL,Person,pianist,100,auto_accept,Very high score and near-exact name match.,Ammiel Bushakevitz,Q4747241,Israel,Jerusalem,Israel,https://en.wikipedia.org/wiki/Ammiel_Bushakevitz
Gil Shohat,גיל שוחט,4839211c-2949-4ba1-81ea-daefd428f7cb,IL,Person,,100,review_needed,Candidate needs manual review.,Gil Shohat,Q5560612,Israel,Tel Aviv,Jaffa,https://en.wikipedia.org/wiki/Gil_Shohat
Joseph Kalichstein,Joseph Kalichstein,5da38fc2-3804-4990-b698-f0581ecb8eb0,US,Person,pianist,100,auto_accept,Very high score and near-exact name match.,Joseph Kalichstein,Q6284503,Israel,Tel Aviv,United States,https://en.wikipedia.org/wiki/Joseph_Kalichstein
Alon De Loco,אלון דה לוקו,0f24faff-831b-4ede-8012-2607e7091e8a,IL,Person,,100,review_needed,Candidate needs manual review.,Alon De Loco,Q4734336,Israel,Beersheba,Israel,https://en.wikipedia.org/wiki/Alon_De_Loco
Natan Brand,Natan Brand,0f9e269b-872a-42a4-b5fd-10fbd769bef0,,Person,pianist,100,auto_accept,Very high score and near-exact name match.,Natan Brand,Q6968385,Israel,Jerusalem,United States,https://en.wikipedia.org/wiki/Natan_Brand
Orit Wolf,אורית וולף,0a272043-8ad2-4c85-a871-ba2d07a7a66b,IL,Person,pianist,100,review_needed,Candidate is disambiguated and should be checked manually.,Orit Wolf,Q7102872,Israel,Tel Aviv,Tel Aviv,https://en.wikipedia.org/wiki/Orit_Wolf
Orli Shaham,Orli Shaham,fe0823b2-9b43-47aa-8f6a-abd1d35f6aa3,US,Person,,100,auto_accept,Very high score and near-exact name match.,Orli Shaham,Q7103289,Israel,Jerusalem,United States,https://en.wikipedia.org/wiki/Orli_Shaham
Tamar Halperin,Tamar Halperin,464f1548-5ad0-45bb-954a-0ca37edcd942,,Person,,100,auto_accept,Very high score and near-exact name match.,Tamar Halperin,Q18028352,Israel,Tel Aviv,Germany,https://en.wikipedia.org/wiki/Tamar_Halperin
Ella Milch-Sheriff,אלה מילך-שריף,e51c6641-f937-4180-8f06-33fc27e3ad3e,IL,Person,,100,review_needed,Candidate needs manual review.,Ella Milch-Sheriff,Q5364545,Israel,Haifa,Israel,https://en.wikipedia.org/wiki/Ella_Milch-Sheriff
Eitan Steinberg,Eitan Steinberg,0b2f6113-1e55-4779-8e1a-408cf1f87bee,IL,Person,,100,auto_accept,Very high score and near-exact name match.,Eitan Steinberg,Q16131688,Israel,Jerusalem,University of Haifa,https://en.wikipedia.org/wiki/Eitan_Steinberg
Mira Zakai,Mira Zakai,52cb3b54-0520-4e61-a0ce-b024f724e3e1,IL,Person,Israeli contralto vocalist,100,auto_accept,Very high score and near-exact name match.,Mira Zakai,Q12409145,Israel,Jerusalem,Israel,https://en.wikipedia.org/wiki/Mira_Zakai
Gil Dor,גיל דור,227352b3-80a9-4c35-83be-09d36ed684ef,IL,Person,,100,review_needed,Candidate needs manual review.,Gil Dor,Q5560497,Israel,Holon,Israel,https://en.wikipedia.org/wiki/Gil_Dor
Tsippi Fleischer,ציפי פליישר,642d8c18-5038-4f0d-b018-0865511b15da,IL,Person,Israeli composer,100,review_needed,Candidate is disambiguated and should be checked manually.,Tsippi Fleischer,Q7849763,Israel,Haifa,Israel,https://en.wikipedia.org/wiki/Tsippi_Fleischer
Matan Porat,מתן פורת,732912a5-3b7d-4c92-9b07-59d999565762,IL,Person,Israeli pianist and composer,100,review_needed,Candidate is disambiguated and should be checked manually.,Matan Porat,Q6625021,Israel,Tel Aviv,Israel,https://en.wikipedia.org/wiki/Matan_Porat
Yuval Dor,יובל דור,26d0a2a6-5c8f-41c6-a3dc-93b6da7f04e0,IL,Person,,100,review_needed,Candidate needs manual review.,Yuval Dor,Q6793241,Israel,Holon,Israel,https://en.wikipedia.org/wiki/Yuval_Dor
Maayan Licht,Maayan,0b832fc6-0ea5-48c6-9459-442584199205,PL,Group,,100,review_needed,Candidate needs manual review.,Maayan Licht,Q135006479,Israel,Israel,Israel,https://en.wikipedia.org/wiki/Maayan_Licht
Adi Ulmansky,עדי אולמנסקי,40628e91-67f6-4347-9026-2705de574dea,IL,Person,,100,review_needed,Candidate needs manual review.,Adi Ulmansky,Q15042111,Israel,Jerusalem,Israel,https://en.wikipedia.org/wiki/Adi_Ulmansky
Frank Ilfman,Frank Ilfman,8ef9485e-b5f7-4b21-be67-4a725ed4049d,IL,Person,,100,auto_accept,Very high score and near-exact name match.,Frank Ilfman,Q17198144,Israel,Tel Aviv,Israel,https://en.wikipedia.org/wiki/Frank_Ilfman
Ziv Cojocaru,זיו קוז׳וקרו,c10109c3-d7a4-470a-8902-8fedede02d8f,IL,Person,,100,review_needed,Candidate needs manual review.,Ziv Cojocaru,Q25498486,Israel,Beersheba,Israel,https://en.wikipedia.org/wiki/Ziv_Cojocaru
Baruch Berliner,Berliner Philharmoniker,dea28aa9-1086-4ffa-8739-0ccc759de1ce,,Orchestra,,100,review_needed,Candidate needs manual review.,Baruch Berliner,Q28799286,Israel,Tel Aviv,Tel Aviv University,https://en.wikipedia.org/wiki/Baruch_Berliner
Ori Kaplan,Ori Kaplan,20b96123-db47-4d09-a238-5ca339594985,US,Person,,100,auto_accept,Very high score and near-exact name match.,Ori Kaplan,Q437090,Israel,Tel Aviv,Israel,https://en.wikipedia.org/wiki/Ori_Kaplan
Nir Knaan,ניר כנען,e1a37365-ed31-4944-9af7-2b9243c31b0b,IL,Person,,100,review_needed,Candidate needs manual review.,Nir Knaan,Q115051877,Israel,Ness Ziona,Israel,https://en.wikipedia.org/wiki/Nir_Knaan
Oforia,Oforia,1290567d-8b0b-4fbe-822a-93f5b1224209,IL,Person,Israeli goa trance/psytrance DJ/producer Ofer Dikovsky,100,auto_accept,Very high score and near-exact name match.,Oforia,Q1402447,Israel,Tel Aviv,Israel,https://en.wikipedia.org/wiki/Oforia
Yoav Kutner,יואב קוטנר,ed1416c7-cd1c-40f1-8730-3657619a78b0,,Person,,100,review_needed,Candidate needs manual review.,Yoav Kutner,Q8054206,Israel,Jerusalem,Israel,https://en.wikipedia.org/wiki/Yoav_Kutner
Daniel Cohen,Daniel Cohen,f80470b6-0418-4c1e-bf82-59d262d289eb,,Person,Videogame music composer?,100,auto_accept,Very high score and near-exact name match.,Daniel Cohen,Q5216826,Israel,Netanya,Israel,https://en.wikipedia.org/wiki/Daniel_Cohen_(conductor)
Yuval Zaliouk,Yuval Zaliouk,8368419b-8865-4410-92c2-994009647654,IL,Person,conductor,100,auto_accept,Very high score and near-exact name match.,Yuval Zaliouk,Q8062160,Israel,Haifa,Israel,https://en.wikipedia.org/wiki/Yuval_Zaliouk
Elisa Gabbai,Elisa Gabbai,0632406a-b62a-4ee0-99c0-dab710c63d1a,IL,Person,,100,auto_accept,Very high score and near-exact name match.,Elisa Gabbai,Q545790,Israel,Tel Aviv,Israel,https://en.wikipedia.org/wiki/Elisa_Gabbai
Seffy Efrati,Seffy,c1e0451f-02a0-49ec-8ecb-59695b689417,FR,Person,,100,review_needed,Candidate needs manual review.,Seffy Efrati,Q2892754,Israel,Jerusalem,Israel,https://en.wikipedia.org/wiki/Seffy_Efrati
Rona Kenan,רונה קינן,aad5601f-e4b4-4ae6-9b91-b83c9b175e38,IL,Person,,100,review_needed,Candidate needs manual review.,Rona Kenan,Q2910959,Israel,Jaffa,Israel,https://en.wikipedia.org/wiki/Rona_Kenan
Daklon,דקלון,86224679-18a7-4a47-9e9b-0c5f5d2a5031,IL,Person,,100,review_needed,Candidate needs manual review.,Daklon,Q5209968,Israel,Tel Aviv,Tel Aviv,https://en.wikipedia.org/wiki/Daklon
Dalia Friedland,דליה פרידלנד,e236cee8-4fad-4ecc-8841-de8d63909fa7,IL,Person,,100,review_needed,Candidate needs manual review.,Dalia Friedland,Q5210907,Israel,Tel Aviv,Israel,https://en.wikipedia.org/wiki/Dalia_Friedland
Gidi Gov,גידי גוב,9ad63bae-b65a-467d-9311-21193fdae775,IL,Person,,100,review_needed,Candidate needs manual review.,Gidi Gov,Q5278573,Israel,Rehovot,Israel,https://en.wikipedia.org/wiki/Gidi_Gov
Maya Shoef,Edward Maya,257891db-1f69-4660-894d-075e355431a8,RO,Person,Romanian DJ and singer,100,review_needed,Candidate is disambiguated and should be checked manually.,Maya Shoef,Q6620614,Israel,Tel Aviv,Israel,https://en.wikipedia.org/wiki/Maya_Shoef
Lior,Lior,815d6a24-ab6e-49dc-83a1-27c8075f21a9,AU,Person,"Lior Attar, Israeli-Australian singer-songwriter",100,auto_accept,Very high score and near-exact name match.,Lior,Q6556008,Israel,Rishon LeZion,Australia,https://en.wikipedia.org/wiki/Lior
Efrat Rayten,Efrat Alony,32f8f8af-cffa-4cf3-aade-ee067fe35a34,DE,Person,,100,review_needed,Candidate needs manual review.,Efrat Rayten,Q6864478,Israel,Haifa,Tel Aviv,https://en.wikipedia.org/wiki/Efrat_Rayten
Guy Zu-aretz,גיא זו־ארץ,677b3e0f-69b4-4181-8d7d-0c5190c6b533,IL,Person,,100,review_needed,Candidate needs manual review.,Guy Zu-aretz,Q7036189,Israel,Tel Aviv,Israel,https://en.wikipedia.org/wiki/Guy_Zu-Aretz
Avraham Abutbul,אברהם אבוטבול,cd2dc708-23ad-4bcc-bb69-ea59d3977cf3,IL,Person,,100,review_needed,Candidate needs manual review.,Avraham Abutbul,Q7048227,Israel,Kiryat Ata,Israel,https://en.wikipedia.org/wiki/Avraham_Abutbul
Orna Datz,אורנה דץ,4e571b29-8282-42af-97d5-cf34e364eb4c,IL,Person,Israeli singer and actress,100,review_needed,Candidate is disambiguated and should be checked manually.,Orna Datz,Q7055807,Israel,Holon,Israel,https://en.wikipedia.org/wiki/Orna_Datz
Oshik Levi,אושיק לוי,efb391b6-85a5-45d8-a11a-980aeefeb1ce,IL,Person,,100,review_needed,Candidate needs manual review.,Oshik Levi,Q7106608,Israel,Israel,Israel,https://en.wikipedia.org/wiki/Oshik_Levi
Toni Qattan,Toni Qattan,5a1878b6-42c0-4826-8b6a-68c9ab50c6d6,JO,Person,,100,auto_accept,Very high score and near-exact name match.,Toni Qattan,Q9088382,Israel,Jerusalem,Jordan,https://en.wikipedia.org/wiki/Toni_Qattan
Rama Messinger,Dominic Messinger,63519a57-1dab-4a09-8beb-81dee6393b8a,,Person,,100,review_needed,Candidate needs manual review.,Rama Messinger,Q12411386,Israel,Ramat Ef'al,Israel,https://en.wikipedia.org/wiki/Rama_Messinger
Tirtza Atar,Atar,2734dceb-1655-49d5-ba86-baaab0fe4e23,,Group,"Mexico, Alternative Rock/Alternative Metal",100,review_needed,Candidate is disambiguated and should be checked manually.,Tirtza Atar,Q11318984,Israel,Tel Aviv,Israel,https://en.wikipedia.org/wiki/Tirtza_Atar
Talia Shapira,טליה שפירא,13a8aa5c-1127-4870-bf9f-502b85e27a87,IL,Person,,100,review_needed,Candidate needs manual review.,Talia Shapira,Q16637644,Israel,Ramat Gan,Israel,https://en.wikipedia.org/wiki/Talia_Shapira
Dedi Graucher,דדי גראוכר,e4227149-9199-4df6-9677-c4799e36a8a4,IL,Person,,100,review_needed,Candidate needs manual review.,Dedi Graucher,Q18388256,Israel,Israel,Israel,https://en.wikipedia.org/wiki/Dedi_Graucher
Israel Eliraz,ישראל אלירז,7ef3b9c7-8e56-4073-8061-bede5d86692c,IL,Person,,100,review_needed,Candidate needs manual review.,Israel Eliraz,Q9345571,Israel,Jerusalem,Israel,https://en.wikipedia.org/wiki/Israel_Eliraz
Gil Alon,גיל אלון,e49f1577-a255-452e-bd47-21241d464f55,IL,Person,Ethnix's guitarist,100,review_needed,Candidate is disambiguated and should be checked manually.,Gil Alon,Q18042123,Israel,Ramat Gan,Israel,https://en.wikipedia.org/wiki/Gil_Alon
Itzik Kala,איציק קלה,73971e9b-35f7-4d2a-a0d5-b0c835055182,IL,Person,,100,review_needed,Candidate needs manual review.,Itzik Kala,Q20677096,Israel,Jerusalem,Israel,https://en.wikipedia.org/wiki/Itzik_Kala
Chana Eden,Chana,fdb6a7a4-bcf7-40dc-9771-b33f4090973b,SE,Group,Swedish R&B,100,review_needed,Candidate is disambiguated and should be checked manually.,Chana Eden,Q24285967,Israel,Haifa,United States,https://en.wikipedia.org/wiki/Chana_Eden
Ben El Tavori,סטטיק ובן-אל תבורי,70a7cf13-8434-47ab-a030-270017c4c084,IL,Group,Israeli musical pop duo,100,review_needed,Candidate is disambiguated and should be checked manually.,Ben El Tavori,Q26265599,Israel,Israel,France,https://en.wikipedia.org/wiki/Ben_El_Tavori
Aviva Semadar,Aviva Semadar,f8543a79-813d-40f3-8b2a-84ee930bf00e,,Person,,100,auto_accept,Very high score and near-exact name match.,Aviva Semadar,Q33112525,Israel,Tel Aviv,Israel,https://en.wikipedia.org/wiki/Aviva_Semadar
Ella-Lee Lahav,Ella Fitzgerald,54799c0e-eb45-4eea-996d-c4d71a63c499,US,Person,American jazz singer,100,review_needed,Candidate is disambiguated and should be checked manually.,Ella-Lee Lahav,Q96180163,Israel,Shoham,Israel,https://en.wikipedia.org/wiki/Ella-Lee_Lahav
Tamir Muskat,תמיר מוסקט,7a610a17-7575-447a-ae39-a47d7e4fd365,IL,Person,Tamir Muscat,100,review_needed,Candidate is disambiguated and should be checked manually.,Tamir Muskat,Q7681471,Israel,Israel,Israel,https://en.wikipedia.org/wiki/Tamir_Muskat
Tomer Biran,תומר בירן,636a4bf0-7508-4823-9394-c3ff031ecf02,IL,Person,,100,review_needed,Candidate needs manual review.,Tomer Biran,Q99645315,Israel,Ofakim,Amsterdam,https://en.wikipedia.org/wiki/Tomer_Biran
Joshua Epstein,Joshua Epstein,d3a96539-65bb-4008-b384-5563c6c5c9d1,DE,Person,Israeli violinist,100,auto_accept,Very high score and near-exact name match.,Joshua Epstein,Q1708559,Israel,Tel Aviv,Israel,https://en.wikipedia.org/wiki/Joshua_Epstein_(violinist)
Nir Yaniv,Nir,6c74729f-bd07-4eb0-b2b2-562e1fde54da,,,,100,review_needed,Candidate needs manual review.,Nir Yaniv,Q7039838,Israel,Jerusalem,Israel,https://en.wikipedia.org/wiki/Nir_Yaniv
Agam Berger,Agam,568e3147-820f-44dc-b4d0-fd155121a0e9,,Group,Indian progressive rock band,100,review_needed,Candidate is disambiguated and should be checked manually.,Agam Berger,Q129085924,Israel,Holon,Israel,https://en.wikipedia.org/wiki/Kidnapping_of_Agam_Berger
Noa Eshkol,Noa,8c4ade2f-1b8e-4b87-a719-6a84c4eb1cd8,IL,Person,Israeli singer,100,review_needed,Candidate is disambiguated and should be checked manually.,Noa Eshkol,Q3342495,Israel,Safed,Israel,https://en.wikipedia.org/wiki/Noa_Eshkol
Amnon Wolman,Amnon Wolman,c39e10d1-1d3b-4231-814d-8c30208cf5f2,IL,Person,Israeli composer,100,auto_accept,Very high score and near-exact name match.,Amnon Wolman,Q473772,Israel,Jerusalem,United States,https://en.wikipedia.org/wiki/Amnon_Wolman
Ron Nesher,רון נשר,f4dcf2fa-7328-4ecc-852b-2489cc2b7603,IL,Person,Israeli Rapper,100,review_needed,Candidate is disambiguated and should be checked manually.,Ron Nesher,Q40839113,Israel,Tel Aviv,Israel,https://en.wikipedia.org/wiki/Ron_Nesher
Gilad Segev,גלעד שגב,b2fffd97-c4a0-402e-924c-613390081f98,IL,Person,,100,review_needed,Candidate needs manual review.,Gilad Segev,Q5560699,Israel,Ramat Gan,Israel,https://en.wikipedia.org/wiki/Gilad_Segev
Sun Tailor,סאן טיילור,b675fca9-43d1-455f-a6ed-f90c84fcf934,IL,Person,,100,review_needed,Candidate needs manual review.,Sun Tailor,Q7638539,Israel,Kfar Saba,Israel,https://en.wikipedia.org/wiki/Sun_Tailor
Yuval Banai,יובל בנאי,2f1a2085-1215-4ab8-aad3-1779bdb60b3f,IL,Person,,100,review_needed,Candidate needs manual review.,Yuval Banai,Q8062147,Israel,Tel Aviv,Israel,https://en.wikipedia.org/wiki/Yuval_Banai
Rotem Or,Totemo,5b9e6e72-411d-4704-8819-ac55d4dfa0e8,,Person,,100,review_needed,Candidate needs manual review.,Rotem Or,Q27926926,Israel,Tel Aviv,Israel,https://en.wikipedia.org/wiki/Totemo
Sagiv Cohen,סגיב כהן,13e12c5a-96ff-40e2-8bbc-8986d966abba,IL,Person,,100,review_needed,Candidate needs manual review.,Sagiv Cohen,Q6915489,Israel,Pardes Hanna-Karkur,Israel,https://en.wikipedia.org/wiki/Sagiv_Cohen_(musician)
Amos Ettinger,Tori Amos,c0b2500e-0cef-4130-869d-732b23ed9df5,US,Person,,100,review_needed,Candidate needs manual review.,Amos Ettinger,Q6923320,Israel,Tel Aviv,Israel,https://en.wikipedia.org/wiki/Amos_Ettinger
Eres Holz,Eres,9fa2795c-28f4-4ebd-a9f0-49a2f60534cb,,,,100,review_needed,Candidate needs manual review.,Eres Holz,Q1350029,Israel,Rehovot,Israel,https://en.wikipedia.org/wiki/Eres_Holz
Eytan Pessen,Eytan,69575e7b-321a-4c93-b0a0-3d1049f4a77b,,Person,"American singer, songwriter and producer : Ethan Arabov",100,review_needed,Candidate is disambiguated and should be checked manually.,Eytan Pessen,Q16194257,Israel,Haifa,Israel,https://en.wikipedia.org/wiki/Eytan_Pessen
Akiva Turgeman,עקיבא,dfe18ff7-9363-4f9d-883e-02159b2e54c5,IL,Person,Israeli musician,100,review_needed,Candidate is disambiguated and should be checked manually.,Akiva Turgeman,Q29512717,Israel,Dimona,Israel,https://en.wikipedia.org/wiki/Akiva_(singer)
Shlomi Bracha,שלומי ברכה,3151d335-a5b0-4442-8475-9344c35d9cf5,IL,Person,,100,review_needed,Candidate needs manual review.,Shlomi Bracha,Q7499559,Israel,Tel Aviv,Israel,https://en.wikipedia.org/wiki/Shlomi_Bracha
Gilad Hekselman,Gilad Hekselman,606518a1-475d-4dc9-8f5c-8e0ebe499a41,IL,Person,jazz guitarist,100,auto_accept,Very high score and near-exact name match.,Gilad Hekselman,Q15452182,Israel,Kfar Saba,Israel,https://en.wikipedia.org/wiki/Gilad_Hekselman
Josh Macrae,Josh MacRae,bf57afe7-015f-4ce0-98f2-552b8f3a4934,GB,Person,Scottish folk singer,100,auto_accept,Very high score and near-exact name match.,Josh Macrae,Q1585533,Israel,Tel Aviv,United Kingdom,https://en.wikipedia.org/wiki/Josh_Macrae
Uriel Ofek,אוריאל אופק,2719ab27-6176-4b69-96b7-b4f6fc3078cb,IL,Person,,100,review_needed,Candidate needs manual review.,Uriel Ofek,Q7900594,Israel,Tel Aviv,Israel,https://en.wikipedia.org/wiki/Uriel_Ofek
Ahuva Ozeri,אהובה עוזרי,e9cff8d6-046c-48e7-81de-7be87be1b694,IL,Person,,100,review_needed,Candidate needs manual review.,Ahuva Ozeri,Q12403471,Israel,Tel Aviv,Israel,https://en.wikipedia.org/wiki/Ahuva_Ozeri
Yitzhak Klepter,יצחק קלפטר,650a52ba-f69a-403f-b089-00e9e6aaed39,IL,Person,,100,review_needed,Candidate needs manual review.,Yitzhak Klepter,Q12408281,Israel,Haifa,Israel,https://en.wikipedia.org/wiki/Yitzhak_Klepter
Yosef Karduner,יוסף קרדונר,0357fb79-87ef-4e98-a219-9a09ed39cd25,IL,Person,,100,review_needed,Candidate needs manual review.,Yosef Karduner,Q12408031,Israel,Petah Tikva,Israel,https://en.wikipedia.org/wiki/Yosef_Karduner
Yuval Dayan,יובל דיין,5a2ba6d9-d605-4c87-8cd4-efc80c43a4e3,IL,Person,,100,review_needed,Candidate needs manual review.,Yuval Dayan,Q12407897,Israel,Ashdod,Israel,https://en.wikipedia.org/wiki/Yuval_Dayan
Dalia Faitelson,Dalia Faitelson,4511b7ca-aeac-40c1-af5d-dae4a3fb6bde,DK,Person,,100,auto_accept,Very high score and near-exact name match.,Dalia Faitelson,Q50285670,Israel,Negev,Copenhagen,https://en.wikipedia.org/wiki/Dalia_Faitelson
Shem Tov Levi,שם טוב לוי,20d1949e-ee90-44ed-a26a-05a4d441bbaa,IL,Person,,100,review_needed,Candidate needs manual review.,Shem Tov Levi,Q12411789,Israel,Rehovot,Israel,https://en.wikipedia.org/wiki/Shem_Tov_Levi
Emanuel Vardi,Emanuel Vardi,427c3aad-1c2e-4c86-840f-69eec3c4c549,US,Person,,100,auto_accept,Very high score and near-exact name match.,Emanuel Vardi,Q2008845,Israel,Jerusalem,Ottoman Empire,https://en.wikipedia.org/wiki/Emanuel_Vardi
Maya Beiser,Maya Beiser,838f60ad-bed1-467c-ac23-302d12440fa4,US,Person,,100,auto_accept,Very high score and near-exact name match.,Maya Beiser,Q4081184,Israel,Gazit,United States,https://en.wikipedia.org/wiki/Maya_Beiser
Tamar Eisenman,תמר אייזנמן,1504aa19-c13b-4fb4-b29b-84e692acc59e,IL,Person,,100,review_needed,Candidate needs manual review.,Tamar Eisenman,Q21642444,Israel,Jerusalem,Israel,https://en.wikipedia.org/wiki/Tamar_Eisenman
Yuval Ron,Yuval Ron,197a2729-d5a2-4a89-9c31-13b910056ef3,IL,Person,,100,auto_accept,Very high score and near-exact name match.,Yuval Ron,Q2602114,Israel,Israel,Israel,https://en.wikipedia.org/wiki/Yuval_Ron
Ehud Asherie,Ehud Asherie,6eea2555-fb80-4b4b-bef0-bf665b4a87d2,US,Person,,100,auto_accept,Very high score and near-exact name match.,Ehud Asherie,Q1262385,Israel,Israel,United States,https://en.wikipedia.org/wiki/Ehud_Asherie
Talia Ishai,טליה ישי,618d1d3c-9b55-484a-a929-1e4cf4db03ad,IL,Person,,100,review_needed,Candidate needs manual review.,Talia Ishai,Q59622125,Israel,Jerusalem,Israel,https://en.wikipedia.org/wiki/Talia_Ishai
Eyran Katsenelenbogen,Eyran Katsenelenbogen,421aa8ba-bac8-4eb8-bd8a-13ed444ad4f6,US,Person,,100,auto_accept,Very high score and near-exact name match.,Eyran Katsenelenbogen,Q1385858,Israel,Israel,United States,https://en.wikipedia.org/wiki/Eyran_Katsenelenbogen
Sasson Ifram Shaulov,ששון איפרם שאולוב,b854e362-b5a9-4de4-81d2-7ef348d7b3fa,IL,Person,,100,review_needed,Candidate needs manual review.,Sasson Ifram Shaulov,Q122926523,Israel,Beit Shemesh,Israel,https://en.wikipedia.org/wiki/Sasson_Ifram_Shaulov
Oded Zehavi,עודד זהבי,9dd76e4a-a962-4ef6-a1db-074669c8e9ac,IL,Person,,100,review_needed,Candidate needs manual review.,Oded Zehavi,Q6785011,Israel,Jerusalem,University of Haifa,https://en.wikipedia.org/wiki/Oded_Zehavi
Daniel Gortler,Daniel Gortler,471b9df8-c3d4-4165-a414-4c57f7b5a8f1,IL,Person,pianist,100,auto_accept,Very high score and near-exact name match.,Daniel Gortler,Q5217318,Israel,Tel Aviv,Israel,https://en.wikipedia.org/wiki/Daniel_Gortler
Rami Bar-Niv,Rami Bar-Niv,6cfaed95-3d49-41dc-a999-e251ac3501cf,,,,100,auto_accept,Very high score and near-exact name match.,Rami Bar-Niv,Q7289519,Israel,Tel Aviv,Israel,https://en.wikipedia.org/wiki/Rami_Bar-Niv
Rinat Shaham,Rinat Shaham,90090418-d834-4c14-81b2-c01ae006ef8f,IL,Person,mezzo-soprano,100,auto_accept,Very high score and near-exact name match.,Rinat Shaham,Q2346947,Israel,Haifa,Israel,https://en.wikipedia.org/wiki/Rinat_Shaham
Adi Ran,עדי רן,067832b9-e20f-4c02-b0b3-8058e4e017c9,IL,Person,,100,review_needed,Candidate needs manual review.,Adi Ran,Q4682616,Israel,Ramat Gan,Israel,https://en.wikipedia.org/wiki/Adi_Ran
Assaf Kehati,Assaf Kehati,6e8226cb-b01a-4d91-8cc3-a258e0b16a5e,IL,Person,,100,auto_accept,Very high score and near-exact name match.,Assaf Kehati,Q4808346,Israel,Israel,Israel,https://en.wikipedia.org/wiki/Assaf_Kehati
Yoheved Kaplinsky,"Yoheved ""Veda"" Kaplinsky",586850f4-579a-4361-8a01-4dba0957d450,US,Person,pianist and piano teacher,100,auto_accept,High score and strong name similarity.,Yoheved Kaplinsky,Q8054492,Israel,Tel Aviv,United States,https://en.wikipedia.org/wiki/Yoheved_Kaplinsky
Ayal Adler,Ayal Adler,5ef60c41-091c-4f1b-862b-2752e5e9aa9b,IL,Person,,100,auto_accept,Very high score and near-exact name match.,Ayal Adler,Q4830863,Israel,Jerusalem,Israel,https://en.wikipedia.org/wiki/Ayal_Adler
Chen Reiss,Chen Reiss,9292adda-2e2f-4d65-bf95-3339654aa521,IL,Person,soprano,100,auto_accept,Very high score and near-exact name match.,Chen Reiss,Q5090877,Israel,Holon,Greater London,https://en.wikipedia.org/wiki/Chen_Reiss
Daniella Lugassy,דניאלה לוגסי,eb5654db-65ef-43c9-bec8-8c0db971470c,IL,Person,,100,review_needed,Candidate needs manual review.,Daniella Lugassy,Q6803369,Israel,Jerusalem,Israel,https://en.wikipedia.org/wiki/Daniella_Lugassy
Yaniv D'Or,Yaniv d'Or,d791709b-3a62-4787-8d31-7bd5bd7f828b,IL,Person,countertenor,100,auto_accept,Very high score and near-exact name match.,Yaniv D'Or,Q16131484,Israel,Holon,Israel,https://en.wikipedia.org/wiki/Yaniv_d%27Or
Shira Shaked,שירה שקד,a3c45236-8d1a-4316-812a-906b60695bc2,IL,Person,,100,review_needed,Candidate needs manual review.,Shira Shaked,Q29144331,Israel,Israel,Tel Aviv,https://en.wikipedia.org/wiki/Shira_Shaked
Habib Hassan Touma,Habib Hassan Touma,ffd19345-58d6-42f1-9870-9d7662621aa1,DE,Person,,100,auto_accept,Very high score and near-exact name match.,Habib Hassan Touma,Q5636776,Israel,Nazareth,Israel,https://en.wikipedia.org/wiki/Habib_Hassan_Touma
Haim Tukachinsky,HAIM,aef06569-098f-4218-a577-b413944d9493,US,Group,US pop‐rock trio,100,review_needed,Candidate is disambiguated and should be checked manually.,Haim Tukachinsky,Q60693773,Israel,Haifa,Israel,https://en.wikipedia.org/wiki/Haim_Tukachinsky
Lior Goldenberg,Lior Goldenberg,f0175317-64e4-4545-8465-8862ae59dc0b,,Person,,100,auto_accept,Very high score and near-exact name match.,Lior Goldenberg,Q6556020,Israel,Tel Aviv,Israel,https://en.wikipedia.org/wiki/Lior_Goldenberg
Ariel Lanyi,Ariel Lanyi,94ed4a5e-4758-45a5-9267-6c55712c21a1,GB,Person,pianist,100,auto_accept,Very high score and near-exact name match.,Ariel Lanyi,Q97218101,Israel,Jerusalem,Israel,https://en.wikipedia.org/wiki/Ariel_Lanyi
Moshe Zorman,משה זורמן,cf3922b6-451e-4518-b396-7f3006a6de57,IL,Person,,100,review_needed,Candidate needs manual review.,Moshe Zorman,Q6916195,Israel,Holon,Tel Aviv,https://en.wikipedia.org/wiki/Moshe_Zorman
Miki Geva,מיקי גבע,7600979a-c3a8-48f4-af75-9d17fa2a43d9,IL,Person,,100,review_needed,Candidate needs manual review.,Miki Geva,Q7049167,Israel,Kiryat Malachi,Israel,https://en.wikipedia.org/wiki/Miki_Geva
Ofer Ben-Amots,Ofer Ben-Amots,f383ae55-0b53-4627-9ca2-6910a03c02cf,,Person,Israeli-American composer,100,auto_accept,Very high score and near-exact name match.,Ofer Ben-Amots,Q7078859,Israel,Haifa,United States,https://en.wikipedia.org/wiki/Ofer_Ben-Amots
Roy Zu-Arets,רועי זוארץ,a48b2234-1032-4281-9854-53b0ef4a6b97,,Person,,100,review_needed,Candidate needs manual review.,Roy Zu-Arets,Q7373543,Israel,Tel Aviv,Tel Aviv,https://en.wikipedia.org/wiki/Roy_Zu-Arets
Shefi Yishai,שפי ישי,db7aceb6-136c-4692-bc92-cce0a5c71b2c,IL,Person,,100,review_needed,Candidate needs manual review.,Shefi Yishai,Q7492813,Israel,Jerusalem,Israel,https://en.wikipedia.org/wiki/Shefi_Yishai
Shmuel Barzilai,Shmuel Barzilai,d62c9a09-3253-429d-b59f-6b6770c219eb,AT,Person,,100,auto_accept,Very high score and near-exact name match.,Shmuel Barzilai,Q7499636,Israel,Jerusalem,Austria,https://en.wikipedia.org/wiki/Shmuel_Barzilai
Udi Davidi,אודי דוידי,c36266aa-7a11-4938-9617-0e98cab58539,IL,Person,,100,review_needed,Candidate needs manual review.,Udi Davidi,Q7877219,Israel,Tel Aviv,Israel,https://en.wikipedia.org/wiki/Udi_Davidi
Uri Fineman,אורי פיינמן,f171fdc9-8622-4204-b0d9-691996b48870,IL,Person,,100,review_needed,Candidate needs manual review.,Uri Fineman,Q7900521,Israel,Tel Aviv,Israel,https://en.wikipedia.org/wiki/Uri_Fineman
J.Views,J.Views,28bacb90-e70f-4219-b6e9-5ce0149facff,US,Person,,100,auto_accept,Very high score and near-exact name match.,J.Views,Q12403224,Israel,Israel,United States,https://en.wikipedia.org/wiki/J.Views
Nuḥ Ibrāhīm,Nuh,21e06151-6093-4a36-8e94-ee7d14e04d97,TR,Person,Turkish singer,100,review_needed,Candidate is disambiguated and should be checked manually.,Nuḥ Ibrāhīm,Q12249116,Israel,Jaffa,Mandatory Palestine,https://en.wikipedia.org/wiki/Nuh_Ibrahim
Yossi Reshef,Netaly Reshef,247c0c70-3cb1-46c5-afab-eb2da4516034,,Person,,100,review_needed,Candidate needs manual review.,Yossi Reshef,Q133289106,Israel,Jaffa,Germany,https://en.wikipedia.org/wiki/Yossi_Reshef
Yoav Eshed,Yoav Eshed,a7ab6c40-fd52-4fed-94a9-627dfad93dcb,,Person,,100,auto_accept,Very high score and near-exact name match.,Yoav Eshed,Q22347715,Israel,Israel,Israel,https://en.wikipedia.org/wiki/Yoav_Eshed
Adam Basanta,Adam Basanta,ae30a954-53f6-479e-8a16-7e4fcbf019cd,CA,Person,,100,auto_accept,Very high score and near-exact name match.,Adam Basanta,Q25686122,Israel,Tel Aviv,Israel,https://en.wikipedia.org/wiki/Adam_Basanta
Shaul Bustan,Shaul,f194307a-7280-4d6a-853e-8709dff151dd,,Person,,100,review_needed,Candidate needs manual review.,Shaul Bustan,Q25927218,Israel,Beersheba,Israel,https://en.wikipedia.org/wiki/Shaul_Bustan
Issak Tavior,Issak,a402edf1-6083-42b5-9f1e-b598817c20d3,,Person,rap fr,100,review_needed,Candidate is disambiguated and should be checked manually.,Issak Tavior,Q28649280,Israel,Haifa,Israel,https://en.wikipedia.org/wiki/Issak_Tavior
Yonatan Gat,Yonatan Gat,5cb41b23-90fe-4228-a439-cb449714f72a,IL,Person,,100,auto_accept,Very high score and near-exact name match.,Yonatan Gat,Q19957859,Israel,Tel Aviv,United States,https://en.wikipedia.org/wiki/Yonatan_Gat
Yam Refaeli,ים רפאלי,b4306cc7-73ca-423c-8602-fdc3372fcb29,IL,Person,,100,review_needed,Candidate needs manual review.,Yam Refaeli,Q94580212,Israel,Beersheba,Israel,https://en.wikipedia.org/wiki/Yam_Refaeli
Yitzchak Meir Helfgot,Yitzchak Meir Helfgot,525de623-2577-439e-b630-03e9a8fa566c,,Person,Orthodox Jewish Cantor,100,auto_accept,Very high score and near-exact name match.,Yitzchak Meir Helfgot,Q7213181,Israel,Tel Aviv,Israel,https://en.wikipedia.org/wiki/Yitzchak_Meir_Helfgot
Assif Tsahar,Assif Tsahar,ea17dbfc-f53d-4c3e-b96f-455b901b55c5,IL,Person,,100,auto_accept,Very high score and near-exact name match.,Assif Tsahar,Q2655560,Israel,Israel,Israel,https://en.wikipedia.org/wiki/Assif_Tsahar
Daniel Zamir,דניאל זמיר,29b9c026-3e14-4bf1-99a9-13274c847930,IL,Person,Israeli musician,100,review_needed,Candidate is disambiguated and should be checked manually.,Daniel Zamir,Q5219145,Israel,Petah Tikva,Israel,https://en.wikipedia.org/wiki/Daniel_Zamir
Eli Degibri,אלי דג׳יברי,6cdba100-0ade-4043-8da9-203cd9041c53,IL,Person,,100,review_needed,Candidate needs manual review.,Eli Degibri,Q5360204,Israel,Jaffa,Israel,https://en.wikipedia.org/wiki/Eli_Degibri
Alon Sariel,Alon Sariel,d1ae5de1-a8b5-4b2e-95d7-6f171ffb980e,IL,Person,Israeli mandolinist,100,auto_accept,Very high score and near-exact name match.,Alon Sariel,Q57240257,Israel,Beersheba,Beersheba,https://en.wikipedia.org/wiki/Alon_Sariel
The Drill,The Drill,6704135f-7a23-49f2-9a14-dfefd621f68a,,Person,"house, known for “The Drill”, “One More Night”",100,auto_accept,Very high score and near-exact name match.,The Drill,Q7731028,Israel,Haifa,United Kingdom,https://en.wikipedia.org/wiki/The_Drill_(band)
Amiram Cooper,עמירם קופר,5e0efe4a-da7c-4a7c-a317-8215a74302de,IL,Person,,100,review_needed,Candidate needs manual review.,Amiram Cooper,Q128286230,Israel,Haifa,Israel,https://en.wikipedia.org/wiki/Amiram_Cooper
Yoni Eilat,Yoni,9008ce99-4814-4590-b9a7-033a43fc3740,,Person,french rapper,100,review_needed,Candidate is disambiguated and should be checked manually.,Yoni Eilat,Q2895503,Israel,Kiryat Tiv'on,Israel,https://en.wikipedia.org/wiki/Yoni_Eilat
Israel Bar-On,ישראל בר און,16ac44f3-2376-4b60-9867-f9a67ce2d49b,IL,Person,,100,review_needed,Candidate needs manual review.,Israel Bar-On,Q2903937,Israel,Beersheba,Israel,https://en.wikipedia.org/wiki/Israel_Bar-On
Kobi Peretz,קובי פרץ,c2846918-fe1a-42e8-9445-8e74e3d8ed07,IL,Person,,100,review_needed,Candidate needs manual review.,Kobi Peretz,Q2907799,Israel,Tel Aviv,Israel,https://en.wikipedia.org/wiki/Kobi_Peretz
Hanny Nahmias,Hanny,e0527a11-949d-434a-a0c5-39cfe35bddf9,NL,Person,Dutch ‘smartlappen’ artist,100,review_needed,Candidate is disambiguated and should be checked manually.,Hanny Nahmias,Q5649299,Israel,Tel Aviv,Israel,https://en.wikipedia.org/wiki/Hanny_Nahmias
Gavri Banai,יוסי בנאי,331edda3-a98d-422e-9b44-9a9484b8a479,IL,Person,,100,review_needed,Candidate needs manual review.,Gavri Banai,Q6813198,Israel,Jerusalem,Israel,https://en.wikipedia.org/wiki/Gavri_Banai
John of Damascus,St. John of Damascus,82d28810-228b-463e-91c9-81d8beadfdfb,,Person,,100,auto_accept,High score and strong name similarity.,John of Damascus,Q51884,Syria,Damascus,Umayyad Caliphate,https://en.wikipedia.org/wiki/John_of_Damascus
Khaled,Khaled,b4a479aa-4384-4acf-88b0-dee9188faeb5,DZ,Person,Algerian raï singer‐songwriter,100,auto_accept,Very high score and near-exact name match.,Khaled,Q312609,Syria,,France,https://en.wikipedia.org/wiki/Khaled_(musician)
Romanos the Melodist,Saint Romanos the Melodist,ce2f72e2-e2a6-41dc-8ab0-ffe602e0cb02,,Person,,100,auto_accept,High score and strong name similarity.,Romanos the Melodist,Q221059,Syria,Homs,Byzantine Empire,https://en.wikipedia.org/wiki/Romanos_the_Melodist
Rachid Taha,Rachid Taha,04dd1f61-c21b-4d6a-b110-55b3c1309fa0,FR,Person,,100,auto_accept,Very high score and near-exact name match.,Rachid Taha,Q502990,Syria,,Algeria,https://en.wikipedia.org/wiki/Rachid_Taha
Farid al-Atrash,فريد الأطرش,810c7829-2e33-4dd9-876b-77a3d0ce1c2d,EG,Person,,100,review_needed,Candidate needs manual review.,Farid al-Atrash,Q1391669,Syria,Suwayda,Egypt,https://en.wikipedia.org/wiki/Farid_al-Atrash
Asmahan,Asmahan,04339849-b79b-4c0b-93bb-a5bc9e217d31,EG,Person,,100,auto_accept,Very high score and near-exact name match.,Asmahan,Q1766092,Syria,Syria,Kingdom of Egypt,https://en.wikipedia.org/wiki/Asmahan
Sabah Fakhri,فرقة صباح فخري,62efbf13-8f4d-4ad2-a2ac-33ddf3caad70,,Group,,100,review_needed,Candidate needs manual review.,Sabah Fakhri,Q984486,Syria,,Second Syrian Republic,https://en.wikipedia.org/wiki/Sabah_Fakhri
Andrew of Crete,Andrew of Crete,d632c2cb-66a9-457c-a7c3-b1b077308afc,GR,Person,,100,auto_accept,Very high score and near-exact name match.,Andrew of Crete,Q372688,Syria,,Byzantine Empire,https://en.wikipedia.org/wiki/Andrew_of_Crete
Assala,أصالة,94bf8ccf-61ea-4aa7-a273-b22184aa718a,SY,Person,female arabic vocalist,100,review_needed,Candidate is disambiguated and should be checked manually.,Assala,Q2353139,Syria,,Riyadh,https://en.wikipedia.org/wiki/Assala
George Wassouf,George Wassouf,67541793-5159-4f0d-a3a0-6b96163933f3,SY,Person,,100,auto_accept,Very high score and near-exact name match.,George Wassouf,Q1009512,Syria,Tartus Governorate,Syria,https://en.wikipedia.org/wiki/George_Wassouf
Omar Souleyman,عمر سليمان,09f79b92-fd07-482a-88d9-a335240ebb7f,SY,Person,,100,review_needed,Candidate needs manual review.,Omar Souleyman,Q619303,Syria,Ras al-Ayn,Syria,https://en.wikipedia.org/wiki/Omar_Souleyman
Cheba Zahouania,Chaba Zahouania,cfa88bb0-2801-437b-b626-eaaf83081ad7,DZ,Person,,100,auto_accept,High score and strong name similarity.,Cheba Zahouania,Q444179,Syria,,Algeria,https://en.wikipedia.org/wiki/Cheba_Zahouania
Cheb Hasni,Cheb Hasni,4f1370f3-3c3b-48e0-997e-a00fdcab7955,DZ,Person,Algerian raï singer,100,auto_accept,Very high score and near-exact name match.,Cheb Hasni,Q983496,Syria,,Algeria,https://en.wikipedia.org/wiki/Cheb_Hasni
Ibn al-Jazari,Ibn al Rabin,02da34cb-e186-4ce4-947e-84ea9e3e0003,,Person,,100,review_needed,Candidate needs manual review.,Ibn al-Jazari,Q4120093,Syria,,,https://en.wikipedia.org/wiki/Ibn_al-Jazari
Aram Tigran,Aram Tîgran,94b555b1-7693-41e0-bd05-0faf27fd1172,,Person,,100,auto_accept,High score and strong name similarity.,Aram Tigran,Q625702,Syria,Qamishli,Syria,https://en.wikipedia.org/wiki/Aram_Tigran
Samira Tawfiq,سميرة توفيق,91d50161-5cfb-4ffe-9361-0494e2bc0916,LB,Person,Samira Tawfiq,100,review_needed,Candidate is disambiguated and should be checked manually.,Samira Tawfiq,Q1827274,Syria,"Umm Haratayn, al-Suwayda",Lebanon,https://en.wikipedia.org/wiki/Samira_Tewfik
Faia Younan,Faia Younan,a3614fb9-65a1-47df-aff5-b882a3f3808a,,,,100,auto_accept,Very high score and near-exact name match.,Faia Younan,Q28531431,Syria,Al-Malikiyah,Sweden,https://en.wikipedia.org/wiki/Faia_Younan
Lena Chamamyan,Lena Chamamyan,6bba0cc9-74c4-4a83-8171-a225726e9644,SY,Person,,100,auto_accept,Very high score and near-exact name match.,Lena Chamamyan,Q2583955,Syria,,Paris,https://en.wikipedia.org/wiki/Lena_Chamamyan
Ahmed Mekky,أحمد مكي,b924b398-0344-4782-818e-d558870d0c40,EG,Person,,100,review_needed,Candidate needs manual review.,Ahmed Mekky,Q4164801,Syria,,Egypt,https://en.wikipedia.org/wiki/Ahmed_Mekky
Mayada El Hennawy,ميادة الحناوي,3cafc2cc-4f81-44e8-83b9-b374388428b2,SY,Person,,100,review_needed,Candidate needs manual review.,Mayada El Hennawy,Q6875539,Syria,,Syria,https://en.wikipedia.org/wiki/Mayada_El_Hennawy
Étienne Daho,Étienne Daho,1e0de31c-4957-4649-9aa3-7b0f1d9d2c84,FR,Person,,100,auto_accept,Very high score and near-exact name match.,Étienne Daho,Q289556,Syria,,Q136736500,https://en.wikipedia.org/wiki/%C3%89tienne_Daho
Berthe Bénichou-Aboulker,Fabrice Aboulker,24c1b502-6747-499e-b681-e297f3870247,FR,Person,,100,review_needed,Candidate needs manual review.,Berthe Bénichou-Aboulker,Q18191462,Syria,,France,https://en.wikipedia.org/wiki/Berthe_B%C3%A9nichou-Aboulker
Badia Masabni,Badi'ah Masabni Orchestra,2cb08dee-2927-425a-870f-2c8530eb4b92,,Group,,100,review_needed,Candidate needs manual review.,Badia Masabni,Q8239618,Syria,,Lebanon,https://en.wikipedia.org/wiki/Badia_Masabni
Ciwan Haco,Ciwan Haco,4c59b128-ffc0-420c-bd60-9627f1d03701,SE,Person,,100,auto_accept,Very high score and near-exact name match.,Ciwan Haco,Q983118,Syria,Qamishli,Syria,https://en.wikipedia.org/wiki/Ciwan_Haco
Avraam Russo,Авраам Руссо,723cd66f-bfa5-4aa4-b8ff-ec01d974c3db,RU,Person,,100,review_needed,Candidate needs manual review.,Avraam Russo,Q782986,Syria,,Russia,https://en.wikipedia.org/wiki/Avraam_Russo
Guy Mardel,Guy Mardel,37631c7b-7cbd-4446-b6fe-c8accc9d5ccf,FR,Person,,100,auto_accept,Very high score and near-exact name match.,Guy Mardel,Q541136,Syria,,Jerusalem,https://en.wikipedia.org/wiki/Guy_Mardel
Chaba Fadela,شابة فظيلة,6f2176ba-4696-4a11-8e5e-392b7a8688b2,DZ,Person,Algerian raï musician & actress,100,review_needed,Candidate is disambiguated and should be checked manually.,Chaba Fadela,Q544096,Syria,,Algeria,https://en.wikipedia.org/wiki/Chaba_Fadela
Paul Baghdadlian,Paul McCartney,ba550d0e-adac-4864-b88b-407cab5e76af,GB,Person,The Beatles,100,review_needed,Candidate is disambiguated and should be checked manually.,Paul Baghdadlian,Q2945095,Syria,,Los Angeles,https://en.wikipedia.org/wiki/Paul_Baghdadlian
Blaoui Houari,Blaoui Houari,a94262fc-3caf-4411-ae80-1d2df168ac8b,DZ,Person,,100,auto_accept,Very high score and near-exact name match.,Blaoui Houari,Q608646,Syria,,Algeria,https://en.wikipedia.org/wiki/Blaoui_Houari
Nesreen Tafesh,Nesreen Shah,557b25d7-6439-4dac-9e4f-3c33f4e9c9fb,,Person,,100,review_needed,Candidate needs manual review.,Nesreen Tafesh,Q12248386,Syria,,Cairo,https://en.wikipedia.org/wiki/Nesreen_Tafesh
Rouwaida Attieh,Rouwaida Attieh,8deb4649-862a-4bbc-90c0-b5b23ce17a8b,,Person,,100,auto_accept,Very high score and near-exact name match.,Rouwaida Attieh,Q3069146,Syria,Homs,Syria,https://en.wikipedia.org/wiki/Rouwaida_Attieh
Amel Bouchoucha,Amel,7355277b-8909-4987-8750-2dd1a3cef4ed,,Group,Argentinian Band,100,review_needed,Candidate is disambiguated and should be checked manually.,Amel Bouchoucha,Q12180571,Syria,,Algeria,https://en.wikipedia.org/wiki/Amel_Bouchoucha
Houari Manar,Houari Manar,b3f01c05-71ba-4b2f-9b63-d3d26f666740,DZ,Person,,100,auto_accept,Very high score and near-exact name match.,Houari Manar,Q60524304,Syria,,Algeria,https://en.wikipedia.org/wiki/Houari_Manar
Mohamad Fityan,Mohamad Fityan,fedb2a77-a5fe-466a-848f-de6c1e38c03e,,Person,,100,auto_accept,Very high score and near-exact name match.,Mohamad Fityan,Q16735692,Syria,,Syria,https://en.wikipedia.org/wiki/Mohamad_Fityan
Tarek Alarabi Tourgan,Tarek Alarabi Tourgane,3146e931-6a11-43fb-95a7-886371337e39,SY,Person,Algerian-Syrian composer and singer,100,auto_accept,Very high score and near-exact name match.,Tarek Alarabi Tourgan,Q12221475,Syria,Damascus,Algeria,https://en.wikipedia.org/wiki/Tarek_Alarabi_Tourgane
Farrah Yousef,Yousef,ecd05952-15b4-46f2-b15c-68ca7b3c3329,GB,Person,dance music,100,review_needed,Candidate is disambiguated and should be checked manually.,Farrah Yousef,Q13564386,Syria,Syria,Syria,https://en.wikipedia.org/wiki/Farrah_Yousef
Marcel Pérès,Marcel Pérès,3bc2ad4d-e6cc-453a-84bb-7818edd3fa04,FR,Person,,100,auto_accept,Very high score and near-exact name match.,Marcel Pérès,Q646785,Syria,,France,https://en.wikipedia.org/wiki/Marcel_P%C3%A9r%C3%A8s
Pierre Bensusan,Pierre Bensusan,3ba0b57d-003a-47fa-8e36-37b847fa9195,FR,Person,,100,auto_accept,Very high score and near-exact name match.,Pierre Bensusan,Q945525,Syria,,France,https://en.wikipedia.org/wiki/Pierre_Bensusan
Abed Azrie,Abed Azrié,abd51f20-f80d-4114-b139-5b71bc4bbce9,FR,Person,,100,auto_accept,High score and strong name similarity.,Abed Azrie,Q2821467,Syria,,France,https://en.wikipedia.org/wiki/Abed_Azrie
Rasha Rizk,رشا رزق,d3e72575-776d-4b0b-8f89-3f7a018ea732,SY,Person,,100,review_needed,Candidate needs manual review.,Rasha Rizk,Q12213363,Syria,,Egypt,https://en.wikipedia.org/wiki/Rasha_Rizk
Juliana Jendo,Juliana Jendo,e8bc2155-0bc4-4d7f-8402-7be99bcdf677,,Person,,100,auto_accept,Very high score and near-exact name match.,Juliana Jendo,Q4115973,Syria,Tell Tamer,Syria,https://en.wikipedia.org/wiki/Juliana_Jendo
Fahd Ballan,فهد بلان,751277fd-b5d2-47dc-84e2-9617feba628a,SY,Person,,100,review_needed,Candidate needs manual review.,Fahd Ballan,Q12231205,Syria,Al-Kafr,Syria,https://en.wikipedia.org/wiki/Fahd_Ballan
Bishara Morad,Bishara,44ffdefa-6e4f-4b2d-8666-5e25e091f43f,SE,Person,,100,review_needed,Candidate needs manual review.,Bishara Morad,Q61826790,Syria,Syria,Sweden,https://en.wikipedia.org/wiki/Bishara_(singer)
Marie France,Marie France,75ebf20c-b883-4e6a-a53f-57a9109180cb,FR,Person,"Marie-France Garcia, born 1946 in Oran",100,auto_accept,Very high score and near-exact name match.,Marie France,Q732921,Syria,,France,https://en.wikipedia.org/wiki/Marie_France
Maurice El Mediouni,Maurice El Médioni,96a5d7f3-1fca-47f7-81a3-a3b430d302a2,FR,Person,,100,auto_accept,High score and strong name similarity.,Maurice El Mediouni,Q2156989,Syria,,France,https://en.wikipedia.org/wiki/Maurice_El_M%C3%A9diouni
Missak Baghboudarian,Missak,cc163873-a5dc-4de4-bde3-6777e4cabb8a,,,,100,review_needed,Candidate needs manual review.,Missak Baghboudarian,Q20423339,Syria,,,https://en.wikipedia.org/wiki/Missak_Baghboudarian
Asma Ghanem,Asma Ghanem,32368bc3-8f91-4b17-adfe-4cde4b6d0704,PS,Person,,100,auto_accept,Very high score and near-exact name match.,Asma Ghanem,Q112635487,Syria,,Palestine,https://en.wikipedia.org/wiki/Asma_Ghanem
Lynda Thalie,Lynda Thalie,4632f3b6-3c55-4868-9c5f-de5f5b742250,,Person,,100,auto_accept,Very high score and near-exact name match.,Lynda Thalie,Q2741269,Syria,,Algeria,https://en.wikipedia.org/wiki/Lynda_Thalie
Karnig Sarkissian,Franck Sarkissian,80c7056d-1949-4053-af12-5bba93066807,FR,Person,"guitarist, composer, arranger from France",100,review_needed,Candidate is disambiguated and should be checked manually.,Karnig Sarkissian,Q4408659,Syria,,Armenia,https://en.wikipedia.org/wiki/Karnig_Sarkissian
Sebu Simonian,Sebu Simonian,4ce3b691-0e45-4ed9-b367-6ed530ee3e78,US,Person,"Armenian-American musician, singer-songwriter, and record producer",100,auto_accept,Very high score and near-exact name match.,Sebu Simonian,Q18356445,Syria,,United States,https://en.wikipedia.org/wiki/Sebu_Simonian
Émilie Ambre,Ambre,b7827da4-080d-441d-8281-6401b551ae59,BE,Group,Belgian dark ambient project,100,review_needed,Candidate is disambiguated and should be checked manually.,Émilie Ambre,Q2719416,Syria,,France,https://en.wikipedia.org/wiki/%C3%89milie_Ambre
Suzanne Joly,Suzanne Vega,cf119120-7df5-47d7-9dec-49f8837a4e40,US,Person,American singer-songwriter,100,review_needed,Candidate is disambiguated and should be checked manually.,Suzanne Joly,Q3505973,Syria,,France,https://en.wikipedia.org/wiki/Suzanne_Joly
Ceet Fouad,Fouad,68313996-2a7f-4984-b4b3-e07982fa3688,,,,100,review_needed,Candidate needs manual review.,Ceet Fouad,Q38458646,Syria,,Hong Kong,https://en.wikipedia.org/wiki/Ceet_Fouad
Nassif Zeytoun,Nassif Zeytoun,262eb097-fcfd-4fca-a8f4-7f2fcf932951,SY,Person,,100,auto_accept,Very high score and near-exact name match.,Nassif Zeytoun,Q4118254,Syria,Daraa,Syria,https://en.wikipedia.org/wiki/Nassif_Zeytoun
Mihemed Şêxo,Mihemed Şêxo,4d2a36df-6e4c-4842-9be9-86fe8a8fc58d,SY,Person,,100,auto_accept,Very high score and near-exact name match.,Mihemed Şêxo,Q6992997,Syria,Qamishli,Syria,https://en.wikipedia.org/wiki/Mihemed_%C5%9E%C3%AAxo
Ysa Ferrer,Ysa Ferrer,6b004542-f75f-4dd7-bbb4-4eeb1b2212ae,FR,Person,,100,auto_accept,Very high score and near-exact name match.,Ysa Ferrer,Q3573041,Syria,,France,https://en.wikipedia.org/wiki/Ysa_Ferrer
Kinan Azmeh,Kinan Azmeh,31d46bc1-2e7c-4192-a013-73f6e46ecbcb,US,Person,Syrian clarinetist,100,auto_accept,Very high score and near-exact name match.,Kinan Azmeh,Q1512286,Syria,,Syria,https://en.wikipedia.org/wiki/Kinan_Azmeh
François Rabbath,François Rabbath,a85e2299-a4ef-42a4-bde9-da327512dfff,FR,Person,,100,auto_accept,Very high score and near-exact name match.,François Rabbath,Q322222,Syria,Aleppo,France,https://en.wikipedia.org/wiki/Fran%C3%A7ois_Rabbath
Maha Bayraqdar,Maha,1159717d-3e86-4ef0-a3f1-46eb6271021b,,,"Maha Sabri (1933 - 1989), Egyptian actress and singer",100,review_needed,Candidate is disambiguated and should be checked manually.,Maha Bayraqdar,Q95740862,Syria,Damascus,First Syrian Republic,https://en.wikipedia.org/wiki/Maha_Bayrakdar
Elias Karam,الياس كرم,266a03d7-ba2c-46e6-a419-e0eab9b02c8f,,Person,Elias Karam,100,review_needed,Candidate is disambiguated and should be checked manually.,Elias Karam,Q5360530,Syria,Hasakah,Syria,https://en.wikipedia.org/wiki/Elias_Karam
Waed Bouhassoun,Waed Bouhassoun,05b17ff9-e440-437f-ad59-2e25cc2d3e68,FR,Person,,100,auto_accept,Very high score and near-exact name match.,Waed Bouhassoun,Q22690718,Syria,Syria,Syria,https://en.wikipedia.org/wiki/Waed_Bouhassoun
Amal Arafa,Arafa,77e8f3c1-a7f0-405c-a9bd-f954b6a507c4,,,"Participation Compilation ""A la bien Mix Party 2017""",100,review_needed,Candidate is disambiguated and should be checked manually.,Amal Arafa,Q4739189,Syria,Damascus,Syria,https://en.wikipedia.org/wiki/Amal_Arafa
Errol Parker,Errol Parker,6952c973-d9ea-4355-8769-a9ae15ab71cc,FR,Person,,100,auto_accept,Very high score and near-exact name match.,Errol Parker,Q747821,Syria,,France,https://en.wikipedia.org/wiki/Errol_Parker
Franck Amsallem,Franck Amsallem,13174e45-ad9e-4ccf-83ef-19f69dc49136,FR,Person,,100,auto_accept,Very high score and near-exact name match.,Franck Amsallem,Q1442411,Syria,,France,https://en.wikipedia.org/wiki/Franck_Amsallem
Daniel Charles,Daniel Charles,8b267ac2-1790-4ca8-9325-686579ff40cd,FR,Person,French musicologist,100,auto_accept,Very high score and near-exact name match.,Daniel Charles,Q3013855,Syria,,France,https://en.wikipedia.org/wiki/Daniel_Charles
Louis Bertignac,Louis Bertignac,e1e12165-2f0b-4e2b-b2af-3a7014856a48,FR,Person,,100,auto_accept,Very high score and near-exact name match.,Louis Bertignac,Q3261244,Syria,,France,https://en.wikipedia.org/wiki/Louis_Bertignac
Francine Faure,Gabriel Fauré,fa19a8b6-e7f4-40d4-af15-7a7c41ac7d8f,FR,Person,French composer,100,review_needed,Candidate is disambiguated and should be checked manually.,Francine Faure,Q5479842,Syria,,France,https://en.wikipedia.org/wiki/Francine_Faure
Messaoud El Mediouni,Messaoud,a754d07c-c297-4f5a-98df-4d0e908549f6,,Person,french hip/hop MC & songwriter,100,review_needed,Candidate is disambiguated and should be checked manually.,Messaoud El Mediouni,Q6821845,Syria,,France,https://en.wikipedia.org/wiki/Messaoud_El_Mediouni
Habib Mousa,MouSa,c1e398b1-1d84-4d0e-9b82-968efd5468d1,US,Person,,100,review_needed,Candidate needs manual review.,Habib Mousa,Q5636795,Syria,Al-Malikiyah,Sweden,https://en.wikipedia.org/wiki/Habib_Mousa
NOURI,Nouri,66e87b9b-c7fd-49c3-ba0c-00d63e86e73a,,Person,,100,auto_accept,Very high score and near-exact name match.,NOURI,Q59554894,Syria,Damascus,New Zealand,https://en.wikipedia.org/wiki/NOURI_(artist)
Haig Yazdjian,Haig Yazdjian,ac1e60e1-ff65-4139-902c-adb4065e489c,AM,Person,,100,auto_accept,Very high score and near-exact name match.,Haig Yazdjian,Q2622788,Syria,,,https://en.wikipedia.org/wiki/Haig_Yazdjian
Houari Benchenet,Houari Benchenet,0278c6a0-288d-43e8-845a-d67a4fafb0c2,DZ,Person,,100,auto_accept,Very high score and near-exact name match.,Houari Benchenet,Q3141230,Syria,,Algeria,https://en.wikipedia.org/wiki/Houari_Benchenet
Bouteldja Belkacem,Bouteldja Belkacem,6766d384-fc19-474d-a66a-8f173ad8b8f5,DZ,Person,Algerian Singer,100,auto_accept,Very high score and near-exact name match.,Bouteldja Belkacem,Q16151610,Syria,,Algeria,https://en.wikipedia.org/wiki/Bouteldja_Belkacem
Sabri Moudallal,صبري مدلل,5934f0ab-4432-43d8-bda1-a51a944b4c74,SY,Person,,100,review_needed,Candidate needs manual review.,Sabri Moudallal,Q3460731,Syria,,Syria,https://en.wikipedia.org/wiki/Sabri_Moudallal
George Tutunjian,George Frideric Handel,27870d47-bb98-42d1-bf2b-c7e972e6befc,GB,Person,German‐British baroque composer,100,review_needed,Candidate is disambiguated and should be checked manually.,George Tutunjian,Q4466647,Syria,,Armenia,https://en.wikipedia.org/wiki/George_Tutunjian
Antonia Rodríguez Moreno,Antoñita Moreno,271ffcd2-5156-4f5c-84e9-d98a50207ded,ES,Person,,100,review_needed,Candidate needs manual review.,Antonia Rodríguez Moreno,Q5697572,Syria,,France,https://en.wikipedia.org/wiki/Antonia_La_Negra
Nouri Iskandar,Nouri Iskandar,0116b51e-5e1c-4735-8bee-c330a8d6c8f2,SY,Person,,100,auto_accept,Very high score and near-exact name match.,Nouri Iskandar,Q7063908,Syria,Deir ez-Zor,Second Syrian Republic,https://en.wikipedia.org/wiki/Nouri_Iskandar
Iyad Rimawi,Iyad Rimawi,4fba2e16-5dcc-4aa9-ade3-aefcd7ccdfec,SY,Person,,100,auto_accept,Very high score and near-exact name match.,Iyad Rimawi,Q28714832,Syria,Damascus,Palestine,https://en.wikipedia.org/wiki/Iyad_Rimawi
Nourhane,Nourey,7b658976-1ed0-4d84-a17a-309fa9178dbc,,Person,"guitarist, DJ and music producer",100,review_needed,Candidate is disambiguated and should be checked manually.,Nourhane,Q113118100,Syria,Damascus,Egypt,https://en.wikipedia.org/wiki/Nourhane
Waad Al Bahri,Waad,280426b6-3ca9-4a03-b248-d34452c6a353,,,,100,review_needed,Candidate needs manual review.,Waad Al Bahri,Q12251104,Syria,Suwayda,Syria,https://en.wikipedia.org/wiki/Waad_Al_Bahri
François Valéry,François Valéry,d862f632-4cac-4eb8-9cfb-8d6bd8ebb3dc,FR,Person,,100,auto_accept,Very high score and near-exact name match.,François Valéry,Q3085966,Syria,,France,https://en.wikipedia.org/wiki/Fran%C3%A7ois_Val%C3%A9ry
Noura Rahal,Noura,17d12286-3bee-4fc0-af49-df93ed7078c9,DZ,Person,Maghrebian,100,review_needed,Candidate is disambiguated and should be checked manually.,Noura Rahal,Q7063891,Syria,,Lebanon,https://en.wikipedia.org/wiki/Noura_Rahal
Cheb Kader,Cheb Kader,8bdeed6f-1eb0-4234-9eba-f63943439338,MA,Person,,100,auto_accept,Very high score and near-exact name match.,Cheb Kader,Q17318613,Syria,,Morocco,https://en.wikipedia.org/wiki/Cheb_Kader
Ibrahim Qashoush,Abdullah Ibrahim,fd64e185-9973-44d5-ad09-5d5562804292,ZA,Person,South African pianist and composer,100,review_needed,Candidate is disambiguated and should be checked manually.,Ibrahim Qashoush,Q3147499,Syria,Syria,Syria,https://en.wikipedia.org/wiki/Ibrahim_Qashoush
Sami Shawa,Sāmī al‐Shawwā,cdfaaa31-f303-4fdb-990b-5a5f1516ee56,EG,Person,Syrian violinist,100,review_needed,Candidate is disambiguated and should be checked manually.,Sami Shawa,Q3470790,Syria,,First Syrian Republic,https://en.wikipedia.org/wiki/Sami_Shawa
Thierry Pastor,Thierry Pastor,ba879461-e8ce-44a1-ba8c-9c2a9f00e243,FR,Person,,100,auto_accept,Very high score and near-exact name match.,Thierry Pastor,Q3524465,Syria,,France,https://en.wikipedia.org/wiki/Thierry_Pastor
Jean-Paul Sevilla,Jean-Paul Sevilla,3b5d0819-9473-47a7-bcfe-58a5dda3acc2,FR,Person,pianist,100,auto_accept,Very high score and near-exact name match.,Jean-Paul Sevilla,Q6169814,Syria,,France,https://en.wikipedia.org/wiki/Jean-Paul_Sevilla
Abu Ratib,أبو راتب,e417fba5-0d3f-47c8-b1d1-96897881318d,SY,Person,Syrian singer,100,review_needed,Candidate is disambiguated and should be checked manually.,Abu Ratib,Q4670325,Syria,,Syria,https://en.wikipedia.org/wiki/Abu_Ratib
Dima شارون,Dima Dima,7a07b1dc-edf3-42b3-adb6-f084b5325081,BE,Person,Belgian R&B singer,100,review_needed,Candidate is disambiguated and should be checked manually.,Dima شارون,Q5277138,Syria,,Syria,https://en.wikipedia.org/wiki/Dima_Orsho
Racha Arodaky,Racha Arodaky,89f7c0ee-1f1f-4a27-b368-d81e78e9aabd,FR,Person,pianist,100,auto_accept,Very high score and near-exact name match.,Racha Arodaky,Q3416050,Syria,,France,https://en.wikipedia.org/wiki/Racha_Arodaky
Adil Şan,Adil,22875126-b6ca-4d5b-b99c-e5904e9cb0f5,,Person,"Indian electronic music producer, based in Nagpur",100,review_needed,Candidate is disambiguated and should be checked manually.,Adil Şan,Q22342319,Syria,Bayırbucak,Turkey,https://en.wikipedia.org/wiki/Adil_%C5%9Ean
Zaid Jabri,Zaid Jabri,d564c6e8-2322-4e0f-b8d0-5faf51e76a43,PL,Person,Syrian-Polish composer,100,auto_accept,Very high score and near-exact name match.,Zaid Jabri,Q111731340,Syria,Damascus,Kraków,https://en.wikipedia.org/wiki/Zaid_Jabri
Dima Kandalaft,Dima Dima,7a07b1dc-edf3-42b3-adb6-f084b5325081,BE,Person,Belgian R&B singer,100,review_needed,Candidate is disambiguated and should be checked manually.,Dima Kandalaft,Q5277135,Syria,,Syria,https://en.wikipedia.org/wiki/Dima_Kandalaft
Adwar Mousa,MouSa,c1e398b1-1d84-4d0e-9b82-968efd5468d1,US,Person,,100,review_needed,Candidate needs manual review.,Adwar Mousa,Q41438824,Syria,Tell Tamer,Syria,https://en.wikipedia.org/wiki/Adwar_Mousa
Muhammad El Majzoub,محمد المجذوب,795d1212-2b22-4efe-8871-ba60f5bf6c94,,Person,Syrian singer,100,review_needed,Candidate is disambiguated and should be checked manually.,Muhammad El Majzoub,Q6932451,Syria,Latakia,Syria,https://en.wikipedia.org/wiki/Muhammad_El_Majzoub
Bilal Khan,Bilal Khan,49c56a79-849e-4289-9f3e-293043b0479a,,Person,,100,auto_accept,Very high score and near-exact name match.,Bilal Khan,Q16231372,Syria,Middle East,Pakistan,https://en.wikipedia.org/wiki/Bilal_Khan_(singer)
Gaswan Zerikly,Dima Orsho,c9661c0a-68d2-4b86-9d33-3f8a08f25704,SY,Person,Gaswan Zerikly,100,review_needed,Candidate is disambiguated and should be checked manually.,Gaswan Zerikly,Q5526922,Syria,Damascus,Syria,https://en.wikipedia.org/wiki/Gaswan_Zerikly
Mohamad Bash,Bash!,08ab397f-4bf2-47c0-9666-2c71c7c96919,,Group,German punk band,100,review_needed,Candidate is disambiguated and should be checked manually.,Mohamad Bash,Q4881642,Syria,Damascus,Syria,https://en.wikipedia.org/wiki/Mohamad_Bash
Imad Rami,عماد رامي,a92037d2-c93c-44a8-ad31-aeef056cd3aa,SY,Person,Syrian singer,100,review_needed,Candidate is disambiguated and should be checked manually.,Imad Rami,Q6001986,Syria,Damascus,Syria,https://en.wikipedia.org/wiki/Imad_Rami
Yoland Asmar,Asmar,e224df14-24d8-46b4-ba7f-e746267c2ddd,,,electronic artist,100,review_needed,Candidate is disambiguated and should be checked manually.,Yoland Asmar,Q54861809,Syria,Aleppo,Syria,https://en.wikipedia.org/wiki/Yoland_Asmar
Arsen Grigoryan (Mro),MrO,a68a90c2-d0f1-45bd-84cb-21ef15a7b0cb,,,,100,review_needed,Candidate needs manual review.,Arsen Grigoryan (Mro),Q50069258,Syria,Qamishli,Armenia,"https://en.wikipedia.org/wiki/Arsen_Grigoryan_(singer,_born_1968)"
Ghaliaa Chaker,Ghaliaa,537119f6-a0d2-42ed-92a1-276521520fb8,AE,Person,"Syrian singer-songwriter, composer & multi-instrumentalist",100,review_needed,Candidate is disambiguated and should be checked manually.,Ghaliaa Chaker,Q117640069,Syria,Damascus,Damascus,https://en.wikipedia.org/wiki/Ghaliaa_Chaker
Frankie Jordan,Frankie Jordan,5aca0816-c048-4b04-90e0-2091e4279632,FR,Person,French 1960s rock singer Claude Benzaquen,100,auto_accept,Very high score and near-exact name match.,Frankie Jordan,Q3082905,Syria,,France,https://en.wikipedia.org/wiki/Frankie_Jordan
François Boulanger,François Boulanger,d178a2f7-8b3e-4816-a5d7-0e2c76813234,FR,Person,French conductor,100,auto_accept,Very high score and near-exact name match.,François Boulanger,Q18610875,Syria,,France,https://en.wikipedia.org/wiki/Fran%C3%A7ois_Boulanger
Djaffar Bensetti,Djaffar Bensetti,ebd02023-782e-4f45-bc16-cc484f55d7ce,,Person,,100,auto_accept,Very high score and near-exact name match.,Djaffar Bensetti,Q99690076,Syria,,Algeria,https://en.wikipedia.org/wiki/Djaffar_Bensetti
Leila Al Jazairia,Leila,14039c7d-b67e-46cd-9cf3-f252d0e83879,GB,Person,Iranian electronic/downtempo artist Leila Arab,100,review_needed,Candidate is disambiguated and should be checked manually.,Leila Al Jazairia,Q60579584,Syria,,Cairo,https://en.wikipedia.org/wiki/Leila_Al_Jazairia
Louis Musy,Louis Musy,1f165476-fd54-4513-95e5-debd583029f0,FR,Person,baritone,100,auto_accept,Very high score and near-exact name match.,Louis Musy,Q3262768,Syria,,France,https://en.wikipedia.org/wiki/Louis_Musy
Blend Saleh,Blend,849e9698-6b11-4426-a2c5-41a6b97dde43,,Person,rapper,100,review_needed,Candidate is disambiguated and should be checked manually.,Blend Saleh,Q4925996,Syria,Kurdistan,Kurdistan,https://en.wikipedia.org/wiki/Blend_Saleh
André Mallabrera,André Mallabrera,cd474e9c-7406-468e-b8bf-e57b046e3f6c,,Person,tenor,100,auto_accept,Very high score and near-exact name match.,André Mallabrera,Q41623162,Syria,,France,https://en.wikipedia.org/wiki/Andr%C3%A9_Mallabrera
Layal Watfeh,Layal Watfeh,0d76a734-acc9-47ac-b84a-06ef2af2fa81,SY,Person,Syrian composer/musician/voice actor,100,auto_accept,Very high score and near-exact name match.,Layal Watfeh,Q54913981,Syria,Damascus,Damascus,https://en.wikipedia.org/wiki/Layal_Watfeh
Kareem Roustom,Kareem Roustom,9da38038-5009-49e7-abbe-6080283235c6,US,Person,Syrian-American composer,100,auto_accept,Very high score and near-exact name match.,Kareem Roustom,Q95846189,Syria,,,https://en.wikipedia.org/wiki/Kareem_Roustom
Nizār Murūwah,Nizar,d90f54e4-e547-4980-9259-b7b15a13531c,,,,100,review_needed,Candidate needs manual review.,Nizār Murūwah,Q20424583,Syria,Damascus,Lebanon,https://en.wikipedia.org/wiki/Nizar_Mroue
Fayrouz Al Halabiya (Rachel Samocha),فيروز,338bbb53-5b96-447a-9444-8906844a0790,LB,Person,Fairuz,100,review_needed,Candidate is disambiguated and should be checked manually.,Fayrouz Al Halabiya (Rachel Samocha),Q88804802,Syria,Aleppo,Aleppo,https://en.wikipedia.org/wiki/Fairuz_al-Halabiya
Saadallah Agha al-Qalaa,Walid Al-Agha,80e164a4-ed1e-40f6-871e-4f887304542c,,Person,,100,review_needed,Candidate needs manual review.,Saadallah Agha al-Qalaa,Q7395572,Syria,Aleppo,First Syrian Republic,https://en.wikipedia.org/wiki/Saadallah_Agha_al-Qalaa
Joseph Malke,Malke,91ee7b29-3860-48fb-b0c0-774b9aa51ce9,,Person,hardcore DJ,100,review_needed,Candidate is disambiguated and should be checked manually.,Joseph Malke,Q137766771,Syria,Qamishli,Qamishli,https://en.wikipedia.org/wiki/Joseph_Malke
Basel Rajoub,Basel Rajoub,c5f7f1ad-a880-440b-ac99-ebaae264a235,,Person,"SAXOPHONIST, COMPOSER",100,auto_accept,Very high score and near-exact name match.,Basel Rajoub,Q4866654,Syria,,,https://en.wikipedia.org/wiki/Basel_Rajoub
Loay Nasr,NASR,c6013f61-6940-4155-a9e9-c55190f9abe3,,,,100,review_needed,Candidate needs manual review.,Loay Nasr,Q29519270,Syria,,Syria,https://en.wikipedia.org/wiki/Loay_Nasr
Tayssir Akla,AKLA,3d15c5d7-75c9-46db-828c-5aa2b4180aed,,,,100,review_needed,Candidate needs manual review.,Tayssir Akla,Q27949808,Syria,Syria,Syria,https://en.wikipedia.org/wiki/Tayssir_Akla
Khyam Allami,Khyam Allami,a2d6c3ee-10e0-4bd9-b5fe-f5bd196e9911,GB,Person,,100,auto_accept,Very high score and near-exact name match.,Khyam Allami,Q6403470,Syria,Damascus,Damascus,https://en.wikipedia.org/wiki/Khyam_Allami
David,David Bowie,5441c29d-3602-4898-b1a1-b77fa23b8e50,,Person,English singer‐songwriter,100,review_needed,Candidate is disambiguated and should be checked manually.,David,Q41370,Palestine,Bethlehem,Kingdom of Israel,https://en.wikipedia.org/wiki/David
Bashar Murad,Bashar Murad,5a289a16-e872-4058-ba3d-4e108e46ff5c,PS,Person,,100,auto_accept,Very high score and near-exact name match.,Bashar Murad,Q65658874,Palestine,Al-Ram,Palestine,https://en.wikipedia.org/wiki/Bashar_Murad
Belly,Lead Belly,ddcfbdcf-cf8d-4776-8a69-10f39376b5a2,US,Person,,100,review_needed,Candidate needs manual review.,Belly,Q937045,Palestine,Jenin,Canada,https://en.wikipedia.org/wiki/Belly_(rapper)
MC Abdul,MC Abdul,bd49121d-3dd5-46ae-8ef9-69c66fd01bff,,Person,Palestinian rapper,100,auto_accept,Very high score and near-exact name match.,MC Abdul,Q108003855,Palestine,Gaza City,Israel,https://en.wikipedia.org/wiki/MC_Abdul
Idan Amedi,עידן עמדי,1e96e328-9fa3-49e9-85fe-e9d9b430a045,IL,Person,,100,review_needed,Candidate needs manual review.,Idan Amedi,Q12410281,Palestine,Pisgat Ze'ev,Jerusalem,https://en.wikipedia.org/wiki/Idan_Amedi
Yacoub Shaheen,Shaheen,01c7f3d3-e462-40cb-b8d7-6ef2c0633f25,US,Person,US drummer & percussionist,100,review_needed,Candidate is disambiguated and should be checked manually.,Yacoub Shaheen,Q28841819,Palestine,Bethlehem,Hebron,https://en.wikipedia.org/wiki/Yacoub_Shaheen
Harel Moyal,הראל מויאל,6467c06a-0d83-4efc-af0c-38a09d5c0108,IL,Person,,100,review_needed,Candidate needs manual review.,Harel Moyal,Q175987,Palestine,Gilo,Israel,https://en.wikipedia.org/wiki/Harel_Moyal
Ramzi Aburedwan,Ramzi Aburedwan,d5dd2045-d06f-4f65-a89d-690831e79210,PS,Person,,100,auto_accept,Very high score and near-exact name match.,Ramzi Aburedwan,Q19667554,Palestine,Bethlehem,France,https://en.wikipedia.org/wiki/Ramzi_Aburedwan
Ester Rada,Ester Rada,38d6b5cc-8166-4a7c-b85f-eb2116ef7258,IL,Person,,100,auto_accept,Very high score and near-exact name match.,Ester Rada,Q6899049,Palestine,Kiryat Arba,Israel,https://en.wikipedia.org/wiki/Ester_Rada
Avigayil Koevary,קובארי,1e4454ae-f263-4343-9717-6c644fed1e4d,IL,Person,,100,review_needed,Candidate needs manual review.,Avigayil Koevary,Q62090321,Palestine,Jerusalem,Israel,https://en.wikipedia.org/wiki/Avigail_Kovari
Yehuda Saado,יהודה סעדו,b2f1e0da-e87c-4c58-bf4a-0f92caec2158,IL,Person,,100,review_needed,Candidate needs manual review.,Yehuda Saado,Q8051304,Palestine,Jerusalem,Israel,https://en.wikipedia.org/wiki/Yehuda_Saado
Nai Barghouti,ناي برغوثي,325dd58f-093a-4472-90d3-ad2950cc40a3,PS,Person,,100,review_needed,Candidate needs manual review.,Nai Barghouti,Q125395909,Palestine,Ramallah,Ramallah,https://en.wikipedia.org/wiki/Nai_Barghouti
Asher Swissa,Asher Swissa,541c9765-26c4-4e81-b5f1-212fe2764103,IL,Person,,100,auto_accept,Very high score and near-exact name match.,Asher Swissa,Q4804862,Palestine,Jerusalem,Israel,https://en.wikipedia.org/wiki/Asher_Swissa
Yoad Nevo,Yoad Nevo,7c1d080b-4c39-4867-af2a-06ff21cd89c5,GB,Person,,100,auto_accept,Very high score and near-exact name match.,Yoad Nevo,Q8054173,Palestine,Jerusalem,Israel,https://en.wikipedia.org/wiki/Yoad_Nevo
Ehud Ettun,Ehud Ettun,66749ff5-8b15-432b-9e2d-4a91f93ccbae,,Person,,100,auto_accept,Very high score and near-exact name match.,Ehud Ettun,Q18353027,Palestine,Jerusalem,Mitzpe Ramon,https://en.wikipedia.org/wiki/Ehud_Ettun
Talia Amar,Armand Amar,e24fcdb1-425e-47ea-9fec-389296ee6bd9,FR,Person,,100,review_needed,Candidate needs manual review.,Talia Amar,Q106878468,Palestine,Jerusalem,Israel,https://en.wikipedia.org/wiki/Talia_Amar
Yaron Kohlberg,Yaron Kohlberg,f9102a80-8812-4cc8-8346-565681a90d86,US,Person,pianist,100,auto_accept,Very high score and near-exact name match.,Yaron Kohlberg,Q8049444,Palestine,Jerusalem,Israel,https://en.wikipedia.org/wiki/Yaron_Kohlberg
Uri Kabiri,אורי כבירי,5b346583-4ee3-4473-8d18-45c4b0ba8f76,IL,Person,,100,review_needed,Candidate needs manual review.,Uri Kabiri,Q7900529,Palestine,Jerusalem,Israel,https://en.wikipedia.org/wiki/Uri_Kabiri
Hila Plitmann,Hila Plitmann,50373669-3d16-449d-a349-34b8d08737e1,IL,Person,Israeli-American soprano,100,auto_accept,Very high score and near-exact name match.,Hila Plitmann,Q282560,Palestine,Jerusalem,Israel,https://en.wikipedia.org/wiki/Hila_Plitmann
Yaron Gottfried,ירון גוטפריד,a77214ff-2e74-4fb2-b88d-dae1d569a8c5,IL,Person,,100,review_needed,Candidate needs manual review.,Yaron Gottfried,Q12408311,Palestine,Jerusalem,Israel,https://en.wikipedia.org/wiki/Yaron_Gottfried
Hanan Ben Ari,חנן בן ארי,eced93df-6c3d-4f44-81a1-b7768bdaecf9,IL,Person,,100,review_needed,Candidate needs manual review.,Hanan Ben Ari,Q22956259,Palestine,Karnei Shomron,Pardes Hanna-Karkur,https://en.wikipedia.org/wiki/Hanan_Ben_Ari
Tuna,Hot Tuna,d13d9feb-b7c7-49f4-9b72-65e29a16aa24,US,Group,,100,review_needed,Candidate needs manual review.,Tuna,Q21789555,Palestine,Gaza City,Gaza City,https://en.wikipedia.org/wiki/Tuna_(rapper)
Jasmin Moallem,יסמין מועלם,33b87ae6-9c10-4f62-8f4b-d3040cdf1fd3,IL,Person,,100,review_needed,Candidate needs manual review.,Jasmin Moallem,Q85692890,Palestine,Jerusalem,Israel,https://en.wikipedia.org/wiki/Jasmin_Moallem
Rohi Al-Khammash,روحي الخماش,d3106342-2015-4f05-af62-0c0a56f7e31f,,Person,Palestinian-Iraqi Musician,100,review_needed,Candidate is disambiguated and should be checked manually.,Rohi Al-Khammash,Q63128254,Palestine,Nablus,Ba'athist Iraq,https://en.wikipedia.org/wiki/Rohi_Al-Khammash
Yuval Gabay,Yuval Gabay,6f4c7509-8559-4c39-ae3f-3e54b5ea35ab,US,Person,,100,auto_accept,Very high score and near-exact name match.,Yuval Gabay,Q8062150,Palestine,Jerusalem,United States,https://en.wikipedia.org/wiki/Yuval_Gabay
Sivan Magen,Sivan Magen,8127416b-fc25-4c87-a6fb-846e2cb54a42,IL,Person,harpist,100,auto_accept,Very high score and near-exact name match.,Sivan Magen,Q20657243,Palestine,Jerusalem,New York City,https://en.wikipedia.org/wiki/Sivan_Magen
Nizar Wattad,Nizar,d90f54e4-e547-4980-9259-b7b15a13531c,,,,100,review_needed,Candidate needs manual review.,Nizar Wattad,Q7042177,Palestine,Palestine,Palestine,https://en.wikipedia.org/wiki/Nizar_Wattad
Ran Nir,Ran Nir,d13bcfdb-2fa9-4f57-9ad8-c445a2a88fe4,IL,Person,,100,auto_accept,Very high score and near-exact name match.,Ran Nir,Q74262504,Palestine,Jerusalem,Germany,https://en.wikipedia.org/wiki/Ran_Nir
Zanvil Weinberger,Zanvil Weinberger,c79c86a3-7191-41cb-801b-ce705c13727b,IL,Person,,100,auto_accept,Very high score and near-exact name match.,Zanvil Weinberger,Q110926805,Palestine,Jerusalem,Israel,https://en.wikipedia.org/wiki/Zanvil_Weinberger
Ayelet Rose Gottlieb,Ayelet Rose Gottlieb,81957072-51de-4bd2-9ec5-1bb431173c0b,IL,Person,,100,auto_accept,Very high score and near-exact name match.,Ayelet Rose Gottlieb,Q18018542,Palestine,Jerusalem,Israel,https://en.wikipedia.org/wiki/Ayelet_Rose_Gottlieb
Issa Boulos,عيسى بولص,7a9ed48c-5116-4d8a-ae16-792f6affc156,,,,100,review_needed,Candidate needs manual review.,Issa Boulos,Q16197689,Palestine,Jerusalem,Israel,https://en.wikipedia.org/wiki/Issa_Boulos
Moshe Nathanson,Moshe Nathanson,c011fb5c-747a-4dc7-beed-49c243dec891,,Person,,100,auto_accept,Very high score and near-exact name match.,Moshe Nathanson,Q15711015,Palestine,Jerusalem,Ottoman Empire,https://en.wikipedia.org/wiki/Moshe_Nathanson
Bracha Eden,Bracha Eden,4af62533-2d92-4a62-9cab-e8e1ba1f9b09,IL,Person,,100,auto_accept,Very high score and near-exact name match.,Bracha Eden,Q54572860,Palestine,Jerusalem,Israel,https://en.wikipedia.org/wiki/Bracha_Eden
Jeannette Zarou,Andrew Zarou,7dc3f9e7-4496-4645-9a47-f0ffbda3909a,,Person,,100,review_needed,Candidate needs manual review.,Jeannette Zarou,Q1686056,Palestine,Ramallah,Canada,https://en.wikipedia.org/wiki/Jeannette_Zarou
Shabjdeed,Shabjdeed,99e070e6-e232-4731-81db-666b448626d7,,Person,Palestinian rapper,100,auto_accept,Very high score and near-exact name match.,Shabjdeed,Q106570586,Palestine,Jerusalem,Palestine,https://en.wikipedia.org/wiki/Shabjdeed
Amihai Grosz,Amihai Grosz,491ae68b-28a8-445f-90a1-6bdde25635b5,DE,Person,violist,100,auto_accept,Very high score and near-exact name match.,Amihai Grosz,Q6586745,Palestine,Jerusalem,Israel,https://en.wikipedia.org/wiki/Amihai_Grosz
Lyrik,Lyrik,d2d03c7b-e5c1-4517-873a-7a905baeb705,,Person,German rapper,100,auto_accept,Very high score and near-exact name match.,Lyrik,Q6710033,Palestine,Jerusalem,Israel,https://en.wikipedia.org/wiki/Lyrik
Eitan Avitsur,Eitan Avitsur,4390b1f3-0ba8-4c72-96d3-0bf9b27b7cdd,IL,Person,composer / conductor,100,auto_accept,Very high score and near-exact name match.,Eitan Avitsur,Q5349997,Palestine,Jerusalem,Israel,https://en.wikipedia.org/wiki/Eitan_Avitsur
Raz Mesinai,Raz Mesinai,0046f732-3d5a-46af-a0ef-5099331b958f,US,Person,,100,auto_accept,Very high score and near-exact name match.,Raz Mesinai,Q7299433,Palestine,Jerusalem,Jerusalem,https://en.wikipedia.org/wiki/Raz_Mesinai
Henry Hadaway,Henry Hadaway Orchestra & Chorus,d459963e-88c8-4445-824c-91f05ebe85e5,,,,100,review_needed,Candidate needs manual review.,Henry Hadaway,Q16105938,Palestine,Jerusalem,United Kingdom,https://en.wikipedia.org/wiki/Henry_Hadaway
Wanees Zarour,ونيس,a240328f-65d6-4f0d-955e-bf59a00a3338,,Person,,100,review_needed,Candidate needs manual review.,Wanees Zarour,Q19667378,Palestine,Ramallah,Ramallah,https://en.wikipedia.org/wiki/Wanees_Zarour
Tamar Muskal,Tamar Muskal,c5a3e7fd-b6b0-41a2-929a-77b94b0e5833,US,Person,,100,auto_accept,Very high score and near-exact name match.,Tamar Muskal,Q109531343,Palestine,Jerusalem,United States,https://en.wikipedia.org/wiki/Tamar_Muskal
Kohava Levy,Kohava Levy,ae7f8b18-4140-4181-9af7-c286ce5defbb,IL,Person,,100,auto_accept,Very high score and near-exact name match.,Kohava Levy,Q21104229,Palestine,Jerusalem,Jerusalem,https://en.wikipedia.org/wiki/Kohava_Levy
Gil Weinberg,Gilberto Gil,cf6b70f6-2616-481c-912c-0263cabfc974,BR,Person,,100,review_needed,Candidate needs manual review.,Gil Weinberg,Q16197409,Palestine,Jerusalem,Israel,https://en.wikipedia.org/wiki/Gil_Weinberg
