input_artist_name,matched_name,mbid,musicbrainz_country,type,disambiguation,match_status,source_origin_country,source_birth_place,source_current_residence,source_wikidata_id,source_wiki_url,usable_for_network,triage_reason,promotion_source,promotion_reason
Milla Jovovich,Milla Jovovich,39f96cb8-fe7e-499f-820c-676267b617e6,US,Person,,auto_accept,Ukraine,Kyiv,Los Angeles,Q170576,https://en.wikipedia.org/wiki/Milla_Jovovich,True,Included: original match was auto_accept.,original_usable,Original high-confidence usable match
Vladimir Horowitz,Vladimir Horowitz,81269a28-c616-4e87-8942-a6f8e59b68e4,US,Person,Ukrainian‐American pianist and composer,auto_accept,Ukraine,Kyiv,Russian Empire,Q192506,https://en.wikipedia.org/wiki/Vladimir_Horowitz,True,Included: original match was auto_accept.,original_usable,Original high-confidence usable match
Ignacy Jan Paderewski,Ignacy Jan Paderewski,4a2b8def-5a86-45fd-9c21-31c3356a3774,PL,Person,Polish pianist and composer,auto_accept,Ukraine,Kurilivka,Warsaw,Q191957,https://en.wikipedia.org/wiki/Ignacy_Jan_Paderewski,True,Included: original match was auto_accept.,original_usable,Original high-confidence usable match
Tayanna,TAYANNA,8fbc8613-30f3-4cfe-a766-701a9449c34b,UA,Person,,auto_accept,Ukraine,Chernivtsi,Ukraine,Q28826885,https://en.wikipedia.org/wiki/Tayanna,True,Included: original match was auto_accept.,original_usable,Original high-confidence usable match
Karol Szymanowski,Karol Szymanowski,e04ef24e-b64e-4ca5-a479-b6bc79042ff5,PL,Person,Polish composer,auto_accept,Ukraine,Tymoshivka,Zakopane,Q295400,https://en.wikipedia.org/wiki/Karol_Szymanowski,True,Included: original match was auto_accept.,original_usable,Original high-confidence usable match
Władysław Tarnowski,Władysław Tarnowski,487883b1-8132-43be-9d3e-579ee0b07acf,PL,Person,,auto_accept,Ukraine,Voroblevychi,Austria–Hungary,Q93817,https://en.wikipedia.org/wiki/W%C5%82adys%C5%82aw_Tarnowski,True,Included: original match was auto_accept.,original_usable,Original high-confidence usable match
Isaac Stern,Isaac Stern,7d9be72b-ab36-4ce1-8a2c-05bf0f7eb0b4,US,Person,violinist,auto_accept,Ukraine,Kremenets,Western Addition,Q311317,https://en.wikipedia.org/wiki/Isaac_Stern,True,Included: original match was auto_accept.,original_usable,Original high-confidence usable match
Wojciech Kilar,Wojciech Kilar,c8c021ad-6397-4990-b3b7-23d027c5931a,PL,Person,composer,auto_accept,Ukraine,Lviv,Darmstadt,Q319777,https://en.wikipedia.org/wiki/Wojciech_Kilar,True,Included: original match was auto_accept.,original_usable,Original high-confidence usable match
Jerry Heil,Jerry Heil,218cf0a9-439e-472e-a2e6-65e208a102ac,UA,Person,"Ukrainian singer, participant of Eurovision 2024 (Ukraine)",auto_accept,Ukraine,Vasylkiv,Ukraine,Q56364121,https://en.wikipedia.org/wiki/Jerry_Heil,True,Included: original match was auto_accept.,original_usable,Original high-confidence usable match
Alyona Alyona,alyona alyona,1a6993eb-fa5b-42e2-a834-2a9539c53be1,UA,Person,Ukrainian rapper,auto_accept,Ukraine,Kapitanivka,Baryshivska Hromada,Q59358454,https://en.wikipedia.org/wiki/Alyona_Alyona,True,Included: original match was auto_accept.,original_usable,Original high-confidence usable match
Valentina Lisitsa,Valentina Lisitsa,81c9ae67-9eaf-4e47-836a-62b7bbc91664,US,Person,pianist,auto_accept,Ukraine,Kyiv,Russia,Q253233,https://en.wikipedia.org/wiki/Valentina_Lisitsa,True,Included: original match was auto_accept.,original_usable,Original high-confidence usable match
Dimitri Tiomkin,Dimitri Tiomkin,0ed6e209-dd4d-4c47-b6d0-c3a1ae06fef5,UA,Person,,auto_accept,Ukraine,Kremenchuk,Hollywood,Q317033,https://en.wikipedia.org/wiki/Dimitri_Tiomkin,True,Included: original match was auto_accept.,original_usable,Original high-confidence usable match
Mark Taimanov,Mark Taimanov,ad06a983-4bc7-45e2-946b-2bbab1ff8a7f,RU,Person,Russian pianist,auto_accept,Ukraine,Kharkiv,Russia,Q348037,https://en.wikipedia.org/wiki/Mark_Taimanov,True,Included: original match was auto_accept.,original_usable,Original high-confidence usable match
Maria Guleghina,Maria Guleghina,ae573ec4-c3fa-4e25-8708-d189cb65f536,UA,Person,soprano,auto_accept,Ukraine,Odesa,Belarus,Q1031062,https://en.wikipedia.org/wiki/Maria_Guleghina,True,Included: original match was auto_accept.,original_usable,Original high-confidence usable match
Alekseev,ALEKSEEV,6cde3d73-2219-4616-befb-8619cc2018d7,UA,Person,Ukrainian singer and songwriter,auto_accept,Ukraine,Kyiv,Ukraine,Q22979243,https://en.wikipedia.org/wiki/Alekseev_(singer),True,Included: original match was auto_accept.,original_usable,Original high-confidence usable match
Mélovin,MÉLOVIN,878a5563-bfe2-4ff9-a02b-4432790df0f9,UA,Person,Ukrainian singer and songwriter,auto_accept,Ukraine,Odesa,Ukraine,Q25442068,https://en.wikipedia.org/wiki/M%C3%A9lovin,True,Included: original match was auto_accept.,original_usable,Original high-confidence usable match
Mikołaj Rej,Mikołaj Rej,568a246b-cb43-43ef-ac98-22d1939869d8,PL,Person,Polish poet,auto_accept,Ukraine,Zhuravno,Kingdom of Poland,Q458235,https://en.wikipedia.org/wiki/Miko%C5%82aj_Rej,True,Included: original match was auto_accept.,original_usable,Original high-confidence usable match
Maruv,MARUV,23d0ffbe-f372-443e-81b2-28048bdea37f,,Person,,auto_accept,Ukraine,Pavlohrad,Ukraine,Q56310176,https://en.wikipedia.org/wiki/Maruv,True,Included: original match was auto_accept.,original_usable,Original high-confidence usable match
Gregor Piatigorsky,Gregor Piatigorsky,98af165c-cdf5-4033-8c72-c0189d46cdd1,US,Person,cellist,auto_accept,Ukraine,Dnipro,Russian Empire,Q364868,https://en.wikipedia.org/wiki/Gregor_Piatigorsky,True,Included: original match was auto_accept.,original_usable,Original high-confidence usable match
Sophie Tucker,Sophie Tucker,1404fcf2-5c92-434b-8d37-7f9b0c8f986f,US,Person,"singer, comedienne, actress & radio personality",auto_accept,Ukraine,Tulchyn,United States,Q152520,https://en.wikipedia.org/wiki/Sophie_Tucker,True,Included: original match was auto_accept.,original_usable,Original high-confidence usable match
Nathan Milstein,Nathan Milstein,0a428818-2623-406e-8453-600dce442e78,US,Person,violinist,auto_accept,Ukraine,Odesa,Ukraine,Q434055,https://en.wikipedia.org/wiki/Nathan_Milstein,True,Included: original match was auto_accept.,original_usable,Original high-confidence usable match
Eduard Romanyuta,Eduard Romanyuta,fbac4156-907e-4e6a-8a1b-62c1576504cd,UA,Person,Ukranian singer-songwriter,auto_accept,Ukraine,Ternopil,Ukraine,Q4397461,https://en.wikipedia.org/wiki/Eduard_Romanyuta,True,Included: original match was auto_accept.,original_usable,Original high-confidence usable match
Max Barskih,MAX BARSKIH,b55854ad-d778-49ce-af7f-74625c8ef308,UA,Person,,auto_accept,Ukraine,Kherson,Russia,Q41272,https://en.wikipedia.org/wiki/Max_Barskih,True,Included: original match was auto_accept.,original_usable,Original high-confidence usable match
Alina Pash,Alina Pash,95593341-529e-40e3-ad57-4622f2aacdf8,UA,Person,Ukrainian pop/dance artist,auto_accept,Ukraine,Bushtyno,Ukraine,Q55108431,https://en.wikipedia.org/wiki/Alina_Pash,True,Included: original match was auto_accept.,original_usable,Original high-confidence usable match
Ciprian Porumbescu,Ciprian Porumbescu,35fe373d-b814-4111-b9d2-46f54682c7f7,RO,Person,Romanian composer,auto_accept,Ukraine,Shepit,Austrian Empire,Q389000,https://en.wikipedia.org/wiki/Ciprian_Porumbescu,True,Included: original match was auto_accept.,original_usable,Original high-confidence usable match
Eugene Hütz,Eugene Hütz,09c7432f-ad91-4203-9568-614242578091,,Person,,auto_accept,Ukraine,Boyarka,Ukraine,Q535444,https://en.wikipedia.org/wiki/Eugene_H%C3%BCtz,True,Included: original match was auto_accept.,original_usable,Original high-confidence usable match
Taras Kompanichenko,Taras Kompanichenko,f3668727-893e-4291-b3dd-c01bcffecb63,,,,auto_accept,Ukraine,Kyiv,Ukraine,Q7685533,https://en.wikipedia.org/wiki/Taras_Kompanichenko,True,Included: original match was auto_accept.,original_usable,Original high-confidence usable match
Igor Markevitch,Igor Markevitch,92131d53-a4a7-4513-a879-c067643f0747,UA,Person,conductor,auto_accept,Ukraine,Kyiv,Moscow,Q503355,https://en.wikipedia.org/wiki/Igor_Markevitch,True,Included: original match was auto_accept.,original_usable,Original high-confidence usable match
Anastasiya Petryk,Anastasiya Petryk,a68b3c76-63bc-40d5-9e28-00bb37bf6883,,Person,,auto_accept,Ukraine,Odesa,Ukraine,Q277168,https://en.wikipedia.org/wiki/Anastasiya_Petryk,True,Included: original match was auto_accept.,original_usable,Original high-confidence usable match
Heinrich Schenker,Heinrich Schenker,dd36c41f-5c82-4c82-9a33-367892cf7771,AT,Person,,auto_accept,Ukraine,Vyshnivchyk,Austria,Q531995,https://en.wikipedia.org/wiki/Heinrich_Schenker,True,Included: original match was auto_accept.,original_usable,Original high-confidence usable match
Emanuel Feuermann,Emanuel Feuermann,9dae71a5-ff73-4450-b623-b5aa7d0982d9,UA,Person,cellist,auto_accept,Ukraine,Kolomyia,Austria,Q112171,https://en.wikipedia.org/wiki/Emanuel_Feuermann,True,Included: original match was auto_accept.,original_usable,Original high-confidence usable match
Roman Vlad,Roman Vlad,076682b0-e1bf-43eb-9bad-79f831712e5e,RO,Person,,auto_accept,Ukraine,Chernivtsi,Rome,Q2343525,https://en.wikipedia.org/wiki/Roman_Vlad,True,Included: original match was auto_accept.,original_usable,Original high-confidence usable match
Ana Layevska,Ana Layevska,6511828b-4c2c-4f44-8dea-bf13d1662dce,,,,auto_accept,Ukraine,Kyiv,Kyiv,Q698094,https://en.wikipedia.org/wiki/Ana_Layevska,True,Included: original match was auto_accept.,original_usable,Original high-confidence usable match
Dmitry Gordon,Dmitry Gordon,8654cbba-c7eb-4d6e-8526-63d176147223,,Person,,auto_accept,Ukraine,Kyiv,Ukraine,Q4143897,https://en.wikipedia.org/wiki/Dmitry_Gordon,True,Included: original match was auto_accept.,original_usable,Original high-confidence usable match
Franz Doppler,Franz Doppler,0c442d6b-fb3b-4428-ac80-3acdb27a7b92,AT,Person,,auto_accept,Ukraine,Lviv,Austria–Hungary,Q711460,https://en.wikipedia.org/wiki/Franz_Doppler,True,Included: original match was auto_accept.,original_usable,Original high-confidence usable match
Estás Tonné,Estas Tonne,70b2bb3e-873e-4e32-bbc7-a401b4c88d48,UA,Person,guitarist,auto_accept,Ukraine,Zaporizhzhia,Zaporizhzhia,Q17254154,https://en.wikipedia.org/wiki/Estas_Tonne,True,Included: original match was auto_accept.,original_usable,Original high-confidence usable match
Joseph Schmidt,Joseph Schmidt,0764f317-5b19-4c96-b7ce-2fb408eb3c2a,AT,Person,Austro-Hungarian and Romanian tenor and actor.,auto_accept,Ukraine,Davydivka,Berlin,Q94513,https://en.wikipedia.org/wiki/Joseph_Schmidt,True,Included: original match was auto_accept.,original_usable,Original high-confidence usable match
Emanuel Ax,Emanuel Ax,14aa864b-5878-40d5-b061-28c1bf995853,US,Person,pianist,auto_accept,Ukraine,Lviv,Poland,Q505563,https://en.wikipedia.org/wiki/Emanuel_Ax,True,Included: original match was auto_accept.,original_usable,Original high-confidence usable match
Mischa Elman,Mischa Elman,f7824a6b-a63b-45a4-9ca5-d6616c3e5912,US,Person,Russian-American violinist,auto_accept,Ukraine,Talne,United States,Q1391355,https://en.wikipedia.org/wiki/Mischa_Elman,True,Included: original match was auto_accept.,original_usable,Original high-confidence usable match
Leo Ornstein,Leo Ornstein,88e931c0-c22e-45c1-9662-02f52f4ca771,US,Person,Russian-born American avant-garde composer,auto_accept,Ukraine,Kremenchuk,United States,Q1558656,https://en.wikipedia.org/wiki/Leo_Ornstein,True,Included: original match was auto_accept.,original_usable,Original high-confidence usable match
Oksana Lyniv,Oksana Lyniv,6053d13f-ad90-43ea-88a3-6e23765bd1fc,UA,Person,conductor,auto_accept,Ukraine,Brody,Ukraine,Q2017541,https://en.wikipedia.org/wiki/Oksana_Lyniv,True,Included: original match was auto_accept.,original_usable,Original high-confidence usable match
Emil Paur,Emil Paur,3e720882-6b26-405c-858d-65dbe1a9fbcd,AT,Person,,auto_accept,Ukraine,Chernivtsi,Místek,Q78982,https://en.wikipedia.org/wiki/Emil_Paur,True,Included: original match was auto_accept.,original_usable,Original high-confidence usable match
Edvin Marton,Edvin Marton,0b519a75-69a0-4392-83e9-47dc6572d74c,HU,Person,,auto_accept,Ukraine,Vilok,Hungary,Q441053,https://en.wikipedia.org/wiki/Edvin_Marton,True,Included: original match was auto_accept.,original_usable,Original high-confidence usable match
Semen Hulak-Artemovsky,Semyon Hulak-Artemovsky,5600fc5e-0c68-49f9-9f73-9993218d18d1,RU,Person,,auto_accept,Ukraine,Horodyshche,Russian Empire,Q1400433,https://en.wikipedia.org/wiki/Semen_Hulak-Artemovsky,True,Included: original match was auto_accept.,original_usable,Original high-confidence usable match
Anna Fedorova,Anna Fedorova,2238d820-c874-4b9f-b40f-1b1e0b8c916a,UA,Person,,auto_accept,Ukraine,Kyiv,Ukraine,Q125885,https://en.wikipedia.org/wiki/Anna_Fedorova,True,Included: original match was auto_accept.,original_usable,Original high-confidence usable match
Benno Moiseiwitsch,Benno Moiseiwitsch,b2b25392-4ea1-4be7-9d91-1b28a80f69e7,GB,Person,pianist,auto_accept,Ukraine,Odesa,Russian Empire,Q817970,https://en.wikipedia.org/wiki/Benno_Moiseiwitsch,True,Included: original match was auto_accept.,original_usable,Original high-confidence usable match
Mieczysław Horszowski,Mieczysław Horszowski,37cd67d1-a786-4f5c-b91b-14f93b90ca04,PL,Person,pianist,auto_accept,Ukraine,Lviv,Poland,Q918339,https://en.wikipedia.org/wiki/Mieczys%C5%82aw_Horszowski,True,Included: original match was auto_accept.,original_usable,Original high-confidence usable match
Viktoria Leléka,Viktoria Leléka,abdfa2d6-0643-4458-9e37-e2a0e570a361,UA,Person,Ukrainian singer and composer,auto_accept,Ukraine,Shakhtarske,Ukraine,Q111127206,https://en.wikipedia.org/wiki/Viktoria_Lel%C3%A9ka,True,Included: original match was auto_accept.,original_usable,Original high-confidence usable match
Moriz Rosenthal,Moriz Rosenthal,0d6c4730-f0a3-409f-9456-2659942ee9a0,US,Person,"classical pianist and composer, 1862-1946",auto_accept,Ukraine,Lviv,Poland,Q213772,https://en.wikipedia.org/wiki/Moriz_Rosenthal,True,Included: original match was auto_accept.,original_usable,Original high-confidence usable match
Stanisław Skrowaczewski,Stanisław Skrowaczewski,aecfecbb-840e-45ce-8d6c-3a234505c5ac,PL,Person,conductor,auto_accept,Ukraine,Lviv,Poland,Q961581,https://en.wikipedia.org/wiki/Stanis%C5%82aw_Skrowaczewski,True,Included: original match was auto_accept.,original_usable,Original high-confidence usable match
Viorica Ursuleac,Viorica Ursuleac,98c02ab5-fbd2-4c16-b5ef-ef0b0c872734,,Person,soprano,auto_accept,Ukraine,Chernivtsi,Romania,Q270281,https://en.wikipedia.org/wiki/Viorica_Ursuleac,True,Included: original match was auto_accept.,original_usable,Original high-confidence usable match
Karolina Protsenko,Karolina Protsenko,16313bc3-809f-4a9c-8116-5cbbe2b11ac5,,Person,"Ukrainian violinist based in California, USA",auto_accept,Ukraine,Kyiv,Simi Valley,Q91313507,https://en.wikipedia.org/wiki/Karolina_Protsenko,True,Included: original match was auto_accept.,original_usable,Original high-confidence usable match
Monatik,MONATIK,c0199391-00f4-483a-aa8a-d1fe27d05dc6,UA,Person,,auto_accept,Ukraine,Lutsk,Ukraine,Q12124379,https://en.wikipedia.org/wiki/Monatik,True,Included: original match was auto_accept.,original_usable,Original high-confidence usable match
Karol Mikuli,Karol Mikuli,c8c8ab60-4a68-44e7-a203-f86a74f0c2c4,PL,Person,,auto_accept,Ukraine,Chernivtsi,Cisleithania,Q549666,https://en.wikipedia.org/wiki/Karol_Mikuli,True,Included: original match was auto_accept.,original_usable,Original high-confidence usable match
Wojciech Bobowski,Wojciech Bobowski,db7db6d1-3ad2-4466-8065-574162fd1b84,PL,Person,,auto_accept,Ukraine,Lviv,Polish–Lithuanian Commonwealth,Q1360874,https://en.wikipedia.org/wiki/Ali_Ufk%C3%AE,True,Included: original match was auto_accept.,original_usable,Original high-confidence usable match
MamaRika,MamaRika,d30d67bd-87ba-4480-b0d9-9da5bc306888,UA,Person,"Ukrainian singer Anastasiya Kotchetova, formerly Erika",auto_accept,Ukraine,Sheptytskyi,Ukraine,Q3056591,https://en.wikipedia.org/wiki/MamaRika,True,Included: original match was auto_accept.,original_usable,Original high-confidence usable match
Karl Doppler,Karl Doppler,ae8620b8-fc84-4a69-8611-ea6dee738e83,HU,Person,,auto_accept,Ukraine,Lviv,Cisleithania,Q67497,https://en.wikipedia.org/wiki/Karl_Doppler,True,Included: original match was auto_accept.,original_usable,Original high-confidence usable match
Eduard Steuermann,Eduard Steuermann,e088bed0-4f08-48ac-b48f-d69052580ee8,AT,Person,pianist and composer,auto_accept,Ukraine,Sambir,United States,Q214108,https://en.wikipedia.org/wiki/Eduard_Steuermann,True,Included: original match was auto_accept.,original_usable,Original high-confidence usable match
Svitlana Azarova,Svitlana Azarova,ca2e1c69-be90-49ab-917d-3b679053293f,UA,Person,,auto_accept,Ukraine,Izmail,The Hague,Q455606,https://en.wikipedia.org/wiki/Svitlana_Azarova,True,Included: original match was auto_accept.,original_usable,Original high-confidence usable match
Aleksander Michałowski,Aleksander Michałowski,8af15dfb-2d72-4578-9165-464bc1479874,PL,Person,,auto_accept,Ukraine,Kamianets-Podilskyi,Poland,Q1220637,https://en.wikipedia.org/wiki/Aleksander_Micha%C5%82owski,True,Included: original match was auto_accept.,original_usable,Original high-confidence usable match
Ignacy Feliks Dobrzyński,Ignacy Feliks Dobrzyński,c7a1d08c-21f3-4457-a3f7-9e443884259d,PL,Person,,auto_accept,Ukraine,Romaniv,Poland,Q1622085,https://en.wikipedia.org/wiki/Ignacy_Feliks_Dobrzy%C5%84ski,True,Included: original match was auto_accept.,original_usable,Original high-confidence usable match
Witold Maliszewski,Witold Maliszewski,dac7eb38-3ad9-4f9f-899e-8848e6f20ed2,PL,Person,composer,auto_accept,Ukraine,Mohyliv-Podilskyi,Saint Petersburg,Q2094426,https://en.wikipedia.org/wiki/Witold_Maliszewski,True,Included: original match was auto_accept.,original_usable,Original high-confidence usable match
Vladimir de Pachmann,Vladimir de Pachmann,3df93115-609c-4305-abf3-8a9c91c7704a,UA,Person,pianist,auto_accept,Ukraine,Odesa,Kingdom of Italy,Q674861,https://en.wikipedia.org/wiki/Vladimir_de_Pachmann,True,Included: original match was auto_accept.,original_usable,Original high-confidence usable match
Maria Sur,Maria Sur,b57f0ac2-65f7-466b-ade8-19ad291157bd,SE,Person,,auto_accept,Ukraine,Zaporizhzhia,Sweden,Q116733141,https://en.wikipedia.org/wiki/Maria_Sur,True,Included: original match was auto_accept.,original_usable,Original high-confidence usable match
Karol Rathaus,Karol Rathaus,514bcb56-d5c2-46e1-b022-8cb9fa58f9b6,UA,Person,,auto_accept,Ukraine,Ternopil,Austria,Q84660,https://en.wikipedia.org/wiki/Karol_Rathaus,True,Included: original match was auto_accept.,original_usable,Original high-confidence usable match
Marian Hemar,Marian Hemar,de5ae606-4a76-4903-93f8-c5a45cc74bb5,PL,Person,,auto_accept,Ukraine,Lviv,Poland,Q367234,https://en.wikipedia.org/wiki/Marian_Hemar,True,Included: original match was auto_accept.,original_usable,Original high-confidence usable match
Misha Mengelberg,Misha Mengelberg,4f81bb0c-ea29-4671-9224-e55597811340,NL,Person,"pianist, improviser, composer, co-founder of ICP",auto_accept,Ukraine,Kyiv,Kingdom of the Netherlands,Q1264766,https://en.wikipedia.org/wiki/Misha_Mengelberg,True,Included: original match was auto_accept.,original_usable,Original high-confidence usable match
Yossele Rosenblatt,Yossele Rosenblatt,94344d92-4515-4815-80f0-42024021573c,US,Person,,auto_accept,Ukraine,Bila Tserkva,United States,Q1708769,https://en.wikipedia.org/wiki/Yossele_Rosenblatt,True,Included: original match was auto_accept.,original_usable,Original high-confidence usable match
Marcella Sembrich,Marcella Sembrich,296cc1b4-d88b-4ac0-8054-6ef9be09c5d3,PL,Person,"Polish coloratura soprano, Prakseda Marcelina Kochańska",auto_accept,Ukraine,Vyshnivchyk,Poland,Q265698,https://en.wikipedia.org/wiki/Marcella_Sembrich,True,Included: original match was auto_accept.,original_usable,Original high-confidence usable match
Irene Abendroth,Irene Abendroth,9a63942e-9d5d-4853-b306-0f468507ea23,PL,Person,Polish soprano,auto_accept,Ukraine,Lviv,Austria,Q79002,https://en.wikipedia.org/wiki/Irene_Abendroth,True,Included: original match was auto_accept.,original_usable,Original high-confidence usable match
Alexander Kipnis,Alexander Kipnis,617e5e6d-555f-4655-8907-0d0a4f075cf1,US,Person,operatic bass,auto_accept,Ukraine,Zhytomyr,Russian Empire,Q215634,https://en.wikipedia.org/wiki/Alexander_Kipnis,True,Included: original match was auto_accept.,original_usable,Original high-confidence usable match
Bohdana Frolyak,Bohdana Frolyak,304ea972-0600-43b4-9d91-50377a574c10,UA,Person,Ukrainian composer,auto_accept,Ukraine,Vydyniv,Ukraine,Q4938040,https://en.wikipedia.org/wiki/Bohdana_Frolyak,True,Included: original match was auto_accept.,original_usable,Original high-confidence usable match
Olena Tokar,Olena Tokar,24285042-bcc6-4d24-aa57-a537ad34654d,UA,Person,soprano,auto_accept,Ukraine,Novotoshkivske,Ukraine,Q12161762,https://en.wikipedia.org/wiki/Olena_Tokar,True,Included: original match was auto_accept.,original_usable,Original high-confidence usable match
Natalie Burn,Natalie Burn,0e8d262b-cf9d-4891-a3d3-898e2d3c816c,,Person,,auto_accept,Ukraine,Kyiv,Ukraine,Q23715847,https://en.wikipedia.org/wiki/Natalie_Burn,True,Included: original match was auto_accept.,original_usable,Original high-confidence usable match
Jascha Horenstein,Jascha Horenstein,f0fdf43e-55f3-48fb-a9ed-fbe254750f9b,US,Person,conductor,auto_accept,Ukraine,Kyiv,New York City,Q214965,https://en.wikipedia.org/wiki/Jascha_Horenstein,True,Included: original match was auto_accept.,original_usable,Original high-confidence usable match
Volodymyr Sheiko,Volodymyr Sheiko,2f6aa873-0574-488f-82d9-e6d4642cc6bf,UA,Person,conductor,auto_accept,Ukraine,Kharkiv,Ukraine,Q4522423,https://en.wikipedia.org/wiki/Volodymyr_Sheiko,True,Included: original match was auto_accept.,original_usable,Original high-confidence usable match
Aida Nikolaychuk,Aida Nikolaychuk,0ebcb599-e99c-4703-aea4-569ed82d40d5,UA,Person,,auto_accept,Ukraine,Odesa,Ukraine,Q12134613,https://en.wikipedia.org/wiki/Aida_Nikolaychuk,True,Included: original match was auto_accept.,original_usable,Original high-confidence usable match
Alisa Kozhikina,Alisa Kozhikina,2e3515b0-b4e0-4e95-8bc8-cbf102b34289,RU,Person,,auto_accept,Ukraine,Uspenka,Russia,Q18126952,https://en.wikipedia.org/wiki/Alisa_Kozhikina,True,Included: original match was auto_accept.,original_usable,Original high-confidence usable match
Irving Mills,Irving Mills,2a2bf494-ac80-4ac9-901f-1ef2fece51ce,US,Person,,auto_accept,Ukraine,Odesa,United States,Q1292110,https://en.wikipedia.org/wiki/Irving_Mills,True,Included: original match was auto_accept.,original_usable,Original high-confidence usable match
Els Aarne,Els Aarne,44a9a8d8-8cf8-454a-a8bc-2ab06e428657,EE,Person,Estonian composer,auto_accept,Ukraine,Makiivka,Estonia,Q453545,https://en.wikipedia.org/wiki/Els_Aarne,True,Included: original match was auto_accept.,original_usable,Original high-confidence usable match
Jack Delano,Jack Delano,83b7f1f8-233c-4f1e-aa42-486d52b87276,US,Person,,auto_accept,Ukraine,Voroshylivka,United States,Q639121,https://en.wikipedia.org/wiki/Jack_Delano,True,Included: original match was auto_accept.,original_usable,Original high-confidence usable match
Leonid Nikolayev,Leonid Nikolayev,b76c1fe9-1f8d-4a3c-9790-7f0bc6d42737,RU,Person,"pianist, conductor, composer",auto_accept,Ukraine,Kyiv,Russian Empire,Q2023778,https://en.wikipedia.org/wiki/Leonid_Nikolayev_(pianist),True,Included: original match was auto_accept.,original_usable,Original high-confidence usable match
Leo Sirota,Leo Sirota,d94fa163-90b0-450d-9abc-de462b63a081,US,Person,,auto_accept,Ukraine,Kamianets-Podilskyi,Kyiv,Q1037441,https://en.wikipedia.org/wiki/Leo_Sirota,True,Included: original match was auto_accept.,original_usable,Original high-confidence usable match
Olha Bezsmertna,Olga Bezsmertna,46334952-9b6b-4c9b-b424-0c57e9453fa2,UA,Person,soprano,auto_accept,Ukraine,Bohuslav,Ukraine,Q20631407,https://en.wikipedia.org/wiki/Olga_Bezsmertna,True,Included: original match was auto_accept.,original_usable,Original high-confidence usable match
Marek Weber,Marek Weber,7591640c-968e-42bf-9e4e-6cbce12352e6,DE,Person,,auto_accept,Ukraine,Lviv,Austria–Hungary,Q78127,https://en.wikipedia.org/wiki/Marek_Weber,True,Included: original match was auto_accept.,original_usable,Original high-confidence usable match
Anna Asti,ANNA ASTI,b934679c-d157-4d13-8618-6c21d212438d,RU,Person,,auto_accept,Ukraine,Cherkasy,Russia,Q107646300,https://en.wikipedia.org/wiki/Anna_Asti,True,Included: original match was auto_accept.,original_usable,Original high-confidence usable match
Leon Belasco,Leon Belasco,8e0c4138-81cc-47ac-8c23-d62283a2b844,US,Person,Russian-American musician and actor,auto_accept,Ukraine,Odesa,United States,Q6524510,https://en.wikipedia.org/wiki/Leon_Belasco,True,Included: original match was auto_accept.,original_usable,Original high-confidence usable match
Victoria Petryk,Victoria Petryk,d4bdd9c7-2100-48a1-bf15-c0f543c64bad,UA,Person,"Ukranian singer, JESC 2008 runner-up",auto_accept,Ukraine,Odesa,Ukraine,Q166661,https://en.wikipedia.org/wiki/Viktoria_Petryk,True,Included: original match was auto_accept.,original_usable,Original high-confidence usable match
Joseph Schillinger,Joseph Schillinger,a92e8422-23a3-4210-bdac-a194b9f1755e,US,Person,,auto_accept,Ukraine,Kharkiv,Soviet Union,Q510906,https://en.wikipedia.org/wiki/Joseph_Schillinger,True,Included: original match was auto_accept.,original_usable,Original high-confidence usable match
Isydor Vorobkevych,Sydir Vorobkevych,dbd0709c-ad57-4bf2-b62f-b37b1cbbc002,UA,Person,,auto_accept,Ukraine,Chernivtsi,Austrian Empire,Q695400,https://en.wikipedia.org/wiki/Sydir_Vorobkevych,True,Included: original match was auto_accept.,original_usable,Original high-confidence usable match
Juliusz Zarębski,Juliusz Zarębski,722feabb-7453-4484-bee9-f519719e83d9,PL,Person,Polish composer and pianist,auto_accept,Ukraine,Zhytomyr,Poland,Q1245120,https://en.wikipedia.org/wiki/Juliusz_Zar%C4%99bski,True,Included: original match was auto_accept.,original_usable,Original high-confidence usable match
Viktoriya Yermolyeva,Vika Yermolyeva,59feafb2-48ef-436f-afac-c6c89be9972d,UA,Person,,auto_accept,Ukraine,Kyiv,Ukraine,Q441126,https://en.wikipedia.org/wiki/Viktoriya_Yermolyeva,True,Included: original match was auto_accept.,original_usable,Original high-confidence usable match
Art Hodes,Art Hodes,913e5c9f-7ea0-44e3-a3cb-38a9962715ba,,Person,,auto_accept,Ukraine,Mykolaiv,United States,Q705580,https://en.wikipedia.org/wiki/Art_Hodes,True,Included: original match was auto_accept.,original_usable,Original high-confidence usable match
Stefan Askenase,Stefan Askenase,c6cf542a-1637-4fad-9994-f1e978b824a5,PL,Person,Polish-Belgian pianist,auto_accept,Ukraine,Lviv,Belgium,Q588354,https://en.wikipedia.org/wiki/Stefan_Askenase,True,Included: original match was auto_accept.,original_usable,Original high-confidence usable match
Louis Krasner,Louis Krasner,3e55aba0-b591-4943-9f14-cb8fede63031,US,Person,,auto_accept,Ukraine,Cherkasy,United States,Q2655660,https://en.wikipedia.org/wiki/Louis_Krasner,True,Included: original match was auto_accept.,original_usable,Original high-confidence usable match
Delfina Potocka,Delfina Potocka,b5fafffd-5606-4066-962f-5dbaf6f460aa,PL,Person,,auto_accept,Ukraine,Murovani Kurylivtsi,Poland,Q3021581,https://en.wikipedia.org/wiki/Delfina_Potocka,True,Included: original match was auto_accept.,original_usable,Original high-confidence usable match
Filaret Kolessa,Filaret Kolessa,c3b65019-1a56-4cc3-bfd9-05b248670e4f,UA,Person,,auto_accept,Ukraine,Stryi,Austria–Hungary,Q4227870,https://en.wikipedia.org/wiki/Filaret_Kolessa,True,Included: original match was auto_accept.,original_usable,Original high-confidence usable match
Józef Koffler,Józef Koffler,7928e584-ee78-4666-8a9d-7d5614e4a550,PL,Person,,auto_accept,Ukraine,Stryi,Second Polish Republic,Q655026,https://en.wikipedia.org/wiki/J%C3%B3zef_Koffler,True,Included: original match was auto_accept.,original_usable,Original high-confidence usable match
Denis Stoff,Denis Stoff,dd28a1a0-1980-4860-a1ff-4712e2c0c3fd,UA,Person,,auto_accept,Ukraine,Khartsyzk,Ukraine,Q19817030,https://en.wikipedia.org/wiki/Denis_Stoff,True,Included: original match was auto_accept.,original_usable,Original high-confidence usable match
Kirill Karabits,Kirill Karabits,15fb1034-680b-4f23-aba7-0218ff1a3fa3,UA,Person,conductor,auto_accept,Ukraine,Kyiv,Ukraine,Q6415231,https://en.wikipedia.org/wiki/Kirill_Karabits,True,Included: original match was auto_accept.,original_usable,Original high-confidence usable match
Oleksandr Polozhynskyi,Oleksandr Polozhynskyi,be7622e0-ac28-4970-b93f-07c7b539a137,,Person,,auto_accept,Ukraine,Lutsk,Soviet Union,Q11801469,https://en.wikipedia.org/wiki/Oleksandr_Polozhynskyi,True,Included: original match was auto_accept.,original_usable,Original high-confidence usable match
Dajos Béla,Dajos Béla,34ca6f4b-365f-4dc5-a8cf-5f39a35de42b,,Person,,auto_accept,Ukraine,Kyiv,Berlin,Q78124,https://en.wikipedia.org/wiki/Dajos_B%C3%A9la,True,Included: original match was auto_accept.,original_usable,Original high-confidence usable match
Ādolfs Skulte,Ādolfs Skulte,be18c90a-adee-40a4-9bff-216839135780,LV,Person,,auto_accept,Ukraine,Kyiv,Latvia,Q336037,https://en.wikipedia.org/wiki/%C4%80dolfs_Skulte,True,Included: original match was auto_accept.,original_usable,Original high-confidence usable match
Roman Palester,Roman Palester,c77f8c74-85fc-4c0d-b769-40df9e312fb7,PL,Person,,auto_accept,Ukraine,Sniatyn,Poland,Q460721,https://en.wikipedia.org/wiki/Roman_Palester,True,Included: original match was auto_accept.,original_usable,Original high-confidence usable match
Bogusław Schaeffer,Bogusław Schaeffer,3ba37600-ef36-4aae-a095-89a3c4234173,PL,Person,,auto_accept,Ukraine,Lviv,Kraków,Q465396,https://en.wikipedia.org/wiki/Bogus%C5%82aw_Schaeffer,True,Included: original match was auto_accept.,original_usable,Original high-confidence usable match
Mischa Levitzki,Mischa Levitzki,9517a495-9ce0-4e6f-b5e8-56572723ea62,US,Person,,auto_accept,Ukraine,Kremenchuk,United States,Q506276,https://en.wikipedia.org/wiki/Mischa_Levitzki,True,Included: original match was auto_accept.,original_usable,Original high-confidence usable match
Alexander Uninsky,Alexander Uninsky,5d106e98-86bb-458a-bedb-751c43b248bb,US,Person,American pianist,auto_accept,Ukraine,Kyiv,Russian Empire,Q931199,https://en.wikipedia.org/wiki/Alexander_Uninsky,True,Included: original match was auto_accept.,original_usable,Original high-confidence usable match
Nikolai Dahl,Nikolai Dahl,f9fb846e-8506-4454-ae5a-94abd340add0,RU,Person,,auto_accept,Ukraine,Kherson,Russian Empire,Q2439764,https://en.wikipedia.org/wiki/Nikolai_Dahl,True,Included: original match was auto_accept.,original_usable,Original high-confidence usable match
Klavdia Petrivna,Klavdia Petrivna,8b064dd8-e707-41d6-b9db-e4d14d7dc4a7,UA,Person,,auto_accept,Ukraine,Hirne,Ukraine,Q123117464,https://en.wikipedia.org/wiki/Klavdia_Petrivna,True,Included: original match was auto_accept.,original_usable,Original high-confidence usable match
Alexey Retinsky,Alexey Retinsky,8d09c412-622e-44b6-a181-0c422429c56b,,Person,,auto_accept,Ukraine,Simferopol,Austria,Q4393696,https://en.wikipedia.org/wiki/Alexey_Retinsky,True,Included: original match was auto_accept.,original_usable,Original high-confidence usable match
Hanna Havrylets,Hanna Havrylets,2872267b-ab35-48eb-9f1b-878e74f0c165,UA,Person,composer,auto_accept,Ukraine,Vydyniv,Soviet Union,Q5648689,https://en.wikipedia.org/wiki/Hanna_Havrylets,True,Included: original match was auto_accept.,original_usable,Original high-confidence usable match
Alloise,Alloise,a7ee0f9b-8527-417f-9082-abb10574ae0a,UA,Person,,auto_accept,Ukraine,Poltava,Ukraine,Q18235061,https://en.wikipedia.org/wiki/Alloise,True,Included: original match was auto_accept.,original_usable,Original high-confidence usable match
Zofia Lissa,Zofia Lissa,a6ac93de-36ca-42e2-b528-82d799c7c0a3,PL,Person,musicologist,auto_accept,Ukraine,Lviv,Poland,Q218308,https://en.wikipedia.org/wiki/Zofia_Lissa,True,Included: original match was auto_accept.,original_usable,Original high-confidence usable match
L. Wolfe Gilbert,L. Wolfe Gilbert,b9640354-c80b-4fe7-ab2c-7b5c68674157,US,Person,,auto_accept,Ukraine,Odesa,United States,Q329358,https://en.wikipedia.org/wiki/L._Wolfe_Gilbert,True,Included: original match was auto_accept.,original_usable,Original high-confidence usable match
Lee Altus,Lee Altus,e1028d08-7ef0-4314-9790-a45467cfe685,US,Person,,auto_accept,Ukraine,Odesa,United States,Q361721,https://en.wikipedia.org/wiki/Lee_Altus,True,Included: original match was auto_accept.,original_usable,Original high-confidence usable match
Sebastian z Felsztyna,Sebastian z Felsztyna,c6ddce9f-7feb-4a89-9c80-bafb42ae5575,PL,Person,,auto_accept,Ukraine,Skelivka,Poland,Q163833,https://en.wikipedia.org/wiki/Sebastian_z_Felsztyna,True,Included: original match was auto_accept.,original_usable,Original high-confidence usable match
Achilles Alferaki,Achilles Alferaki,97ca1418-e5b0-415c-9a01-1cdb29484c8f,RU,Person,,auto_accept,Ukraine,Kharkiv,Russian Empire,Q340294,https://en.wikipedia.org/wiki/Achilles_Alferaki,True,Included: original match was auto_accept.,original_usable,Original high-confidence usable match
Gavriil Musicescu,Gavriil Musicescu,50cc1a56-53de-42bf-a4bc-21402f43ce61,RO,Person,,auto_accept,Ukraine,Izmail,Kingdom of Romania,Q459023,https://en.wikipedia.org/wiki/Gavriil_Musicescu,True,Included: original match was auto_accept.,original_usable,Original high-confidence usable match
Lew Brown,Lew Brown,4d8cacfc-145e-42db-b779-f285898a455b,US,Person,,auto_accept,Ukraine,Odesa,United States,Q4096110,https://en.wikipedia.org/wiki/Lew_Brown,True,Included: original match was auto_accept.,original_usable,Original high-confidence usable match
Bolesław Woytowicz,Bolesław Woytowicz,d815bb9f-b755-447a-87d9-cd05b30553ef,PL,Person,pianist / composer,auto_accept,Ukraine,Dunaivtsi,Poland,Q891327,https://en.wikipedia.org/wiki/Boles%C5%82aw_Woytowicz,True,Included: original match was auto_accept.,original_usable,Original high-confidence usable match
Naftule Brandwein,Naftule Brandwein,465c9697-ff9c-4651-9cc5-9db662ff3f1e,US,Person,,auto_accept,Ukraine,Peremyshliany,Austria–Hungary,Q1351126,https://en.wikipedia.org/wiki/Naftule_Brandwein,True,Included: original match was auto_accept.,original_usable,Original high-confidence usable match
Thomas de Hartmann,Thomas de Hartmann,1e52f345-e76e-4b3c-898e-f8b043781e0a,RU,Person,,auto_accept,Ukraine,Choruživka,Russian Empire,Q1382528,https://en.wikipedia.org/wiki/Thomas_de_Hartmann,True,Included: original match was auto_accept.,original_usable,Original high-confidence usable match
Yaktak,YAKTAK,7fba4b11-78b3-4722-8d51-cf8b1c3abc58,UA,Person,Ukrainian singer,auto_accept,Ukraine,Stara Vyzhivka,Ukraine,Q110246609,https://en.wikipedia.org/wiki/Yaktak,True,Included: original match was auto_accept.,original_usable,Original high-confidence usable match
Lubka Kolessa,Lubka Kolessa,37a4e0e7-ed24-454d-8766-a766eba6580b,CA,Person,pianist,auto_accept,Ukraine,Lviv,Canada,Q274423,https://en.wikipedia.org/wiki/Lubka_Kolessa,True,Included: original match was auto_accept.,original_usable,Original high-confidence usable match
Józef Turczyński,Józef Turczyński,5dc618da-6e5d-44b5-abe6-5fd6fc575180,PL,Person,pianist,auto_accept,Ukraine,Zhytomyr,Poland,Q2089975,https://en.wikipedia.org/wiki/J%C3%B3zef_Turczy%C5%84ski,True,Included: original match was auto_accept.,original_usable,Original high-confidence usable match
Liudmyla Monastyrska,Liudmyla Monastyrska,e9b5dde9-6750-4f22-a543-681255475f88,UA,Person,soprano,auto_accept,Ukraine,Irkliiv,Ukraine,Q6654017,https://en.wikipedia.org/wiki/Liudmyla_Monastyrska,True,Included: original match was auto_accept.,original_usable,Original high-confidence usable match
Nina Koshetz,Nina Koshetz,09f02025-e044-4e2b-bf9e-dfb4a020acac,US,Person,,auto_accept,Ukraine,Kyiv,Russian Empire,Q7037999,https://en.wikipedia.org/wiki/Nina_Koshetz,True,Included: original match was auto_accept.,original_usable,Original high-confidence usable match
Emil Cooper,Emil Cooper,e03d4544-92c1-48f5-997e-17c1fa49b11a,RU,Person,"aka Emil Kuper, conductor",auto_accept,Ukraine,Kherson,Russian Empire,Q2023664,https://en.wikipedia.org/wiki/Emil_Cooper,True,Included: original match was auto_accept.,original_usable,Original high-confidence usable match
EeOneGuy,Eeoneguy,c7873309-6e58-4147-800f-4b470c9211c7,,,,auto_accept,Ukraine,Hannivka,Ukraine,Q24088965,https://en.wikipedia.org/wiki/EeOneGuy,True,Included: original match was auto_accept.,original_usable,Original high-confidence usable match
Alan Schneider,Alan Schneider,680eb5c4-ce98-40e4-a6b0-f8d147b0e99a,,Person,producer,auto_accept,Ukraine,Kharkiv,United States,Q575443,https://en.wikipedia.org/wiki/Alan_Schneider,True,Included: original match was auto_accept.,original_usable,Original high-confidence usable match
Jo Swerling,Jo Swerling,517166c1-dcbf-4008-aeb9-b2043e87b00b,US,Person,,auto_accept,Ukraine,Berdychiv,United States,Q369404,https://en.wikipedia.org/wiki/Jo_Swerling,True,Included: original match was auto_accept.,original_usable,Original high-confidence usable match
Zdzisław Jachimecki,Zdzisław Jachimecki,bde4522f-05e3-4543-b260-a0926ea497d7,PL,Person,,auto_accept,Ukraine,Lviv,Poland,Q169249,https://en.wikipedia.org/wiki/Zdzis%C5%82aw_Jachimecki,True,Included: original match was auto_accept.,original_usable,Original high-confidence usable match
Norbert Glanzberg,Norbert Glanzberg,343995f5-cc3f-4175-a7b4-b86282f3b3c1,FR,Person,,auto_accept,Ukraine,Rohatyn,Austria–Hungary,Q213834,https://en.wikipedia.org/wiki/Norbert_Glanzberg,True,Included: original match was auto_accept.,original_usable,Original high-confidence usable match
Lazare Saminsky,Lazare Saminsky,a89abf2e-9391-4ba2-a584-51bc0f176ed2,US,Person,Russian-American composer,auto_accept,Ukraine,Dolynske,Russian Empire,Q969499,https://en.wikipedia.org/wiki/Lazare_Saminsky,True,Included: original match was auto_accept.,original_usable,Original high-confidence usable match
Marcin Leopolita,Marcin Leopolita,ceed16ce-9371-40a8-85de-1a037eb59aa5,PL,Person,,auto_accept,Ukraine,Lviv,Polish–Lithuanian Commonwealth,Q954206,https://en.wikipedia.org/wiki/Marcin_Leopolita,True,Included: original match was auto_accept.,original_usable,Original high-confidence usable match
Tadeusz Szeligowski,Tadeusz Szeligowski,cb4557c0-8583-4171-b78e-6df480bbdc62,PL,Person,,auto_accept,Ukraine,Lviv,Poland,Q964782,https://en.wikipedia.org/wiki/Tadeusz_Szeligowski,True,Included: original match was auto_accept.,original_usable,Original high-confidence usable match
Sholom Secunda,Sholom Secunda,1938ef95-a40c-4db0-a1a3-723769d6c437,US,Person,,auto_accept,Ukraine,Oleksandriia,Russian Empire,Q947698,https://en.wikipedia.org/wiki/Sholom_Secunda,True,Included: original match was auto_accept.,original_usable,Original high-confidence usable match
SadSvit,SadSvit,c10e6aa5-afd0-464a-95b9-8022c050cb31,UA,Person,,auto_accept,Ukraine,Ivano-Frankivsk,Ukraine,Q114527926,https://en.wikipedia.org/wiki/SadSvit,True,Included: original match was auto_accept.,original_usable,Original high-confidence usable match
Constantin Regamey,Constantin Régamey,196e97eb-ba27-4601-a08b-ec5a80d24fb5,PL,Person,,auto_accept,Ukraine,Kyiv,Poland,Q2995022,https://en.wikipedia.org/wiki/Constantin_Regamey,True,Included: original match was auto_accept.,original_usable,Original high-confidence usable match
Vadym Kholodenko,Vadym Kholodenko,93c75877-c152-4b49-b070-46ef20cd6f11,UA,Person,pianist,auto_accept,Ukraine,Kyiv,Ukraine,Q4499275,https://en.wikipedia.org/wiki/Vadym_Kholodenko,True,Included: original match was auto_accept.,original_usable,Original high-confidence usable match
Ruth Rubin,Ruth Rubin,63a154f1-ebb0-4962-9252-3863f8f43e0a,CA,Person,,auto_accept,Ukraine,Khotyn,Canada,Q50281375,https://en.wikipedia.org/wiki/Ruth_Rubin,True,Included: original match was auto_accept.,original_usable,Original high-confidence usable match
Tossy Spivakovsky,Tossy Spivakovsky,617334ff-d6ba-43cd-bb18-f29447c91c46,RU,Person,violinist,auto_accept,Ukraine,Odesa,Berlin,Q4431189,https://en.wikipedia.org/wiki/Tossy_Spivakovsky,True,Included: original match was auto_accept.,original_usable,Original high-confidence usable match
Anastasiya Petryshak,Anastasiya Petryshak,faf537b9-5c3d-463c-9560-794d4b0bf7cd,UA,Person,violinist,auto_accept,Ukraine,Ivano-Frankivsk,Ukraine,Q20671910,https://en.wikipedia.org/wiki/Anastasiya_Petryshak,True,Included: original match was auto_accept.,original_usable,Original high-confidence usable match
Zara Levina,Zara Levina,e6e40d4a-ecd6-4a35-a028-f4420bcaddbe,UA,Person,Soviet composer and pianist,auto_accept,Ukraine,Simferopol,Soviet Union,Q385608,https://en.wikipedia.org/wiki/Zara_Levina,True,Included: original match was auto_accept.,original_usable,Original high-confidence usable match
Elżbieta Sikora,Elżbieta Sikora,7c6c2147-07d0-4b05-a905-c6e528c28dda,FR,Person,,auto_accept,Ukraine,Lviv,Paris,Q434549,https://en.wikipedia.org/wiki/El%C5%BCbieta_Sikora,True,Included: original match was auto_accept.,original_usable,Original high-confidence usable match
Ben-Zion Witler,Benzion Witler,edc3b34a-e886-474d-84c2-01018212994b,US,Person,,auto_accept,Ukraine,Belz,Galicia,Q4885170,https://en.wikipedia.org/wiki/Ben-Zion_Witler,True,Included: original match was auto_accept.,original_usable,Original high-confidence usable match
Zavel Kwartin,Zavel Kwartin,9ece74f0-993b-47d4-9aaa-11ea206e18e6,US,Person,,auto_accept,Ukraine,Novoarkhanhelsk,United States,Q623243,https://en.wikipedia.org/wiki/Zavel_Kwartin,True,Included: original match was auto_accept.,original_usable,Original high-confidence usable match
Vitalij Kuprij,Vitalij Kuprij,0bbadaa0-1ca7-42b3-8c6a-c6cf2f02eb8b,US,Person,,auto_accept,Ukraine,Kyiv,Ukraine,Q846111,https://en.wikipedia.org/wiki/Vitalij_Kuprij,True,Included: original match was auto_accept.,original_usable,Original high-confidence usable match
Ludwig Rottenberg,Ludwig Rottenberg,d2487c95-4c0c-4136-998b-52aff6a212d4,AT,Person,,auto_accept,Ukraine,Chernivtsi,Austria,Q872179,https://en.wikipedia.org/wiki/Ludwig_Rottenberg,True,Included: original match was auto_accept.,original_usable,Original high-confidence usable match
Nikolai Sokoloff,Nikolai Sokoloff,bcc9a4f9-affb-47f3-bcc1-102b21255804,US,Person,US-Ukrainian conductor,auto_accept,Ukraine,Kyiv,United States,Q2080502,https://en.wikipedia.org/wiki/Nikolai_Sokoloff,True,Included: original match was auto_accept.,original_usable,Original high-confidence usable match
Mark Kopytman,Mark Kopytman,e4ac4a37-aae3-418f-a635-09856fe7fd7a,IL,Person,,auto_accept,Ukraine,Kamianets-Podilskyi,Israel,Q2450868,https://en.wikipedia.org/wiki/Mark_Kopytman,True,Included: original match was auto_accept.,original_usable,Original high-confidence usable match
Kola,KOLA,fc70c49c-6e2c-4f7f-9aab-24bf36770952,UA,Person,Ukrainian singer,auto_accept,Ukraine,Kharkiv,Ukraine,Q114891075,https://en.wikipedia.org/wiki/Kola_(singer),True,Included: original match was auto_accept.,original_usable,Original high-confidence usable match
Irina Zaritskaya,Irina Zaritzkaya,d20f2653-1ed0-407c-b081-c6285edfbe84,UA,Person,pianist,auto_accept,Ukraine,Kyiv,Ukraine,Q3389363,https://en.wikipedia.org/wiki/Irina_Zaritskaya,True,Included: original match was auto_accept.,original_usable,Original high-confidence usable match
Toscha Seidel,Toscha Seidel,1d714761-e352-4c3e-85a2-9ae4a5e2be00,RU,Person,,auto_accept,Ukraine,Odesa,United States,Q4184265,https://en.wikipedia.org/wiki/Toscha_Seidel,True,Included: original match was auto_accept.,original_usable,Original high-confidence usable match
Olga Mykytenko,Olga Mykytenko,64c6258c-d104-4655-9718-d0a8d3ad2436,UA,Person,soprano,auto_accept,Ukraine,Zhytomyr,Ukraine,Q1277817,https://en.wikipedia.org/wiki/Olga_Mykytenko,True,Included: original match was auto_accept.,original_usable,Original high-confidence usable match
Gershon Sirota,Gershon Sirota,5cff05c7-7577-45e3-9e18-402f78a6e68f,PL,Person,,auto_accept,Ukraine,Haisyn,Haisyn,Q2915432,https://en.wikipedia.org/wiki/Gershon_Sirota,True,Included: original match was auto_accept.,original_usable,Original high-confidence usable match
Dalia Stasevska,Dalia Stasevska,b8eb520f-7dcd-4c3a-aa95-d7804427deba,FI,Person,conductor,auto_accept,Ukraine,Kyiv,Helsinki,Q18421683,https://en.wikipedia.org/wiki/Dalia_Stasevska,True,Included: original match was auto_accept.,original_usable,Original high-confidence usable match
Rezz,REZZ,2eaf4267-4dd6-412a-9bb0-596afb90215b,CA,Person,EDM producer Isabelle Rezazadeh,auto_accept,Ukraine,Ukraine,Canada,Q35487701,https://en.wikipedia.org/wiki/Rezz,True,Included: original match was auto_accept.,original_usable,Original high-confidence usable match
Miss Monique,Miss Monique,167f05d9-c9d2-48b5-977d-98d7c78834f8,,Person,Ukrainian trance artist Alesia Arkusha,auto_accept,Ukraine,Kropyvnytskyi,Lisbon,Q111208579,https://en.wikipedia.org/wiki/Miss_Monique,True,Included: original match was auto_accept.,original_usable,Original high-confidence usable match
Ireesha,Ireesha,3f4dce07-7b87-437e-ab72-50e35d48cb48,UA,Person,,auto_accept,Ukraine,Kyiv,Soviet Union,Q1274170,https://en.wikipedia.org/wiki/Iryna_Blokhina,True,Included: original match was auto_accept.,original_usable,Original high-confidence usable match
Sidi Tal,Sidi Tal,2c18b93b-1e20-462d-85a7-6981c4e74d30,,Person,,auto_accept,Ukraine,Chernivtsi,Austria–Hungary,Q4450651,https://en.wikipedia.org/wiki/Sidi_Tal,True,Included: original match was auto_accept.,original_usable,Original high-confidence usable match
Valeriy Sokolov,Valeriy Sokolov,55a4085c-be04-4eb3-8b5e-70dc03ae0c8d,DE,Person,violinist,auto_accept,Ukraine,Kharkiv,Ukraine,Q1378764,https://en.wikipedia.org/wiki/Valeriy_Sokolov,True,Included: original match was auto_accept.,original_usable,Original high-confidence usable match
Jonasz Kofta,Jonasz Kofta,78016b0c-199d-4dba-9727-b970401af4e7,PL,Person,,auto_accept,Ukraine,Mizoch,Poland,Q278002,https://en.wikipedia.org/wiki/Jonasz_Kofta,True,Included: original match was auto_accept.,original_usable,Original high-confidence usable match
Al Sherman,Al Sherman,8fd502d1-eef3-4962-a478-9cb229bd8f63,US,Person,jazz trombone,auto_accept,Ukraine,Kyiv,United States,Q1260972,https://en.wikipedia.org/wiki/Al_Sherman,True,Included: original match was auto_accept.,original_usable,Original high-confidence usable match
Nicholas Brodzsky,Nicholas Brodzsky,3d361dba-4b1f-41b6-a56d-b5a116278d20,UA,Person,,auto_accept,Ukraine,Odesa,Hungary,Q1991393,https://en.wikipedia.org/wiki/Nicholas_Brodszky,True,Included: original match was auto_accept.,original_usable,Original high-confidence usable match
Mikhail Goldstein,Mikhail Goldstein,e177d716-4230-4826-a7de-c400f7d94838,UA,Person,Soviet composer and violinist,auto_accept,Ukraine,Odesa,Germany,Q478325,https://en.wikipedia.org/wiki/Mikhail_Goldstein,True,Included: original match was auto_accept.,original_usable,Original high-confidence usable match
Krystyna Moszumańska-Nazar,Krystyna Moszumańska-Nazar,f7346750-6002-4018-a14e-7117a50df208,PL,Person,,auto_accept,Ukraine,Lviv,Poland,Q519116,https://en.wikipedia.org/wiki/Krystyna_Moszuma%C5%84ska-Nazar,True,Included: original match was auto_accept.,original_usable,Original high-confidence usable match
Francesco Pollini,Francesco Pollini,7d1195c1-ca0f-47fb-9607-bb62126e596b,,Person,Austrian-Roman musician,auto_accept,Ukraine,Lubiana,Austrian Empire,Q1351579,https://en.wikipedia.org/wiki/Francesco_Pollini,True,Included: original match was auto_accept.,original_usable,Original high-confidence usable match
Sasha Boole,Sasha Boole,6124caab-e837-40c7-94e5-33621ef09d63,UA,Person,,auto_accept,Ukraine,Zhytomyr,Ukraine,Q28919523,https://en.wikipedia.org/wiki/Sasha_Boole,True,Included: original match was auto_accept.,original_usable,Original high-confidence usable match
Adolph Baller,Adolph Baller,6e54f4c6-faa9-4eb8-afc5-7a65e9a87719,US,Person,pianist,auto_accept,Ukraine,Brody,Austria,Q86412,https://en.wikipedia.org/wiki/Adolph_Baller,True,Included: original match was auto_accept.,original_usable,Original high-confidence usable match
Oleksandr Shchetynsky,Alexander Shchetynsky,c5abdcf1-60ef-4f0d-a4d1-dee6bd595def,UA,Person,,auto_accept,Ukraine,Kharkiv,Soviet Union,Q2033246,https://en.wikipedia.org/wiki/Alexander_Shchetynsky,True,Included: original match was auto_accept.,original_usable,Original high-confidence usable match
Jan Kleczyński,Jan Kleczyński,fd92d5d9-80e8-4309-ab98-f91351885b7a,PL,Person,,auto_accept,Ukraine,Ivanychi,Congress Poland,Q2080097,https://en.wikipedia.org/wiki/Jan_Kleczy%C5%84ski_Sr.,True,Included: original match was auto_accept.,original_usable,Original high-confidence usable match
Anatole Fistoulari,Anatole Fistoulari,8967f5da-ab20-4eb8-a00d-1855f9110f58,GB,Person,conductor,auto_accept,Ukraine,Kyiv,United Kingdom,Q487710,https://en.wikipedia.org/wiki/Anatole_Fistoulari,True,Included: original match was auto_accept.,original_usable,Original high-confidence usable match
Oleg Maisenberg,Oleg Maisenberg,aca97bb9-e249-4fe1-8615-72373798154d,RU,Person,pianist,auto_accept,Ukraine,Odesa,Austria,Q685169,https://en.wikipedia.org/wiki/Oleg_Maisenberg,True,Included: original match was auto_accept.,original_usable,Original high-confidence usable match
Charlie Spivak,Charlie Spivak,a18c050d-b706-441f-924c-ef0ce253b588,US,Person,,auto_accept,Ukraine,Kyiv,United States,Q2645829,https://en.wikipedia.org/wiki/Charlie_Spivak,True,Included: original match was auto_accept.,original_usable,Original high-confidence usable match
Alexander Gavrylyuk,Alexander Gavrylyuk,d80dd951-8c3b-4efb-8196-e44b410f7616,AU,Person,pianist,auto_accept,Ukraine,Kharkiv,Australia,Q2082375,https://en.wikipedia.org/wiki/Alexander_Gavrylyuk,True,Included: original match was auto_accept.,original_usable,Original high-confidence usable match
Albert Markov,Albert Markov,128f928c-6450-4f87-9e16-30ab099aa253,US,Person,violinist,auto_accept,Ukraine,Kharkiv,Soviet Union,Q2831383,https://en.wikipedia.org/wiki/Albert_Markov,True,Included: original match was auto_accept.,original_usable,Original high-confidence usable match
Alexander Abramsky,Alexander Abramsky,0cb682d0-3304-46bb-bf6d-1051c00077fd,RU,Person,,auto_accept,Ukraine,Lutsk,Russian Empire,Q2833392,https://en.wikipedia.org/wiki/Alexander_Abramsky,True,Included: original match was auto_accept.,original_usable,Original high-confidence usable match
Yul Brynner,Yul Brynner,7a25c6af-0ff3-4e2a-81aa-795191a1fe86,US,Person,,auto_accept,Russia,Vladivostok,Far Eastern Republic,Q102813,https://en.wikipedia.org/wiki/Yul_Brynner,True,Included: original match was auto_accept.,original_usable,Original high-confidence usable match
Irving Berlin,Irving Berlin,5e645519-a175-4fe0-9a9b-eb9dc9f506b5,US,Person,,auto_accept,Russia,Tyumen,New York City,Q128746,https://en.wikipedia.org/wiki/Irving_Berlin,True,Included: original match was auto_accept.,original_usable,Original high-confidence usable match
Maria Zakharova,Maria Zakharova,2f34f5f5-8fd1-44ef-b3d8-e549c827eda4,,Person,,auto_accept,Russia,Moscow,Beijing,Q20812953,https://en.wikipedia.org/wiki/Maria_Zakharova,True,Included: original match was auto_accept.,original_usable,Original high-confidence usable match
Airat Ichmouratov,Airat Ichmouratov,ef6395f2-54b8-460e-9c5e-4fca2d1ceb94,CA,Person,,auto_accept,Russia,Kazan,Canada,Q21063940,https://en.wikipedia.org/wiki/Airat_Ichmouratov,True,Included: original match was auto_accept.,original_usable,Original high-confidence usable match
Armin Mueller-Stahl,Armin Mueller-Stahl,f61bb183-fde3-4d2e-9189-9e6ffe042fd0,DE,Person,,auto_accept,Russia,Sovetsk,German Democratic Republic,Q164117,https://en.wikipedia.org/wiki/Armin_Mueller-Stahl,True,Included: original match was auto_accept.,original_usable,Original high-confidence usable match
Tina Karol,Tina Karol,81fdd079-7d05-4ba4-8577-9500df6a8c4c,UA,Person,,auto_accept,Russia,Orotukan,Zazymia,Q229065,https://en.wikipedia.org/wiki/Tina_Karol,True,Included: original match was auto_accept.,original_usable,Original high-confidence usable match
Helene Fischer,Helene Fischer,167e1cd2-4a9e-4f34-bcda-2e0acf0a1797,DE,Person,,auto_accept,Russia,Krasnoyarsk,Inning am Ammersee,Q236549,https://en.wikipedia.org/wiki/Helene_Fischer,True,Included: original match was auto_accept.,original_usable,Original high-confidence usable match
George Sanders,George Sanders,fc85172e-fb31-48c2-abf1-89df7d8466b9,GB,Person,,auto_accept,Russia,Saint Petersburg,United Kingdom,Q296491,https://en.wikipedia.org/wiki/George_Sanders,True,Included: original match was auto_accept.,original_usable,Original high-confidence usable match
Zedd,Zedd,56c4b861-0922-4c3a-a9b9-3bfcb00f8274,DE,Person,Russian‐German producer,auto_accept,Russia,Saratov,Germany,Q21088,https://en.wikipedia.org/wiki/Zedd,True,Included: original match was auto_accept.,original_usable,Original high-confidence usable match
Alexander Alexandrov,Alexander Alexandrov,ed3ba141-b10c-45f2-a375-d362b511813e,,Person,bassoon,auto_accept,Russia,Plakhino,Russian Empire,Q319708,https://en.wikipedia.org/wiki/Alexander_Vasilyevich_Alexandrov,True,Included: original match was auto_accept.,original_usable,Original high-confidence usable match
Lena Katina,Lena Katina,5f46a984-294d-4d41-9055-0ef628c66f40,RU,Person,,auto_accept,Russia,Moscow,Russia,Q228826,https://en.wikipedia.org/wiki/Lena_Katina,True,Included: original match was auto_accept.,original_usable,Original high-confidence usable match
Regina Spektor,Regina Spektor,fbb375f9-48bb-4635-824e-4120273b3ba7,US,Person,,auto_accept,Russia,Moscow,New York City,Q229274,https://en.wikipedia.org/wiki/Regina_Spektor,True,Included: original match was auto_accept.,original_usable,Original high-confidence usable match
Julia Volkova,Julia Volkova,209bcf5b-552c-4a2a-8baa-cb490c1a4dfe,RU,Person,ex t.A.T.u,auto_accept,Russia,Moscow,Russia,Q228832,https://en.wikipedia.org/wiki/Julia_Volkova,True,Included: original match was auto_accept.,original_usable,Original high-confidence usable match
Vladimir Ashkenazy,Vladimir Ashkenazy,15a30428-87c4-455b-b7e8-71013237fea0,IS,Person,Russian‐Icelandic conductor and pianist,auto_accept,Russia,Nizhny Novgorod,Iceland,Q157785,https://en.wikipedia.org/wiki/Vladimir_Ashkenazy,True,Included: original match was auto_accept.,original_usable,Original high-confidence usable match
Eva Rivas,Eva Rivas,90549c78-e351-4205-af2a-c1d5c199dbd9,AM,Person,,auto_accept,Russia,Rostov-on-Don,Armenia,Q235880,https://en.wikipedia.org/wiki/Eva_Rivas,True,Included: original match was auto_accept.,original_usable,Original high-confidence usable match
Peter Nalitch,Peter Nalitch,481e697a-2f20-45ed-9f8b-8fed42e573a6,,Person,,auto_accept,Russia,Moscow,Russia,Q313217,https://en.wikipedia.org/wiki/Peter_Nalitch,True,Included: original match was auto_accept.,original_usable,Original high-confidence usable match
Aida Garifullina,Aida Garifullina,c573ad0f-b96b-430b-8568-421508a3c590,RU,Person,,auto_accept,Russia,Kazan,Austria,Q13203005,https://en.wikipedia.org/wiki/Aida_Garifullina,True,Included: original match was auto_accept.,original_usable,Original high-confidence usable match
Tanja Mihhailova-Saar,Tanja Mihhailova,8779914a-76f6-4148-bf96-ede9ff922114,EE,Person,,auto_accept,Russia,Kaliningrad,Estonia,Q7688162,https://en.wikipedia.org/wiki/Tanja_Mihhailova-Saar,True,Included: original match was auto_accept.,original_usable,Original high-confidence usable match
Edgar Froese,Edgar Froese,610a62e8-541b-42e4-a3fe-8dd595be93a8,DE,Person,,auto_accept,Russia,Sovetsk,Berlin,Q505957,https://en.wikipedia.org/wiki/Edgar_Froese,True,Included: original match was auto_accept.,original_usable,Original high-confidence usable match
MakSim,Maksim,f53b3e36-f4c9-4df4-88ae-99c741e12ef2,HR,Person,Croatian pianist Maksim Mrvica,auto_accept,Russia,Kazan,Russia,Q127252,https://en.wikipedia.org/wiki/MakSim,True,Included: original match was auto_accept.,original_usable,Original high-confidence usable match
Maxim Vengerov,Maxim Vengerov,e7aa41e4-23c2-48ef-a89c-89296edabf41,RU,Person,violinist,auto_accept,Russia,Novosibirsk,Germany,Q441388,https://en.wikipedia.org/wiki/Maxim_Vengerov,True,Included: original match was auto_accept.,original_usable,Original high-confidence usable match
Nikolay Ogarev,Nikolay Ogarev,f32ba9b9-4c49-48dd-ac4b-764d70d6c1eb,RU,Person,,auto_accept,Russia,Saint Petersburg,Russian Empire,Q374362,https://en.wikipedia.org/wiki/Nikolay_Ogarev,True,Included: original match was auto_accept.,original_usable,Original high-confidence usable match
Hans Pfitzner,Hans Pfitzner,15a0fda7-75dd-472b-8c51-6e78f99ac510,DE,Person,German composer,auto_accept,Russia,Moscow,Germany,Q57358,https://en.wikipedia.org/wiki/Hans_Pfitzner,True,Included: original match was auto_accept.,original_usable,Original high-confidence usable match
Yuri Shatunov,Yuri Shatunov,bcafe7d5-e13d-49d5-a311-425581cfa027,RU,Person,Proper translation available for setlist.fm,auto_accept,Russia,Kumertau,Moscow,Q2028076,https://en.wikipedia.org/wiki/Yuri_Shatunov,True,Included: original match was auto_accept.,original_usable,Original high-confidence usable match
Zara Dolukhanova,Zara Dolukhanova,3130e469-2ef7-46d6-a5bc-7732d0bb2739,SU,Person,Soviet Armenian mezzo-soprano singer,auto_accept,Russia,Moscow,Russia,Q4165121,https://en.wikipedia.org/wiki/Zara_Dolukhanova,True,Included: original match was auto_accept.,original_usable,Original high-confidence usable match
Morgenshtern,MORGENSHTERN,ae97ba5f-e7ed-4ed5-9a53-eba415fc49d4,,Person,"Russian youtuber, rapper",auto_accept,Russia,Ufa,Jerusalem,Q59194713,https://en.wikipedia.org/wiki/Morgenshtern,True,Included: original match was auto_accept.,original_usable,Original high-confidence usable match
Zara,Zara,f977f5e8-3901-4c61-8255-f73486ea5904,TR,Person,Turkish singer,auto_accept,Russia,Saint Petersburg,Russia,Q946406,https://en.wikipedia.org/wiki/Zara_(Russian_singer),True,Included: original match was auto_accept.,original_usable,Original high-confidence usable match
Olesya Rulin,Olesya Rulin,b9672bb9-4810-46a6-b442-b64211cca597,US,Person,,auto_accept,Russia,Moscow,Russia,Q233463,https://en.wikipedia.org/wiki/Olesya_Rulin,True,Included: original match was auto_accept.,original_usable,Original high-confidence usable match
Aiko,aiko,53e90c12-6ad0-4d1e-ad5b-f2e5d0059946,JP,Person,singer-songwriter Aiko Yanai,auto_accept,Russia,Moscow,Karlovy Vary,Q123775383,https://en.wikipedia.org/wiki/Aiko_(Czech_singer),True,Included: original match was auto_accept.,original_usable,Original high-confidence usable match
Georg Ots,Georg Ots,4ad0bad8-7ccd-497b-b064-13c8b3f5dbe6,EE,Person,,auto_accept,Russia,Saint Petersburg,Soviet Union,Q1280772,https://en.wikipedia.org/wiki/Georg_Ots,True,Included: original match was auto_accept.,original_usable,Original high-confidence usable match
Lidia Isac,Lidia Isac,7b634b56-c2c6-47ef-9c9e-a24edf5fd8cb,,Person,Russian born Moldovan singer,auto_accept,Russia,Saint Petersburg,Moldova,Q22964723,https://en.wikipedia.org/wiki/Lidia_Isac,True,Included: original match was auto_accept.,original_usable,Original high-confidence usable match
Maimuna,Maimuna,758c187b-a4c9-4c46-add2-a3852598be66,,Person,"Swiss? singer, Team Bassment",auto_accept,Russia,Saint Petersburg,Belarus,Q18676754,https://en.wikipedia.org/wiki/Maimuna,True,Included: original match was auto_accept.,original_usable,Original high-confidence usable match
Basta,Basta,dd4cb991-2f44-4690-bdfb-662df0e21b64,DE,Group,German a cappella quintet,auto_accept,Russia,Rostov-on-Don,Russia,Q3986754,https://en.wikipedia.org/wiki/Basta_(rapper),True,Included: original match was auto_accept.,original_usable,Original high-confidence usable match
Nicolas Slonimsky,Nicolas Slonimsky,5c1dcdc3-e583-4a2e-8c45-d6001353713e,US,Person,"musicologist, conductor, pianist and composer",auto_accept,Russia,Saint Petersburg,Russian Empire,Q555602,https://en.wikipedia.org/wiki/Nicolas_Slonimsky,True,Included: original match was auto_accept.,original_usable,Original high-confidence usable match
Zivert,Zivert,225712aa-699f-4e77-8547-93dfcdfa5666,RU,Person,,auto_accept,Russia,Moscow,Russia,Q62079006,https://en.wikipedia.org/wiki/Zivert,True,Included: original match was auto_accept.,original_usable,Original high-confidence usable match
Julius Krohn,Julius Krohn,6c482abe-a067-4504-9bf0-7e33348b9bd6,FI,Person,,auto_accept,Russia,Vyborg,Benigno Aquino III,Q1712767,https://en.wikipedia.org/wiki/Julius_Krohn,True,Included: original match was auto_accept.,original_usable,Original high-confidence usable match
Wladimir Kaminer,Wladimir Kaminer,779462a4-8142-4c25-b143-c5719d6371da,DE,Person,,auto_accept,Russia,Moscow,Berlin,Q76946,https://en.wikipedia.org/wiki/Wladimir_Kaminer,True,Included: original match was auto_accept.,original_usable,Original high-confidence usable match
Bob Martin,Bob Martin,0716f478-fdf8-4492-be63-55c8b443ecc0,US,Person,US folk singer-songwriter,auto_accept,Russia,Krasnoyarsk,Austria,Q217120,https://en.wikipedia.org/wiki/Bob_Martin_(singer),True,Included: original match was auto_accept.,original_usable,Original high-confidence usable match
John Kay,John Kay,0d833cff-1f5c-4684-8a4b-200bd96f814a,CA,Person,lead singer of Steppenwolf,auto_accept,Russia,Sovetsk,United States,Q63204,https://en.wikipedia.org/wiki/John_Kay_(musician),True,Included: original match was auto_accept.,original_usable,Original high-confidence usable match
Ekaterina Ryabova,Ekaterina Ryabova,a8712ff0-0152-4958-a60e-72e058c6e0da,RU,Person,Russian singer,auto_accept,Russia,Shchyolkovo,Russia,Q972840,https://en.wikipedia.org/wiki/Ekaterina_Ryabova_(singer),True,Included: original match was auto_accept.,original_usable,Original high-confidence usable match
Erkki Melartin,Erkki Melartin,5b3f4700-d190-4f70-8f36-9b68e76d9464,FI,Person,Finnish composer,auto_accept,Russia,Priozersk,Helsinki,Q534960,https://en.wikipedia.org/wiki/Erkki_Melartin,True,Included: original match was auto_accept.,original_usable,Original high-confidence usable match
Lazar Berman,Lazar Berman,b468084e-d9c2-4350-b85f-6aa81dc07538,RU,Person,pianist,auto_accept,Russia,Saint Petersburg,Italy,Q545764,https://en.wikipedia.org/wiki/Lazar_Berman,True,Included: original match was auto_accept.,original_usable,Original high-confidence usable match
Martti Talvela,Martti Talvela,837cdbca-b803-4ecf-adf2-c56020f78785,FI,Person,operatic bass,auto_accept,Russia,Khiytola,Berlin,Q470945,https://en.wikipedia.org/wiki/Martti_Talvela,True,Included: original match was auto_accept.,original_usable,Original high-confidence usable match
Nina Kraviz,Nina Kraviz,5dd3cf5b-474d-465a-a539-456d7e125ebc,RU,Person,Russian DJ,auto_accept,Russia,Irkutsk,Russia,Q14829032,https://en.wikipedia.org/wiki/Nina_Kraviz,True,Included: original match was auto_accept.,original_usable,Original high-confidence usable match
Vladimir Romashkin,Vladimir Romashkin,80c03495-914b-4834-92f9-f2d8c3b642c7,,Person,,auto_accept,Russia,Ichalki,Finland,Q4397499,https://en.wikipedia.org/wiki/Vladimir_Romashkin,True,Included: original match was auto_accept.,original_usable,Original high-confidence usable match
Marina Tchebourkina,Marina Tchebourkina,b070ee4d-a0be-4041-af52-d3c1174f55b6,FR,Person,organist,auto_accept,Russia,Moscow,Palace of Versailles,Q18522075,https://en.wikipedia.org/wiki/Marina_Tchebourkina,True,Included: original match was auto_accept.,original_usable,Original high-confidence usable match
Igor Presnyakov,Igor Presnyakov,d0f48c49-9c87-4466-a7d0-0dc62d02f649,NL,Person,,auto_accept,Russia,Moscow,Kingdom of the Netherlands,Q715626,https://en.wikipedia.org/wiki/Igor_Presnyakov,True,Included: original match was auto_accept.,original_usable,Original high-confidence usable match
Andrej Hoteev,Andrej Hoteev,f2b419d4-7f88-45df-83c4-3a5df2cef817,DE,Person,,auto_accept,Russia,Saint Petersburg,Germany,Q502063,https://en.wikipedia.org/wiki/Andrej_Hoteev,True,Included: original match was auto_accept.,original_usable,Original high-confidence usable match
Denis Matsuev,Denis Matsuev,981e0034-de98-4680-9822-9fc3eda40f04,RU,Person,pianist,auto_accept,Russia,Irkutsk,Moscow,Q739505,https://en.wikipedia.org/wiki/Denis_Matsuev,True,Included: original match was auto_accept.,original_usable,Original high-confidence usable match
Shlomo Mintz,Shlomo Mintz,e32e635d-ee6e-45c7-bcf3-aad9407dfefa,IL,Person,"violinist, violist and conductor",auto_accept,Russia,Moscow,Israel,Q470457,https://en.wikipedia.org/wiki/Shlomo_Mintz,True,Included: original match was auto_accept.,original_usable,Original high-confidence usable match
Ansa Ikonen,Ansa Ikonen,846a55d4-3994-4159-ad38-376188fb2684,FI,Person,Finnish film and theater actress,auto_accept,Russia,Saint Petersburg,Helsinki,Q4770489,https://en.wikipedia.org/wiki/Ansa_Ikonen,True,Included: original match was auto_accept.,original_usable,Original high-confidence usable match
Lera Auerbach,Lera Auerbach,7421b42f-0a7a-415b-80d6-2fb88a95743c,US,Person,,auto_accept,Russia,Chelyabinsk,Austria,Q241503,https://en.wikipedia.org/wiki/Lera_Auerbach,True,Included: original match was auto_accept.,original_usable,Original high-confidence usable match
Oxxxymiron,Oxxxymiron,fb2a8279-79cf-4849-b692-1ce674709159,GB,Person,Russian rapper,auto_accept,Russia,Saint Petersburg,Russia,Q4046107,https://en.wikipedia.org/wiki/Oxxxymiron,True,Included: original match was auto_accept.,original_usable,Original high-confidence usable match
Efrem Zimbalist,Efrem Zimbalist,030c725e-f671-4c35-b283-8690ba6f3c4e,RU,Person,,auto_accept,Russia,Rostov-on-Don,Russian Empire,Q614454,https://en.wikipedia.org/wiki/Efrem_Zimbalist,True,Included: original match was auto_accept.,original_usable,Original high-confidence usable match
George Avakian,George Avakian,a4f7c16a-77bf-433a-be6d-d91ae3b9a13f,US,Person,US 1940–90s record producer,auto_accept,Russia,Armavir,United States,Q1382368,https://en.wikipedia.org/wiki/George_Avakian,True,Included: original match was auto_accept.,original_usable,Original high-confidence usable match
Josef Lhévinne,Josef Lhévinne,cf2fc622-4455-4e4a-b711-d3d0f439dc71,RU,Person,pianist,auto_accept,Russia,Oryol,Berlin,Q951486,https://en.wikipedia.org/wiki/Josef_Lh%C3%A9vinne,True,Included: original match was auto_accept.,original_usable,Original high-confidence usable match
Shaman,Shaman,9ff3eacb-c52e-40c6-8f0d-b242b05061f0,BR,Group,progressive power-metal band from Brazil,auto_accept,Russia,Novomoskovsk,Russia,Q112996409,https://en.wikipedia.org/wiki/Shaman_(singer),True,Included: original match was auto_accept.,original_usable,Original high-confidence usable match
Dayana Kirillova,Dayana Kirillova,3b3b43d8-22e2-47bc-844d-030f860fed51,,,,auto_accept,Russia,Kazan,Russia,Q13423493,https://en.wikipedia.org/wiki/Dayana_Kirillova,True,Included: original match was auto_accept.,original_usable,Original high-confidence usable match
Polina Bogusevich,Polina Bogusevich,63de9e34-3e2e-472c-8573-40c69f63c62c,RU,Person,,auto_accept,Russia,Moscow,Russia,Q43773905,https://en.wikipedia.org/wiki/Polina_Bogusevich,True,Included: original match was auto_accept.,original_usable,Original high-confidence usable match
Jiva,Jiva,5e6134b1-147d-4f01-8342-041c80e0bff3,US,Group,US deep house/acid jazz group,auto_accept,Russia,Moscow,Azerbaijan,Q138586693,https://en.wikipedia.org/wiki/Jiva_(singer),True,Included: original match was auto_accept.,original_usable,Original high-confidence usable match
Origa,ORIGA,b5536488-a4da-4e87-9779-d5351c00729d,JP,Person,Russian singer active in Japan,auto_accept,Russia,Kochenёvo,Tokyo,Q259884,https://en.wikipedia.org/wiki/Origa,True,Included: original match was auto_accept.,original_usable,Original high-confidence usable match
Kamaliya,Kamaliya,24f40066-f516-4e92-838f-2a010089aa36,UA,Person,,auto_accept,Russia,Step’,Pakistan,Q2781934,https://en.wikipedia.org/wiki/Kamaliya,True,Included: original match was auto_accept.,original_usable,Original high-confidence usable match
Aulis Sallinen,Aulis Sallinen,30ed19b3-2e06-43b9-a1cc-72ad95e6baa3,FI,Person,Finnish composer,auto_accept,Russia,Salmi,Helsinki,Q542194,https://en.wikipedia.org/wiki/Aulis_Sallinen,True,Included: original match was auto_accept.,original_usable,Original high-confidence usable match
Misia Sert,Misia Sert,f79c72c2-6fe5-4a75-a557-fa3d28805a3e,FR,Person,Polish-French pianist and music patron,auto_accept,Russia,Pushkin,Villa Servais,Q447487,https://en.wikipedia.org/wiki/Misia_Sert,True,Included: original match was auto_accept.,original_usable,Original high-confidence usable match
Albert Coates,Albert Coates,5f060bc5-3118-463a-b889-3c03f479c80b,GB,Person,conductor,auto_accept,Russia,Saint Petersburg,England,Q2595770,https://en.wikipedia.org/wiki/Albert_Coates_(musician),True,Included: original match was auto_accept.,original_usable,Original high-confidence usable match
Larin Paraske,Larin Paraske,a1a9953e-259a-45ee-a792-b458a7e4fd9b,,Person,Finnish folk lyrics,auto_accept,Russia,Q16707549,Gromovo,Q164441,https://en.wikipedia.org/wiki/Larin_Paraske,True,Included: original match was auto_accept.,original_usable,Original high-confidence usable match
Laila Halme,Laila Halme,2b7ee215-2a65-4c7f-8aa7-e720045ab91d,FI,Person,,auto_accept,Russia,Lesogorsky,Finland,Q127321,https://en.wikipedia.org/wiki/Laila_Halme,True,Included: original match was auto_accept.,original_usable,Original high-confidence usable match
Georg Schnéevoigt,Georg Schnéevoigt,13755a51-a59d-47fb-8d00-a34a01ce508a,FI,Person,"conductor, cellist",auto_accept,Russia,Vyborg,Finland,Q133832,https://en.wikipedia.org/wiki/Georg_Schn%C3%A9evoigt,True,Included: original match was auto_accept.,original_usable,Original high-confidence usable match
Noize MC,Noize MC,a0c5737e-da6d-468f-a78e-19146494f1db,RU,Person,,auto_accept,Russia,Yartsevo,Russia,Q2026639,https://en.wikipedia.org/wiki/Noize_MC,True,Included: original match was auto_accept.,original_usable,Original high-confidence usable match
Elena Firsova,Elena Firsova,a21e5f30-9c18-47bb-91f3-9eca2fc5a897,RU,Person,Russian metal bassist,auto_accept,Russia,Saint Petersburg,Moscow,Q264808,https://en.wikipedia.org/wiki/Elena_Firsova,True,Included: original match was auto_accept.,original_usable,Original high-confidence usable match
Armas Järnefelt,Armas Järnefelt,95309762-51f2-4e36-9c49-2709e7cf250e,FI,Person,,auto_accept,Russia,Vyborg,Stockholm,Q767237,https://en.wikipedia.org/wiki/Armas_J%C3%A4rnefelt,True,Included: original match was auto_accept.,original_usable,Original high-confidence usable match
Andre Kostelanetz,André Kostelanetz,58f94ab2-b68f-4647-963d-4b922a91b15b,US,Person,conductor,auto_accept,Russia,Saint Petersburg,Russian Empire,Q1074114,https://en.wikipedia.org/wiki/Andre_Kostelanetz,True,Included: original match was auto_accept.,original_usable,Original high-confidence usable match
Nikita Magaloff,Nikita Magaloff,0fbf1500-a8bd-4db2-b372-86d195c69682,RU,Person,pianist,auto_accept,Russia,Saint Petersburg,Russian Soviet Federative Socialist Republic,Q731429,https://en.wikipedia.org/wiki/Nikita_Magaloff,True,Included: original match was auto_accept.,original_usable,Original high-confidence usable match
Alina Ibragimova,Alina Ibragimova,12dfe167-894b-49d8-93f3-f27f68a8163b,RU,Person,violinist,auto_accept,Russia,Polevskoy,Russia,Q466549,https://en.wikipedia.org/wiki/Alina_Ibragimova,True,Included: original match was auto_accept.,original_usable,Original high-confidence usable match
Palina Rojinski,Palina Rojinski,9d1e4c66-81dd-46b9-9595-839a121eda7e,DE,Person,,auto_accept,Russia,Saint Petersburg,Berlin,Q90849,https://en.wikipedia.org/wiki/Palina_Rojinski,True,Included: original match was auto_accept.,original_usable,Original high-confidence usable match
Leo Borchard,Leo Borchard,0620cac4-d10e-45ba-8a9c-8ef7d5b8a23c,DE,Person,conductor,auto_accept,Russia,Moscow,Germany,Q706770,https://en.wikipedia.org/wiki/Leo_Borchard,True,Included: original match was auto_accept.,original_usable,Original high-confidence usable match
Sainkho Namtchylak,Sainkho Namtchylak,b2b97779-e09d-4e76-a0c9-a4c80cf043fa,RU,Person,Tuvan throat singer,auto_accept,Russia,Ulug-Khemsky District,Russia,Q266271,https://en.wikipedia.org/wiki/Sainkho_Namtchylak,True,Included: original match was auto_accept.,original_usable,Original high-confidence usable match
Mot,MOT,77597bcc-690a-4c19-ae5f-1372d0309659,KR,Group,South Korean group,auto_accept,Russia,Krymsk,Russia,Q4289881,https://en.wikipedia.org/wiki/Mot_(rapper),True,Included: original match was auto_accept.,original_usable,Original high-confidence usable match
Igor Khoroshev,Igor Khoroshev,2571dad7-0a84-42ba-9929-e7046aaf888c,RU,Person,,auto_accept,Russia,Moscow,Russia,Q539989,https://en.wikipedia.org/wiki/Igor_Khoroshev,True,Included: original match was auto_accept.,original_usable,Original high-confidence usable match
Alexander Arkhangelsky,Alexander Arkhangelsky,db52d2d3-9730-4f96-ae6c-072268a90ade,RU,Person,Russian oboist,auto_accept,Russia,Mikhailovo-Tezikovo,Russian Empire,Q1929280,https://en.wikipedia.org/wiki/Alexander_Arkhangelsky_(composer),True,Included: original match was auto_accept.,original_usable,Original high-confidence usable match
Arcadi Volodos,Arcadi Volodos,9512b75b-0715-40c8-bee0-e8d142058a82,RU,Person,pianist,auto_accept,Russia,Saint Petersburg,Madrid,Q631344,https://en.wikipedia.org/wiki/Arcadi_Volodos,True,Included: original match was auto_accept.,original_usable,Original high-confidence usable match
Slava,Slava,d7ad402f-8855-479e-a0a1-bbcabeafba3f,,Person,US producer Slava Balasanov,auto_accept,Russia,Moscow,Russia,Q512027,https://en.wikipedia.org/wiki/Slava_(singer),True,Included: original match was auto_accept.,original_usable,Original high-confidence usable match
Ernst Mielck,Ernst Mielck,f50b2b4f-cfba-4feb-94c1-d5621f94e7e4,FI,Person,,auto_accept,Russia,Vyborg,Grand Duchy of Finland,Q4761,https://en.wikipedia.org/wiki/Ernst_Mielck,True,Included: original match was auto_accept.,original_usable,Original high-confidence usable match
Arthur Friedheim,Arthur Friedheim,2a2d33bb-acc2-4ff0-bf80-87fb37477eb8,DE,Person,"Russian-born pianist, 1859-1932",auto_accept,Russia,Saint Petersburg,Germany,Q557478,https://en.wikipedia.org/wiki/Arthur_Friedheim,True,Included: original match was auto_accept.,original_usable,Original high-confidence usable match
Niletto,NILETTO,7175d955-ac2a-434a-81ce-300564b02c20,RU,Person,,auto_accept,Russia,Tyumen,Russia,Q80331200,https://en.wikipedia.org/wiki/Niletto,True,Included: original match was auto_accept.,original_usable,Original high-confidence usable match
Instasamka,Instasamka,7f742d76-39fa-4939-8e41-e5a2e07ce0a0,RU,Person,Russian rapper,auto_accept,Russia,Tobolsk,Moscow,Q99578037,https://en.wikipedia.org/wiki/Instasamka,True,Included: original match was auto_accept.,original_usable,Original high-confidence usable match
Karl Heinrich Barth,Karl Heinrich Barth,695de63f-d20a-4e8f-bba9-2ae645f109a9,DE,Person,,auto_accept,Russia,Baltiysk,Germany,Q64926,https://en.wikipedia.org/wiki/Karl_Heinrich_Barth,True,Included: original match was auto_accept.,original_usable,Original high-confidence usable match
Sasha Strunin,Sasha Strunin,3b5ac5ab-b3f1-4454-aed1-ec935744b7a7,PL,Person,,auto_accept,Russia,Saint Petersburg,Poland,Q466906,https://en.wikipedia.org/wiki/Sasha_Strunin,True,Included: original match was auto_accept.,original_usable,Original high-confidence usable match
Viktor Klimenko,Viktor Klimenko,ef1040da-4cab-4fed-8e78-3ec4749e041e,FI,Person,,auto_accept,Russia,Karelia,Finland,Q1354731,https://en.wikipedia.org/wiki/Viktor_Klimenko_(singer),True,Included: original match was auto_accept.,original_usable,Original high-confidence usable match
Kongar-ol Ondar,Kongar‐ol Ondar,c241deef-3d84-401e-bf92-a0d7a767ab2e,,Person,,auto_accept,Russia,Iyme,Russia,Q3816355,https://en.wikipedia.org/wiki/Kongar-ool_Ondar,True,Included: original match was auto_accept.,original_usable,Original high-confidence usable match
Aleksey Igudesman,Aleksey Igudesman,737d320a-6460-4fe7-be0b-8cb0780a663c,AT,Person,,auto_accept,Russia,Saint Petersburg,Russia,Q329409,https://en.wikipedia.org/wiki/Aleksey_Igudesman,True,Included: original match was auto_accept.,original_usable,Original high-confidence usable match
Lev Naumov,Lev Naumov,a20cc149-5c6c-4b9a-939d-93b0979902e6,RU,Person,pianist/composer,auto_accept,Russia,Rostov Veliky,Russia,Q1187114,https://en.wikipedia.org/wiki/Lev_Naumov,True,Included: original match was auto_accept.,original_usable,Original high-confidence usable match
Leonid Kreutzer,Leonid Kreutzer,c472c297-71dc-4e45-b172-14479c3f826e,DE,Person,,auto_accept,Russia,Saint Petersburg,Germany,Q64864,https://en.wikipedia.org/wiki/Leonid_Kreutzer,True,Included: original match was auto_accept.,original_usable,Original high-confidence usable match
Yuri Khanon,Yuri Khanon,2b13a216-bd80-456e-b4a6-556879cb1da0,RU,Person,,auto_accept,Russia,Saint Petersburg,Russia,Q1713908,https://en.wikipedia.org/wiki/Yuri_Khanon,True,Included: original match was auto_accept.,original_usable,Original high-confidence usable match
Lukas Geniušas,Lukas Geniušas,ae97fe1f-c7f1-435a-9a98-ad02367c9052,LT,Person,pianist,auto_accept,Russia,Moscow,Lithuania,Q93837,https://en.wikipedia.org/wiki/Lukas_Geniu%C5%A1as,True,Included: original match was auto_accept.,original_usable,Original high-confidence usable match
Igor Levit,Igor Levit,2297faf9-2cc0-45c6-bfcf-e9280d640f6d,DE,Person,pianist,auto_accept,Russia,Nizhny Novgorod,Berlin,Q100759,https://en.wikipedia.org/wiki/Igor_Levit,True,Included: original match was auto_accept.,original_usable,Original high-confidence usable match
Olga Kern,Olga Kern,36515b74-9ad7-4879-bd0d-31461a0800b5,US,Person,pianist,auto_accept,Russia,Moscow,Russia,Q443167,https://en.wikipedia.org/wiki/Olga_Kern,True,Included: original match was auto_accept.,original_usable,Original high-confidence usable match
Jerzy Żurawlew,Jerzy Żurawlew,00abd24b-2ef8-4e6b-8680-13c286c9eac5,PL,Person,pianist,auto_accept,Russia,Rostov-on-Don,Poland,Q2534202,https://en.wikipedia.org/wiki/Jerzy_%C5%BBurawlew,True,Included: original match was auto_accept.,original_usable,Original high-confidence usable match
Boris Berman,Boris Berman,a231e945-8fbd-4db5-9c10-e4bade592dc7,RU,Person,pianist,auto_accept,Russia,Moscow,United States,Q2599508,https://en.wikipedia.org/wiki/Boris_Berman_(musician),True,Included: original match was auto_accept.,original_usable,Original high-confidence usable match
Asaf Zeynally,Asəf Zeynallı,9c3acabb-b975-421c-a459-44cee0311658,SU,Person,,auto_accept,Russia,Derbent,Azerbaijan Democratic Republic,Q4190194,https://en.wikipedia.org/wiki/Asaf_Zeynally,True,Included: original match was auto_accept.,original_usable,Original high-confidence usable match
Félia Litvinne,Félia Litvinne,a605e6dc-7481-47fa-a904-aabb185ed0f5,FR,Person,soprano,auto_accept,Russia,Saint Petersburg,France,Q952599,https://en.wikipedia.org/wiki/F%C3%A9lia_Litvinne,True,Included: original match was auto_accept.,original_usable,Original high-confidence usable match
Yakov Kreizberg,Yakov Kreizberg,b9c7f17a-5c04-42a3-a243-1ec4f759366e,US,Person,,auto_accept,Russia,Saint Petersburg,Soviet Union,Q944723,https://en.wikipedia.org/wiki/Yakov_Kreizberg,True,Included: original match was auto_accept.,original_usable,Original high-confidence usable match
Sophie Milman,Sophie Milman,bd3deba0-d5f7-4c67-b840-36ce967b035b,CA,Person,,auto_accept,Russia,Ufa,Canada,Q289671,https://en.wikipedia.org/wiki/Sophie_Milman,True,Included: original match was auto_accept.,original_usable,Original high-confidence usable match
Sergei Nakariakov,Sergei Nakariakov,9c5524c7-859c-4aa3-a8c8-b4c3f07e4508,FR,Person,trumpeter,auto_accept,Russia,Nizhny Novgorod,Russia,Q1632910,https://en.wikipedia.org/wiki/Sergei_Nakariakov,True,Included: original match was auto_accept.,original_usable,Original high-confidence usable match
Wladimir Vogel,Wladimir Vogel,af4795bc-9b50-445b-a821-2be872be2825,CH,Person,Swiss composer,auto_accept,Russia,Moscow,Ascona,Q115947,https://en.wikipedia.org/wiki/Wladimir_Vogel,True,Included: original match was auto_accept.,original_usable,Original high-confidence usable match
Anna Marly,Anna Marly,17568a47-5686-4d8d-9a1a-71c56a9b11ad,FR,Person,,auto_accept,Russia,Saint Petersburg,France,Q464853,https://en.wikipedia.org/wiki/Anna_Marly,True,Included: original match was auto_accept.,original_usable,Original high-confidence usable match
Capital Bra,Capital Bra,b725da05-6d6e-4a28-b2c4-c639c24fc1cd,DE,Person,German rapper from Berlin,auto_accept,Russia,Siberia,Kleinmachnow,Q24008612,https://en.wikipedia.org/wiki/Capital_Bra,True,Included: original match was auto_accept.,original_usable,Original high-confidence usable match
Viviana Sofronitsky,Viviana Sofronitzky,2aba3834-53b8-49e7-8379-dda0c1d25240,RU,Person,pianist,auto_accept,Russia,Moscow,Canada,Q440486,https://en.wikipedia.org/wiki/Viviana_Sofronitsky,True,Included: original match was auto_accept.,original_usable,Original high-confidence usable match
Vladimir Krainev,Vladimir Krainev,5ebb36c1-218b-4bbe-98b0-d71ab197828e,RU,Person,pianist,auto_accept,Russia,Krasnoyarsk,Russia,Q670381,https://en.wikipedia.org/wiki/Vladimir_Krainev,True,Included: original match was auto_accept.,original_usable,Original high-confidence usable match
Rita Streich,Rita Streich,43f61d4d-bffc-4997-a319-580abe388a9b,DE,Person,soprano,auto_accept,Russia,Barnaul,Ascona,Q77741,https://en.wikipedia.org/wiki/Rita_Streich,True,Included: original match was auto_accept.,original_usable,Original high-confidence usable match
Alexander Malofeev,Alexander Malofeev,db406134-8a59-4096-a694-4677ec52a130,RU,Person,Russian Pianist,auto_accept,Russia,Moscow,Russia,Q18245585,https://en.wikipedia.org/wiki/Alexander_Malofeev,True,Included: original match was auto_accept.,original_usable,Original high-confidence usable match
Dmitry Shishkin,Dmitry Shishkin,ad7850af-3840-4d89-9727-25dd7c2770cf,RU,Person,pianist,auto_accept,Russia,Chelyabinsk,Russia,Q24053154,https://en.wikipedia.org/wiki/Dmitry_Shishkin,True,Included: original match was auto_accept.,original_usable,Original high-confidence usable match
Arty,ARTY,52491cf4-55df-4d0f-b4d4-c3652f7e122d,RU,Person,"Russian producer and DJ, Artem Stoliarov",auto_accept,Russia,Engels,Russia,Q715890,https://en.wikipedia.org/wiki/Arty_(musician),True,Included: original match was auto_accept.,original_usable,Original high-confidence usable match
Dana International,Dana International,f92469be-f755-433a-be19-8bd0c9040e5a,IL,Person,,auto_accept,Israel,Tel Aviv,Israel,Q201204,https://en.wikipedia.org/wiki/Dana_International,True,Included: original match was auto_accept.,original_usable,Original high-confidence usable match
Gene Simmons,Gene Simmons,96a1182f-e8e6-4df6-a811-82cb67d4565c,US,Person,KISS bassist and vocalist,auto_accept,Israel,Tirat Carmel,New York City,Q207197,https://en.wikipedia.org/wiki/Gene_Simmons,True,Included: original match was auto_accept.,original_usable,Original high-confidence usable match
Itzhak Perlman,Itzhak Perlman,5e85f4f1-a491-4e63-9103-6065c5e997d4,US,Person,violinist and conductor,auto_accept,Israel,Jaffa,New York City,Q215905,https://en.wikipedia.org/wiki/Itzhak_Perlman,True,Included: original match was auto_accept.,original_usable,Original high-confidence usable match
Eden Golan,Eden Golan,86a4c009-aee7-47bb-b1cf-a8db9d216916,IL,Person,,auto_accept,Israel,Kfar Saba,Israel,Q81436819,https://en.wikipedia.org/wiki/Eden_Golan,True,Included: original match was auto_accept.,original_usable,Original high-confidence usable match
Noa Kirel,Noa Kirel,76a3b9fc-ebb1-44a7-86fc-aca8650320c2,IL,Person,Israeli singer,auto_accept,Israel,Ra'anana,Israel,Q43139030,https://en.wikipedia.org/wiki/Noa_Kirel,True,Included: original match was auto_accept.,original_usable,Original high-confidence usable match
Hillel Slovak,Hillel Slovak,e9abbfc9-6140-4fdc-ba65-eb6592533134,US,Person,,auto_accept,Israel,Haifa,Israel,Q186924,https://en.wikipedia.org/wiki/Hillel_Slovak,True,Included: original match was auto_accept.,original_usable,Original high-confidence usable match
Eden Alene,Eden Alene,1be7cde4-8c97-4a83-8a85-5fd251da4be8,IL,Person,Israeli singer,auto_accept,Israel,Jerusalem,Israel,Q64775156,https://en.wikipedia.org/wiki/Eden_Alene,True,Included: original match was auto_accept.,original_usable,Original high-confidence usable match
Yasmin Levy,Yasmin Levy,856e486f-21f3-4203-a5d2-e30993988b38,IL,Person,,auto_accept,Israel,Jerusalem,Serbia,Q298202,https://en.wikipedia.org/wiki/Yasmin_Levy,True,Included: original match was auto_accept.,original_usable,Original high-confidence usable match
Pinchas Zukerman,Pinchas Zukerman,88b8d585-02c6-4ac7-b1ee-f160f83afa78,CA,Person,violinist/conductor,auto_accept,Israel,Tel Aviv,Israel,Q346204,https://en.wikipedia.org/wiki/Pinchas_Zukerman,True,Included: original match was auto_accept.,original_usable,Original high-confidence usable match
Ari Folman,Ari Folman,26d3d1ef-7048-423d-ac86-82dcbc810cad,IL,Person,,auto_accept,Israel,Haifa,Haifa,Q653645,https://en.wikipedia.org/wiki/Ari_Folman,True,Included: original match was auto_accept.,original_usable,Original high-confidence usable match
Yitzhak Yedid,Yitzhak Yedid,1982bc14-ecc0-4fe2-b175-cbe740b4fa85,IL,Person,,auto_accept,Israel,Jerusalem,Israel,Q2006195,https://en.wikipedia.org/wiki/Yitzhak_Yedid,True,Included: original match was auto_accept.,original_usable,Original high-confidence usable match
Hovi Star,Hovi Star,db0aa171-e62c-4289-ac57-62a4df81c351,,Person,ESC 2016,auto_accept,Israel,Kiryat Ata,Israel,Q23000844,https://en.wikipedia.org/wiki/Hovi_Star,True,Included: original match was auto_accept.,original_usable,Original high-confidence usable match
Kobi Marimi,Kobi Marimi,10cec3ac-3803-45bd-a0e3-4c865c8394bd,IL,Person,israeli singer and actor,auto_accept,Israel,Ramat Gan,Tel Aviv,Q61711466,https://en.wikipedia.org/wiki/Kobi_Marimi,True,Included: original match was auto_accept.,original_usable,Original high-confidence usable match
Daliah Lavi,Daliah Lavi,19faa9e3-6976-4baa-8e1a-db5212b18c2c,IL,Person,,auto_accept,Israel,Shavei Tzion,Israel,Q274158,https://en.wikipedia.org/wiki/Daliah_Lavi,True,Included: original match was auto_accept.,original_usable,Original high-confidence usable match
Ivry Gitlis,Ivry Gitlis,46b78de7-c0e2-4fb5-9d3f-395742e83437,FR,Person,violinist,auto_accept,Israel,Haifa,Paris,Q442010,https://en.wikipedia.org/wiki/Ivry_Gitlis,True,Included: original match was auto_accept.,original_usable,Original high-confidence usable match
Inon Zur,Inon Zur,ba23bac1-2b00-43fb-95e5-c3c0fd286e7e,US,Person,,auto_accept,Israel,Israel,Israel,Q933777,https://en.wikipedia.org/wiki/Inon_Zur,True,Included: original match was auto_accept.,original_usable,Original high-confidence usable match
Avishai Cohen,Avishai Cohen,17d78170-7194-4603-8dbb-ca1108430882,IL,Person,Israeli jazz bassist,auto_accept,Israel,Kabri,Israel,Q388320,https://en.wikipedia.org/wiki/Avishai_Cohen_(bassist),True,Included: original match was auto_accept.,original_usable,Original high-confidence usable match
Keren Ann,Keren Ann,8bb436cd-8fbf-48c6-9fc8-a172c27e24ba,IL,Person,singer-songwriter,auto_accept,Israel,Caesarea,Israel,Q262294,https://en.wikipedia.org/wiki/Keren_Ann,True,Included: original match was auto_accept.,original_usable,Original high-confidence usable match
Asaf Avidan,Asaf Avidan,5b9890b9-a2e8-4768-ad70-9f28bb81fc00,IL,Person,,auto_accept,Israel,Jerusalem,Pesaro,Q259788,https://en.wikipedia.org/wiki/Asaf_Avidan,True,Included: original match was auto_accept.,original_usable,Original high-confidence usable match
Ninet Tayeb,Ninet Tayeb,0278afe6-a670-4022-acc3-09c0519dea8c,US,Person,Ninet,auto_accept,Israel,Kiryat Gat,Israel,Q444518,https://en.wikipedia.org/wiki/Ninet_Tayeb,True,Included: original match was auto_accept.,original_usable,Original high-confidence usable match
Tal,Tal,0c7083e0-d1fd-426a-a663-2ee49de4093e,FR,Person,Israeli-French singer,auto_accept,Israel,Pardes Hanna-Karkur,France,Q453841,https://en.wikipedia.org/wiki/Tal_(singer),True,Included: original match was auto_accept.,original_usable,Original high-confidence usable match
Eliahu Inbal,Eliahu Inbal,a34fb252-833a-4fee-b53a-892428ad91d7,IL,Person,Israeli conductor,auto_accept,Israel,Jerusalem,Israel,Q695465,https://en.wikipedia.org/wiki/Eliahu_Inbal,True,Included: original match was auto_accept.,original_usable,Original high-confidence usable match
Kamilya Jubran,Kamilya Jubran,b9b65add-f042-4a8d-bb05-4ac1317b3cd3,FR,Person,,auto_accept,Israel,Acre,France,Q1349848,https://en.wikipedia.org/wiki/Kamilya_Jubran,True,Included: original match was auto_accept.,original_usable,Original high-confidence usable match
Ishtar,Ishtar,f98c6e06-a95a-4446-918f-c363f57695f8,FR,Person,"French-Israeli vocalist, singer of Alabina",auto_accept,Israel,Kiryat Ata,France,Q2048477,https://en.wikipedia.org/wiki/Ishtar_(singer),True,Included: original match was auto_accept.,original_usable,Original high-confidence usable match
Borgore,Borgore,215e2b5d-06f8-4c68-b33b-8fccec27a077,IL,Person,,auto_accept,Israel,Tel Aviv,Israel,Q50674,https://en.wikipedia.org/wiki/Borgore,True,Included: original match was auto_accept.,original_usable,Original high-confidence usable match
Miri Ben-Ari,Miri Ben‐Ari,3e7d3eac-7789-493f-940d-8a4b8c14e72b,US,Person,,auto_accept,Israel,Tel Aviv,United States,Q269916,https://en.wikipedia.org/wiki/Miri_Ben-Ari,True,Included: original match was auto_accept.,original_usable,Original high-confidence usable match
Elyanna,Elyanna,bc563821-40ec-48e9-b0a0-4f41dc46a1f2,PS,Person,Palestinian-Chilean singer-songwriter,auto_accept,Israel,Nazareth,Israel,Q108124205,https://en.wikipedia.org/wiki/Elyanna,True,Included: original match was auto_accept.,original_usable,Original high-confidence usable match
Carmela Corren,Carmela Corren,ece3c620-2050-4d69-a750-1835e91f90c4,IL,Person,,auto_accept,Israel,Tel Aviv,Israel,Q442706,https://en.wikipedia.org/wiki/Carmela_Corren,True,Included: original match was auto_accept.,original_usable,Original high-confidence usable match
Mor Karbasi,Mor Karbasi,ddadcc7a-4ab1-4e2d-9d0c-11bf4192a358,IL,Person,,auto_accept,Israel,Jerusalem,Israel,Q462158,https://en.wikipedia.org/wiki/Mor_Karbasi,True,Included: original match was auto_accept.,original_usable,Original high-confidence usable match
Armand Amar,Armand Amar,e24fcdb1-425e-47ea-9fec-389296ee6bd9,FR,Person,,auto_accept,Israel,Jerusalem,France,Q2659446,https://en.wikipedia.org/wiki/Armand_Amar,True,Included: original match was auto_accept.,original_usable,Original high-confidence usable match
Oren Lavie,Oren Lavie,411f15e4-fdad-4d09-beca-0201c2e56727,IL,Person,,auto_accept,Israel,Tel Aviv,Israel,Q532331,https://en.wikipedia.org/wiki/Oren_Lavie,True,Included: original match was auto_accept.,original_usable,Original high-confidence usable match
Cemal Reşit Rey,Cemal Reşit Rey,7fb4bb4e-dc6b-4353-8949-05f11cfb6dae,TR,Person,,auto_accept,Israel,Jerusalem,Ottoman Empire,Q1053284,https://en.wikipedia.org/wiki/Cemal_Re%C5%9Fit_Rey,True,Included: original match was auto_accept.,original_usable,Original high-confidence usable match
Gilad Atzmon,Gilad Atzmon,5ac3b93a-2336-4072-8e46-28cfcbdb9eb7,GB,Person,"British jazz saxophonist, novelist, political activist & writer",auto_accept,Israel,Tel Aviv,London,Q1389497,https://en.wikipedia.org/wiki/Gilad_Atzmon,True,Included: original match was auto_accept.,original_usable,Original high-confidence usable match
Rucka Rucka Ali,Rucka Rucka Ali,c626c2bb-8baa-4f7b-afb3-a0ee9fc5c6cc,US,Person,,auto_accept,Israel,Jerusalem,United States,Q3446620,https://en.wikipedia.org/wiki/Rucka_Rucka_Ali,True,Included: original match was auto_accept.,original_usable,Original high-confidence usable match
Offer Nissim,Offer Nissim,9da88e1f-94f7-48e3-a8c2-e969cb8cfcd7,IL,Person,,auto_accept,Israel,Tel Aviv,Israel,Q2539564,https://en.wikipedia.org/wiki/Offer_Nissim,True,Included: original match was auto_accept.,original_usable,Original high-confidence usable match
Eddie Butler,Eddie Butler,d0c56799-2d14-4618-b18a-7985b82571fe,IL,Person,,auto_accept,Israel,Dimona,Israel,Q1282716,https://en.wikipedia.org/wiki/Eddie_Butler_(singer),True,Included: original match was auto_accept.,original_usable,Original high-confidence usable match
Abi Ofarim,Abi Ofarim,52034fde-b89c-44e1-ba68-d93df3a56aac,IL,Person,,auto_accept,Israel,Safed,Israel,Q320813,https://en.wikipedia.org/wiki/Abi_Ofarim,True,Included: original match was auto_accept.,original_usable,Original high-confidence usable match
Lahav Shani,Lahav Shani,4607a34c-fa1e-4533-8148-d3439dbe8595,IL,Person,pianist/conductor,auto_accept,Israel,Tel Aviv,Berlin,Q41505182,https://en.wikipedia.org/wiki/Lahav_Shani,True,Included: original match was auto_accept.,original_usable,Original high-confidence usable match
Israel Yinon,Israel Yinon,3061cc82-ea80-4d2b-b856-f58fe47a2e2b,IL,Person,conductor,auto_accept,Israel,Kfar Saba,Israel,Q1674626,https://en.wikipedia.org/wiki/Israel_Yinon,True,Included: original match was auto_accept.,original_usable,Original high-confidence usable match
Subliminal,Subliminal,1af836b3-2e0f-4dc2-8a19-9fca99b5c3bb,DE,Person,German industrial/experimental rock,auto_accept,Israel,Tel Aviv,Israel,Q657013,https://en.wikipedia.org/wiki/Subliminal_(rapper),True,Included: original match was auto_accept.,original_usable,Original high-confidence usable match
Sharon Bezaly,Sharon Bezaly,9091ade7-02a8-42b8-9fe5-78022a91398b,IL,Person,flutist,auto_accept,Israel,Tel Aviv,Sweden,Q269852,https://en.wikipedia.org/wiki/Sharon_Bezaly,True,Included: original match was auto_accept.,original_usable,Original high-confidence usable match
Chaya Czernowin,Chaya Czernowin,ea9c7004-fbf4-4f11-9942-5bc343084442,IL,Person,composer,auto_accept,Israel,Kiryat Chaim,San Diego,Q450870,https://en.wikipedia.org/wiki/Chaya_Czernowin,True,Included: original match was auto_accept.,original_usable,Original high-confidence usable match
Dennis Lloyd,Dennis Lloyd,026c1c22-8d1c-473c-a33f-a27fd02d6975,IL,Person,,auto_accept,Israel,Tel Aviv,Portugal,Q51033104,https://en.wikipedia.org/wiki/Dennis_Lloyd,True,Included: original match was auto_accept.,original_usable,Original high-confidence usable match
Saint Levant,Saint Levant,015c8b7d-015b-4603-9792-18bb440178ac,,Person,Palestinian/French/Algerian/Serbian musician,auto_accept,Israel,Jerusalem,Los Angeles,Q116663665,https://en.wikipedia.org/wiki/Saint_Levant,True,Included: original match was auto_accept.,original_usable,Original high-confidence usable match
Ilan Chester,Ilan Chester,9ee21580-2800-46ba-8d80-eff00e60f961,VE,Person,,auto_accept,Israel,Tel Aviv,Israel,Q2918727,https://en.wikipedia.org/wiki/Ilan_Chester,True,Included: original match was auto_accept.,original_usable,Original high-confidence usable match
Sharon Kam,Sharon Kam,8493c11f-7abf-4225-91e2-3f30cb031b7d,IL,Person,clarinetist,auto_accept,Israel,Haifa,Germany,Q273058,https://en.wikipedia.org/wiki/Sharon_Kam,True,Included: original match was auto_accept.,original_usable,Original high-confidence usable match
Uri Katzenstein,Uri Katzenstein,0b7971fd-8168-4bbc-936a-63f93b62dbaa,IL,Person,,auto_accept,Israel,Tel Aviv,University of Haifa,Q20392101,https://en.wikipedia.org/wiki/Uri_Katzenstein,True,Included: original match was auto_accept.,original_usable,Original high-confidence usable match
Dotan,Dotan,d4be6874-2e8c-459a-972a-5293dded219e,NL,Person,Dutch‐Israeli singer‐songwriter,auto_accept,Israel,Jerusalem,Kingdom of the Netherlands,Q2789859,https://en.wikipedia.org/wiki/Dotan_(singer),True,Included: original match was auto_accept.,original_usable,Original high-confidence usable match
Samira Saraya,Samira Saraya,f50d8f20-8869-48d8-89b6-0cfcfbdb03d5,IL,Person,"Israeli musician, rapper, writer and actress",auto_accept,Israel,Haifa,Israel,Q30527170,https://en.wikipedia.org/wiki/Samira_Saraya,True,Included: original match was auto_accept.,original_usable,Original high-confidence usable match
Anat Cohen,Anat Cohen,fe935257-b7ef-47c1-a31e-ce678292c674,,Person,,auto_accept,Israel,Tel Aviv,New York City,Q168116,https://en.wikipedia.org/wiki/Anat_Cohen,True,Included: original match was auto_accept.,original_usable,Original high-confidence usable match
Shulamit Ran,Shulamit Ran,5bec6cb9-b195-4e60-aa5b-3a0a612667c2,US,Person,Israeli-American composer,auto_accept,Israel,Tel Aviv,United States,Q1889606,https://en.wikipedia.org/wiki/Shulamit_Ran,True,Included: original match was auto_accept.,original_usable,Original high-confidence usable match
Matt Haimovitz,Matt Haimovitz,9bde975a-29a4-490c-83db-5707a9266559,IL,Person,cellist,auto_accept,Israel,Bat Yam,Canada,Q2900830,https://en.wikipedia.org/wiki/Matt_Haimovitz,True,Included: original match was auto_accept.,original_usable,Original high-confidence usable match
Yaron Herman,Yaron Herman,fe018ccc-1943-4287-ac8b-2681e259e0f5,FR,Person,pianist,auto_accept,Israel,Tel Aviv,Paris,Q966881,https://en.wikipedia.org/wiki/Yaron_Herman,True,Included: original match was auto_accept.,original_usable,Original high-confidence usable match
Pnina Salzman,Pnina Salzman,cf44d5d3-c963-4775-a7fc-8320132d2a91,IL,Person,pianist,auto_accept,Israel,Tel Aviv,Tel Aviv University,Q1972935,https://en.wikipedia.org/wiki/Pnina_Salzman,True,Included: original match was auto_accept.,original_usable,Original high-confidence usable match
Shai Maestro,Shai Maestro,fe723bbb-47cc-4f42-830c-352f7b1fed81,IL,Person,,auto_accept,Israel,Israel,Israel,Q3481238,https://en.wikipedia.org/wiki/Shai_Maestro,True,Included: original match was auto_accept.,original_usable,Original high-confidence usable match
Kobi Arad,Kobi Arad,3af629ac-eead-4999-9660-5f623e0cdf63,,Person,Israeli-American pianist,auto_accept,Israel,Haifa,Israel,Q28465757,https://en.wikipedia.org/wiki/Kobi_Arad,True,Included: original match was auto_accept.,original_usable,Original high-confidence usable match
Meital Dohan,Meital Dohan,182d1d48-750d-4481-853f-a8f4cabc0eb8,,,,auto_accept,Israel,Givatayim,Israel,Q431393,https://en.wikipedia.org/wiki/Meital_Dohan,True,Included: original match was auto_accept.,original_usable,Original high-confidence usable match
Liel Kolet,Liel Kolet,a211d8a1-43b6-4fff-9f04-93c8b780faa2,,Person,Electronic vocalist,auto_accept,Israel,Kvutzat Kinneret,Israel,Q446072,https://en.wikipedia.org/wiki/Liel_Kolet,True,Included: original match was auto_accept.,original_usable,Original high-confidence usable match
Rivka Golani,Rivka Golani,46e5fe2b-bbd6-47cb-915c-c31ff69df072,IL,Person,Israeli-Canadian violist,auto_accept,Israel,Tel Aviv,Israel,Q1993134,https://en.wikipedia.org/wiki/Rivka_Golani,True,Included: original match was auto_accept.,original_usable,Original high-confidence usable match
Kutiman,Kutiman,48e18c9b-371f-42e6-878d-633e25fa01fd,IL,Person,"Ophir Kutiel, Israeli musician",auto_accept,Israel,Jerusalem,Israel,Q939843,https://en.wikipedia.org/wiki/Kutiman,True,Included: original match was auto_accept.,original_usable,Original high-confidence usable match
Noga Erez,Noga Erez,06479724-ee7d-471e-a3d4-4554330a0293,IL,Person,,auto_accept,Israel,Tel Aviv,Tel Aviv,Q40856678,https://en.wikipedia.org/wiki/Noga_Erez,True,Included: original match was auto_accept.,original_usable,Original high-confidence usable match
Omer Avital,Omer Avital,ea75d592-70c1-4d08-a0b5-a859ee576d78,US,Person,,auto_accept,Israel,Givatayim,Israel,Q2023299,https://en.wikipedia.org/wiki/Omer_Avital,True,Included: original match was auto_accept.,original_usable,Original high-confidence usable match
Omer Meir Wellber,Omer Meir Wellber,ecce23a8-051c-4239-b550-8d2028f802cd,IL,Person,,auto_accept,Israel,Beersheba,Israel,Q2023318,https://en.wikipedia.org/wiki/Omer_Meir_Wellber,True,Included: original match was auto_accept.,original_usable,Original high-confidence usable match
Noam Kaniel,Noam Kaniel,bca8a522-ff52-474f-8172-a5817d6172a1,IL,Person,,auto_accept,Israel,Tel Aviv,Israel,Q2897062,https://en.wikipedia.org/wiki/Noam_Kaniel,True,Included: original match was auto_accept.,original_usable,Original high-confidence usable match
Yoav Talmi,Yoav Talmi,705021d7-b97f-444b-b4e0-42e18821c15a,IL,Person,conductor and composer,auto_accept,Israel,Merhavia,Israel,Q2918939,https://en.wikipedia.org/wiki/Yoav_Talmi,True,Included: original match was auto_accept.,original_usable,Original high-confidence usable match
Miriam Toukan,Miriam Toukan,a8e4bbbd-81ac-4731-b04f-f0b413d5fa5b,,Person,Israeli Christian Arab singer and peace activist.,auto_accept,Israel,I'billin,Haifa,Q6873436,https://en.wikipedia.org/wiki/Miriam_Toukan,True,Included: original match was auto_accept.,original_usable,Original high-confidence usable match
Ilan Volkov,Ilan Volkov,7af3ddf7-a524-453e-babe-c99910b44411,IL,Person,conductor,auto_accept,Israel,Tel Aviv,Israel,Q1658306,https://en.wikipedia.org/wiki/Ilan_Volkov,True,Included: original match was auto_accept.,original_usable,Original high-confidence usable match
Asher Fisch,Asher Fisch,8abbbcc2-bc04-4720-8bb2-806ac8025962,IL,Person,,auto_accept,Israel,Jerusalem,Israel,Q2866498,https://en.wikipedia.org/wiki/Asher_Fisch,True,Included: original match was auto_accept.,original_usable,Original high-confidence usable match
Liora,Liora,a20308a6-1d40-46fe-bf28-512cc4cfb30c,DE,Person,"German artist Liora Bels, née Mirnik",auto_accept,Israel,Ashkelon,Israel,Q1827317,https://en.wikipedia.org/wiki/Liora_(singer),True,Included: original match was auto_accept.,original_usable,Original high-confidence usable match
Dudu Fisher,Dudu Fisher,4c257dfc-aea8-470c-843b-6ccdb2d03703,IL,Person,Israeli cantor,auto_accept,Israel,Petah Tikva,Israel,Q2783534,https://en.wikipedia.org/wiki/Dudu_Fisher,True,Included: original match was auto_accept.,original_usable,Original high-confidence usable match
Avner Dorman,Avner Dorman,e457a318-b659-4467-ac08-544b8faa85f3,IL,Person,,auto_accept,Israel,Tel Aviv,Israel,Q120785,https://en.wikipedia.org/wiki/Avner_Dorman,True,Included: original match was auto_accept.,original_usable,Original high-confidence usable match
Lior Shambadal,Lior Shambadal,213bbe85-e33a-42fa-b7cc-f9dd92fb0815,IL,Person,,auto_accept,Israel,Tel Aviv,Israel,Q382330,https://en.wikipedia.org/wiki/Lior_Shambadal,True,Included: original match was auto_accept.,original_usable,Original high-confidence usable match
Dror Feiler,Dror Feiler,c5586e9a-afca-4ae6-985d-42c4ea053fe5,SE,Person,,auto_accept,Israel,Tel Aviv,Stockholm,Q1260343,https://en.wikipedia.org/wiki/Dror_Feiler,True,Included: original match was auto_accept.,original_usable,Original high-confidence usable match
Ofra Harnoy,Ofra Harnoy,3747f7a0-7dc7-4886-96a7-464ec2c596d8,CA,Person,cellist,auto_accept,Israel,Hadera,Canada,Q2627757,https://en.wikipedia.org/wiki/Ofra_Harnoy,True,Included: original match was auto_accept.,original_usable,Original high-confidence usable match
Arie Vardi,Arie Vardi,ae26b737-a119-4a32-af73-04cd9214be1b,IL,Person,pianist/conductor,auto_accept,Israel,Tel Aviv,Israel,Q3622545,https://en.wikipedia.org/wiki/Arie_Vardi,True,Included: original match was auto_accept.,original_usable,Original high-confidence usable match
Nami Melumad,Nami Melumad,3f118b8c-f298-417b-bedd-448b170db8b4,US,Person,film composer,auto_accept,Israel,Ramat Gan,Israel,Q16341114,https://en.wikipedia.org/wiki/Nami_Melumad,True,Included: original match was auto_accept.,original_usable,Original high-confidence usable match
Dan Ettinger,Dan Ettinger,8e17baf9-3e39-42d4-8956-f350e014d114,IL,Person,Israeli conductor,auto_accept,Israel,Holon,Israel,Q1159060,https://en.wikipedia.org/wiki/Dan_Ettinger,True,Included: original match was auto_accept.,original_usable,Original high-confidence usable match
Daniel Oren,Daniel Oren,0f39dcd0-af42-4010-9161-add581dcfce6,IL,Person,Israeli conductor,auto_accept,Israel,Tel Aviv,Israel,Q2294327,https://en.wikipedia.org/wiki/Daniel_Oren,True,Included: original match was auto_accept.,original_usable,Original high-confidence usable match
Linet,Linet,3c7af09d-c335-45d5-9352-176c4616b566,TR,Person,Turkish folk singer,auto_accept,Israel,Tel Aviv,Israel,Q6082980,https://en.wikipedia.org/wiki/Linet,True,Included: original match was auto_accept.,original_usable,Original high-confidence usable match
Nir Zidkyahu,Nir Zidkyahu,fff4c9ff-6018-4da1-bebf-85e673f79a14,IL,Person,drummer,auto_accept,Israel,Rishon LeZion,Israel,Q377187,https://en.wikipedia.org/wiki/Nir_Z,True,Included: original match was auto_accept.,original_usable,Original high-confidence usable match
Rosi Golan,Rosi Golan,406ff146-022c-4206-b753-bf480d3259b0,,Person,,auto_accept,Israel,Netanya,United States,Q509181,https://en.wikipedia.org/wiki/Rosi_Golan,True,Included: original match was auto_accept.,original_usable,Original high-confidence usable match
Roni Ben-Hur,Roni Ben-Hur,f088566e-0022-4eb8-aba6-96a45b3944fb,IL,Person,Israeli jazz guitarist,auto_accept,Israel,Dimona,Teaneck,Q7365688,https://en.wikipedia.org/wiki/Roni_Ben-Hur,True,Included: original match was auto_accept.,original_usable,Original high-confidence usable match
Yossi Green,Yossi Green,212fa907-2e60-444e-a09e-64ea86af5f13,US,Person,,auto_accept,Israel,Israel,United States,Q10956727,https://en.wikipedia.org/wiki/Yossi_Green,True,Included: original match was auto_accept.,original_usable,Original high-confidence usable match
Wissam Joubran,Wissam Joubran,6a7a2250-f266-469b-b353-a14cfc71e56b,,Person,,auto_accept,Israel,Nazareth,Israel,Q1624878,https://en.wikipedia.org/wiki/Wissam_Joubran,True,Included: original match was auto_accept.,original_usable,Original high-confidence usable match
Avi Benedi,Avi Benedi,6f9aa532-0c4d-44cd-9172-9a03a8e4cc97,AT,Person,"Ави Бенеди, אבי בנדי",auto_accept,Israel,Israel,Bulgaria,Q23640839,https://en.wikipedia.org/wiki/Avi_Benedi,True,Included: original match was auto_accept.,original_usable,Original high-confidence usable match
David Greilsammer,David Greilsammer,6b2bb2ce-9d44-48da-9efe-bf4b39a9d6da,IL,Person,,auto_accept,Israel,Jerusalem,Jerusalem,Q519901,https://en.wikipedia.org/wiki/David_Greilsammer,True,Included: original match was auto_accept.,original_usable,Original high-confidence usable match
Hofesh Shechter,Hofesh Shechter,083332c6-dcef-4689-939a-aa22ed7850b6,IL,Person,,auto_accept,Israel,Jerusalem,Jerusalem,Q3139052,https://en.wikipedia.org/wiki/Hofesh_Shechter,True,Included: original match was auto_accept.,original_usable,Original high-confidence usable match
Nitai Hershkovits,Nitai Hershkovits,5f9bac39-de3f-4d35-bbc9-0c43cb6bd47e,IL,Person,,auto_accept,Israel,Israel,Israel,Q19667178,https://en.wikipedia.org/wiki/Nitai_Hershkovits,True,Included: original match was auto_accept.,original_usable,Original high-confidence usable match
Meytal Cohen,Meytal Cohen,7285d7a5-f76d-4768-b15e-97272d8707f2,,Person,Drummer,auto_accept,Israel,Ramat Gan,Israel,Q1176409,https://en.wikipedia.org/wiki/Meytal_Cohen,True,Included: original match was auto_accept.,original_usable,Original high-confidence usable match
Adam Ben Ezra,Adam Ben Ezra,027b27ac-cb3f-40c8-8abb-aac46eaf16ef,,Person,"upright bass virtuoso, composer, multi-instrumentalist",auto_accept,Israel,Tel Aviv,Israel,Q20738970,https://en.wikipedia.org/wiki/Adam_Ben_Ezra,True,Included: original match was auto_accept.,original_usable,Original high-confidence usable match
David Shallon,David Shallon,4eac2450-2994-40e6-a6e8-18eba5b9d8aa,IL,Person,conductor,auto_accept,Israel,Tel Aviv,Düsseldorf,Q1176612,https://en.wikipedia.org/wiki/David_Shallon,True,Included: original match was auto_accept.,original_usable,Original high-confidence usable match
Avi Ostrowsky,Avi Ostrowsky,0ff4ba5b-022c-4bd8-81ed-4b7299ec5831,,Person,,auto_accept,Israel,Givatayim,Israel,Q2897240,https://en.wikipedia.org/wiki/Avi_Ostrowsky,True,Included: original match was auto_accept.,original_usable,Original high-confidence usable match
Yaakov Shwekey,Yaakov Shwekey,b5792b6a-1561-4499-a9d3-82fa7f40b33f,US,Person,,auto_accept,Israel,Jerusalem,United States,Q2747854,https://en.wikipedia.org/wiki/Yaakov_Shwekey,True,Included: original match was auto_accept.,original_usable,Original high-confidence usable match
Victoria Hanna,Victoria Hanna,7f294ae9-da49-4dff-be02-699a0fd442e4,IL,Person,Israeli female vocalist,auto_accept,Israel,Jerusalem,Israel,Q6978632,https://en.wikipedia.org/wiki/Victoria_Hanna,True,Included: original match was auto_accept.,original_usable,Original high-confidence usable match
Kobi Farhi,Kobi Farhi,eb185f9e-1304-4877-9e66-292100d48536,IL,Person,,auto_accept,Israel,Jaffa,Israel,Q25930476,https://en.wikipedia.org/wiki/Kobi_Farhi,True,Included: original match was auto_accept.,original_usable,Original high-confidence usable match
Neta Elkayam,Neta Elkayam,0ccc1a1d-4120-4ade-8b1b-b14732690fdd,IL,Person,,auto_accept,Israel,Netivot,Israel,Q63406660,https://en.wikipedia.org/wiki/Neta_Elkayam,True,Included: original match was auto_accept.,original_usable,Original high-confidence usable match
Hagai Shaham,Hagai Shaham,59715d60-3b74-4aca-810a-3487bdd0f58c,IL,Person,Israeli violin virtuoso,auto_accept,Israel,Israel,Tel Aviv University,Q5638516,https://en.wikipedia.org/wiki/Hagai_Shaham,True,Included: original match was auto_accept.,original_usable,Original high-confidence usable match
Mooki,Mooki,ef020371-eca8-4606-a8b9-8c993b4ab1cd,,Person,,auto_accept,Israel,Rishon LeZion,Israel,Q2908623,https://en.wikipedia.org/wiki/Mooki_(singer),True,Included: original match was auto_accept.,original_usable,Original high-confidence usable match
Betty Olivero,Betty Olivero,58138f9d-f735-4661-9f10-a9a42bd0ea1e,IL,Person,,auto_accept,Israel,Tel Aviv,Bar-Ilan University,Q440916,https://en.wikipedia.org/wiki/Betty_Olivero,True,Included: original match was auto_accept.,original_usable,Original high-confidence usable match
Avner Strauss,Avner Strauss,55b1ce43-13eb-4a00-acbb-16329003463b,,,,auto_accept,Israel,Israel,Tel Aviv,Q4829079,https://en.wikipedia.org/wiki/Avner_Strauss,True,Included: original match was auto_accept.,original_usable,Original high-confidence usable match
Yosi Piamenta,Yosi Piamenta,4c90a769-9dd8-4a92-b352-aa375bab6267,IL,Person,,auto_accept,Israel,Jerusalem,Israel,Q20640880,https://en.wikipedia.org/wiki/Yosi_Piamenta,True,Included: original match was auto_accept.,original_usable,Original high-confidence usable match
Oz Noy,Oz Noy,e1412c77-0e60-406e-b48d-cb28b97aa62d,,Person,Israeli-American guitarist and composer,auto_accept,Israel,Israel,New York City,Q24642315,https://en.wikipedia.org/wiki/Oz_Noy,True,Included: original match was auto_accept.,original_usable,Original high-confidence usable match
Gavriel Lipkind,Gavriel Lipkind,29975b7d-546a-4d58-8510-2bcbc9144a05,,,,auto_accept,Israel,Tel Aviv,Israel,Q949580,https://en.wikipedia.org/wiki/Gavriel_Lipkind,True,Included: original match was auto_accept.,original_usable,Original high-confidence usable match
Amir Katz,Amir Katz,bc88605c-03b3-4966-9e07-0331e552909c,IL,Person,pianist,auto_accept,Israel,Ramat Gan,Israel,Q472047,https://en.wikipedia.org/wiki/Amir_Katz,True,Included: original match was auto_accept.,original_usable,Original high-confidence usable match
Omer Fedi,Omer Fedi,c81c430f-dbe1-4a1e-954f-2a89114331e9,US,Person,,auto_accept,Israel,Tel Aviv,Israel,Q100717799,https://en.wikipedia.org/wiki/Omer_Fedi,True,Included: original match was auto_accept.,original_usable,Original high-confidence usable match
Gilad Hochman,Gilad Hochman,8026240c-2202-43b2-80a2-f4bd8542976f,,Person,,auto_accept,Israel,Herzliya,Israel,Q5560688,https://en.wikipedia.org/wiki/Gilad_Hochman,True,Included: original match was auto_accept.,original_usable,Original high-confidence usable match
Elam Rotem,Elam Rotem,40be476b-bd67-48e4-9fe4-22dfdc647330,,Person,composer/harpsichordist,auto_accept,Israel,Sdot Yam,Israel,Q52714759,https://en.wikipedia.org/wiki/Elam_Rotem,True,Included: original match was auto_accept.,original_usable,Original high-confidence usable match
Shirley Brill,Shirley Brill,45a2dc53-cb15-42c9-b96c-9cc4d6447197,DE,Person,clarinetist,auto_accept,Israel,Israel,Israel,Q2279383,https://en.wikipedia.org/wiki/Shirley_Brill,True,Included: original match was auto_accept.,original_usable,Original high-confidence usable match
Noy Alooshe,Noy Alooshe,3eef3dd8-bc22-48b0-8843-664e54e10902,,,,auto_accept,Israel,Israel,Israel,Q2918387,https://en.wikipedia.org/wiki/Noy_Alooshe,True,Included: original match was auto_accept.,original_usable,Original high-confidence usable match
Yehuda Green,Yehuda Green,1f3fdbd8-63bc-421a-9956-5406523366a5,IL,Person,,auto_accept,Israel,Jerusalem,Israel,Q18326044,https://en.wikipedia.org/wiki/Yehuda_Green,True,Included: original match was auto_accept.,original_usable,Original high-confidence usable match
Stéphane Legar,Stéphane Legar,630f7b31-ff31-4db7-9201-4f5bcfad479d,IL,Person,,auto_accept,Israel,Bat Yam,Israel,Q47402082,https://en.wikipedia.org/wiki/St%C3%A9phane_Legar,True,Included: original match was auto_accept.,original_usable,Original high-confidence usable match
Nunu,nunu,169309f0-58ad-474a-8709-de7f4340b225,,Person,deconstructed club producer,auto_accept,Israel,Tel Aviv,Israel,Q111792269,https://en.wikipedia.org/wiki/Nunu_(singer),True,Included: original match was auto_accept.,original_usable,Original high-confidence usable match
Shmuel Ashkenasi,Shmuel Ashkenasi,397c9d8d-d614-477f-a3cd-6b2fc01da212,IL,Person,violinist,auto_accept,Israel,Tel Aviv,Israel,Q321539,https://en.wikipedia.org/wiki/Shmuel_Ashkenasi,True,Included: original match was auto_accept.,original_usable,Original high-confidence usable match
Maya Simantov,Maya Simantov,b0634a52-8533-4a20-8787-ba046e6b13b6,IL,Person,Israeli singer-songwriter,auto_accept,Israel,Bat Yam,Israel,Q1657536,https://en.wikipedia.org/wiki/Maya_Simantov,True,Included: original match was auto_accept.,original_usable,Original high-confidence usable match
Shy Nobleman,Shy Nobleman,562d5ba0-1b58-49b0-a930-f4c538600832,IL,Person,,auto_accept,Israel,Ramat Gan,Israel,Q2280469,https://en.wikipedia.org/wiki/Shy_Nobleman,True,Included: original match was auto_accept.,original_usable,Original high-confidence usable match
Karolina,Karolina,88366aa6-5a99-44f0-b2fa-7c23a35b2088,VE,Person,latin vocalist,auto_accept,Israel,Jaffa,Israel,Q6373161,https://en.wikipedia.org/wiki/Karolina_(singer),True,Included: original match was auto_accept.,original_usable,Original high-confidence usable match
Guy Gerber,Guy Gerber,69c075c0-3c49-4143-8aa8-fdfbacac3b08,IL,Person,,auto_accept,Israel,Tel Aviv,Israel,Q1557483,https://en.wikipedia.org/wiki/Guy_Gerber,True,Included: original match was auto_accept.,original_usable,Original high-confidence usable match
Yinon Yahel,Yinon Yahel,6e5c7604-08a3-444c-b6bc-88334ed6d28a,,Person,,auto_accept,Israel,Israel,Israel,Q5403095,https://en.wikipedia.org/wiki/Yinon_Yahel,True,Included: original match was auto_accept.,original_usable,Original high-confidence usable match
Kenny Young,Kenny Young,f058cde2-6f32-4d09-9137-2cd2f76dbe11,GB,Person,,auto_accept,Israel,Jerusalem,United States,Q6391263,https://en.wikipedia.org/wiki/Kenny_Young,True,Included: original match was auto_accept.,original_usable,Original high-confidence usable match
Avraham Tal,Avraham Tal,ccab199d-d361-4ecb-bebd-ec6c8797109f,,Person,,auto_accept,Israel,Nir Moshe,Israel,Q7183341,https://en.wikipedia.org/wiki/Avraham_Tal,True,Included: original match was auto_accept.,original_usable,Original high-confidence usable match
Elio Martusciello,Elio Martusciello,5b76f7eb-4733-4fdf-b925-7f7e560edf77,IT,Person,Italian electroacoustic musician and composer,auto_accept,Israel,Israel,Italy,Q1329570,https://en.wikipedia.org/wiki/Elio_Martusciello,True,Included: original match was auto_accept.,original_usable,Original high-confidence usable match
Sivan Arbel,Sivan Arbel,8c9b48fd-d2d2-44fd-9d05-136ed3bd29eb,,Person,,auto_accept,Israel,Jerusalem,Israel,Q100605067,https://en.wikipedia.org/wiki/Sivan_Arbel,True,Included: original match was auto_accept.,original_usable,Original high-confidence usable match
Matt Schwartz,Matt Schwartz,df0e96fe-6625-4891-9402-dde3df89d654,GB,Person,"Israeli-British multi-instrumentalist, record producer, songwriter and DJ.",auto_accept,Israel,Haifa,Israel,Q17277187,https://en.wikipedia.org/wiki/Matt_Schwartz,True,Included: original match was auto_accept.,original_usable,Original high-confidence usable match
Simon Shaheen,Simon Shaheen,2b26b168-d3c2-4016-b492-c84b8a38dec4,US,Person,,auto_accept,Israel,Ma'alot-Tarshiha,Occupied Palestinian territories,Q2287816,https://en.wikipedia.org/wiki/Simon_Shaheen,True,Included: original match was auto_accept.,original_usable,Original high-confidence usable match
Amit Peled,Amit Peled,d30a695e-af01-4661-bddb-39830419c603,IL,Person,,auto_accept,Israel,Yizre'el,Israel,Q4746865,https://en.wikipedia.org/wiki/Amit_Peled,True,Included: original match was auto_accept.,original_usable,Original high-confidence usable match
Jonathan Gee,Jonathan Gee,5e3a0d42-d77d-4e7e-87e5-f9397218154e,GB,Person,,auto_accept,Israel,Tel Aviv,United Kingdom,Q1424809,https://en.wikipedia.org/wiki/Jonathan_Gee,True,Included: original match was auto_accept.,original_usable,Original high-confidence usable match
Shai Wosner,Shai Wosner,3830b3b7-63ff-44ec-b6c8-9f092821c3f0,IL,Person,Israeli pianist,auto_accept,Israel,Israel,Israel,Q2276463,https://en.wikipedia.org/wiki/Shai_Wosner,True,Included: original match was auto_accept.,original_usable,Original high-confidence usable match
Koby Israelite,Koby Israelite,eafa8416-c139-42bf-a48f-fc5530492d94,,Person,,auto_accept,Israel,Tel Aviv,Israel,Q3198150,https://en.wikipedia.org/wiki/Koby_Israelite,True,Included: original match was auto_accept.,original_usable,Original high-confidence usable match
Marvin Goldstein,Marvin Goldstein,1a4c7fd1-6d4d-4ccb-be24-bdecdb629373,US,Person,,auto_accept,Israel,Tel Aviv,United States,Q3296070,https://en.wikipedia.org/wiki/Marvin_Goldstein,True,Included: original match was auto_accept.,original_usable,Original high-confidence usable match
Ammiel Bushakevitz,Ammiel Bushakevitz,c048e1a7-df89-4494-b9cf-3ae01fa1fd33,IL,Person,pianist,auto_accept,Israel,Jerusalem,Israel,Q4747241,https://en.wikipedia.org/wiki/Ammiel_Bushakevitz,True,Included: original match was auto_accept.,original_usable,Original high-confidence usable match
Joseph Kalichstein,Joseph Kalichstein,5da38fc2-3804-4990-b698-f0581ecb8eb0,US,Person,pianist,auto_accept,Israel,Tel Aviv,United States,Q6284503,https://en.wikipedia.org/wiki/Joseph_Kalichstein,True,Included: original match was auto_accept.,original_usable,Original high-confidence usable match
Natan Brand,Natan Brand,0f9e269b-872a-42a4-b5fd-10fbd769bef0,,Person,pianist,auto_accept,Israel,Jerusalem,United States,Q6968385,https://en.wikipedia.org/wiki/Natan_Brand,True,Included: original match was auto_accept.,original_usable,Original high-confidence usable match
Orli Shaham,Orli Shaham,fe0823b2-9b43-47aa-8f6a-abd1d35f6aa3,US,Person,,auto_accept,Israel,Jerusalem,United States,Q7103289,https://en.wikipedia.org/wiki/Orli_Shaham,True,Included: original match was auto_accept.,original_usable,Original high-confidence usable match
Tamar Halperin,Tamar Halperin,464f1548-5ad0-45bb-954a-0ca37edcd942,,Person,,auto_accept,Israel,Tel Aviv,Germany,Q18028352,https://en.wikipedia.org/wiki/Tamar_Halperin,True,Included: original match was auto_accept.,original_usable,Original high-confidence usable match
Eitan Steinberg,Eitan Steinberg,0b2f6113-1e55-4779-8e1a-408cf1f87bee,IL,Person,,auto_accept,Israel,Jerusalem,University of Haifa,Q16131688,https://en.wikipedia.org/wiki/Eitan_Steinberg,True,Included: original match was auto_accept.,original_usable,Original high-confidence usable match
Mira Zakai,Mira Zakai,52cb3b54-0520-4e61-a0ce-b024f724e3e1,IL,Person,Israeli contralto vocalist,auto_accept,Israel,Jerusalem,Israel,Q12409145,https://en.wikipedia.org/wiki/Mira_Zakai,True,Included: original match was auto_accept.,original_usable,Original high-confidence usable match
Frank Ilfman,Frank Ilfman,8ef9485e-b5f7-4b21-be67-4a725ed4049d,IL,Person,,auto_accept,Israel,Tel Aviv,Israel,Q17198144,https://en.wikipedia.org/wiki/Frank_Ilfman,True,Included: original match was auto_accept.,original_usable,Original high-confidence usable match
Ori Kaplan,Ori Kaplan,20b96123-db47-4d09-a238-5ca339594985,US,Person,,auto_accept,Israel,Tel Aviv,Israel,Q437090,https://en.wikipedia.org/wiki/Ori_Kaplan,True,Included: original match was auto_accept.,original_usable,Original high-confidence usable match
Oforia,Oforia,1290567d-8b0b-4fbe-822a-93f5b1224209,IL,Person,Israeli goa trance/psytrance DJ/producer Ofer Dikovsky,auto_accept,Israel,Tel Aviv,Israel,Q1402447,https://en.wikipedia.org/wiki/Oforia,True,Included: original match was auto_accept.,original_usable,Original high-confidence usable match
Daniel Cohen,Daniel Cohen,f80470b6-0418-4c1e-bf82-59d262d289eb,,Person,Videogame music composer?,auto_accept,Israel,Netanya,Israel,Q5216826,https://en.wikipedia.org/wiki/Daniel_Cohen_(conductor),True,Included: original match was auto_accept.,original_usable,Original high-confidence usable match
Yuval Zaliouk,Yuval Zaliouk,8368419b-8865-4410-92c2-994009647654,IL,Person,conductor,auto_accept,Israel,Haifa,Israel,Q8062160,https://en.wikipedia.org/wiki/Yuval_Zaliouk,True,Included: original match was auto_accept.,original_usable,Original high-confidence usable match
Elisa Gabbai,Elisa Gabbai,0632406a-b62a-4ee0-99c0-dab710c63d1a,IL,Person,,auto_accept,Israel,Tel Aviv,Israel,Q545790,https://en.wikipedia.org/wiki/Elisa_Gabbai,True,Included: original match was auto_accept.,original_usable,Original high-confidence usable match
Lior,Lior,815d6a24-ab6e-49dc-83a1-27c8075f21a9,AU,Person,"Lior Attar, Israeli-Australian singer-songwriter",auto_accept,Israel,Rishon LeZion,Australia,Q6556008,https://en.wikipedia.org/wiki/Lior,True,Included: original match was auto_accept.,original_usable,Original high-confidence usable match
Toni Qattan,Toni Qattan,5a1878b6-42c0-4826-8b6a-68c9ab50c6d6,JO,Person,,auto_accept,Israel,Jerusalem,Jordan,Q9088382,https://en.wikipedia.org/wiki/Toni_Qattan,True,Included: original match was auto_accept.,original_usable,Original high-confidence usable match
Aviva Semadar,Aviva Semadar,f8543a79-813d-40f3-8b2a-84ee930bf00e,,Person,,auto_accept,Israel,Tel Aviv,Israel,Q33112525,https://en.wikipedia.org/wiki/Aviva_Semadar,True,Included: original match was auto_accept.,original_usable,Original high-confidence usable match
Joshua Epstein,Joshua Epstein,d3a96539-65bb-4008-b384-5563c6c5c9d1,DE,Person,Israeli violinist,auto_accept,Israel,Tel Aviv,Israel,Q1708559,https://en.wikipedia.org/wiki/Joshua_Epstein_(violinist),True,Included: original match was auto_accept.,original_usable,Original high-confidence usable match
Amnon Wolman,Amnon Wolman,c39e10d1-1d3b-4231-814d-8c30208cf5f2,IL,Person,Israeli composer,auto_accept,Israel,Jerusalem,United States,Q473772,https://en.wikipedia.org/wiki/Amnon_Wolman,True,Included: original match was auto_accept.,original_usable,Original high-confidence usable match
Gilad Hekselman,Gilad Hekselman,606518a1-475d-4dc9-8f5c-8e0ebe499a41,IL,Person,jazz guitarist,auto_accept,Israel,Kfar Saba,Israel,Q15452182,https://en.wikipedia.org/wiki/Gilad_Hekselman,True,Included: original match was auto_accept.,original_usable,Original high-confidence usable match
Josh Macrae,Josh MacRae,bf57afe7-015f-4ce0-98f2-552b8f3a4934,GB,Person,Scottish folk singer,auto_accept,Israel,Tel Aviv,United Kingdom,Q1585533,https://en.wikipedia.org/wiki/Josh_Macrae,True,Included: original match was auto_accept.,original_usable,Original high-confidence usable match
Dalia Faitelson,Dalia Faitelson,4511b7ca-aeac-40c1-af5d-dae4a3fb6bde,DK,Person,,auto_accept,Israel,Negev,Copenhagen,Q50285670,https://en.wikipedia.org/wiki/Dalia_Faitelson,True,Included: original match was auto_accept.,original_usable,Original high-confidence usable match
Emanuel Vardi,Emanuel Vardi,427c3aad-1c2e-4c86-840f-69eec3c4c549,US,Person,,auto_accept,Israel,Jerusalem,Ottoman Empire,Q2008845,https://en.wikipedia.org/wiki/Emanuel_Vardi,True,Included: original match was auto_accept.,original_usable,Original high-confidence usable match
Maya Beiser,Maya Beiser,838f60ad-bed1-467c-ac23-302d12440fa4,US,Person,,auto_accept,Israel,Gazit,United States,Q4081184,https://en.wikipedia.org/wiki/Maya_Beiser,True,Included: original match was auto_accept.,original_usable,Original high-confidence usable match
Yuval Ron,Yuval Ron,197a2729-d5a2-4a89-9c31-13b910056ef3,IL,Person,,auto_accept,Israel,Israel,Israel,Q2602114,https://en.wikipedia.org/wiki/Yuval_Ron,True,Included: original match was auto_accept.,original_usable,Original high-confidence usable match
Ehud Asherie,Ehud Asherie,6eea2555-fb80-4b4b-bef0-bf665b4a87d2,US,Person,,auto_accept,Israel,Israel,United States,Q1262385,https://en.wikipedia.org/wiki/Ehud_Asherie,True,Included: original match was auto_accept.,original_usable,Original high-confidence usable match
Eyran Katsenelenbogen,Eyran Katsenelenbogen,421aa8ba-bac8-4eb8-bd8a-13ed444ad4f6,US,Person,,auto_accept,Israel,Israel,United States,Q1385858,https://en.wikipedia.org/wiki/Eyran_Katsenelenbogen,True,Included: original match was auto_accept.,original_usable,Original high-confidence usable match
Daniel Gortler,Daniel Gortler,471b9df8-c3d4-4165-a414-4c57f7b5a8f1,IL,Person,pianist,auto_accept,Israel,Tel Aviv,Israel,Q5217318,https://en.wikipedia.org/wiki/Daniel_Gortler,True,Included: original match was auto_accept.,original_usable,Original high-confidence usable match
Rami Bar-Niv,Rami Bar-Niv,6cfaed95-3d49-41dc-a999-e251ac3501cf,,,,auto_accept,Israel,Tel Aviv,Israel,Q7289519,https://en.wikipedia.org/wiki/Rami_Bar-Niv,True,Included: original match was auto_accept.,original_usable,Original high-confidence usable match
Rinat Shaham,Rinat Shaham,90090418-d834-4c14-81b2-c01ae006ef8f,IL,Person,mezzo-soprano,auto_accept,Israel,Haifa,Israel,Q2346947,https://en.wikipedia.org/wiki/Rinat_Shaham,True,Included: original match was auto_accept.,original_usable,Original high-confidence usable match
Assaf Kehati,Assaf Kehati,6e8226cb-b01a-4d91-8cc3-a258e0b16a5e,IL,Person,,auto_accept,Israel,Israel,Israel,Q4808346,https://en.wikipedia.org/wiki/Assaf_Kehati,True,Included: original match was auto_accept.,original_usable,Original high-confidence usable match
Yoheved Kaplinsky,"Yoheved ""Veda"" Kaplinsky",586850f4-579a-4361-8a01-4dba0957d450,US,Person,pianist and piano teacher,auto_accept,Israel,Tel Aviv,United States,Q8054492,https://en.wikipedia.org/wiki/Yoheved_Kaplinsky,True,Included: original match was auto_accept.,original_usable,Original high-confidence usable match
Ayal Adler,Ayal Adler,5ef60c41-091c-4f1b-862b-2752e5e9aa9b,IL,Person,,auto_accept,Israel,Jerusalem,Israel,Q4830863,https://en.wikipedia.org/wiki/Ayal_Adler,True,Included: original match was auto_accept.,original_usable,Original high-confidence usable match
Chen Reiss,Chen Reiss,9292adda-2e2f-4d65-bf95-3339654aa521,IL,Person,soprano,auto_accept,Israel,Holon,Greater London,Q5090877,https://en.wikipedia.org/wiki/Chen_Reiss,True,Included: original match was auto_accept.,original_usable,Original high-confidence usable match
Yaniv D'Or,Yaniv d'Or,d791709b-3a62-4787-8d31-7bd5bd7f828b,IL,Person,countertenor,auto_accept,Israel,Holon,Israel,Q16131484,https://en.wikipedia.org/wiki/Yaniv_d%27Or,True,Included: original match was auto_accept.,original_usable,Original high-confidence usable match
Habib Hassan Touma,Habib Hassan Touma,ffd19345-58d6-42f1-9870-9d7662621aa1,DE,Person,,auto_accept,Israel,Nazareth,Israel,Q5636776,https://en.wikipedia.org/wiki/Habib_Hassan_Touma,True,Included: original match was auto_accept.,original_usable,Original high-confidence usable match
Lior Goldenberg,Lior Goldenberg,f0175317-64e4-4545-8465-8862ae59dc0b,,Person,,auto_accept,Israel,Tel Aviv,Israel,Q6556020,https://en.wikipedia.org/wiki/Lior_Goldenberg,True,Included: original match was auto_accept.,original_usable,Original high-confidence usable match
Ariel Lanyi,Ariel Lanyi,94ed4a5e-4758-45a5-9267-6c55712c21a1,GB,Person,pianist,auto_accept,Israel,Jerusalem,Israel,Q97218101,https://en.wikipedia.org/wiki/Ariel_Lanyi,True,Included: original match was auto_accept.,original_usable,Original high-confidence usable match
Ofer Ben-Amots,Ofer Ben-Amots,f383ae55-0b53-4627-9ca2-6910a03c02cf,,Person,Israeli-American composer,auto_accept,Israel,Haifa,United States,Q7078859,https://en.wikipedia.org/wiki/Ofer_Ben-Amots,True,Included: original match was auto_accept.,original_usable,Original high-confidence usable match
Shmuel Barzilai,Shmuel Barzilai,d62c9a09-3253-429d-b59f-6b6770c219eb,AT,Person,,auto_accept,Israel,Jerusalem,Austria,Q7499636,https://en.wikipedia.org/wiki/Shmuel_Barzilai,True,Included: original match was auto_accept.,original_usable,Original high-confidence usable match
J.Views,J.Views,28bacb90-e70f-4219-b6e9-5ce0149facff,US,Person,,auto_accept,Israel,Israel,United States,Q12403224,https://en.wikipedia.org/wiki/J.Views,True,Included: original match was auto_accept.,original_usable,Original high-confidence usable match
Yoav Eshed,Yoav Eshed,a7ab6c40-fd52-4fed-94a9-627dfad93dcb,,Person,,auto_accept,Israel,Israel,Israel,Q22347715,https://en.wikipedia.org/wiki/Yoav_Eshed,True,Included: original match was auto_accept.,original_usable,Original high-confidence usable match
Adam Basanta,Adam Basanta,ae30a954-53f6-479e-8a16-7e4fcbf019cd,CA,Person,,auto_accept,Israel,Tel Aviv,Israel,Q25686122,https://en.wikipedia.org/wiki/Adam_Basanta,True,Included: original match was auto_accept.,original_usable,Original high-confidence usable match
Yonatan Gat,Yonatan Gat,5cb41b23-90fe-4228-a439-cb449714f72a,IL,Person,,auto_accept,Israel,Tel Aviv,United States,Q19957859,https://en.wikipedia.org/wiki/Yonatan_Gat,True,Included: original match was auto_accept.,original_usable,Original high-confidence usable match
Yitzchak Meir Helfgot,Yitzchak Meir Helfgot,525de623-2577-439e-b630-03e9a8fa566c,,Person,Orthodox Jewish Cantor,auto_accept,Israel,Tel Aviv,Israel,Q7213181,https://en.wikipedia.org/wiki/Yitzchak_Meir_Helfgot,True,Included: original match was auto_accept.,original_usable,Original high-confidence usable match
Assif Tsahar,Assif Tsahar,ea17dbfc-f53d-4c3e-b96f-455b901b55c5,IL,Person,,auto_accept,Israel,Israel,Israel,Q2655560,https://en.wikipedia.org/wiki/Assif_Tsahar,True,Included: original match was auto_accept.,original_usable,Original high-confidence usable match
Alon Sariel,Alon Sariel,d1ae5de1-a8b5-4b2e-95d7-6f171ffb980e,IL,Person,Israeli mandolinist,auto_accept,Israel,Beersheba,Beersheba,Q57240257,https://en.wikipedia.org/wiki/Alon_Sariel,True,Included: original match was auto_accept.,original_usable,Original high-confidence usable match
The Drill,The Drill,6704135f-7a23-49f2-9a14-dfefd621f68a,,Person,"house, known for “The Drill”, “One More Night”",auto_accept,Israel,Haifa,United Kingdom,Q7731028,https://en.wikipedia.org/wiki/The_Drill_(band),True,Included: original match was auto_accept.,original_usable,Original high-confidence usable match
John of Damascus,St. John of Damascus,82d28810-228b-463e-91c9-81d8beadfdfb,,Person,,auto_accept,Syria,Damascus,Umayyad Caliphate,Q51884,https://en.wikipedia.org/wiki/John_of_Damascus,True,Included: original match was auto_accept.,original_usable,Original high-confidence usable match
Khaled,Khaled,b4a479aa-4384-4acf-88b0-dee9188faeb5,DZ,Person,Algerian raï singer‐songwriter,auto_accept,Syria,,France,Q312609,https://en.wikipedia.org/wiki/Khaled_(musician),True,Included: original match was auto_accept.,original_usable,Original high-confidence usable match
Romanos the Melodist,Saint Romanos the Melodist,ce2f72e2-e2a6-41dc-8ab0-ffe602e0cb02,,Person,,auto_accept,Syria,Homs,Byzantine Empire,Q221059,https://en.wikipedia.org/wiki/Romanos_the_Melodist,True,Included: original match was auto_accept.,original_usable,Original high-confidence usable match
Rachid Taha,Rachid Taha,04dd1f61-c21b-4d6a-b110-55b3c1309fa0,FR,Person,,auto_accept,Syria,,Algeria,Q502990,https://en.wikipedia.org/wiki/Rachid_Taha,True,Included: original match was auto_accept.,original_usable,Original high-confidence usable match
Asmahan,Asmahan,04339849-b79b-4c0b-93bb-a5bc9e217d31,EG,Person,,auto_accept,Syria,Syria,Kingdom of Egypt,Q1766092,https://en.wikipedia.org/wiki/Asmahan,True,Included: original match was auto_accept.,original_usable,Original high-confidence usable match
Andrew of Crete,Andrew of Crete,d632c2cb-66a9-457c-a7c3-b1b077308afc,GR,Person,,auto_accept,Syria,,Byzantine Empire,Q372688,https://en.wikipedia.org/wiki/Andrew_of_Crete,True,Included: original match was auto_accept.,original_usable,Original high-confidence usable match
George Wassouf,George Wassouf,67541793-5159-4f0d-a3a0-6b96163933f3,SY,Person,,auto_accept,Syria,Tartus Governorate,Syria,Q1009512,https://en.wikipedia.org/wiki/George_Wassouf,True,Included: original match was auto_accept.,original_usable,Original high-confidence usable match
Cheba Zahouania,Chaba Zahouania,cfa88bb0-2801-437b-b626-eaaf83081ad7,DZ,Person,,auto_accept,Syria,,Algeria,Q444179,https://en.wikipedia.org/wiki/Cheba_Zahouania,True,Included: original match was auto_accept.,original_usable,Original high-confidence usable match
Cheb Hasni,Cheb Hasni,4f1370f3-3c3b-48e0-997e-a00fdcab7955,DZ,Person,Algerian raï singer,auto_accept,Syria,,Algeria,Q983496,https://en.wikipedia.org/wiki/Cheb_Hasni,True,Included: original match was auto_accept.,original_usable,Original high-confidence usable match
Aram Tigran,Aram Tîgran,94b555b1-7693-41e0-bd05-0faf27fd1172,,Person,,auto_accept,Syria,Qamishli,Syria,Q625702,https://en.wikipedia.org/wiki/Aram_Tigran,True,Included: original match was auto_accept.,original_usable,Original high-confidence usable match
Faia Younan,Faia Younan,a3614fb9-65a1-47df-aff5-b882a3f3808a,,,,auto_accept,Syria,Al-Malikiyah,Sweden,Q28531431,https://en.wikipedia.org/wiki/Faia_Younan,True,Included: original match was auto_accept.,original_usable,Original high-confidence usable match
Lena Chamamyan,Lena Chamamyan,6bba0cc9-74c4-4a83-8171-a225726e9644,SY,Person,,auto_accept,Syria,,Paris,Q2583955,https://en.wikipedia.org/wiki/Lena_Chamamyan,True,Included: original match was auto_accept.,original_usable,Original high-confidence usable match
Étienne Daho,Étienne Daho,1e0de31c-4957-4649-9aa3-7b0f1d9d2c84,FR,Person,,auto_accept,Syria,,Q136736500,Q289556,https://en.wikipedia.org/wiki/%C3%89tienne_Daho,True,Included: original match was auto_accept.,original_usable,Original high-confidence usable match
Ciwan Haco,Ciwan Haco,4c59b128-ffc0-420c-bd60-9627f1d03701,SE,Person,,auto_accept,Syria,Qamishli,Syria,Q983118,https://en.wikipedia.org/wiki/Ciwan_Haco,True,Included: original match was auto_accept.,original_usable,Original high-confidence usable match
Guy Mardel,Guy Mardel,37631c7b-7cbd-4446-b6fe-c8accc9d5ccf,FR,Person,,auto_accept,Syria,,Jerusalem,Q541136,https://en.wikipedia.org/wiki/Guy_Mardel,True,Included: original match was auto_accept.,original_usable,Original high-confidence usable match
Blaoui Houari,Blaoui Houari,a94262fc-3caf-4411-ae80-1d2df168ac8b,DZ,Person,,auto_accept,Syria,,Algeria,Q608646,https://en.wikipedia.org/wiki/Blaoui_Houari,True,Included: original match was auto_accept.,original_usable,Original high-confidence usable match
Rouwaida Attieh,Rouwaida Attieh,8deb4649-862a-4bbc-90c0-b5b23ce17a8b,,Person,,auto_accept,Syria,Homs,Syria,Q3069146,https://en.wikipedia.org/wiki/Rouwaida_Attieh,True,Included: original match was auto_accept.,original_usable,Original high-confidence usable match
Houari Manar,Houari Manar,b3f01c05-71ba-4b2f-9b63-d3d26f666740,DZ,Person,,auto_accept,Syria,,Algeria,Q60524304,https://en.wikipedia.org/wiki/Houari_Manar,True,Included: original match was auto_accept.,original_usable,Original high-confidence usable match
Mohamad Fityan,Mohamad Fityan,fedb2a77-a5fe-466a-848f-de6c1e38c03e,,Person,,auto_accept,Syria,,Syria,Q16735692,https://en.wikipedia.org/wiki/Mohamad_Fityan,True,Included: original match was auto_accept.,original_usable,Original high-confidence usable match
Tarek Alarabi Tourgan,Tarek Alarabi Tourgane,3146e931-6a11-43fb-95a7-886371337e39,SY,Person,Algerian-Syrian composer and singer,auto_accept,Syria,Damascus,Algeria,Q12221475,https://en.wikipedia.org/wiki/Tarek_Alarabi_Tourgane,True,Included: original match was auto_accept.,original_usable,Original high-confidence usable match
Marcel Pérès,Marcel Pérès,3bc2ad4d-e6cc-453a-84bb-7818edd3fa04,FR,Person,,auto_accept,Syria,,France,Q646785,https://en.wikipedia.org/wiki/Marcel_P%C3%A9r%C3%A8s,True,Included: original match was auto_accept.,original_usable,Original high-confidence usable match
Pierre Bensusan,Pierre Bensusan,3ba0b57d-003a-47fa-8e36-37b847fa9195,FR,Person,,auto_accept,Syria,,France,Q945525,https://en.wikipedia.org/wiki/Pierre_Bensusan,True,Included: original match was auto_accept.,original_usable,Original high-confidence usable match
Abed Azrie,Abed Azrié,abd51f20-f80d-4114-b139-5b71bc4bbce9,FR,Person,,auto_accept,Syria,,France,Q2821467,https://en.wikipedia.org/wiki/Abed_Azrie,True,Included: original match was auto_accept.,original_usable,Original high-confidence usable match
Juliana Jendo,Juliana Jendo,e8bc2155-0bc4-4d7f-8402-7be99bcdf677,,Person,,auto_accept,Syria,Tell Tamer,Syria,Q4115973,https://en.wikipedia.org/wiki/Juliana_Jendo,True,Included: original match was auto_accept.,original_usable,Original high-confidence usable match
Marie France,Marie France,75ebf20c-b883-4e6a-a53f-57a9109180cb,FR,Person,"Marie-France Garcia, born 1946 in Oran",auto_accept,Syria,,France,Q732921,https://en.wikipedia.org/wiki/Marie_France,True,Included: original match was auto_accept.,original_usable,Original high-confidence usable match
Maurice El Mediouni,Maurice El Médioni,96a5d7f3-1fca-47f7-81a3-a3b430d302a2,FR,Person,,auto_accept,Syria,,France,Q2156989,https://en.wikipedia.org/wiki/Maurice_El_M%C3%A9diouni,True,Included: original match was auto_accept.,original_usable,Original high-confidence usable match
Asma Ghanem,Asma Ghanem,32368bc3-8f91-4b17-adfe-4cde4b6d0704,PS,Person,,auto_accept,Syria,,Palestine,Q112635487,https://en.wikipedia.org/wiki/Asma_Ghanem,True,Included: original match was auto_accept.,original_usable,Original high-confidence usable match
Lynda Thalie,Lynda Thalie,4632f3b6-3c55-4868-9c5f-de5f5b742250,,Person,,auto_accept,Syria,,Algeria,Q2741269,https://en.wikipedia.org/wiki/Lynda_Thalie,True,Included: original match was auto_accept.,original_usable,Original high-confidence usable match
Sebu Simonian,Sebu Simonian,4ce3b691-0e45-4ed9-b367-6ed530ee3e78,US,Person,"Armenian-American musician, singer-songwriter, and record producer",auto_accept,Syria,,United States,Q18356445,https://en.wikipedia.org/wiki/Sebu_Simonian,True,Included: original match was auto_accept.,original_usable,Original high-confidence usable match
Nassif Zeytoun,Nassif Zeytoun,262eb097-fcfd-4fca-a8f4-7f2fcf932951,SY,Person,,auto_accept,Syria,Daraa,Syria,Q4118254,https://en.wikipedia.org/wiki/Nassif_Zeytoun,True,Included: original match was auto_accept.,original_usable,Original high-confidence usable match
Mihemed Şêxo,Mihemed Şêxo,4d2a36df-6e4c-4842-9be9-86fe8a8fc58d,SY,Person,,auto_accept,Syria,Qamishli,Syria,Q6992997,https://en.wikipedia.org/wiki/Mihemed_%C5%9E%C3%AAxo,True,Included: original match was auto_accept.,original_usable,Original high-confidence usable match
Ysa Ferrer,Ysa Ferrer,6b004542-f75f-4dd7-bbb4-4eeb1b2212ae,FR,Person,,auto_accept,Syria,,France,Q3573041,https://en.wikipedia.org/wiki/Ysa_Ferrer,True,Included: original match was auto_accept.,original_usable,Original high-confidence usable match
Kinan Azmeh,Kinan Azmeh,31d46bc1-2e7c-4192-a013-73f6e46ecbcb,US,Person,Syrian clarinetist,auto_accept,Syria,,Syria,Q1512286,https://en.wikipedia.org/wiki/Kinan_Azmeh,True,Included: original match was auto_accept.,original_usable,Original high-confidence usable match
François Rabbath,François Rabbath,a85e2299-a4ef-42a4-bde9-da327512dfff,FR,Person,,auto_accept,Syria,Aleppo,France,Q322222,https://en.wikipedia.org/wiki/Fran%C3%A7ois_Rabbath,True,Included: original match was auto_accept.,original_usable,Original high-confidence usable match
Waed Bouhassoun,Waed Bouhassoun,05b17ff9-e440-437f-ad59-2e25cc2d3e68,FR,Person,,auto_accept,Syria,Syria,Syria,Q22690718,https://en.wikipedia.org/wiki/Waed_Bouhassoun,True,Included: original match was auto_accept.,original_usable,Original high-confidence usable match
Errol Parker,Errol Parker,6952c973-d9ea-4355-8769-a9ae15ab71cc,FR,Person,,auto_accept,Syria,,France,Q747821,https://en.wikipedia.org/wiki/Errol_Parker,True,Included: original match was auto_accept.,original_usable,Original high-confidence usable match
Franck Amsallem,Franck Amsallem,13174e45-ad9e-4ccf-83ef-19f69dc49136,FR,Person,,auto_accept,Syria,,France,Q1442411,https://en.wikipedia.org/wiki/Franck_Amsallem,True,Included: original match was auto_accept.,original_usable,Original high-confidence usable match
Daniel Charles,Daniel Charles,8b267ac2-1790-4ca8-9325-686579ff40cd,FR,Person,French musicologist,auto_accept,Syria,,France,Q3013855,https://en.wikipedia.org/wiki/Daniel_Charles,True,Included: original match was auto_accept.,original_usable,Original high-confidence usable match
Louis Bertignac,Louis Bertignac,e1e12165-2f0b-4e2b-b2af-3a7014856a48,FR,Person,,auto_accept,Syria,,France,Q3261244,https://en.wikipedia.org/wiki/Louis_Bertignac,True,Included: original match was auto_accept.,original_usable,Original high-confidence usable match
NOURI,Nouri,66e87b9b-c7fd-49c3-ba0c-00d63e86e73a,,Person,,auto_accept,Syria,Damascus,New Zealand,Q59554894,https://en.wikipedia.org/wiki/NOURI_(artist),True,Included: original match was auto_accept.,original_usable,Original high-confidence usable match
Haig Yazdjian,Haig Yazdjian,ac1e60e1-ff65-4139-902c-adb4065e489c,AM,Person,,auto_accept,Syria,,,Q2622788,https://en.wikipedia.org/wiki/Haig_Yazdjian,True,Included: original match was auto_accept.,original_usable,Original high-confidence usable match
Houari Benchenet,Houari Benchenet,0278c6a0-288d-43e8-845a-d67a4fafb0c2,DZ,Person,,auto_accept,Syria,,Algeria,Q3141230,https://en.wikipedia.org/wiki/Houari_Benchenet,True,Included: original match was auto_accept.,original_usable,Original high-confidence usable match
Bouteldja Belkacem,Bouteldja Belkacem,6766d384-fc19-474d-a66a-8f173ad8b8f5,DZ,Person,Algerian Singer,auto_accept,Syria,,Algeria,Q16151610,https://en.wikipedia.org/wiki/Bouteldja_Belkacem,True,Included: original match was auto_accept.,original_usable,Original high-confidence usable match
Nouri Iskandar,Nouri Iskandar,0116b51e-5e1c-4735-8bee-c330a8d6c8f2,SY,Person,,auto_accept,Syria,Deir ez-Zor,Second Syrian Republic,Q7063908,https://en.wikipedia.org/wiki/Nouri_Iskandar,True,Included: original match was auto_accept.,original_usable,Original high-confidence usable match
Iyad Rimawi,Iyad Rimawi,4fba2e16-5dcc-4aa9-ade3-aefcd7ccdfec,SY,Person,,auto_accept,Syria,Damascus,Palestine,Q28714832,https://en.wikipedia.org/wiki/Iyad_Rimawi,True,Included: original match was auto_accept.,original_usable,Original high-confidence usable match
François Valéry,François Valéry,d862f632-4cac-4eb8-9cfb-8d6bd8ebb3dc,FR,Person,,auto_accept,Syria,,France,Q3085966,https://en.wikipedia.org/wiki/Fran%C3%A7ois_Val%C3%A9ry,True,Included: original match was auto_accept.,original_usable,Original high-confidence usable match
Cheb Kader,Cheb Kader,8bdeed6f-1eb0-4234-9eba-f63943439338,MA,Person,,auto_accept,Syria,,Morocco,Q17318613,https://en.wikipedia.org/wiki/Cheb_Kader,True,Included: original match was auto_accept.,original_usable,Original high-confidence usable match
Thierry Pastor,Thierry Pastor,ba879461-e8ce-44a1-ba8c-9c2a9f00e243,FR,Person,,auto_accept,Syria,,France,Q3524465,https://en.wikipedia.org/wiki/Thierry_Pastor,True,Included: original match was auto_accept.,original_usable,Original high-confidence usable match
Jean-Paul Sevilla,Jean-Paul Sevilla,3b5d0819-9473-47a7-bcfe-58a5dda3acc2,FR,Person,pianist,auto_accept,Syria,,France,Q6169814,https://en.wikipedia.org/wiki/Jean-Paul_Sevilla,True,Included: original match was auto_accept.,original_usable,Original high-confidence usable match
Racha Arodaky,Racha Arodaky,89f7c0ee-1f1f-4a27-b368-d81e78e9aabd,FR,Person,pianist,auto_accept,Syria,,France,Q3416050,https://en.wikipedia.org/wiki/Racha_Arodaky,True,Included: original match was auto_accept.,original_usable,Original high-confidence usable match
Zaid Jabri,Zaid Jabri,d564c6e8-2322-4e0f-b8d0-5faf51e76a43,PL,Person,Syrian-Polish composer,auto_accept,Syria,Damascus,Kraków,Q111731340,https://en.wikipedia.org/wiki/Zaid_Jabri,True,Included: original match was auto_accept.,original_usable,Original high-confidence usable match
Bilal Khan,Bilal Khan,49c56a79-849e-4289-9f3e-293043b0479a,,Person,,auto_accept,Syria,Middle East,Pakistan,Q16231372,https://en.wikipedia.org/wiki/Bilal_Khan_(singer),True,Included: original match was auto_accept.,original_usable,Original high-confidence usable match
Frankie Jordan,Frankie Jordan,5aca0816-c048-4b04-90e0-2091e4279632,FR,Person,French 1960s rock singer Claude Benzaquen,auto_accept,Syria,,France,Q3082905,https://en.wikipedia.org/wiki/Frankie_Jordan,True,Included: original match was auto_accept.,original_usable,Original high-confidence usable match
François Boulanger,François Boulanger,d178a2f7-8b3e-4816-a5d7-0e2c76813234,FR,Person,French conductor,auto_accept,Syria,,France,Q18610875,https://en.wikipedia.org/wiki/Fran%C3%A7ois_Boulanger,True,Included: original match was auto_accept.,original_usable,Original high-confidence usable match
Djaffar Bensetti,Djaffar Bensetti,ebd02023-782e-4f45-bc16-cc484f55d7ce,,Person,,auto_accept,Syria,,Algeria,Q99690076,https://en.wikipedia.org/wiki/Djaffar_Bensetti,True,Included: original match was auto_accept.,original_usable,Original high-confidence usable match
Louis Musy,Louis Musy,1f165476-fd54-4513-95e5-debd583029f0,FR,Person,baritone,auto_accept,Syria,,France,Q3262768,https://en.wikipedia.org/wiki/Louis_Musy,True,Included: original match was auto_accept.,original_usable,Original high-confidence usable match
André Mallabrera,André Mallabrera,cd474e9c-7406-468e-b8bf-e57b046e3f6c,,Person,tenor,auto_accept,Syria,,France,Q41623162,https://en.wikipedia.org/wiki/Andr%C3%A9_Mallabrera,True,Included: original match was auto_accept.,original_usable,Original high-confidence usable match
Layal Watfeh,Layal Watfeh,0d76a734-acc9-47ac-b84a-06ef2af2fa81,SY,Person,Syrian composer/musician/voice actor,auto_accept,Syria,Damascus,Damascus,Q54913981,https://en.wikipedia.org/wiki/Layal_Watfeh,True,Included: original match was auto_accept.,original_usable,Original high-confidence usable match
Kareem Roustom,Kareem Roustom,9da38038-5009-49e7-abbe-6080283235c6,US,Person,Syrian-American composer,auto_accept,Syria,,,Q95846189,https://en.wikipedia.org/wiki/Kareem_Roustom,True,Included: original match was auto_accept.,original_usable,Original high-confidence usable match
Basel Rajoub,Basel Rajoub,c5f7f1ad-a880-440b-ac99-ebaae264a235,,Person,"SAXOPHONIST, COMPOSER",auto_accept,Syria,,,Q4866654,https://en.wikipedia.org/wiki/Basel_Rajoub,True,Included: original match was auto_accept.,original_usable,Original high-confidence usable match
Khyam Allami,Khyam Allami,a2d6c3ee-10e0-4bd9-b5fe-f5bd196e9911,GB,Person,,auto_accept,Syria,Damascus,Damascus,Q6403470,https://en.wikipedia.org/wiki/Khyam_Allami,True,Included: original match was auto_accept.,original_usable,Original high-confidence usable match
Bashar Murad,Bashar Murad,5a289a16-e872-4058-ba3d-4e108e46ff5c,PS,Person,,auto_accept,Palestine,Al-Ram,Palestine,Q65658874,https://en.wikipedia.org/wiki/Bashar_Murad,True,Included: original match was auto_accept.,original_usable,Original high-confidence usable match
MC Abdul,MC Abdul,bd49121d-3dd5-46ae-8ef9-69c66fd01bff,,Person,Palestinian rapper,auto_accept,Palestine,Gaza City,Israel,Q108003855,https://en.wikipedia.org/wiki/MC_Abdul,True,Included: original match was auto_accept.,original_usable,Original high-confidence usable match
Ramzi Aburedwan,Ramzi Aburedwan,d5dd2045-d06f-4f65-a89d-690831e79210,PS,Person,,auto_accept,Palestine,Bethlehem,France,Q19667554,https://en.wikipedia.org/wiki/Ramzi_Aburedwan,True,Included: original match was auto_accept.,original_usable,Original high-confidence usable match
Ester Rada,Ester Rada,38d6b5cc-8166-4a7c-b85f-eb2116ef7258,IL,Person,,auto_accept,Palestine,Kiryat Arba,Israel,Q6899049,https://en.wikipedia.org/wiki/Ester_Rada,True,Included: original match was auto_accept.,original_usable,Original high-confidence usable match
Asher Swissa,Asher Swissa,541c9765-26c4-4e81-b5f1-212fe2764103,IL,Person,,auto_accept,Palestine,Jerusalem,Israel,Q4804862,https://en.wikipedia.org/wiki/Asher_Swissa,True,Included: original match was auto_accept.,original_usable,Original high-confidence usable match
Yoad Nevo,Yoad Nevo,7c1d080b-4c39-4867-af2a-06ff21cd89c5,GB,Person,,auto_accept,Palestine,Jerusalem,Israel,Q8054173,https://en.wikipedia.org/wiki/Yoad_Nevo,True,Included: original match was auto_accept.,original_usable,Original high-confidence usable match
Ehud Ettun,Ehud Ettun,66749ff5-8b15-432b-9e2d-4a91f93ccbae,,Person,,auto_accept,Palestine,Jerusalem,Mitzpe Ramon,Q18353027,https://en.wikipedia.org/wiki/Ehud_Ettun,True,Included: original match was auto_accept.,original_usable,Original high-confidence usable match
Yaron Kohlberg,Yaron Kohlberg,f9102a80-8812-4cc8-8346-565681a90d86,US,Person,pianist,auto_accept,Palestine,Jerusalem,Israel,Q8049444,https://en.wikipedia.org/wiki/Yaron_Kohlberg,True,Included: original match was auto_accept.,original_usable,Original high-confidence usable match
Hila Plitmann,Hila Plitmann,50373669-3d16-449d-a349-34b8d08737e1,IL,Person,Israeli-American soprano,auto_accept,Palestine,Jerusalem,Israel,Q282560,https://en.wikipedia.org/wiki/Hila_Plitmann,True,Included: original match was auto_accept.,original_usable,Original high-confidence usable match
Yuval Gabay,Yuval Gabay,6f4c7509-8559-4c39-ae3f-3e54b5ea35ab,US,Person,,auto_accept,Palestine,Jerusalem,United States,Q8062150,https://en.wikipedia.org/wiki/Yuval_Gabay,True,Included: original match was auto_accept.,original_usable,Original high-confidence usable match
Sivan Magen,Sivan Magen,8127416b-fc25-4c87-a6fb-846e2cb54a42,IL,Person,harpist,auto_accept,Palestine,Jerusalem,New York City,Q20657243,https://en.wikipedia.org/wiki/Sivan_Magen,True,Included: original match was auto_accept.,original_usable,Original high-confidence usable match
Ran Nir,Ran Nir,d13bcfdb-2fa9-4f57-9ad8-c445a2a88fe4,IL,Person,,auto_accept,Palestine,Jerusalem,Germany,Q74262504,https://en.wikipedia.org/wiki/Ran_Nir,True,Included: original match was auto_accept.,original_usable,Original high-confidence usable match
Zanvil Weinberger,Zanvil Weinberger,c79c86a3-7191-41cb-801b-ce705c13727b,IL,Person,,auto_accept,Palestine,Jerusalem,Israel,Q110926805,https://en.wikipedia.org/wiki/Zanvil_Weinberger,True,Included: original match was auto_accept.,original_usable,Original high-confidence usable match
Ayelet Rose Gottlieb,Ayelet Rose Gottlieb,81957072-51de-4bd2-9ec5-1bb431173c0b,IL,Person,,auto_accept,Palestine,Jerusalem,Israel,Q18018542,https://en.wikipedia.org/wiki/Ayelet_Rose_Gottlieb,True,Included: original match was auto_accept.,original_usable,Original high-confidence usable match
Moshe Nathanson,Moshe Nathanson,c011fb5c-747a-4dc7-beed-49c243dec891,,Person,,auto_accept,Palestine,Jerusalem,Ottoman Empire,Q15711015,https://en.wikipedia.org/wiki/Moshe_Nathanson,True,Included: original match was auto_accept.,original_usable,Original high-confidence usable match
Bracha Eden,Bracha Eden,4af62533-2d92-4a62-9cab-e8e1ba1f9b09,IL,Person,,auto_accept,Palestine,Jerusalem,Israel,Q54572860,https://en.wikipedia.org/wiki/Bracha_Eden,True,Included: original match was auto_accept.,original_usable,Original high-confidence usable match
Shabjdeed,Shabjdeed,99e070e6-e232-4731-81db-666b448626d7,,Person,Palestinian rapper,auto_accept,Palestine,Jerusalem,Palestine,Q106570586,https://en.wikipedia.org/wiki/Shabjdeed,True,Included: original match was auto_accept.,original_usable,Original high-confidence usable match
Amihai Grosz,Amihai Grosz,491ae68b-28a8-445f-90a1-6bdde25635b5,DE,Person,violist,auto_accept,Palestine,Jerusalem,Israel,Q6586745,https://en.wikipedia.org/wiki/Amihai_Grosz,True,Included: original match was auto_accept.,original_usable,Original high-confidence usable match
Lyrik,Lyrik,d2d03c7b-e5c1-4517-873a-7a905baeb705,,Person,German rapper,auto_accept,Palestine,Jerusalem,Israel,Q6710033,https://en.wikipedia.org/wiki/Lyrik,True,Included: original match was auto_accept.,original_usable,Original high-confidence usable match
Eitan Avitsur,Eitan Avitsur,4390b1f3-0ba8-4c72-96d3-0bf9b27b7cdd,IL,Person,composer / conductor,auto_accept,Palestine,Jerusalem,Israel,Q5349997,https://en.wikipedia.org/wiki/Eitan_Avitsur,True,Included: original match was auto_accept.,original_usable,Original high-confidence usable match
Raz Mesinai,Raz Mesinai,0046f732-3d5a-46af-a0ef-5099331b958f,US,Person,,auto_accept,Palestine,Jerusalem,Jerusalem,Q7299433,https://en.wikipedia.org/wiki/Raz_Mesinai,True,Included: original match was auto_accept.,original_usable,Original high-confidence usable match
Tamar Muskal,Tamar Muskal,c5a3e7fd-b6b0-41a2-929a-77b94b0e5833,US,Person,,auto_accept,Palestine,Jerusalem,United States,Q109531343,https://en.wikipedia.org/wiki/Tamar_Muskal,True,Included: original match was auto_accept.,original_usable,Original high-confidence usable match
Kohava Levy,Kohava Levy,ae7f8b18-4140-4181-9af7-c286ce5defbb,IL,Person,,auto_accept,Palestine,Jerusalem,Jerusalem,Q21104229,https://en.wikipedia.org/wiki/Kohava_Levy,True,Included: original match was auto_accept.,original_usable,Original high-confidence usable match
