name,wikidata_id,origin_country,birth_place,current_residence,wiki_url
Anatoliy Solovyanenko,Q488006,Ukraine,Donetsk,Soviet Union,https://en.wikipedia.org/wiki/Anatoliy_Solovianenko
Stefania Turkevych-Lukiianovych,Q12162960,Ukraine,Lviv,Austria–Hungary,https://en.wikipedia.org/wiki/Stefania_Turkewich
Milla Jovovich,Q170576,Ukraine,Kyiv,Los Angeles,https://en.wikipedia.org/wiki/Milla_Jovovich
Sergei Prokofiev,Q49481,Ukraine,Sontsivka,Russian Empire,https://en.wikipedia.org/wiki/Sergei_Prokofiev
Sofia Rotaru,Q43137,Ukraine,Marshyntsi,Soviet Union,https://en.wikipedia.org/wiki/Sofia_Rotaru
Ruslana Lyzhychko,Q129119,Ukraine,Lviv,Soviet Union,https://en.wikipedia.org/wiki/Ruslana
Ivan Mazepa,Q165419,Ukraine,Mazepintsi,Polish–Lithuanian Commonwealth,https://en.wikipedia.org/wiki/Ivan_Mazepa
Simon Wiesenthal,Q49086,Ukraine,Buchach,Austria,https://en.wikipedia.org/wiki/Simon_Wiesenthal
Vladimir Horowitz,Q192506,Ukraine,Kyiv,Russian Empire,https://en.wikipedia.org/wiki/Vladimir_Horowitz
Ignacy Jan Paderewski,Q191957,Ukraine,Kurilivka,Warsaw,https://en.wikipedia.org/wiki/Ignacy_Jan_Paderewski
Julia Sanina,Q21573827,Ukraine,Kyiv,Soviet Union,https://en.wikipedia.org/wiki/Julia_Sanina
Ani Lorak,Q237081,Ukraine,Kitsman,Russia,https://en.wikipedia.org/wiki/Ani_Lorak
Hryhorii Skovoroda,Q336803,Ukraine,Chornukhy,Russian Empire,https://en.wikipedia.org/wiki/Hryhorii_Skovoroda
Tayanna,Q28826885,Ukraine,Chernivtsi,Ukraine,https://en.wikipedia.org/wiki/Tayanna
Sviatoslav Richter,Q124890,Ukraine,Zhytomyr,Russia,https://en.wikipedia.org/wiki/Sviatoslav_Richter
Natasha Korolyova,Q1076041,Ukraine,Kyiv,Russia,https://en.wikipedia.org/wiki/Natasha_Korolyova
David Oistrakh,Q47120,Ukraine,Odesa,Russian Empire,https://en.wikipedia.org/wiki/David_Oistrakh
Iryna Bilyk,Q2662849,Ukraine,Kyiv,Soviet Union,https://en.wikipedia.org/wiki/Iryna_Bilyk
Verka Serduchka,Q275875,Ukraine,Poltava,Ukraine,https://en.wikipedia.org/wiki/Verka_Serduchka
Lyudmila Gurchenko,Q68537,Ukraine,Kharkiv,Russia,https://en.wikipedia.org/wiki/Lyudmila_Gurchenko
Karol Szymanowski,Q295400,Ukraine,Tymoshivka,Zakopane,https://en.wikipedia.org/wiki/Karol_Szymanowski
Serhiy Zhadan,Q458209,Ukraine,Starobilsk,Soviet Union,https://en.wikipedia.org/wiki/Serhiy_Zhadan
Zlata Ognevich,Q1574590,Ukraine,Kryvyi Rih,Ukraine,https://en.wikipedia.org/wiki/Zlata_Ognevich
Mykola Lysenko,Q172425,Ukraine,Hrynky,Kyiv,https://en.wikipedia.org/wiki/Mykola_Lysenko
Władysław Tarnowski,Q93817,Ukraine,Voroblevychi,Austria–Hungary,https://en.wikipedia.org/wiki/W%C5%82adys%C5%82aw_Tarnowski
Borys Liatoshynsky,Q504426,Ukraine,Zhytomyr,Russian Empire,https://en.wikipedia.org/wiki/Borys_Lyatoshynsky
Svetlana Loboda,Q209926,Ukraine,Irpin,Ukraine,https://en.wikipedia.org/wiki/Svetlana_Loboda
Sviatoslav Vakarchuk,Q2622781,Ukraine,Mukachevo,Ukraine,https://en.wikipedia.org/wiki/Sviatoslav_Vakarchuk
Isaac Stern,Q311317,Ukraine,Kremenets,Western Addition,https://en.wikipedia.org/wiki/Isaac_Stern
Mariya Yaremchuk,Q4525785,Ukraine,Chernivtsi,Ukraine,https://en.wikipedia.org/wiki/Mariya_Yaremchuk
Dmytro Bortnianskyi,Q316505,Ukraine,Hlukhiv,Russian Empire,https://en.wikipedia.org/wiki/Dmitry_Bortniansky
Valentyn Sylvestrov,Q706765,Ukraine,Kyiv,Berlin,https://en.wikipedia.org/wiki/Valentyn_Silvestrov
Anastasiia Prykhodko,Q156951,Ukraine,Kyiv,Soviet Union,https://en.wikipedia.org/wiki/Anastasia_Prikhodko
Vera Brezhneva,Q2329850,Ukraine,Kamyanske,Ukraine,https://en.wikipedia.org/wiki/Vera_Brezhneva
Gaitana,Q209845,Ukraine,Kyiv,Republic of the Congo,https://en.wikipedia.org/wiki/Gaitana_(singer)
Wojciech Kilar,Q319777,Ukraine,Lviv,Darmstadt,https://en.wikipedia.org/wiki/Wojciech_Kilar
Emil Gilels,Q319732,Ukraine,Odesa,Russian Empire,https://en.wikipedia.org/wiki/Emil_Gilels
Reinhold Glière,Q316795,Ukraine,Kyiv,Russian Empire,https://en.wikipedia.org/wiki/Reinhold_Gli%C3%A8re
Mykola Leontovych,Q467914,Ukraine,Monastirok,Russian Empire,https://en.wikipedia.org/wiki/Mykola_Leontovych
Jerry Heil,Q56364121,Ukraine,Vasylkiv,Ukraine,https://en.wikipedia.org/wiki/Jerry_Heil
Joseph Kobzon,Q1980296,Ukraine,Chasiv Yar,Moscow,https://en.wikipedia.org/wiki/Joseph_Kobzon
Mika Newton,Q231988,Ukraine,Burshtyn,Ukraine,https://en.wikipedia.org/wiki/Mika_Newton
Alyona Alyona,Q59358454,Ukraine,Kapitanivka,Baryshivska Hromada,https://en.wikipedia.org/wiki/Alyona_Alyona
Isaak Dunayevsky,Q638638,Ukraine,Lokhvytsia,Russian Empire,https://en.wikipedia.org/wiki/Isaak_Dunayevsky
Khrystyna Soloviy,Q21600244,Ukraine,Drohobych,Ukraine,https://en.wikipedia.org/wiki/Khrystyna_Soloviy
Valentina Lisitsa,Q253233,Ukraine,Kyiv,Russia,https://en.wikipedia.org/wiki/Valentina_Lisitsa
Dimitri Tiomkin,Q317033,Ukraine,Kremenchuk,Hollywood,https://en.wikipedia.org/wiki/Dimitri_Tiomkin
Mark Taimanov,Q348037,Ukraine,Kharkiv,Russia,https://en.wikipedia.org/wiki/Mark_Taimanov
Maria Guleghina,Q1031062,Ukraine,Odesa,Belarus,https://en.wikipedia.org/wiki/Maria_Guleghina
Alekseev,Q22979243,Ukraine,Kyiv,Ukraine,https://en.wikipedia.org/wiki/Alekseev_(singer)
Mélovin,Q25442068,Ukraine,Odesa,Ukraine,https://en.wikipedia.org/wiki/M%C3%A9lovin
Diana Hacıyeva,Q16366466,Ukraine,Mariupol,Azerbaijan,https://en.wikipedia.org/wiki/Diana_Hajiyeva
Heinrich Neuhaus,Q506613,Ukraine,Kropyvnytskyi,Russian Empire,https://en.wikipedia.org/wiki/Heinrich_Neuhaus
Olena Topolia,Q209987,Ukraine,Zaporizhzhia,Soviet Union,https://en.wikipedia.org/wiki/Olena_Topolia
Mikołaj Rej,Q458235,Ukraine,Zhuravno,Kingdom of Poland,https://en.wikipedia.org/wiki/Miko%C5%82aj_Rej
Solomea Krushelnytska,Q267058,Ukraine,Biliavyntsi,Austria–Hungary,https://en.wikipedia.org/wiki/Solomiya_Krushelnytska
Vasyl Slipak,Q25050824,Ukraine,Lviv,Ukraine,https://en.wikipedia.org/wiki/Vasyl_Slipak
Mark Bernes,Q537854,Ukraine,Nizhyn,Russian Empire,https://en.wikipedia.org/wiki/Mark_Bernes
Anna Sedokova,Q2350283,Ukraine,Kyiv,Ukraine,https://en.wikipedia.org/wiki/Anna_Sedokova
Yaroslav Yevdokimov,Q4172926,Ukraine,Rivne,Belarus,https://en.wikipedia.org/wiki/Yaroslav_Yevdokimov
Leonid Kogan,Q379616,Ukraine,Dnipro,Soviet Union,https://en.wikipedia.org/wiki/Leonid_Kogan
Myroslav Skoryk,Q278813,Ukraine,Lviv,Soviet Union,https://en.wikipedia.org/wiki/Myroslav_Skoryk
Maruv,Q56310176,Ukraine,Pavlohrad,Ukraine,https://en.wikipedia.org/wiki/Maruv
Gregor Piatigorsky,Q364868,Ukraine,Dnipro,Russian Empire,https://en.wikipedia.org/wiki/Gregor_Piatigorsky
Maksym Berezovsky,Q1353816,Ukraine,Hlukhiv,Russian Empire,https://en.wikipedia.org/wiki/Maxim_Berezovsky
Regina Todorenko,Q19694388,Ukraine,Odesa,Ukraine,https://en.wikipedia.org/wiki/Regina_Todorenko
Sophie Tucker,Q152520,Ukraine,Tulchyn,United States,https://en.wikipedia.org/wiki/Sophie_Tucker
Nina Matviienko,Q2011217,Ukraine,Nedilishche,Soviet Union,https://en.wikipedia.org/wiki/Nina_Matviienko
Nathan Milstein,Q434055,Ukraine,Odesa,Ukraine,https://en.wikipedia.org/wiki/Nathan_Milstein
Oleksandr Ponomariov,Q540915,Ukraine,Khmelnytskyi,Ukraine,https://en.wikipedia.org/wiki/Oleksandr_Ponomariov
Eduard Romanyuta,Q4397461,Ukraine,Ternopil,Ukraine,https://en.wikipedia.org/wiki/Eduard_Romanyuta
Alexander Spendiaryan,Q969702,Ukraine,Kakhovka,Russian Empire,https://en.wikipedia.org/wiki/Alexander_Spendiaryan
Leonid Utyosov,Q541493,Ukraine,Odesa,Russian Empire,https://en.wikipedia.org/wiki/Leonid_Utesov
Nastya Kamenskikh,Q289212,Ukraine,Kyiv Oblast,Ukraine,https://en.wikipedia.org/wiki/NK_(singer)
Nikolai Gubenko,Q1983805,Ukraine,Odesa,Moscow,https://en.wikipedia.org/wiki/Nikolai_Gubenko
Max Barskih,Q41272,Ukraine,Kherson,Russia,https://en.wikipedia.org/wiki/Max_Barskih
Alexander Galich,Q2459284,Ukraine,Dnipro,Soviet Union,https://en.wikipedia.org/wiki/Alexander_Galich_(writer)
Alina Pash,Q55108431,Ukraine,Bushtyno,Ukraine,https://en.wikipedia.org/wiki/Alina_Pash
Nikolai Kapustin,Q704175,Ukraine,Horlivka,Russia,https://en.wikipedia.org/wiki/Nikolai_Kapustin
Igor Krutoy,Q2631745,Ukraine,Haivoron,Russia,https://en.wikipedia.org/wiki/Igor_Krutoy
Andriy Kuzmenko,Q4245310,Ukraine,Sambir,Crimea,https://en.wikipedia.org/wiki/Andriy_Kuzmenko
Kateryna Pavlenko,Q85992998,Ukraine,Nizhyn,Ukraine,https://en.wikipedia.org/wiki/Monokate
Masha Efrosynina,Q438402,Ukraine,Kerch,Ukraine,https://en.wikipedia.org/wiki/Masha_Efrosynina
Volodymyr Ivasyuk,Q786521,Ukraine,Kitsman,Soviet Union,https://en.wikipedia.org/wiki/Volodymyr_Ivasiuk
Ciprian Porumbescu,Q389000,Ukraine,Shepit,Austrian Empire,https://en.wikipedia.org/wiki/Ciprian_Porumbescu
Eugene Hütz,Q535444,Ukraine,Boyarka,Ukraine,https://en.wikipedia.org/wiki/Eugene_H%C3%BCtz
Dimitry of Rostov,Q980251,Ukraine,Makariv,Kyiv,https://en.wikipedia.org/wiki/Demetrius_of_Rostov
Taras Kompanichenko,Q7685533,Ukraine,Kyiv,Ukraine,https://en.wikipedia.org/wiki/Taras_Kompanichenko
Pyotr Todorovsky,Q1890642,Ukraine,Bobrynets,Russia,https://en.wikipedia.org/wiki/Pyotr_Todorovsky
Marko Kropyvnytskyi,Q2366031,Ukraine,Kropyvnytske,Russian Empire,https://en.wikipedia.org/wiki/Marko_Kropyvnytskyi
Gosha Kutsenko,Q1385036,Ukraine,Zaporizhzhia,Russia,https://en.wikipedia.org/wiki/Gosha_Kutsenko
Nadya Dorofeeva,Q16698229,Ukraine,Simferopol,Ukraine,https://en.wikipedia.org/wiki/Dorofeeva
Yevhen Stankovych,Q200892,Ukraine,Svaliava,Soviet Union,https://en.wikipedia.org/wiki/Yevhen_Stankovych
Alexander Vertinsky,Q516281,Ukraine,Kyiv,Greece,https://en.wikipedia.org/wiki/Alexander_Vertinsky
Abraham Goldfaden,Q330024,Ukraine,Starokostiantyniv,Kingdom of Romania,https://en.wikipedia.org/wiki/Abraham_Goldfaden
Igor Markevitch,Q503355,Ukraine,Kyiv,Moscow,https://en.wikipedia.org/wiki/Igor_Markevitch
Nikocado Avocado,Q105593316,Ukraine,Kherson,United States,https://en.wikipedia.org/wiki/Nikocado_Avocado
Arkady Luxemburg,Q4272163,Ukraine,Zhytomyr,Israel,https://en.wikipedia.org/wiki/Arkady_Luxemburg
Anastasiya Petryk,Q277168,Ukraine,Odesa,Ukraine,https://en.wikipedia.org/wiki/Anastasiya_Petryk
Elina Bystritskaya,Q2370750,Ukraine,Kyiv,Russia,https://en.wikipedia.org/wiki/Elina_Bystritskaya
Heinrich Schenker,Q531995,Ukraine,Vyshnivchyk,Austria,https://en.wikipedia.org/wiki/Heinrich_Schenker
Emanuel Feuermann,Q112171,Ukraine,Kolomyia,Austria,https://en.wikipedia.org/wiki/Emanuel_Feuermann
Roman Vlad,Q2343525,Ukraine,Chernivtsi,Rome,https://en.wikipedia.org/wiki/Roman_Vlad
Igor Oistrakh,Q538219,Ukraine,Odesa,Russia,https://en.wikipedia.org/wiki/Igor_Oistrakh
Klavdiya Shulzhenko,Q292875,Ukraine,Kharkiv,Soviet Union,https://en.wikipedia.org/wiki/Klavdiya_Shulzhenko
Ana Layevska,Q698094,Ukraine,Kyiv,Kyiv,https://en.wikipedia.org/wiki/Ana_Layevska
Lolita Milyavskaya,Q1972714,Ukraine,Mukachevo,Israel,https://en.wikipedia.org/wiki/Lolita_Milyavskaya
Dmitry Gordon,Q4143897,Ukraine,Kyiv,Ukraine,https://en.wikipedia.org/wiki/Dmitry_Gordon
Artem Pyvovarov,Q23656293,Ukraine,Vovchansk,Ukraine,https://en.wikipedia.org/wiki/Artem_Pyvovarov
Serhii Sternenko,Q47489230,Ukraine,Sadove,Ukraine,https://en.wikipedia.org/wiki/Serhii_Sternenko
Levko Revutsky,Q596947,Ukraine,Irzhavets,Russian Empire,https://en.wikipedia.org/wiki/Levko_Revutsky
Franz Doppler,Q711460,Ukraine,Lviv,Austria–Hungary,https://en.wikipedia.org/wiki/Franz_Doppler
Yuri Shaporin,Q963055,Ukraine,Hlukhiv,Russian Empire,https://en.wikipedia.org/wiki/Yuri_Shaporin
Estás Tonné,Q17254154,Ukraine,Zaporizhzhia,Zaporizhzhia,https://en.wikipedia.org/wiki/Estas_Tonne
Joseph Schmidt,Q94513,Ukraine,Davydivka,Berlin,https://en.wikipedia.org/wiki/Joseph_Schmidt
Emanuel Ax,Q505563,Ukraine,Lviv,Poland,https://en.wikipedia.org/wiki/Emanuel_Ax
Hanka Bielicka,Q428422,Ukraine,Poltava,Poland,https://en.wikipedia.org/wiki/Hanka_Bielicka
Sofia Tarasova,Q14627544,Ukraine,Kyiv,Ukraine,https://en.wikipedia.org/wiki/Sofia_Tarasova
Mischa Elman,Q1391355,Ukraine,Talne,United States,https://en.wikipedia.org/wiki/Mischa_Elman
Mariana Sadovska,Q521717,Ukraine,Lviv,Ukraine,https://en.wikipedia.org/wiki/Mariana_Sadovska
Yan Frenkel,Q771374,Ukraine,Kyiv,Soviet Union,https://en.wikipedia.org/wiki/Yan_Frenkel
Aleksandr Gauk,Q972169,Ukraine,Odesa,Russian Empire,https://en.wikipedia.org/wiki/Alexander_Gauk
Leo Ornstein,Q1558656,Ukraine,Kremenchuk,United States,https://en.wikipedia.org/wiki/Leo_Ornstein
Alla Zahaikevych,Q1981300,Ukraine,Khmelnytskyi,Soviet Union,https://en.wikipedia.org/wiki/Alla_Zahaikevych
Felix Blumenfeld,Q1349550,Ukraine,Q12111027,Russian Empire,https://en.wikipedia.org/wiki/Felix_Blumenfeld
Volodymyr Melnykov,Q12122449,Ukraine,Chernivtsi,Soviet Union,https://en.wikipedia.org/wiki/Volodymyr_Melnykov
Oksana Lyniv,Q2017541,Ukraine,Brody,Ukraine,https://en.wikipedia.org/wiki/Oksana_Lyniv
Dasha Astafieva,Q2302686,Ukraine,Pokrov,Ukraine,https://en.wikipedia.org/wiki/Dasha_Astafieva
Alla Kudlai,Q12115430,Ukraine,Losynivka,Soviet Union,https://en.wikipedia.org/wiki/Alla_Kudlai
Konstantin Lopushansky,Q1364690,Ukraine,Dnipro,Russia,https://en.wikipedia.org/wiki/Konstantin_Lopushansky
Emil Paur,Q78982,Ukraine,Chernivtsi,Místek,https://en.wikipedia.org/wiki/Emil_Paur
Vladimir Shainsky,Q674048,Ukraine,Kyiv,Israel,https://en.wikipedia.org/wiki/Vladimir_Shainsky
Edvin Marton,Q441053,Ukraine,Vilok,Hungary,https://en.wikipedia.org/wiki/Edvin_Marton
Semen Hulak-Artemovsky,Q1400433,Ukraine,Horodyshche,Russian Empire,https://en.wikipedia.org/wiki/Semen_Hulak-Artemovsky
Anna Fedorova,Q125885,Ukraine,Kyiv,Ukraine,https://en.wikipedia.org/wiki/Anna_Fedorova
Shura Cherkassky,Q713428,Ukraine,Odesa,United States,https://en.wikipedia.org/wiki/Shura_Cherkassky
Benno Moiseiwitsch,Q817970,Ukraine,Odesa,Russian Empire,https://en.wikipedia.org/wiki/Benno_Moiseiwitsch
Mieczysław Horszowski,Q918339,Ukraine,Lviv,Poland,https://en.wikipedia.org/wiki/Mieczys%C5%82aw_Horszowski
Sergei Bortkiewicz,Q742149,Ukraine,Kharkiv,Austria,https://en.wikipedia.org/wiki/Sergei_Bortkiewicz
Hnat Khotkevych,Q2592547,Ukraine,Kharkiv,Russian Empire,https://en.wikipedia.org/wiki/Hnat_Khotkevych
Viktoria Leléka,Q111127206,Ukraine,Shakhtarske,Ukraine,https://en.wikipedia.org/wiki/Viktoria_Lel%C3%A9ka
Vasyl Barvinsky,Q4078084,Ukraine,Ternopil,Austria–Hungary,https://en.wikipedia.org/wiki/Vasyl_Barvinsky
Antonina Nezhdanova,Q2450734,Ukraine,Odesa,Russian Empire,https://en.wikipedia.org/wiki/Antonina_Nezhdanova
Lidiya Lipkovskaya,Q3389824,Ukraine,Babyn,Romania,https://en.wikipedia.org/wiki/Lydia_Lipkowska
Anzhelina Shvachka,Q12171389,Ukraine,Dnipro,Ukraine,https://en.wikipedia.org/wiki/Anzhelina_Shvachka
Alexey Razumovsky,Q918514,Ukraine,Lemeshi (Kozeletskii raion),Russian Empire,https://en.wikipedia.org/wiki/Alexei_Razumovsky
Taisiia Povalii,Q1984215,Ukraine,Shamrayivka,Moscow,https://en.wikipedia.org/wiki/Taisia_Povaliy
Pavlo Vyshebaba,Q65209556,Ukraine,Kramatorsk,Ukraine,https://en.wikipedia.org/wiki/Pavlo_Vyshebaba
Potap,Q1879459,Ukraine,Kyiv,Ukraine,https://en.wikipedia.org/wiki/Potap
Moriz Rosenthal,Q213772,Ukraine,Lviv,Poland,https://en.wikipedia.org/wiki/Moriz_Rosenthal
Victoria Bulitko,Q4098935,Ukraine,Zaporizhzhia,Ukraine,https://en.wikipedia.org/wiki/Victoria_Bulitko
Stanisław Skrowaczewski,Q961581,Ukraine,Lviv,Poland,https://en.wikipedia.org/wiki/Stanis%C5%82aw_Skrowaczewski
Pyotr Leshchenko,Q1188776,Ukraine,Isaieve,Kingdom of Romania,https://en.wikipedia.org/wiki/Pyotr_Leshchenko
Yolka,Q4053738,Ukraine,Uzhhorod,Russia,https://en.wikipedia.org/wiki/Yolka_(singer)
Viorica Ursuleac,Q270281,Ukraine,Chernivtsi,Romania,https://en.wikipedia.org/wiki/Viorica_Ursuleac
Karolina Protsenko,Q91313507,Ukraine,Kyiv,Simi Valley,https://en.wikipedia.org/wiki/Karolina_Protsenko
Alexander Brailowsky,Q946603,Ukraine,Kyiv,France,https://en.wikipedia.org/wiki/Alexander_Brailowsky
Marusia Churai,Q2497569,Ukraine,Poltava,Polish–Lithuanian Commonwealth,https://en.wikipedia.org/wiki/Marusia_Churai
Nadia Meiher,Q2391534,Ukraine,Zbruchivka,Ukraine,https://en.wikipedia.org/wiki/Nadia_Meiher
Monatik,Q12124379,Ukraine,Lutsk,Ukraine,https://en.wikipedia.org/wiki/Monatik
Karol Mikuli,Q549666,Ukraine,Chernivtsi,Cisleithania,https://en.wikipedia.org/wiki/Karol_Mikuli
Yakov Zak,Q1369531,Ukraine,Odesa,Russian Empire,https://en.wikipedia.org/wiki/Yakov_Zak
Wojciech Bobowski,Q1360874,Ukraine,Lviv,Polish–Lithuanian Commonwealth,https://en.wikipedia.org/wiki/Ali_Ufk%C3%AE
Samuil Feinberg,Q1971227,Ukraine,Odesa,Russian Empire,https://en.wikipedia.org/wiki/Samuil_Feinberg
Natalya Mogilevskaya,Q4299108,Ukraine,Kyiv,Soviet Union,https://en.wikipedia.org/wiki/Natalia_Mohylevska
Ivan Kozlovskyi,Q1397423,Ukraine,Marianivka,Russia,https://en.wikipedia.org/wiki/Ivan_Kozlovsky
Yuri Kasparyan,Q1068795,Ukraine,Simferopol,Saint Petersburg,https://en.wikipedia.org/wiki/Yuri_Kasparyan
MamaRika,Q3056591,Ukraine,Sheptytskyi,Ukraine,https://en.wikipedia.org/wiki/MamaRika
Karl Doppler,Q67497,Ukraine,Lviv,Cisleithania,https://en.wikipedia.org/wiki/Karl_Doppler
Eduard Steuermann,Q214108,Ukraine,Sambir,United States,https://en.wikipedia.org/wiki/Eduard_Steuermann
Samuel Maykapar,Q175282,Ukraine,Kherson,Russian Empire,https://en.wikipedia.org/wiki/Samuel_Maykapar
Yarmak,Q16054135,Ukraine,Boryspil,Ukraine,https://en.wikipedia.org/wiki/Oleksandr_Yarmak
Svitlana Azarova,Q455606,Ukraine,Izmail,The Hague,https://en.wikipedia.org/wiki/Svitlana_Azarova
Yevsevii Mandychesvky,Q701340,Ukraine,Chernivtsi,Austria–Hungary,https://en.wikipedia.org/wiki/Eusebius_Mandyczewski
Alexander Mosolov,Q918640,Ukraine,Kyiv,Moscow,https://en.wikipedia.org/wiki/Alexander_Mosolov
Artemy Vedel,Q971559,Ukraine,Kyiv,Russian Empire,https://en.wikipedia.org/wiki/Artemy_Vedel
Aleksander Michałowski,Q1220637,Ukraine,Kamianets-Podilskyi,Poland,https://en.wikipedia.org/wiki/Aleksander_Micha%C5%82owski
Isaac Schwartz,Q1366574,Ukraine,Romny,Russia,https://en.wikipedia.org/wiki/Isaac_Schwartz
Nikolay Diletsky,Q1389722,Ukraine,Kyiv,Kyiv,https://en.wikipedia.org/wiki/Mykola_Pavlovych_Dyletsky
Ignacy Feliks Dobrzyński,Q1622085,Ukraine,Romaniv,Poland,https://en.wikipedia.org/wiki/Ignacy_Feliks_Dobrzy%C5%84ski
Witold Maliszewski,Q2094426,Ukraine,Mohyliv-Podilskyi,Saint Petersburg,https://en.wikipedia.org/wiki/Witold_Maliszewski
Aleksander Serov,Q4417712,Ukraine,Kovalivka,Russia,https://en.wikipedia.org/wiki/Aleksander_Serov
Vladimir de Pachmann,Q674861,Ukraine,Odesa,Kingdom of Italy,https://en.wikipedia.org/wiki/Vladimir_de_Pachmann
Yuri Stoyanov,Q26688,Ukraine,Odesa,Russia,https://en.wikipedia.org/wiki/Yuri_Stoyanov
Nikolai Malko,Q716305,Ukraine,Brailiv,Russian Empire,https://en.wikipedia.org/wiki/Nicolai_Malko
Nonna Grishayeva,Q2029106,Ukraine,Odesa,Russia,https://en.wikipedia.org/wiki/Nonna_Grishayeva
Nazarii Yaremchuk,Q2453311,Ukraine,Vyzhnytsia,Soviet Union,https://en.wikipedia.org/wiki/Nazariy_Yaremchuk
Andrii Khlyvniuk,Q4498294,Ukraine,Cherkasy,Ukraine,https://en.wikipedia.org/wiki/Andriy_Khlyvnyuk
Lyudmila Senchina,Q4416413,Ukraine,Kudriavske,Russia,https://en.wikipedia.org/wiki/Lyudmila_Senchina
Olya Polyakova,Q15081052,Ukraine,Vinnytsia,Kyiv,https://en.wikipedia.org/wiki/Olya_Polyakova
Berta Vázquez,Q21001794,Ukraine,Kyiv,Spain,https://en.wikipedia.org/wiki/Berta_V%C3%A1zquez
Maria Sur,Q116733141,Ukraine,Zaporizhzhia,Sweden,https://en.wikipedia.org/wiki/Maria_Sur
Karol Rathaus,Q84660,Ukraine,Ternopil,Austria,https://en.wikipedia.org/wiki/Karol_Rathaus
Marian Hemar,Q367234,Ukraine,Lviv,Poland,https://en.wikipedia.org/wiki/Marian_Hemar
Olha Bohomolets,Q868081,Ukraine,Kyiv,Soviet Union,https://en.wikipedia.org/wiki/Olha_Bohomolets
Valentina Serova,Q534305,Ukraine,Kharkiv,Soviet Union,https://en.wikipedia.org/wiki/Valentina_Serova
Dmytro Shurov,Q4527981,Ukraine,Vinnytsia,Ukraine,https://en.wikipedia.org/wiki/Dmytro_Shurov
Menachem Avidom,Q705340,Ukraine,Ivano-Frankivsk,Israel,https://en.wikipedia.org/wiki/Menachem_Avidom
Roza Tamarkina,Q949673,Ukraine,Kyiv,Soviet Union,https://en.wikipedia.org/wiki/Rosa_Tamarkina
Misha Mengelberg,Q1264766,Ukraine,Kyiv,Kingdom of the Netherlands,https://en.wikipedia.org/wiki/Misha_Mengelberg
Yossele Rosenblatt,Q1708769,Ukraine,Bila Tserkva,United States,https://en.wikipedia.org/wiki/Yossele_Rosenblatt
Marcella Sembrich,Q265698,Ukraine,Vyshnivchyk,Poland,https://en.wikipedia.org/wiki/Marcella_Sembrich
Simon Barere,Q268900,Ukraine,Odesa,United States,https://en.wikipedia.org/wiki/Simon_Barere
Tymko Padura,Q2563175,Ukraine,Illintsi,Russian Empire,https://en.wikipedia.org/wiki/Tymko_Padura
Mykola Markevych,Q2659515,Ukraine,Dunaiets,Russian Empire,https://en.wikipedia.org/wiki/Mykola_Markevych
Oleg Karavaychuk,Q4213623,Ukraine,Kyiv,Soviet Union,https://en.wikipedia.org/wiki/Oleg_Karavaychuk
Irene Abendroth,Q79002,Ukraine,Lviv,Austria,https://en.wikipedia.org/wiki/Irene_Abendroth
Katya Chilly,Q4217574,Ukraine,Kyiv,Ukraine,https://en.wikipedia.org/wiki/Katya_Chilly
Alexander Kipnis,Q215634,Ukraine,Zhytomyr,Russian Empire,https://en.wikipedia.org/wiki/Alexander_Kipnis
Bohdana Frolyak,Q4938040,Ukraine,Vydyniv,Ukraine,https://en.wikipedia.org/wiki/Bohdana_Frolyak
Maria Kuznetsova,Q3291015,Ukraine,Odesa,France,https://en.wikipedia.org/wiki/Mariya_Kuznetsova_(singer)
Olena Tokar,Q12161762,Ukraine,Novotoshkivske,Ukraine,https://en.wikipedia.org/wiki/Olena_Tokar
Maria Forescu,Q446936,Ukraine,Chernivtsi,Cisleithania,https://en.wikipedia.org/wiki/Maria_Forescu
Natalie Burn,Q23715847,Ukraine,Kyiv,Ukraine,https://en.wikipedia.org/wiki/Natalie_Burn
Abraham Firkovich,Q2390259,Ukraine,Lutsk,Polish–Lithuanian Commonwealth,https://en.wikipedia.org/wiki/Abraham_Firkovich
Jascha Horenstein,Q214965,Ukraine,Kyiv,New York City,https://en.wikipedia.org/wiki/Jascha_Horenstein
Volodymyr Sheiko,Q4522423,Ukraine,Kharkiv,Ukraine,https://en.wikipedia.org/wiki/Volodymyr_Sheiko
Helena Makowska,Q274282,Ukraine,Kryvyi Rih,Italy,https://en.wikipedia.org/wiki/Helena_Makowska
Rimma Kazakova,Q2023059,Ukraine,Sevastopol,Russia,https://en.wikipedia.org/wiki/Rimma_Kazakova
Alina Grosu,Q2359458,Ukraine,Chernivtsi,Ukraine,https://en.wikipedia.org/wiki/Alina_Grosu
Oleksiy Gorbunov,Q2834347,Ukraine,Kyiv,Soviet Union,https://en.wikipedia.org/wiki/Oleksiy_Gorbunov
Olena Kravets,Q4237277,Ukraine,Kryvyi Rih,Soviet Union,https://en.wikipedia.org/wiki/Olena_Kravets
Olga Romanovskaya,Q3350429,Ukraine,Mykolaiv,Ukraine,https://en.wikipedia.org/wiki/Olga_Romanovskaya
Aida Nikolaychuk,Q12134613,Ukraine,Odesa,Ukraine,https://en.wikipedia.org/wiki/Aida_Nikolaychuk
Alisa Kozhikina,Q18126952,Ukraine,Uspenka,Russia,https://en.wikipedia.org/wiki/Alisa_Kozhikina
Taras Chubay,Q82262,Ukraine,Lviv,Soviet Union,https://en.wikipedia.org/wiki/Taras_Chubay
Alona Kimhi,Q271816,Ukraine,Lviv,Israel,https://en.wikipedia.org/wiki/Alona_Kimhi
Irving Mills,Q1292110,Ukraine,Odesa,United States,https://en.wikipedia.org/wiki/Irving_Mills
Els Aarne,Q453545,Ukraine,Makiivka,Estonia,https://en.wikipedia.org/wiki/Els_Aarne
Ihor Shamo,Q4519883,Ukraine,Kyiv,Soviet Union,https://en.wikipedia.org/wiki/Ihor_Shamo
Mikhail Elizarov,Q4174878,Ukraine,Ivano-Frankivsk,Germany,https://en.wikipedia.org/wiki/Mikhail_Elizarov
Vasyl Zinkevych,Q4192156,Ukraine,Vaskivtsi,Ukraine,https://en.wikipedia.org/wiki/Vasyl_Zinkevych
Jack Delano,Q639121,Ukraine,Voroshylivka,United States,https://en.wikipedia.org/wiki/Jack_Delano
Oleh Vynnyk,Q20066240,Ukraine,Verbivka,Germany,https://en.wikipedia.org/wiki/Oleh_Vynnyk
Mykola Kolessa,Q1956613,Ukraine,Sambir,Austria–Hungary,https://en.wikipedia.org/wiki/Mykola_Kolessa
Leonid Nikolayev,Q2023778,Ukraine,Kyiv,Russian Empire,https://en.wikipedia.org/wiki/Leonid_Nikolayev_(pianist)
Leo Sirota,Q1037441,Ukraine,Kamianets-Podilskyi,Kyiv,https://en.wikipedia.org/wiki/Leo_Sirota
Rosina Lhévinne,Q2633099,Ukraine,Kyiv,United States,https://en.wikipedia.org/wiki/Rosina_Lh%C3%A9vinne
Joel Engel,Q2910129,Ukraine,Berdiansk,Mandatory Palestine,https://en.wikipedia.org/wiki/Joel_Engel_(composer)
Borys Hmyria,Q2024256,Ukraine,Lebedyn,Soviet Union,https://en.wikipedia.org/wiki/Borys_Hmyria
Olha Bezsmertna,Q20631407,Ukraine,Bohuslav,Ukraine,https://en.wikipedia.org/wiki/Olga_Bezsmertna
Arsen Mirzoyan,Q12131555,Ukraine,Zaporizhzhia,Ukraine,https://en.wikipedia.org/wiki/Arsen_Mirzoyan
Marek Weber,Q78127,Ukraine,Lviv,Austria–Hungary,https://en.wikipedia.org/wiki/Marek_Weber
Sári Fedák,Q427439,Ukraine,Berehove,Hungary,https://en.wikipedia.org/wiki/S%C3%A1ri_Fed%C3%A1k
Irena Karpa,Q550858,Ukraine,Cherkasy,Ukraine,https://en.wikipedia.org/wiki/Irena_Karpa
Natalia Buchynska,Q4100623,Ukraine,Lviv,Soviet Union,https://en.wikipedia.org/wiki/Natalia_Buchynska
Aleksandr Revva,Q4391645,Ukraine,Donetsk,Russia,https://en.wikipedia.org/wiki/Aleksandr_Revva
Maria Burmaka,Q15064790,Ukraine,Kharkiv,Soviet Union,https://en.wikipedia.org/wiki/Maria_Burmaka
Anna Asti,Q107646300,Ukraine,Cherkasy,Russia,https://en.wikipedia.org/wiki/Anna_Asti
Pyotr Stolyarsky,Q440716,Ukraine,Lypovets,Soviet Union,https://en.wikipedia.org/wiki/Pyotr_Stolyarsky
Leon Belasco,Q6524510,Ukraine,Odesa,United States,https://en.wikipedia.org/wiki/Leon_Belasco
Victoria Petryk,Q166661,Ukraine,Odesa,Ukraine,https://en.wikipedia.org/wiki/Viktoria_Petryk
GeeGun,Q4160262,Ukraine,Odesa,Russia,https://en.wikipedia.org/wiki/GeeGun
Joseph Schillinger,Q510906,Ukraine,Kharkiv,Soviet Union,https://en.wikipedia.org/wiki/Joseph_Schillinger
Isydor Vorobkevych,Q695400,Ukraine,Chernivtsi,Austrian Empire,https://en.wikipedia.org/wiki/Sydir_Vorobkevych
Juliusz Zarębski,Q1245120,Ukraine,Zhytomyr,Poland,https://en.wikipedia.org/wiki/Juliusz_Zar%C4%99bski
Mikhail Alperin,Q1377150,Ukraine,Kamianets-Podilskyi,Norway,https://en.wikipedia.org/wiki/Mikhail_Alperin
Alexander Tsfasman,Q1523426,Ukraine,Zaporizhzhia,Russian Empire,https://en.wikipedia.org/wiki/Alexander_Tsfasman
Viktoriya Yermolyeva,Q441126,Ukraine,Kyiv,Ukraine,https://en.wikipedia.org/wiki/Viktoriya_Yermolyeva
Art Hodes,Q705580,Ukraine,Mykolaiv,United States,https://en.wikipedia.org/wiki/Art_Hodes
Kyrylo Stetsenko,Q2090016,Ukraine,Kvitky,Bila Tserkva,https://en.wikipedia.org/wiki/Kyrylo_Stetsenko
Stefan Askenase,Q588354,Ukraine,Lviv,Belgium,https://en.wikipedia.org/wiki/Stefan_Askenase
Louis Krasner,Q2655660,Ukraine,Cherkasy,United States,https://en.wikipedia.org/wiki/Louis_Krasner
Delfina Potocka,Q3021581,Ukraine,Murovani Kurylivtsi,Poland,https://en.wikipedia.org/wiki/Delfina_Potocka
Heorhii Maiboroda,Q4274697,Ukraine,Pelekhivshchina,Russian Empire,https://en.wikipedia.org/wiki/Heorhiy_Maiboroda
Filaret Kolessa,Q4227870,Ukraine,Stryi,Austria–Hungary,https://en.wikipedia.org/wiki/Filaret_Kolessa
Oscar Feltsman,Q4136184,Ukraine,Odesa,Russia,https://en.wikipedia.org/wiki/Oscar_Feltsman
Nestor Nyzhankivskyi,Q12133668,Ukraine,Berezhany,Austria–Hungary,https://en.wikipedia.org/wiki/Nestor_Nyzhankivsky
Viktoriia Lukianets,Q435893,Ukraine,Kyiv,Ukraine,https://en.wikipedia.org/wiki/Victoria_Loukianetz
Yevheniia Miroshnychenko,Q458179,Ukraine,Hrafske,Soviet Union,https://en.wikipedia.org/wiki/Evgeniya_Miroshnichenko
Józef Koffler,Q655026,Ukraine,Stryi,Second Polish Republic,https://en.wikipedia.org/wiki/J%C3%B3zef_Koffler
Mark Reizen,Q1387918,Ukraine,Zaitseve,Russian Empire,https://en.wikipedia.org/wiki/Mark_Reizen
Dmytro Hnatyuk,Q2560981,Ukraine,Northern Bukovina,Kingdom of Romania,https://en.wikipedia.org/wiki/Dmytro_Hnatyuk
Maria Sadovska-Barilotti,Q12150164,Ukraine,Kamiano-Kostuvate,Russian Empire,https://en.wikipedia.org/wiki/Maria_Sadovska_Barilotti
Olga Kulchynska,Q16739217,Ukraine,Rivne,Ukraine,https://en.wikipedia.org/wiki/Olga_Kulchynska
Karmella Tsepkolenko,Q6372741,Ukraine,Odesa,Soviet Union,https://en.wikipedia.org/wiki/Karmella_Tsepkolenko
Denis Stoff,Q19817030,Ukraine,Khartsyzk,Ukraine,https://en.wikipedia.org/wiki/Denis_Stoff
Kirill Karabits,Q6415231,Ukraine,Kyiv,Ukraine,https://en.wikipedia.org/wiki/Kirill_Karabits
Zula Pogorzelska,Q82959,Ukraine,Yevpatoriia,Russian Empire,https://en.wikipedia.org/wiki/Zula_Pogorzelska
Szymon Szurmiej,Q9352716,Ukraine,Lutsk,Poland,https://en.wikipedia.org/wiki/Szymon_Szurmiej
Iryna Fedyshyn,Q12127853,Ukraine,Lviv,Ukraine,https://en.wikipedia.org/wiki/Iryna_Fedyshyn
Oleksandr Polozhynskyi,Q11801469,Ukraine,Lutsk,Soviet Union,https://en.wikipedia.org/wiki/Oleksandr_Polozhynskyi
Dajos Béla,Q78124,Ukraine,Kyiv,Berlin,https://en.wikipedia.org/wiki/Dajos_B%C3%A9la
Ādolfs Skulte,Q336037,Ukraine,Kyiv,Latvia,https://en.wikipedia.org/wiki/%C4%80dolfs_Skulte
Mikhail Matusovsky,Q1990028,Ukraine,Luhansk,Russian Empire,https://en.wikipedia.org/wiki/Mikhail_Matusovsky
Roman Palester,Q460721,Ukraine,Sniatyn,Poland,https://en.wikipedia.org/wiki/Roman_Palester
Bogusław Schaeffer,Q465396,Ukraine,Lviv,Kraków,https://en.wikipedia.org/wiki/Bogus%C5%82aw_Schaeffer
Mischa Levitzki,Q506276,Ukraine,Kremenchuk,United States,https://en.wikipedia.org/wiki/Mischa_Levitzki
Alexander Uninsky,Q931199,Ukraine,Kyiv,Russian Empire,https://en.wikipedia.org/wiki/Alexander_Uninsky
Mari Kraimbrery,Q65153800,Ukraine,Kryvyi Rih,Moscow,https://en.wikipedia.org/wiki/Mari_Kraimbrery
Yuri Levitin,Q1974337,Ukraine,Poltava,Soviet Union,https://en.wikipedia.org/wiki/Yuri_Levitin
Nikolai Dahl,Q2439764,Ukraine,Kherson,Russian Empire,https://en.wikipedia.org/wiki/Nikolai_Dahl
Alla Pavlova,Q2446515,Ukraine,Vinnytsia,Soviet Union,https://en.wikipedia.org/wiki/Alla_Pavlova
Alena Vinnitskaya,Q2504592,Ukraine,Kyiv,Ukraine,https://en.wikipedia.org/wiki/Alena_Vinnitskaya
Klavdia Petrivna,Q123117464,Ukraine,Hirne,Ukraine,https://en.wikipedia.org/wiki/Klavdia_Petrivna
Yulii Meitus,Q4289181,Ukraine,Kropyvnytskyi,Soviet Union,https://en.wikipedia.org/wiki/Yuliy_Meitus
Stepan Hiha,Q4137967,Ukraine,Bilky,Soviet Union,https://en.wikipedia.org/wiki/Stepan_Hiha
Alexey Retinsky,Q4393696,Ukraine,Simferopol,Austria,https://en.wikipedia.org/wiki/Alexey_Retinsky
Andrii Shtoharenko,Q4526895,Ukraine,Dnipro,Russian Empire,https://en.wikipedia.org/wiki/Andriy_Shtoharenko
Hanna Havrylets,Q5648689,Ukraine,Vydyniv,Soviet Union,https://en.wikipedia.org/wiki/Hanna_Havrylets
Lesia Dychko,Q6530361,Ukraine,Kyiv,Soviet Union,https://en.wikipedia.org/wiki/Lesia_Dychko
Vitaliy Hodziatsky,Q7936889,Ukraine,Kyiv,Soviet Union,https://en.wikipedia.org/wiki/Vitaliy_Hodziatsky
Taras Petrynenko,Q7685542,Ukraine,Kyiv,Soviet Union,https://en.wikipedia.org/wiki/Taras_Petrynenko
Anna Chertkova,Q84045995,Ukraine,Kyiv,Russian Empire,https://en.wikipedia.org/wiki/Anna_Chertkova
Anastasija Stockaja,Q1091701,Ukraine,Kyiv,Russia,https://en.wikipedia.org/wiki/Anastasia_Stotskaya
Anzhelika Varum,Q4104030,Ukraine,Lviv,Russia,https://en.wikipedia.org/wiki/Anzhelika_Varum
Valery Obodzinsky,Q4329463,Ukraine,Odesa,Russia,https://en.wikipedia.org/wiki/Valery_Obodzinsky
Lyubov Dobrzhanskaya,Q4163437,Ukraine,Kyiv,Soviet Union,https://en.wikipedia.org/wiki/Lyubov_Dobrzhanskaya
Sabriye Erecepova,Q12149944,Ukraine,Bakhchysarai,Soviet Union,https://en.wikipedia.org/wiki/Sabriye_Erecepova
Misha Romanova,Q17372028,Ukraine,Kherson,Ukraine,https://en.wikipedia.org/wiki/Misha_Romanova
Alloise,Q18235061,Ukraine,Poltava,Ukraine,https://en.wikipedia.org/wiki/Alloise
Levi Yitzchok of Berditchev,Q1821872,Ukraine,Husakiv,Russian Empire,https://en.wikipedia.org/wiki/Levi_Yitzchok_of_Berditchev
Bertha Kalich,Q4895495,Ukraine,Lviv,United States,https://en.wikipedia.org/wiki/Bertha_Kalich
Zofia Lissa,Q218308,Ukraine,Lviv,Poland,https://en.wikipedia.org/wiki/Zofia_Lissa
Oksana Bilozir,Q444942,Ukraine,Smyha,Ukraine,https://en.wikipedia.org/wiki/Oksana_Bilozir
L. Wolfe Gilbert,Q329358,Ukraine,Odesa,United States,https://en.wikipedia.org/wiki/L._Wolfe_Gilbert
Lee Altus,Q361721,Ukraine,Odesa,United States,https://en.wikipedia.org/wiki/Lee_Altus
Sebastian z Felsztyna,Q163833,Ukraine,Skelivka,Poland,https://en.wikipedia.org/wiki/Sebastian_z_Felsztyna
Yefim Golyshev,Q214954,Ukraine,Kherson,Russian Empire,https://en.wikipedia.org/wiki/Yefim_Golyshev
Achilles Alferaki,Q340294,Ukraine,Kharkiv,Russian Empire,https://en.wikipedia.org/wiki/Achilles_Alferaki
Aşıq Ümer,Q794825,Ukraine,Yevpatoriia,Ottoman Empire,https://en.wikipedia.org/wiki/A%C5%9F%C4%B1q_%C3%9Cmer
Nikita Dzhigurda,Q2026869,Ukraine,Kyiv,Russia,https://en.wikipedia.org/wiki/Nikita_Dzhigurda
Gavriil Musicescu,Q459023,Ukraine,Izmail,Kingdom of Romania,https://en.wikipedia.org/wiki/Gavriil_Musicescu
Lew Brown,Q4096110,Ukraine,Odesa,United States,https://en.wikipedia.org/wiki/Lew_Brown
Yurii Kerpatenko,Q114681828,Ukraine,Kherson,Ukraine,https://en.wikipedia.org/wiki/Yurii_Kerpatenko
Oleh Psiuk,Q109394082,Ukraine,Kalush,Ukraine,https://en.wikipedia.org/wiki/Oleh_Psiuk
Wassili Kalafati,Q708738,Ukraine,Yevpatoriia,Russian Empire,https://en.wikipedia.org/wiki/Vasily_Kalafati
Bolesław Woytowicz,Q891327,Ukraine,Dunaivtsi,Poland,https://en.wikipedia.org/wiki/Boles%C5%82aw_Woytowicz
Naftule Brandwein,Q1351126,Ukraine,Peremyshliany,Austria–Hungary,https://en.wikipedia.org/wiki/Naftule_Brandwein
Thomas de Hartmann,Q1382528,Ukraine,Choruživka,Russian Empire,https://en.wikipedia.org/wiki/Thomas_de_Hartmann
Vsevolod Zaderatsky,Q1639391,Ukraine,Rivne,Russian Empire,https://en.wikipedia.org/wiki/Vsevolod_Zaderatsky
Yaktak,Q110246609,Ukraine,Stara Vyzhivka,Ukraine,https://en.wikipedia.org/wiki/Yaktak
Aleksandr Panayotov,Q1749380,Ukraine,Zaporizhzhia,Russia,https://en.wikipedia.org/wiki/Aleksandr_Panayotov
Alemdar Karamanov,Q1967646,Ukraine,Simferopol,Soviet Union,https://en.wikipedia.org/wiki/Alemdar_Karamanov
Alexander Tsekalo,Q1980399,Ukraine,Kyiv,Moscow,https://en.wikipedia.org/wiki/Aleksandr_Tsekalo
Lubka Kolessa,Q274423,Ukraine,Lviv,Canada,https://en.wikipedia.org/wiki/Lubka_Kolessa
Maria Grinberg,Q1029399,Ukraine,Odesa,Russian Empire,https://en.wikipedia.org/wiki/Maria_Grinberg
Timofei Dokshizer,Q2434943,Ukraine,Nizhyn,Russia,https://en.wikipedia.org/wiki/Timofei_Dokschitzer
Arkady Filippenko,Q2584747,Ukraine,Kyiv,Soviet Union,https://en.wikipedia.org/wiki/Arkady_Filippenko
Józef Turczyński,Q2089975,Ukraine,Zhytomyr,Poland,https://en.wikipedia.org/wiki/J%C3%B3zef_Turczy%C5%84ski
Ostap Veresai,Q2293380,Ukraine,Kaliuzhyntsi,Russian Empire,https://en.wikipedia.org/wiki/Ostap_Veresai
Olha-Oleksandra Bazhanska-Ozarkevych,Q12080233,Ukraine,Lviv,Austria–Hungary,https://en.wikipedia.org/wiki/Olha-Oleksandra_Bazhanska-Ozarkevych
Zhanna Kolodub,Q12111665,Ukraine,Vinnytsia,Soviet Union,https://en.wikipedia.org/wiki/Zhanna_Kolodub
Svyatoslav Lunyov,Q4269586,Ukraine,Kyiv,Soviet Union,https://en.wikipedia.org/wiki/Svyatoslav_Lunyov
Osip Petrov,Q1131756,Ukraine,Kropyvnytskyi,Russian Empire,https://en.wikipedia.org/wiki/Osip_Petrov
Edward Dębicki,Q5342684,Ukraine,Kalush,Poland,https://en.wikipedia.org/wiki/Edward_D%C4%99bicki
Liudmyla Monastyrska,Q6654017,Ukraine,Irkliiv,Ukraine,https://en.wikipedia.org/wiki/Liudmyla_Monastyrska
Nina Koshetz,Q7037999,Ukraine,Kyiv,Russian Empire,https://en.wikipedia.org/wiki/Nina_Koshetz
Paul Kochanski,Q6130338,Ukraine,Odesa,Saint Petersburg,https://en.wikipedia.org/wiki/Paul_Kochanski
Stepan Charnetsky,Q12169160,Ukraine,Shmankivtsi,Shmankivtsi,https://en.wikipedia.org/wiki/Stepan_Charnetskyi
Vlasta Fabianová,Q770831,Ukraine,Lviv,Brno,https://en.wikipedia.org/wiki/Vlasta_Fabianov%C3%A1
Emil Cooper,Q2023664,Ukraine,Kherson,Russian Empire,https://en.wikipedia.org/wiki/Emil_Cooper
Vasyl Lazarovych,Q949656,Ukraine,Bania-Bereziv,Ukraine,https://en.wikipedia.org/wiki/Vasyl_Lazarovych
Tamara Miansarova,Q1975962,Ukraine,Kropyvnytskyi,Russia,https://en.wikipedia.org/wiki/Tamara_Miansarova
Vadim Mulerman,Q4306877,Ukraine,Kharkiv,Soviet Union,https://en.wikipedia.org/wiki/Vadim_Mulerman
Tutta Larsen,Q4466637,Ukraine,Donetsk,Russia,https://en.wikipedia.org/wiki/Tutta_Larsen
Lyubov Uspenskaya,Q4477966,Ukraine,Kyiv,Russia,https://en.wikipedia.org/wiki/Lyubov_Uspenskaya
Yevheniya Dembska,Q17371743,Ukraine,Kyiv,Soviet Union,https://en.wikipedia.org/wiki/Yevheniya_Dembska
Maria Hrebinetska,Q20066629,Ukraine,Kyiv,United States,https://en.wikipedia.org/wiki/Maria_Hrebinetska
Svitlana Tarabarova,Q20070199,Ukraine,Kherson,Ukraine,https://en.wikipedia.org/wiki/Svitlana_Tarabarova
EeOneGuy,Q24088965,Ukraine,Hannivka,Ukraine,https://en.wikipedia.org/wiki/EeOneGuy
Alan Schneider,Q575443,Ukraine,Kharkiv,United States,https://en.wikipedia.org/wiki/Alan_Schneider
Vasyl Verkhovynets,Q7917067,Ukraine,Staryi Mizun,Austria–Hungary,https://en.wikipedia.org/wiki/Vasyl_Verkhovynets
Jo Swerling,Q369404,Ukraine,Berdychiv,United States,https://en.wikipedia.org/wiki/Jo_Swerling
Zdzisław Jachimecki,Q169249,Ukraine,Lviv,Poland,https://en.wikipedia.org/wiki/Zdzis%C5%82aw_Jachimecki
Mikhail Chulaki,Q172330,Ukraine,Simferopol,Soviet Union,https://en.wikipedia.org/wiki/Mikhail_Chulaki
Norbert Glanzberg,Q213834,Ukraine,Rohatyn,Austria–Hungary,https://en.wikipedia.org/wiki/Norbert_Glanzberg
Venya Drkin,Q1959324,Ukraine,Dovzhanske,Russia,https://en.wikipedia.org/wiki/Venya_D%27rkin
Sergey Zakharov,Q3329763,Ukraine,Mykolaiv,Russia,https://en.wikipedia.org/wiki/Sergei_Zakharov_(singer)
Boris Sichkin,Q893777,Ukraine,Kyiv,Soviet Union,https://en.wikipedia.org/wiki/Boris_Sichkin
Lazare Saminsky,Q969499,Ukraine,Dolynske,Russian Empire,https://en.wikipedia.org/wiki/Lazare_Saminsky
Marcin Leopolita,Q954206,Ukraine,Lviv,Polish–Lithuanian Commonwealth,https://en.wikipedia.org/wiki/Marcin_Leopolita
Tadeusz Szeligowski,Q964782,Ukraine,Lviv,Poland,https://en.wikipedia.org/wiki/Tadeusz_Szeligowski
Vladimir Mikhailovich Yurovsky,Q982740,Ukraine,Tarashcha,Russian Empire,https://en.wikipedia.org/wiki/Vladimir_Yurovsky
Sholom Secunda,Q947698,Ukraine,Oleksandriia,Russian Empire,https://en.wikipedia.org/wiki/Sholom_Secunda
Yevhen Adamtsevych,Q1445129,Ukraine,Solonytsia,Soviet Union,https://en.wikipedia.org/wiki/Yevhen_Adamtsevych
Masha Kondratenko,Q61112522,Ukraine,Shostka,Ukraine,https://en.wikipedia.org/wiki/Masha_Kondratenko
SadSvit,Q114527926,Ukraine,Ivano-Frankivsk,Ukraine,https://en.wikipedia.org/wiki/SadSvit
Leonid Desyatnikov,Q1986248,Ukraine,Kharkiv,Russia,https://en.wikipedia.org/wiki/Leonid_Desyatnikov
Semyon Bogatyrev,Q2420577,Ukraine,Kharkiv,Soviet Union,https://en.wikipedia.org/wiki/Semyon_Bogatyrev
Boleslav Yavorsky,Q2471676,Ukraine,Kharkiv,Russian Empire,https://en.wikipedia.org/wiki/Boleslav_Yavorsky
Constantin Regamey,Q2995022,Ukraine,Kyiv,Poland,https://en.wikipedia.org/wiki/Constantin_Regamey
Arthur Berkut,Q4084949,Ukraine,Kharkiv,Russia,https://en.wikipedia.org/wiki/Arthur_Berkut
Mykola Vilinsky,Q4111193,Ukraine,Golta,Russian Empire,https://en.wikipedia.org/wiki/Mykola_Vilinsky
Ivan Karabyts,Q4213538,Ukraine,Yalta,Soviet Union,https://en.wikipedia.org/wiki/Ivan_Karabyts
Tatyana Snezhina,Q4425471,Ukraine,Luhansk,Russia,https://en.wikipedia.org/wiki/Tatyana_Snezhina
Elena Cernei,Q774555,Ukraine,Bairamcha,Romania,https://en.wikipedia.org/wiki/Elena_Cernei
Irena Turkevycz-Martynec,Q12162959,Ukraine,Brody,Austria–Hungary,https://en.wikipedia.org/wiki/Irena_Turkevycz-Martynec
Ostap Nyzhankivsky,Q6349588,Ukraine,Mali Didushichi,West Ukrainian People's Republic,https://en.wikipedia.org/wiki/Ostap_Nyzhankivsky
Vadym Kholodenko,Q4499275,Ukraine,Kyiv,Ukraine,https://en.wikipedia.org/wiki/Vadym_Kholodenko
Yevhen Koshovyi,Q4236976,Ukraine,Kivsharivka,Ukraine,https://en.wikipedia.org/wiki/Yevhen_Koshovyi
Yevhen Halych,Q17371778,Ukraine,Bila Tserkva,Ukraine,https://en.wikipedia.org/wiki/Yevhen_Halych
Natan Rakhlin,Q1361982,Ukraine,Snovsk,Chekists house,https://en.wikipedia.org/wiki/Natan_Rakhlin
Pavlo Muravskyi,Q619578,Ukraine,Dmytrashkivka,Soviet Union,https://en.wikipedia.org/wiki/Pavlo_Muravskyi
Marina Maximilian Blumin,Q2902771,Ukraine,Dnipro,Israel,https://en.wikipedia.org/wiki/Marina_Maximilian_Blumin
Santa Dimopulos,Q3472625,Ukraine,Kyiv,Soviet Union,https://en.wikipedia.org/wiki/Santa_Dimopulos
Assia Ahhatt,Q3501195,Ukraine,Kyiv,Soviet Union,https://en.wikipedia.org/wiki/Assia_Ahhatt
Ivo Bobul,Q12073862,Ukraine,Terebleche,Soviet Union,https://en.wikipedia.org/wiki/Ivo_Bobul
Anastasia Kozhevnikova,Q17371621,Ukraine,Pivdennoukrainsk,Ukraine,https://en.wikipedia.org/wiki/Anastasia_Kozhevnikova
Ruth Rubin,Q50281375,Ukraine,Khotyn,Canada,https://en.wikipedia.org/wiki/Ruth_Rubin
Eva Hadashi,Q97165151,Ukraine,Kyiv,Ukraine,https://en.wikipedia.org/wiki/Eva_Hadashi
Tossy Spivakovsky,Q4431189,Ukraine,Odesa,Berlin,https://en.wikipedia.org/wiki/Tossy_Spivakovsky
Anastasiya Petryshak,Q20671910,Ukraine,Ivano-Frankivsk,Ukraine,https://en.wikipedia.org/wiki/Anastasiya_Petryshak
Bohdana Durda,Q22138022,Ukraine,Buchach,Ukraine,https://en.wikipedia.org/wiki/Bohdana_Durda
Roman Filippov,Q4484103,Ukraine,Simferopol,Russia,https://en.wikipedia.org/wiki/Roman_Filippov
Joachim Stutschewsky,Q214140,Ukraine,Romny,Israel,https://en.wikipedia.org/wiki/Joachim_Stutschewsky
Dmitry Pokrass,Q368695,Ukraine,Kyiv,Russian Empire,https://en.wikipedia.org/wiki/Dmitry_Pokrass
Zara Levina,Q385608,Ukraine,Simferopol,Soviet Union,https://en.wikipedia.org/wiki/Zara_Levina
Elżbieta Sikora,Q434549,Ukraine,Lviv,Paris,https://en.wikipedia.org/wiki/El%C5%BCbieta_Sikora
Roman Kofman,Q446014,Ukraine,Kyiv,Soviet Union,https://en.wikipedia.org/wiki/Roman_Kofman
Mark Warshawsky,Q2908908,Ukraine,Odesa,Russian Empire,https://en.wikipedia.org/wiki/Mark_Warshawsky
Konstantin Listov,Q4263449,Ukraine,Odesa,Soviet Union,https://en.wikipedia.org/wiki/Konstantin_Listov
Galina Grigoryeva,Q544608,Ukraine,Simferopol,Estonia,https://en.wikipedia.org/wiki/Galina_Grigorjeva
Jan Tabachnyk,Q4449226,Ukraine,Chernivtsi,Soviet Union,https://en.wikipedia.org/wiki/Jan_Tabachnyk
Ben-Zion Witler,Q4885170,Ukraine,Belz,Galicia,https://en.wikipedia.org/wiki/Ben-Zion_Witler
Zavel Kwartin,Q623243,Ukraine,Novoarkhanhelsk,United States,https://en.wikipedia.org/wiki/Zavel_Kwartin
Vitalij Kuprij,Q846111,Ukraine,Kyiv,Ukraine,https://en.wikipedia.org/wiki/Vitalij_Kuprij
Ludwig Rottenberg,Q872179,Ukraine,Chernivtsi,Austria,https://en.wikipedia.org/wiki/Ludwig_Rottenberg
Stepan Davydov,Q925676,Ukraine,Chernihiv,Russian Empire,https://en.wikipedia.org/wiki/Stepan_Davydov
Natalie Papazoglu,Q25721299,Ukraine,Kalush,Ukraine,https://en.wikipedia.org/wiki/Natalie_Papazoglu
Leonid Hrabovskyi,Q1971700,Ukraine,Kyiv,Soviet Union,https://en.wikipedia.org/wiki/Leonid_Hrabovsky
Vasyl Kuk,Q1984491,Ukraine,Krasne,Second Polish Republic,https://en.wikipedia.org/wiki/Vasyl_Kuk
Nikolai Sokoloff,Q2080502,Ukraine,Kyiv,United States,https://en.wikipedia.org/wiki/Nikolai_Sokoloff
Semyon Chernetsky,Q2189186,Ukraine,Odesa,Russian Empire,https://en.wikipedia.org/wiki/Semyon_Chernetsky
Mark Kopytman,Q2450868,Ukraine,Kamianets-Podilskyi,Israel,https://en.wikipedia.org/wiki/Mark_Kopytman
Pavel Gintov,Q1646556,Ukraine,Kyiv,Ukraine,https://en.wikipedia.org/wiki/Pavlo_Gintov
Oleksandr Bilash,Q2652682,Ukraine,Hradyzk,Soviet Union,https://en.wikipedia.org/wiki/Oleksandr_Bilash
Denys Sichynsky,Q12159553,Ukraine,Kliuvyntsi,Lviv,https://en.wikipedia.org/wiki/Denys_Sichynsky
Kola,Q114891075,Ukraine,Kharkiv,Ukraine,https://en.wikipedia.org/wiki/Kola_(singer)
Irina Zaritskaya,Q3389363,Ukraine,Kyiv,Ukraine,https://en.wikipedia.org/wiki/Irina_Zaritskaya
Kostiantyn Dankevych,Q4154930,Ukraine,Odesa,Russian Empire,https://en.wikipedia.org/wiki/Kostiantyn_Dankevych
Mykola Arkas,Q4069436,Ukraine,Mykolaiv,Mykolaiv,https://en.wikipedia.org/wiki/Mykola_Arkas
Lev Kolodub,Q4228225,Ukraine,Kyiv,Soviet Union,https://en.wikipedia.org/wiki/Lev_Kolodub
Toscha Seidel,Q4184265,Ukraine,Odesa,United States,https://en.wikipedia.org/wiki/Toscha_Seidel
Oleksandr Sparynskyi,Q4430676,Ukraine,Lutsk,Soviet Union,https://en.wikipedia.org/wiki/Alexander_Sparinsky
Victoria Poleva,Q4369600,Ukraine,Kyiv,Ukraine,https://en.wikipedia.org/wiki/Victoria_Poleva
Olga Mykytenko,Q1277817,Ukraine,Zhytomyr,Ukraine,https://en.wikipedia.org/wiki/Olga_Mykytenko
Gershon Sirota,Q2915432,Ukraine,Haisyn,Haisyn,https://en.wikipedia.org/wiki/Gershon_Sirota
Ivan Kuchuhura-Kucherenko,Q6096729,Ukraine,Murafa,Russian Empire,https://en.wikipedia.org/wiki/Ivan_Kuchuhura-Kucherenko
Mariia Stefiuk,Q4442496,Ukraine,Rozhniv,Soviet Union,https://en.wikipedia.org/wiki/Mariia_Stefiuk
Aga Lahowska,Q24961058,Ukraine,Lviv,Poland,https://en.wikipedia.org/wiki/Jadwiga_Lachowska
Yakiv Stepovy,Q8047116,Ukraine,Kharkiv,Russian Empire,https://en.wikipedia.org/wiki/Yakiv_Stepovy
Roman Kupchynskyi,Q12115897,Ukraine,Rozhadiv,Austria–Hungary,https://en.wikipedia.org/wiki/Roman_Kupchynskyi
Dalia Stasevska,Q18421683,Ukraine,Kyiv,Helsinki,https://en.wikipedia.org/wiki/Dalia_Stasevska
Bohdan Sehin,Q20069709,Ukraine,Borshchiv,Borshchiv,https://en.wikipedia.org/wiki/Bohdan_Sehin
Olena Karpenko,Q29875192,Ukraine,Kyiv,Ukraine,https://en.wikipedia.org/wiki/Olena_Karpenko
Rezz,Q35487701,Ukraine,Ukraine,Canada,https://en.wikipedia.org/wiki/Rezz
Miss Monique,Q111208579,Ukraine,Kropyvnytskyi,Lisbon,https://en.wikipedia.org/wiki/Miss_Monique
Ireesha,Q1274170,Ukraine,Kyiv,Soviet Union,https://en.wikipedia.org/wiki/Iryna_Blokhina
Russya,Q2559497,Ukraine,Kyiv,Canada,https://en.wikipedia.org/wiki/Russya
Yevheniia Vlasova,Q2601883,Ukraine,Kyiv,Ukraine,https://en.wikipedia.org/wiki/Evgenia_Vlasova
Raisa Kyrychenko,Q4221478,Ukraine,Hlobyne Raion,Soviet Union,https://en.wikipedia.org/wiki/Raisa_Kyrychenko
Sidi Tal,Q4450651,Ukraine,Chernivtsi,Austria–Hungary,https://en.wikipedia.org/wiki/Sidi_Tal
Lilia Sandulesu,Q12150532,Ukraine,Marshyntsi,Soviet Union,https://en.wikipedia.org/wiki/Lilia_Sandulesu
Marina Łuczenko,Q11769968,Ukraine,Vinnytsia,Poland,https://en.wikipedia.org/wiki/Marina_(Polish_singer)
Taras Topolya,Q29759139,Ukraine,Kyiv,Ukraine,https://en.wikipedia.org/wiki/Taras_Topolia
Artem Kotenko,Q130354657,Ukraine,Okhtyrka,Ukraine,https://en.wikipedia.org/wiki/Artem_Kotenko
Ihor Kondratyuk,Q4230628,Ukraine,Pryhiria,Soviet Union,https://en.wikipedia.org/wiki/Igor_Kondratyuk
Valery Klimov,Q4223729,Ukraine,Kyiv,Russia,https://en.wikipedia.org/wiki/Valery_Klimov_(violinist)
Valeriy Sokolov,Q1378764,Ukraine,Kharkiv,Ukraine,https://en.wikipedia.org/wiki/Valeriy_Sokolov
Julian Sitkovetsky,Q4421099,Ukraine,Kyiv,Soviet Union,https://en.wikipedia.org/wiki/Julian_Sitkovetsky
Jonasz Kofta,Q278002,Ukraine,Mizoch,Poland,https://en.wikipedia.org/wiki/Jonasz_Kofta
Joseph Beer,Q88552,Ukraine,Khodoriv,Vienna,https://en.wikipedia.org/wiki/Joseph_Beer
Antonio Spadavecchia,Q196267,Ukraine,Odesa,Soviet Union,https://en.wikipedia.org/wiki/Antonio_Spadavecchia
Al Sherman,Q1260972,Ukraine,Kyiv,United States,https://en.wikipedia.org/wiki/Al_Sherman
Mieczysław Sołtys,Q328273,Ukraine,Lviv,Austria–Hungary,https://en.wikipedia.org/wiki/Mieczys%C5%82aw_So%C5%82tys
Nicholas Brodzsky,Q1991393,Ukraine,Odesa,Hungary,https://en.wikipedia.org/wiki/Nicholas_Brodszky
Mordechai Zeira,Q2911798,Ukraine,Kyiv,Afikim,https://en.wikipedia.org/wiki/Mordechai_Zeira
Iosif Kotek,Q471989,Ukraine,Kamianets-Podilskyi,Russian Empire,https://en.wikipedia.org/wiki/Iosif_Kotek
Mikhail Goldstein,Q478325,Ukraine,Odesa,Germany,https://en.wikipedia.org/wiki/Mikhail_Goldstein
Zi Faámelu,Q2910906,Ukraine,Chornomorske,Kyiv,https://en.wikipedia.org/wiki/Zi_Fa%C3%A1melu
Arkady Ukupnik,Q4470765,Ukraine,Kamianets-Podilskyi,Russia,https://en.wikipedia.org/wiki/Arkady_Ukupnik
Krystyna Moszumańska-Nazar,Q519116,Ukraine,Lviv,Poland,https://en.wikipedia.org/wiki/Krystyna_Moszuma%C5%84ska-Nazar
Francesco Pollini,Q1351579,Ukraine,Lubiana,Austrian Empire,https://en.wikipedia.org/wiki/Francesco_Pollini
Sasha Boole,Q28919523,Ukraine,Zhytomyr,Ukraine,https://en.wikipedia.org/wiki/Sasha_Boole
Yechiel Michel of Zlotshov,Q1686098,Ukraine,Brody,Brody,https://en.wikipedia.org/wiki/Yechiel_Michel_of_Zlotshov
Adolph Baller,Q86412,Ukraine,Brody,Austria,https://en.wikipedia.org/wiki/Adolph_Baller
Fedir Yakymenko,Q2000816,Ukraine,Pisky,Ukrainian People's Republic,https://en.wikipedia.org/wiki/Fedir_Yakymenko
Sándor Kallós,Q2040332,Ukraine,Chernivtsi,Russia,https://en.wikipedia.org/wiki/S%C3%A1ndor_Kall%C3%B3s
Oleksandr Shchetynsky,Q2033246,Ukraine,Kharkiv,Soviet Union,https://en.wikipedia.org/wiki/Alexander_Shchetynsky
Jan Kleczyński,Q2080097,Ukraine,Ivanychi,Congress Poland,https://en.wikipedia.org/wiki/Jan_Kleczy%C5%84ski_Sr.
Anatole Fistoulari,Q487710,Ukraine,Kyiv,United Kingdom,https://en.wikipedia.org/wiki/Anatole_Fistoulari
Misha Marvin,Q48869199,Ukraine,Chernivtsi,Russia,https://en.wikipedia.org/wiki/Misha_Marvin
Oleg Maisenberg,Q685169,Ukraine,Odesa,Austria,https://en.wikipedia.org/wiki/Oleg_Maisenberg
Naum Shtarkman,Q2389887,Ukraine,Zhytomyr,Russia,https://en.wikipedia.org/wiki/Naum_Shtarkman
Dmytro Klebanov,Q2372417,Ukraine,Kharkiv,Russian Empire,https://en.wikipedia.org/wiki/Dmitri_Klebanov
Lev Steinberg,Q2478992,Ukraine,Dnipro,Russian Empire,https://en.wikipedia.org/wiki/Lev_Steinberg
Charlie Spivak,Q2645829,Ukraine,Kyiv,United States,https://en.wikipedia.org/wiki/Charlie_Spivak
Maksym Tymoshenko,Q12161214,Ukraine,Kyiv,Kyiv,https://en.wikipedia.org/wiki/Maksym_Tymoshenko
Alexander Gavrylyuk,Q2082375,Ukraine,Kharkiv,Australia,https://en.wikipedia.org/wiki/Alexander_Gavrylyuk
Mykhailo Haivoronsky,Q6831026,Ukraine,Zalishchyky,Zalishchyky,https://en.wikipedia.org/wiki/Michael_Hayvoronsky
Albert Markov,Q2831383,Ukraine,Kharkiv,Soviet Union,https://en.wikipedia.org/wiki/Albert_Markov
Alexander Abramsky,Q2833392,Ukraine,Lutsk,Russian Empire,https://en.wikipedia.org/wiki/Alexander_Abramsky
Alexander Gustav Winkler,Q2833233,Ukraine,Kharkiv,France,https://en.wikipedia.org/wiki/Alexander_Winkler_(composer)
Anatoliy Avdiyevsky,Q4055557,Ukraine,Pidlisne,Soviet Union,https://en.wikipedia.org/wiki/Anatoly_Avdievsky
Pyotr Ilyich Tchaikovsky,Q7315,Russia,Votkinsk,Alapayevsk,https://en.wikipedia.org/wiki/Pyotr_Ilyich_Tchaikovsky
Anna Netrebko,Q78516,Russia,Krasnodar,Austria,https://en.wikipedia.org/wiki/Anna_Netrebko
Igor Stravinsky,Q7314,Russia,Lomonosov,Biarritz,https://en.wikipedia.org/wiki/Igor_Stravinsky
Boris Pasternak,Q41223,Russia,Moscow,Russian Empire,https://en.wikipedia.org/wiki/Boris_Pasternak
Valery Leontiev,Q32927,Russia,Ust-Usa,Russia,https://en.wikipedia.org/wiki/Valery_Leontiev
Vladimir Vysotsky,Q512,Russia,Moscow,Soviet Union,https://en.wikipedia.org/wiki/Vladimir_Vysotsky
Ivan the Terrible,Q7996,Russia,Kolomenskoye,Grand Principality of Moscow,https://en.wikipedia.org/wiki/Ivan_the_Terrible
Alla Pugacheva,Q80510,Russia,Moscow,Berezhki,https://en.wikipedia.org/wiki/Alla_Pugacheva
Dmitri Shostakovich,Q80135,Russia,Saint Petersburg,Russian Empire,https://en.wikipedia.org/wiki/Dmitri_Shostakovich
Sergei Rachmaninoff,Q131861,Russia,Semenovo,Russian Empire,https://en.wikipedia.org/wiki/Sergei_Rachmaninoff
Nikolai Rimsky-Korsakov,Q93227,Russia,Tikhvin,Russian Empire,https://en.wikipedia.org/wiki/Nikolai_Rimsky-Korsakov
Alexander Borodin,Q164004,Russia,Saint Petersburg,Russian Empire,https://en.wikipedia.org/wiki/Alexander_Borodin
Modest Petrovich Mussorgsky,Q132682,Russia,Karevo,Russian Empire,https://en.wikipedia.org/wiki/Modest_Mussorgsky
Viktor Tsoi,Q487125,Russia,Saint Petersburg,Soviet Union,https://en.wikipedia.org/wiki/Viktor_Tsoi
Dima Bilan,Q42904,Russia,Ust-Dzheguta,Russia,https://en.wikipedia.org/wiki/Dima_Bilan
Alexander Scriabin,Q185647,Russia,Moscow,Moscow,https://en.wikipedia.org/wiki/Alexander_Scriabin
Nikolai Noskov,Q1978163,Russia,Gagarin,Russia,https://en.wikipedia.org/wiki/Nikolai_Noskov
Mikhail Glinka,Q181885,Russia,Novospasskoye,Russian Empire,https://en.wikipedia.org/wiki/Mikhail_Glinka
Nikita Mikhalkov,Q55207,Russia,Moscow,Russia,https://en.wikipedia.org/wiki/Nikita_Mikhalkov
Yul Brynner,Q102813,Russia,Vladivostok,Far Eastern Republic,https://en.wikipedia.org/wiki/Yul_Brynner
Irving Berlin,Q128746,Russia,Tyumen,New York City,https://en.wikipedia.org/wiki/Irving_Berlin
Alexander Dugin,Q438839,Russia,Moscow,Russia,https://en.wikipedia.org/wiki/Aleksandr_Dugin
Mily Balakirev,Q185040,Russia,Nizhny Novgorod,Nizhny Novgorod,https://en.wikipedia.org/wiki/Mily_Balakirev
Vasily Smyslov,Q104148,Russia,Moscow,Russia,https://en.wikipedia.org/wiki/Vasily_Smyslov
Zemfira,Q242454,Russia,Ufa,Paris,https://en.wikipedia.org/wiki/Zemfira
Yuri Nikulin,Q310873,Russia,Demidov,Russia,https://en.wikipedia.org/wiki/Yuri_Nikulin
Alexander Griboyedov,Q15001,Russia,Moscow,Tbilisi,https://en.wikipedia.org/wiki/Alexander_Griboyedov
Polina Gagarina,Q4131386,Russia,Moscow,Russia,https://en.wikipedia.org/wiki/Polina_Gagarina
Feodor Chaliapin,Q189164,Russia,Lisitsyn-Emelin House,Arça,https://en.wikipedia.org/wiki/Feodor_Chaliapin
Alexander Glazunov,Q25872,Russia,Saint Petersburg,Russian Empire,https://en.wikipedia.org/wiki/Alexander_Glazunov
Sergey Mikhalkov,Q208116,Russia,Moscow,Russia,https://en.wikipedia.org/wiki/Sergey_Mikhalkov
Alsou,Q270951,Russia,Bugulma,Russia,https://en.wikipedia.org/wiki/Alsou
Maria Zakharova,Q20812953,Russia,Moscow,Beijing,https://en.wikipedia.org/wiki/Maria_Zakharova
Airat Ichmouratov,Q21063940,Russia,Kazan,Canada,https://en.wikipedia.org/wiki/Airat_Ichmouratov
Bulat Okudzhava,Q239652,Russia,Moscow,Russia,https://en.wikipedia.org/wiki/Bulat_Okudzhava
Tamara Karsavina,Q231316,Russia,Saint Petersburg,Russian Empire,https://en.wikipedia.org/wiki/Tamara_Karsavina
Sofia Gubaidulina,Q165668,Russia,Chistopol,Soviet Union,https://en.wikipedia.org/wiki/Sofia_Gubaidulina
Lyubov Orlova,Q236229,Russia,Zvenigorod,Russian Socialist Federative Soviet Republic,https://en.wikipedia.org/wiki/Lyubov_Orlova
Sergey Lazarev,Q381884,Russia,Moscow,Russia,https://en.wikipedia.org/wiki/Sergey_Lazarev
Dmitri Kabalevsky,Q153776,Russia,Saint Petersburg,Russian Empire,https://en.wikipedia.org/wiki/Dmitry_Kabalevsky
Valery Gergiev,Q165693,Russia,Moscow,Russia,https://en.wikipedia.org/wiki/Valery_Gergiev
Armin Mueller-Stahl,Q164117,Russia,Sovetsk,German Democratic Republic,https://en.wikipedia.org/wiki/Armin_Mueller-Stahl
Tina Karol,Q229065,Russia,Orotukan,Zazymia,https://en.wikipedia.org/wiki/Tina_Karol
Helene Fischer,Q236549,Russia,Krasnoyarsk,Inning am Ammersee,https://en.wikipedia.org/wiki/Helene_Fischer
George Sanders,Q296491,Russia,Saint Petersburg,United Kingdom,https://en.wikipedia.org/wiki/George_Sanders
Galina Vishnevskaya,Q230916,Russia,Saint Petersburg,Russia,https://en.wikipedia.org/wiki/Galina_Vishnevskaya
Zedd,Q21088,Russia,Saratov,Germany,https://en.wikipedia.org/wiki/Zedd
Alexander Alexandrov,Q319708,Russia,Plakhino,Russian Empire,https://en.wikipedia.org/wiki/Alexander_Vasilyevich_Alexandrov
Lidia Ruslanova,Q368072,Russia,Alexandrovka,Russian Empire,https://en.wikipedia.org/wiki/Lidia_Ruslanova
Dinä Ğäripevä,Q2112976,Russia,Zelenodolsk,Russia,https://en.wikipedia.org/wiki/Dina_Garipova
Lena Katina,Q228826,Russia,Moscow,Russia,https://en.wikipedia.org/wiki/Lena_Katina
Regina Spektor,Q229274,Russia,Moscow,New York City,https://en.wikipedia.org/wiki/Regina_Spektor
Julia Volkova,Q228832,Russia,Moscow,Russia,https://en.wikipedia.org/wiki/Julia_Volkova
Dmitry Khvorostovsky,Q333201,Russia,Krasnoyarsk,Krasnoyarsk,https://en.wikipedia.org/wiki/Dmitri_Hvorostovsky
Kristian Kostov,Q21932286,Russia,Moscow,Bulgaria,https://en.wikipedia.org/wiki/Kristian_Kostov
Alfred Schnittke,Q158078,Russia,Engels,Russia,https://en.wikipedia.org/wiki/Alfred_Schnittke
Evgeny Kissin,Q160154,Russia,Moscow,Israel,https://en.wikipedia.org/wiki/Evgeny_Kissin
Alexander Dargomyzhsky,Q311384,Russia,Q23881797,Russian Empire,https://en.wikipedia.org/wiki/Alexander_Dargomyzhsky
Konstantin Khabensky,Q558666,Russia,Saint Petersburg,Russia,https://en.wikipedia.org/wiki/Konstantin_Khabensky
Rodion Shchedrin,Q165706,Russia,Moscow,Germany,https://en.wikipedia.org/wiki/Rodion_Shchedrin
Vladimir Ashkenazy,Q157785,Russia,Nizhny Novgorod,Iceland,https://en.wikipedia.org/wiki/Vladimir_Ashkenazy
Eduard Khil,Q360190,Russia,Smolensk,Russia,https://en.wikipedia.org/wiki/Eduard_Khil
Sergei Ivanovich Taneyev,Q335006,Russia,Vladimir,Russian Empire,https://en.wikipedia.org/wiki/Sergei_Taneyev
Yulia Samoylova,Q6259288,Russia,Ukhta,Russia,https://en.wikipedia.org/wiki/Yuliya_Samoylova_(singer)
Eva Rivas,Q235880,Russia,Rostov-on-Don,Armenia,https://en.wikipedia.org/wiki/Eva_Rivas
Andrei Mironov,Q469550,Russia,Moscow,Soviet Union,https://en.wikipedia.org/wiki/Andrei_Mironov_(actor)
Nikolai Rubinstein,Q311791,Russia,Moscow,Russian Empire,https://en.wikipedia.org/wiki/Nikolai_Rubinstein
Alexey Vorobyov,Q315181,Russia,Tula,Russia,https://en.wikipedia.org/wiki/Alexey_Vorobyov
Nadya Tolokonnikova,Q288956,Russia,Norilsk,Russia,https://en.wikipedia.org/wiki/Nadya_Tolokonnikova
Peter Nalitch,Q313217,Russia,Moscow,Russia,https://en.wikipedia.org/wiki/Peter_Nalitch
Georgy Sviridov,Q467738,Russia,Fatezh,Russia,https://en.wikipedia.org/wiki/Georgy_Sviridov
Elena Obraztsova,Q464791,Russia,Saint Petersburg,Russia,https://en.wikipedia.org/wiki/Elena_Obraztsova
Nina Sublati,Q18710983,Russia,Moscow,Georgia,https://en.wikipedia.org/wiki/Nina_Sublatti
Yulia Savicheva,Q466411,Russia,Kurgan,Russia,https://en.wikipedia.org/wiki/Yulia_Savicheva
Aleksandra Pakhmutova,Q260885,Russia,Beketovka,Russia,https://en.wikipedia.org/wiki/Aleksandra_Pakhmutova
Anton Arensky,Q313970,Russia,Veliky Novgorod,Russian Empire,https://en.wikipedia.org/wiki/Anton_Arensky
Leon Theremin,Q333265,Russia,Saint Petersburg,Magadan Oblast,https://en.wikipedia.org/wiki/Leon_Theremin
Nyusha,Q125666,Russia,Moscow,Russia,https://en.wikipedia.org/wiki/Nyusha
Nikolay Baskov,Q194917,Russia,Moscow,Russia,https://en.wikipedia.org/wiki/Nikolay_Baskov
Sergey Bezrukov,Q473580,Russia,Moscow,Russia,https://en.wikipedia.org/wiki/Sergey_Bezrukov
Yevgeny Mravinsky,Q320609,Russia,Saint Petersburg,Soviet Union,https://en.wikipedia.org/wiki/Yevgeny_Mravinsky
Yuri Shevchuk,Q51094,Russia,Yagodnoye,Russia,https://en.wikipedia.org/wiki/Yuri_Shevchuk
Yegor Letov,Q363371,Russia,Omsk,Russia,https://en.wikipedia.org/wiki/Yegor_Letov
Tikhon Khrennikov,Q367830,Russia,Yelets,Russia,https://en.wikipedia.org/wiki/Tikhon_Khrennikov
Ivan Urgant,Q442830,Russia,Saint Petersburg,Moscow,https://en.wikipedia.org/wiki/Ivan_Urgant
Aida Garifullina,Q13203005,Russia,Kazan,Austria,https://en.wikipedia.org/wiki/Aida_Garifullina
Lyudmila Petrushevskaya,Q183382,Russia,Moscow,Russia,https://en.wikipedia.org/wiki/Lyudmila_Petrushevskaya
Alisa Freindlich,Q271630,Russia,Saint Petersburg,Russia,https://en.wikipedia.org/wiki/Alisa_Freindlich
Aleksandr Abdulov,Q461085,Russia,Tobolsk,Russia,https://en.wikipedia.org/wiki/Aleksandr_Abdulov
Lyudmila Zykina,Q466546,Russia,Moscow,Russia,https://en.wikipedia.org/wiki/Lyudmila_Zykina
Ekaterina Ponamareva,Q1623076,Russia,Pskov,Russia,https://en.wikipedia.org/wiki/Oxana_Fedorova
Hilarion (Alfeyev),Q311928,Russia,Moscow,Hungary,https://en.wikipedia.org/wiki/Hilarion_Alfeyev
Chingiz Mustafayev,Q31310079,Russia,Moscow,Azerbaijan,https://en.wikipedia.org/wiki/Chingiz_Mustafayev_(singer)
Jeanna Friske,Q241382,Russia,Moscow,Russia,https://en.wikipedia.org/wiki/Jeanna_Friske
Maxim Galkin,Q559485,Russia,Naro-Fominsky district,Russia,https://en.wikipedia.org/wiki/Maxim_Galkin
Boris Grebenshchikov,Q542101,Russia,Saint Petersburg,Russia,https://en.wikipedia.org/wiki/Boris_Grebenshchikov
Boris Asafyev,Q325032,Russia,Saint Petersburg,Russian Empire,https://en.wikipedia.org/wiki/Boris_Asafyev
Anatoly Lyadov,Q348282,Russia,Saint Petersburg,Russian Empire,https://en.wikipedia.org/wiki/Anatoly_Lyadov
Grigory Leps,Q1187527,Russia,Sochi,Russia,https://en.wikipedia.org/wiki/Grigory_Leps
Valentina Tolkunova,Q270937,Russia,Armavir,Russia,https://en.wikipedia.org/wiki/Valentina_Tolkunova
Tanja Mihhailova-Saar,Q7688162,Russia,Kaliningrad,Estonia,https://en.wikipedia.org/wiki/Tanja_Mihhailova-Saar
Timati,Q176846,Russia,Moscow,Russia,https://en.wikipedia.org/wiki/Timati
Edgar Froese,Q505957,Russia,Sovetsk,Berlin,https://en.wikipedia.org/wiki/Edgar_Froese
Mikhail Boyarsky,Q544641,Russia,Saint Petersburg,Saint Petersburg,https://en.wikipedia.org/wiki/Mikhail_Boyarsky
Andrey Makarevich,Q2227698,Russia,Moscow,Israel,https://en.wikipedia.org/wiki/Andrey_Makarevich
Anastasia Zavorotnyuk,Q2626768,Russia,Astrakhan,Russia,https://en.wikipedia.org/wiki/Anastasia_Zavorotnyuk
Nikolai Slichenko,Q4423479,Russia,Belgorod,Russia,https://en.wikipedia.org/wiki/Nikolai_Slichenko
MakSim,Q127252,Russia,Kazan,Russia,https://en.wikipedia.org/wiki/MakSim
Maxim Vengerov,Q441388,Russia,Novosibirsk,Germany,https://en.wikipedia.org/wiki/Maxim_Vengerov
Agrippina Vaganova,Q236413,Russia,Saint Petersburg,Russian Empire,https://en.wikipedia.org/wiki/Agrippina_Vaganova
Yury Bashmet,Q156546,Russia,Rostov-on-Don,Russia,https://en.wikipedia.org/wiki/Yuri_Bashmet
Serge Koussevitzky,Q353449,Russia,Vyshny Volochyok,Paris,https://en.wikipedia.org/wiki/Serge_Koussevitzky
Nikolay Ogarev,Q374362,Russia,Saint Petersburg,Russian Empire,https://en.wikipedia.org/wiki/Nikolay_Ogarev
Gennady Rozhdestvensky,Q437262,Russia,Moscow,Russia,https://en.wikipedia.org/wiki/Gennady_Rozhdestvensky
Egor Kreed,Q20483301,Russia,Penza,Russia,https://en.wikipedia.org/wiki/Egor_Kreed
Eduard Artemyev,Q706995,Russia,Novosibirsk,Russia,https://en.wikipedia.org/wiki/Eduard_Artemyev
Hans Pfitzner,Q57358,Russia,Moscow,Germany,https://en.wikipedia.org/wiki/Hans_Pfitzner
Mikhail Ippolitov-Ivanov,Q346815,Russia,Gatchina,Russian Empire,https://en.wikipedia.org/wiki/Mikhail_Ippolitov-Ivanov
Nikolai Medtner,Q365574,Russia,Moscow,Russian Empire,https://en.wikipedia.org/wiki/Nikolai_Medtner
Mikhail Kuzmin,Q460352,Russia,Yaroslavl,Russian Empire,https://en.wikipedia.org/wiki/Mikhail_Kuzmin
Yuri Shatunov,Q2028076,Russia,Kumertau,Moscow,https://en.wikipedia.org/wiki/Yuri_Shatunov
Alexander Alyabyev,Q712094,Russia,Tobolsk,Russian Empire,https://en.wikipedia.org/wiki/Alexander_Alyabyev
Matvei Blanter,Q928993,Russia,Pochep,Soviet Union,https://en.wikipedia.org/wiki/Matvey_Blanter
Zara Dolukhanova,Q4165121,Russia,Moscow,Russia,https://en.wikipedia.org/wiki/Zara_Dolukhanova
Yury Grigorovich,Q2622333,Russia,Saint Petersburg,Russia,https://en.wikipedia.org/wiki/Yury_Grigorovich
Vasily Lebedev-Kumach,Q1396852,Russia,Moscow,Soviet Union,https://en.wikipedia.org/wiki/Vasily_Lebedev-Kumach
Oleg Gazmanov,Q2994183,Russia,Gusev,Russia,https://en.wikipedia.org/wiki/Oleg_Gazmanov
Morgenshtern,Q59194713,Russia,Ufa,Jerusalem,https://en.wikipedia.org/wiki/Morgenshtern
Yuri Temirkanov,Q469552,Russia,Nalchik,Russia,https://en.wikipedia.org/wiki/Yuri_Temirkanov
Zara,Q946406,Russia,Saint Petersburg,Russia,https://en.wikipedia.org/wiki/Zara_(Russian_singer)
Grigory Sokolov,Q468626,Russia,Saint Petersburg,Q492744,https://en.wikipedia.org/wiki/Grigory_Sokolov
Lev Leshchenko,Q2622339,Russia,Moscow,Russia,https://en.wikipedia.org/wiki/Lev_Leshchenko
Nikolai Karachentsov,Q2365826,Russia,Moscow,Russia,https://en.wikipedia.org/wiki/Nikolai_Karachentsov
Tatiana Kotova,Q2395728,Russia,Rostov-on-Don,Russia,https://en.wikipedia.org/wiki/Tatiana_Kotova
Olga Buzova,Q4098374,Russia,Saint Petersburg,Russia,https://en.wikipedia.org/wiki/Olga_Buzova
Kristina Orbakaitė,Q285330,Russia,Moscow,Moscow,https://en.wikipedia.org/wiki/Kristina_Orbakait%C4%97
Alexander Gretchaninov,Q508270,Russia,Moscow,Russian Empire,https://en.wikipedia.org/wiki/Alexander_Gretchaninov
Mikhail Pletnev,Q512015,Russia,Arkhangelsk,Russia,https://en.wikipedia.org/wiki/Mikhail_Pletnev
Olesya Rulin,Q233463,Russia,Moscow,Russia,https://en.wikipedia.org/wiki/Olesya_Rulin
Glukoza,Q35385,Russia,Moscow,Syzran,https://en.wikipedia.org/wiki/Glukoza
Ruslan Niğmätullin,Q559136,Russia,Kazan,Russia,https://en.wikipedia.org/wiki/Ruslan_Nigmatullin
Valeriya,Q302484,Russia,Atkarsk,Russia,https://en.wikipedia.org/wiki/Valeriya
Youddiph,Q464199,Russia,Moscow,Russia,https://en.wikipedia.org/wiki/Masha_Katz
Ekaterina Aleksandrovna Klimova,Q2213598,Russia,Moscow,Russia,https://en.wikipedia.org/wiki/Ekaterina_Klimova
Nadezhda Kadysheva,Q4207433,Russia,Q19812437,Dolgorukovskaya Street,https://en.wikipedia.org/wiki/Nadezhda_Kadysheva
Aiko,Q123775383,Russia,Moscow,Karlovy Vary,https://en.wikipedia.org/wiki/Aiko_(Czech_singer)
Mikhail Krug,Q1372387,Russia,Tver,Russia,https://en.wikipedia.org/wiki/Mikhail_Krug
Vasily Kalinnikov,Q368147,Russia,Pervy Voin,Russian Empire,https://en.wikipedia.org/wiki/Vasily_Kalinnikov
Alexander Gradsky,Q1964661,Russia,Kopeysk,Russia,https://en.wikipedia.org/wiki/Alexander_Gradsky
Irina Allegrova,Q467737,Russia,Rostov-on-Don,Russia,https://en.wikipedia.org/wiki/Irina_Allegrova
Georg Ots,Q1280772,Russia,Saint Petersburg,Soviet Union,https://en.wikipedia.org/wiki/Georg_Ots
Anna Semenovich,Q274362,Russia,Yekaterinburg,Russia,https://en.wikipedia.org/wiki/Anna_Semenovich
Pelageya,Q1593089,Russia,Novosibirsk,Russia,https://en.wikipedia.org/wiki/Pelageya
Valentin Gaft,Q1964037,Russia,Moscow,Russia,https://en.wikipedia.org/wiki/Valentin_Gaft
Vasili Eroshenko,Q20887,Russia,Obukhovka,Russian Empire,https://en.wikipedia.org/wiki/Vasili_Eroshenko
Edison Denisov,Q275659,Russia,Tomsk,Russia,https://en.wikipedia.org/wiki/Edison_Denisov
Elena Vaenga,Q1626575,Russia,Severomorsk,Russia,https://en.wikipedia.org/wiki/Elena_Vaenga
Yevgeny Svetlanov,Q709440,Russia,Moscow,Russia,https://en.wikipedia.org/wiki/Yevgeny_Svetlanov
Vasily Solovyov-Sedoi,Q739362,Russia,Saint Petersburg,Soviet Union,https://en.wikipedia.org/wiki/Vasily_Solovyov-Sedoy
Maria Yudina,Q258602,Russia,Nevel,Russian Empire,https://en.wikipedia.org/wiki/Maria_Yudina
Lidia Isac,Q22964723,Russia,Saint Petersburg,Moldova,https://en.wikipedia.org/wiki/Lidia_Isac
Daniil Trifonov,Q2635946,Russia,Nizhny Novgorod,Cleveland,https://en.wikipedia.org/wiki/Daniil_Trifonov
Oleg Anofriyev,Q2634866,Russia,Gelendzhik,Russia,https://en.wikipedia.org/wiki/Oleg_Anofriyev
Kirill Kondrashin,Q431025,Russia,Moscow,Russian Empire,https://en.wikipedia.org/wiki/Kirill_Kondrashin
Kirill Petrenko,Q478275,Russia,Omsk,Berlin,https://en.wikipedia.org/wiki/Kirill_Petrenko
Vladimir Odoevsky,Q468067,Russia,Moscow,Russian Empire,https://en.wikipedia.org/wiki/Vladimir_Odoyevsky
Maimuna,Q18676754,Russia,Saint Petersburg,Belarus,https://en.wikipedia.org/wiki/Maimuna
Rudolf Barshai,Q362806,Russia,Labinsk,Russia,https://en.wikipedia.org/wiki/Rudolf_Barshai
Sergey Shnurov,Q921496,Russia,Saint Petersburg,Russia,https://en.wikipedia.org/wiki/Sergey_Shnurov
Alexander Serov,Q442978,Russia,Saint Petersburg,Russian Empire,https://en.wikipedia.org/wiki/Alexander_Serov
Yanka Dyagileva,Q998702,Russia,Novosibirsk,Soviet Union,https://en.wikipedia.org/wiki/Yanka_Dyagileva
Nikolai Lugansky,Q706497,Russia,Moscow,Moscow,https://en.wikipedia.org/wiki/Nikolai_Lugansky
Dmitriy Nagiev,Q3033167,Russia,Saint Petersburg,Russia,https://en.wikipedia.org/wiki/Dmitry_Nagiyev
Elena Temnikova,Q973066,Russia,Kurgan,Russia,https://en.wikipedia.org/wiki/Elena_Temnikova
Yulia Nachalova,Q2454464,Russia,Voronezh,Moscow,https://en.wikipedia.org/wiki/Yulia_Nachalova
Alexey Buldakov,Q1967525,Russia,Klyuchevsky District,Soviet Union,https://en.wikipedia.org/wiki/Aleksey_Buldakov
Sati Kazanova,Q4207677,Russia,Verkhny Kurkuzhin,Russia,https://en.wikipedia.org/wiki/Sati_Kazanova
Detsl,Q1968358,Russia,Moscow,Russia,https://en.wikipedia.org/wiki/Detsl
Basta,Q3986754,Russia,Rostov-on-Don,Russia,https://en.wikipedia.org/wiki/Basta_(rapper)
Alexander Siloti,Q366536,Russia,Znamenka,Russian Empire,https://en.wikipedia.org/wiki/Alexander_Siloti
Vissarion Shebalin,Q504286,Russia,Omsk,Russian Empire,https://en.wikipedia.org/wiki/Vissarion_Shebalin
Maxim Fadeev,Q2393147,Russia,Kurgan,Russia,https://en.wikipedia.org/wiki/Maxim_Fadeev
Andrei Eshpai,Q502147,Russia,Kozmodemyansk,Russia,https://en.wikipedia.org/wiki/Andrei_Eshpai
Nicolas Slonimsky,Q555602,Russia,Saint Petersburg,Russian Empire,https://en.wikipedia.org/wiki/Nicolas_Slonimsky
Nikolai Tcherepnin,Q918647,Russia,Saint Petersburg,Russian Empire,https://en.wikipedia.org/wiki/Nikolai_Tcherepnin
Tsarevich Ivan Ivanovich of Russia,Q1353547,Russia,Moscow,Tsardom of Russia,https://en.wikipedia.org/wiki/Tsarevich_Ivan_Ivanovich_of_Russia
Natalia Gutman,Q272462,Russia,Kazan,Russia,https://en.wikipedia.org/wiki/Natalia_Gutman
Zivert,Q62079006,Russia,Moscow,Russia,https://en.wikipedia.org/wiki/Zivert
Boris Berezovsky,Q25873,Russia,Moscow,Russia,https://en.wikipedia.org/wiki/Boris_Berezovsky_(pianist)
Vladimir Sofronitsky,Q950150,Russia,Saint Petersburg,Russian Empire,https://en.wikipedia.org/wiki/Vladimir_Sofronitsky
Irina Arkhipova,Q272421,Russia,Moscow,Russia,https://en.wikipedia.org/wiki/Irina_Arkhipova
Julius Krohn,Q1712767,Russia,Vyborg,Benigno Aquino III,https://en.wikipedia.org/wiki/Julius_Krohn
Aleksandra Skochilenko,Q111603847,Russia,Saint Petersburg,Russia,https://en.wikipedia.org/wiki/Aleksandra_Skochilenko
Wladimir Kaminer,Q76946,Russia,Moscow,Berlin,https://en.wikipedia.org/wiki/Wladimir_Kaminer
Bob Martin,Q217120,Russia,Krasnoyarsk,Austria,https://en.wikipedia.org/wiki/Bob_Martin_(singer)
Renata Litvinova,Q2627377,Russia,Moscow,Paris,https://en.wikipedia.org/wiki/Renata_Litvinova
Artur Smolyaninov,Q2865340,Russia,Moscow,Russia,https://en.wikipedia.org/wiki/Artur_Smolyaninov
Larisa Golubkina,Q4142441,Russia,Moscow,Russia,https://en.wikipedia.org/wiki/Larisa_Golubkina
Aleksei Losev,Q1248105,Russia,Novocherkassk,Russian Empire,https://en.wikipedia.org/wiki/Aleksei_Losev
John Kay,Q63204,Russia,Sovetsk,United States,https://en.wikipedia.org/wiki/John_Kay_(musician)
Zhanna Bichevskaya,Q274312,Russia,Moscow,Russia,https://en.wikipedia.org/wiki/Zhanna_Bichevskaya
Tatiana Nikolayeva,Q260104,Russia,Bezhitsa,Russia,https://en.wikipedia.org/wiki/Tatiana_Nikolayeva
Ekaterina Ryabova,Q972840,Russia,Shchyolkovo,Russia,https://en.wikipedia.org/wiki/Ekaterina_Ryabova_(singer)
Sergei Lyapunov,Q427214,Russia,Yaroslavl,Russian Empire,https://en.wikipedia.org/wiki/Sergei_Lyapunov
Andrey Petrov,Q502390,Russia,Saint Petersburg,Russia,https://en.wikipedia.org/wiki/Andrei_Petrov
Erkki Melartin,Q534960,Russia,Priozersk,Helsinki,https://en.wikipedia.org/wiki/Erkki_Melartin
Mikhail Gnesin,Q601425,Russia,Rostov-on-Don,Russian Empire,https://en.wikipedia.org/wiki/Mikhail_Gnessin
Olga Seryabkina,Q3320764,Russia,Moscow,Russia,https://en.wikipedia.org/wiki/Olga_Seryabkina
Maxim Shostakovich,Q706328,Russia,Saint Petersburg,Russia,https://en.wikipedia.org/wiki/Maxim_Shostakovich
Lazar Berman,Q545764,Russia,Saint Petersburg,Italy,https://en.wikipedia.org/wiki/Lazar_Berman
Vasily Agapkin,Q2585526,Russia,Shancherovo,Russian Empire,https://en.wikipedia.org/wiki/Vasily_Agapkin
Martti Talvela,Q470945,Russia,Khiytola,Berlin,https://en.wikipedia.org/wiki/Martti_Talvela
Ildar Abdrazakov,Q4054479,Russia,Ufa,Russia,https://en.wikipedia.org/wiki/Ildar_Abdrazakov
Nina Kraviz,Q14829032,Russia,Irkutsk,Russia,https://en.wikipedia.org/wiki/Nina_Kraviz
Vladimir Spivakov,Q579170,Russia,Ufa,Russia,https://en.wikipedia.org/wiki/Vladimir_Spivakov
Aleksandr Domogarov,Q1958241,Russia,Moscow,Russia,https://en.wikipedia.org/wiki/Aleksandr_Domogarov
Olga Budina,Q1977596,Russia,Moscow,Russia,https://en.wikipedia.org/wiki/Olga_Budina
Maya Kristalinskaya,Q1982660,Russia,Moscow,Soviet Union,https://en.wikipedia.org/wiki/Maya_Kristalinskaya
Klara Rumyanova,Q2367082,Russia,Saint Petersburg,Russia,https://en.wikipedia.org/wiki/Klara_Rumyanova
Irina Miroshnichenko,Q3154381,Russia,Barnaul,Russia,https://en.wikipedia.org/wiki/Irina_Miroshnichenko
Vladimir Romashkin,Q4397499,Russia,Ichalki,Finland,https://en.wikipedia.org/wiki/Vladimir_Romashkin
Marina Tchebourkina,Q18522075,Russia,Moscow,Palace of Versailles,https://en.wikipedia.org/wiki/Marina_Tchebourkina
Nikolay Alexandrovich Lvov,Q51131,Russia,Nikolskoe,Gatchina,https://en.wikipedia.org/wiki/Nikolay_Lvov
Galina Ustvolskaya,Q255300,Russia,Saint Petersburg,Russia,https://en.wikipedia.org/wiki/Galina_Ustvolskaya
Yuri Vizbor,Q582152,Russia,Moscow,Soviet Union,https://en.wikipedia.org/wiki/Yuri_Vizbor
Alexander Tcherepnin,Q504011,Russia,Saint Petersburg,Russian Empire,https://en.wikipedia.org/wiki/Alexander_Tcherepnin
Dmitri Prigov,Q537003,Russia,Moscow,Russia,https://en.wikipedia.org/wiki/Dmitri_Prigov
Viktoria Mullova,Q268575,Russia,Moscow,Holland Park,https://en.wikipedia.org/wiki/Viktoria_Mullova
Igor Presnyakov,Q715626,Russia,Moscow,Kingdom of the Netherlands,https://en.wikipedia.org/wiki/Igor_Presnyakov
Sergei Vasilenko,Q1553197,Russia,Moscow,Russian Empire,https://en.wikipedia.org/wiki/Sergei_Vasilenko
Andrej Hoteev,Q502063,Russia,Saint Petersburg,Germany,https://en.wikipedia.org/wiki/Andrej_Hoteev
Vasily Safonov,Q947291,Russia,Ishcherskaya,Russian Empire,https://en.wikipedia.org/wiki/Vasily_Safonov
Ivan Larionov,Q2353026,Russia,Perm,Russian Empire,https://en.wikipedia.org/wiki/Ivan_Larionov
Denis Matsuev,Q739505,Russia,Irkutsk,Moscow,https://en.wikipedia.org/wiki/Denis_Matsuev
Muslim Magomayev,Q2499809,Russia,Grozny,Azerbaijan Democratic Republic,https://en.wikipedia.org/wiki/Muslim_Magomayev_(composer)
Sara Sadıyqova,Q4404938,Russia,Kazan,Russian Empire,https://en.wikipedia.org/wiki/Sara_Sad%C3%ADqova
Leonid Sobinov,Q1397007,Russia,Yaroslavl,Russian Empire,https://en.wikipedia.org/wiki/Leonid_Sobinov
Ilya Naishuller,Q23867507,Russia,Moscow,Russia,https://en.wikipedia.org/wiki/Ilya_Naishuller
Pavel Volya,Q2064926,Russia,Penza,Russia,https://en.wikipedia.org/wiki/Pavel_Volya
Shlomo Mintz,Q470457,Russia,Moscow,Israel,https://en.wikipedia.org/wiki/Shlomo_Mintz
Natalya Andrejchenko,Q449925,Russia,Moscow,Russia,https://en.wikipedia.org/wiki/Natalya_Andreychenko
Ansa Ikonen,Q4770489,Russia,Saint Petersburg,Helsinki,https://en.wikipedia.org/wiki/Ansa_Ikonen
Anahit Tsitsikian,Q2567135,Russia,Saint Petersburg,Armenia,https://en.wikipedia.org/wiki/Anahit_Tsitsikian
Duke Peter of Oldenburg,Q62816,Russia,Yaroslavl,Grand Duchy of Oldenburg,https://en.wikipedia.org/wiki/Duke_Peter_of_Oldenburg
Leonid Agutin,Q337404,Russia,Moscow,Russia,https://en.wikipedia.org/wiki/Leonid_Agutin
Lera Auerbach,Q241503,Russia,Chelyabinsk,Austria,https://en.wikipedia.org/wiki/Lera_Auerbach
Alexander Rosenbaum,Q663116,Russia,Saint Petersburg,Moscow,https://en.wikipedia.org/wiki/Alexander_Rosenbaum
Oxxxymiron,Q4046107,Russia,Saint Petersburg,Russia,https://en.wikipedia.org/wiki/Oxxxymiron
Yevgeny Nesterenko,Q2640005,Russia,Moscow,Russia,https://en.wikipedia.org/wiki/Yevgeny_Nesterenko
Mikhail Shufutinsky,Q541833,Russia,Moscow,Russia,https://en.wikipedia.org/wiki/Mikhail_Shufutinsky
Nikolai Zverev,Q553959,Russia,Volokolamsk,Russian Empire,https://en.wikipedia.org/wiki/Nikolai_Zverev
Efrem Zimbalist,Q614454,Russia,Rostov-on-Don,Russian Empire,https://en.wikipedia.org/wiki/Efrem_Zimbalist
George Avakian,Q1382368,Russia,Armavir,United States,https://en.wikipedia.org/wiki/George_Avakian
Anna Vyrubova,Q266125,Russia,Lomonosov,Saint Petersburg,https://en.wikipedia.org/wiki/Anna_Vyrubova
Anna Yesipova,Q521740,Russia,Saint Petersburg,Russian Empire,https://en.wikipedia.org/wiki/Anna_Yesipova
Andrei Gavrilov,Q502725,Russia,Moscow,Armenia,https://en.wikipedia.org/wiki/Andrei_Gavrilov
Josef Lhévinne,Q951486,Russia,Oryol,Berlin,https://en.wikipedia.org/wiki/Josef_Lh%C3%A9vinne
Shaman,Q112996409,Russia,Novomoskovsk,Russia,https://en.wikipedia.org/wiki/Shaman_(singer)
Modest Tchaikovsky,Q2306644,Russia,Alapayevsk,Russian Empire,https://en.wikipedia.org/wiki/Modest_Ilyich_Tchaikovsky
Vladimir Martynov,Q2640499,Russia,Moscow,Russia,https://en.wikipedia.org/wiki/Vladimir_Martynov
Sergei Lemeshev,Q972380,Russia,Knyazevo,Russian Empire,https://en.wikipedia.org/wiki/Sergei_Lemeshev
Alexander Amfiteatrov,Q2705483,Russia,Kaluga,Russian Empire,https://en.wikipedia.org/wiki/Alexander_Amfiteatrov
Pyotr Mamonov,Q2369235,Russia,Moscow,Russia,https://en.wikipedia.org/wiki/Pyotr_Mamonov
Semyon Bychkov,Q720037,Russia,Saint Petersburg,Soviet Union,https://en.wikipedia.org/wiki/Semyon_Bychkov_(conductor)
Valeri Zolotukhin,Q1660403,Russia,Bystryy Istok,Russia,https://en.wikipedia.org/wiki/Valeri_Zolotukhin
Masha Rasputina,Q1972287,Russia,Inskoy,Russia,https://en.wikipedia.org/wiki/Masha_Rasputina
Dayana Kirillova,Q13423493,Russia,Kazan,Russia,https://en.wikipedia.org/wiki/Dayana_Kirillova
Polina Bogusevich,Q43773905,Russia,Moscow,Russia,https://en.wikipedia.org/wiki/Polina_Bogusevich
Jiva,Q138586693,Russia,Moscow,Azerbaijan,https://en.wikipedia.org/wiki/Jiva_(singer)
Maria Alyokhina,Q6760992,Russia,Moscow,Iceland,https://en.wikipedia.org/wiki/Maria_Alyokhina
Sergey Kuryokhin,Q118233,Russia,Murmansk,Russia,https://en.wikipedia.org/wiki/Sergey_Kuryokhin
Issay Dobrowen,Q181145,Russia,Nizhny Novgorod,Norway,https://en.wikipedia.org/wiki/Issay_Dobrowen
Q263059,Q263059,Russia,Moscow,Russia,https://en.wikipedia.org/wiki/Yulianna_Avdeeva
Origa,Q259884,Russia,Kochenёvo,Tokyo,https://en.wikipedia.org/wiki/Origa
Timur Mutsurayev,Q737833,Russia,Grozny,Chechen Republic of Ichkeria,https://en.wikipedia.org/wiki/Timur_Mutsurayev
Anita Tsoy,Q461151,Russia,Moscow,Russia,https://en.wikipedia.org/wiki/Anita_Tsoy
Alexander Bashlachev,Q973400,Russia,Cherepovets,Soviet Union,https://en.wikipedia.org/wiki/Alexander_Bashlachev
Boris Alexandrovich Alexandrov,Q1958951,Russia,Bologoye,Russia,https://en.wikipedia.org/wiki/Boris_Aleksandrov_(composer)
Igor Talkov,Q2625789,Russia,Gretsovka,Soviet Union,https://en.wikipedia.org/wiki/Igor_Talkov
Kamaliya,Q2781934,Russia,Step’,Pakistan,https://en.wikipedia.org/wiki/Kamaliya
Aulis Sallinen,Q542194,Russia,Salmi,Helsinki,https://en.wikipedia.org/wiki/Aulis_Sallinen
Aleksandr Zatsepin,Q641869,Russia,Novosibirsk,Russia,https://en.wikipedia.org/wiki/Aleksandr_Zatsepin
Lev Oborin,Q644483,Russia,Moscow,Russian Empire,https://en.wikipedia.org/wiki/Lev_Oborin
Mikhail Matyushin,Q787155,Russia,Nizhny Novgorod,Russian Empire,https://en.wikipedia.org/wiki/Mikhail_Matyushin
Maxim Munzuk,Q926680,Russia,Q28482842,Qing dynasty,https://en.wikipedia.org/wiki/Maxim_Munzuk
Sergei Slonimsky,Q959291,Russia,Saint Petersburg,Russia,https://en.wikipedia.org/wiki/Sergei_Slonimsky
Vyacheslav Ovchinnikov,Q1357516,Russia,Voronezh,Russia,https://en.wikipedia.org/wiki/Vyacheslav_Ovchinnikov
Karen Khachaturian,Q1382482,Russia,Moscow,Armenia,https://en.wikipedia.org/wiki/Karen_Khachaturian
Katya Sambuca,Q19720072,Russia,Saint Petersburg,Russia,https://en.wikipedia.org/wiki/Katya_Sambuca
Nikita Bogoslovsky,Q1975649,Russia,Saint Petersburg,Russia,https://en.wikipedia.org/wiki/Nikita_Bogoslovsky
Misia Sert,Q447487,Russia,Pushkin,Villa Servais,https://en.wikipedia.org/wiki/Misia_Sert
Albert Coates,Q2595770,Russia,Saint Petersburg,England,https://en.wikipedia.org/wiki/Albert_Coates_(musician)
Gavriil Popov,Q918639,Russia,Novocherkassk,Russian Empire,https://en.wikipedia.org/wiki/Gavriil_Popov_(composer)
Larin Paraske,Q164441,Russia,Q16707549,Gromovo,https://en.wikipedia.org/wiki/Larin_Paraske
Alexander Vedernikov,Q2045019,Russia,Moscow,Moscow,https://en.wikipedia.org/wiki/Alexander_Vedernikov
Tugan Sokhiev,Q737849,Russia,Vladikavkaz,Russia,https://en.wikipedia.org/wiki/Tugan_Sokhiev
Laila Halme,Q127321,Russia,Lesogorsky,Finland,https://en.wikipedia.org/wiki/Laila_Halme
Makka Sagaipova,Q467048,Russia,Grozny,Russia,https://en.wikipedia.org/wiki/Makka_Sagaipova
Yekaterina Guseva,Q2098262,Russia,Moscow,Russia,https://en.wikipedia.org/wiki/Yekaterina_Guseva
Dmitri Dyuzhev,Q2375843,Russia,Astrakhan,Russia,https://en.wikipedia.org/wiki/Dmitri_Dyuzhev
Jasmin,Q4178347,Russia,Derbent,Russia,https://en.wikipedia.org/wiki/Jasmin_(singer)
Katerina Shpitsa,Q4526492,Russia,Perm,Russia,https://en.wikipedia.org/wiki/Katerina_Shpitsa
Vadim Repin,Q474762,Russia,Novosibirsk,Belgium,https://en.wikipedia.org/wiki/Vadim_Repin
Valeri Brainin,Q60441,Russia,Nizhny Tagil,Germany,https://en.wikipedia.org/wiki/Valeri_Brainin
Georg Schnéevoigt,Q133832,Russia,Vyborg,Finland,https://en.wikipedia.org/wiki/Georg_Schn%C3%A9evoigt
Noize MC,Q2026639,Russia,Yartsevo,Russia,https://en.wikipedia.org/wiki/Noize_MC
Elena Firsova,Q264808,Russia,Saint Petersburg,Moscow,https://en.wikipedia.org/wiki/Elena_Firsova
Yuliy Kim,Q750943,Russia,Moscow,Israel,https://en.wikipedia.org/wiki/Yuliy_Kim
Igor Nikolayev,Q1974797,Russia,Kholmsk,Russia,https://en.wikipedia.org/wiki/Igor_Nikolayev
Dmitry Malikov,Q1989101,Russia,Moscow,Russia,https://en.wikipedia.org/wiki/Dmitry_Malikov
Ivan Shapovalov,Q662871,Russia,Kotovo,Russia,https://en.wikipedia.org/wiki/Ivan_Shapovalov
Boris Tishchenko,Q893684,Russia,Saint Petersburg,Russia,https://en.wikipedia.org/wiki/Boris_Tishchenko
Armas Järnefelt,Q767237,Russia,Vyborg,Stockholm,https://en.wikipedia.org/wiki/Armas_J%C3%A4rnefelt
Vladimir Jurowski,Q943125,Russia,Moscow,Russia,https://en.wikipedia.org/wiki/Vladimir_Jurowski
Andre Kostelanetz,Q1074114,Russia,Saint Petersburg,Russian Empire,https://en.wikipedia.org/wiki/Andre_Kostelanetz
Vasily Andreyev,Q982300,Russia,Bezhetsk,Russian Empire,https://en.wikipedia.org/wiki/Vasily_Andreyev
Klava Koka,Q61685163,Russia,Yekaterinburg,Russia,https://en.wikipedia.org/wiki/Klava_Koka
Nikita Magaloff,Q731429,Russia,Saint Petersburg,Russian Soviet Federative Socialist Republic,https://en.wikipedia.org/wiki/Nikita_Magaloff
Nikolai Golovanov,Q2651977,Russia,Moscow,Russian Empire,https://en.wikipedia.org/wiki/Nikolai_Golovanov
Alina Ibragimova,Q466549,Russia,Polevskoy,Russia,https://en.wikipedia.org/wiki/Alina_Ibragimova
Alexei Lubimov,Q1515566,Russia,Moscow,Russia,https://en.wikipedia.org/wiki/Alexei_Lubimov
Zagir Ismagilov,Q4204075,Russia,Sermenevo,Russia,https://en.wikipedia.org/wiki/Zagir_Ismagilov
Chingiz Mustafayev,Q272847,Russia,Kapustin Yar,Azerbaijan,https://en.wikipedia.org/wiki/Chingiz_Mustafayev_(journalist)
Palina Rojinski,Q90849,Russia,Saint Petersburg,Berlin,https://en.wikipedia.org/wiki/Palina_Rojinski
Leo Borchard,Q706770,Russia,Moscow,Germany,https://en.wikipedia.org/wiki/Leo_Borchard
Sainkho Namtchylak,Q266271,Russia,Ulug-Khemsky District,Russia,https://en.wikipedia.org/wiki/Sainkho_Namtchylak
Tatiana Bulanova,Q467118,Russia,Saint Petersburg,Russia,https://en.wikipedia.org/wiki/Tatiana_Bulanova
Anna Samokhina,Q470452,Russia,Guryevsk,Russia,https://en.wikipedia.org/wiki/Anna_Samokhina
Garik Kharlamov,Q4495971,Russia,Moscow,Moscow,https://en.wikipedia.org/wiki/Garik_Kharlamov
Yekaterina Samutsevich,Q5215874,Russia,Moscow,Russia,https://en.wikipedia.org/wiki/Yekaterina_Samutsevich
Olga Preobrajenska,Q270265,Russia,Saint Petersburg,France,https://en.wikipedia.org/wiki/Olga_Preobrajenska
Mot,Q4289881,Russia,Krymsk,Russia,https://en.wikipedia.org/wiki/Mot_(rapper)
Igor Khoroshev,Q539989,Russia,Moscow,Russia,https://en.wikipedia.org/wiki/Igor_Khoroshev
Alexander Goedicke,Q289058,Russia,Moscow,Russian Empire,https://en.wikipedia.org/wiki/Alexander_Goedicke
Nikolai Fomenko,Q380407,Russia,Saint Petersburg,Russia,https://en.wikipedia.org/wiki/Nikolai_Fomenko
Vladimir Vavilov,Q431041,Russia,Saint Petersburg,Soviet Union,https://en.wikipedia.org/wiki/Vladimir_Vavilov_(composer)
Katya Lel,Q2028602,Russia,Nalchik,Russia,https://en.wikipedia.org/wiki/Katya_Lel
Konstantin Igumnov,Q586116,Russia,Lebedyan,Soviet Union,https://en.wikipedia.org/wiki/Konstantin_Igumnov
Ivan Wyschnegradsky,Q1380845,Russia,Saint Petersburg,Russian Empire,https://en.wikipedia.org/wiki/Ivan_Wyschnegradsky
Daniil Shafran,Q1163944,Russia,Saint Petersburg,Russia,https://en.wikipedia.org/wiki/Daniil_Shafran
Nikolai Roslavets,Q1594567,Russia,Surazh,Konotop,https://en.wikipedia.org/wiki/Nikolai_Roslavets
Anna Zak,Q29554348,Russia,Sochi,Ashdod,https://en.wikipedia.org/wiki/Anna_Zak
Monetochka,Q32361743,Russia,Yekaterinburg,Russia,https://en.wikipedia.org/wiki/Monetochka
Alexander Arkhangelsky,Q1929280,Russia,Mikhailovo-Tezikovo,Russian Empire,https://en.wikipedia.org/wiki/Alexander_Arkhangelsky_(composer)
Dimitri Arakishvili,Q2031789,Russia,Vladikavkaz,Russian Empire,https://en.wikipedia.org/wiki/Dimitri_Arakishvili
Arcadi Volodos,Q631344,Russia,Saint Petersburg,Madrid,https://en.wikipedia.org/wiki/Arcadi_Volodos
Natali,Q2392017,Russia,Dzerzhinsk,Russia,https://en.wikipedia.org/wiki/Natali_(singer)
Vassily Sinaisky,Q926689,Russia,Abez,Russia,https://en.wikipedia.org/wiki/Vassily_Sinaisky
Nikolai Arnoldovich Petrov,Q1369521,Russia,Moscow,Russia,https://en.wikipedia.org/wiki/Nikolai_Arnoldovich_Petrov
Valery Afanassiev,Q1552348,Russia,Moscow,Belgium,https://en.wikipedia.org/wiki/Valery_Afanassiev
Nadezhda Obukhova,Q2025035,Russia,Moscow,Russian Empire,https://en.wikipedia.org/wiki/Nadezhda_Obukhova
Valentina Starikova,Q22246994,Russia,Ufa,Russia,https://en.wikipedia.org/wiki/Valentina_Starikova
Leonid Kharitonov,Q4495910,Russia,Irkutsk,Russia,https://en.wikipedia.org/wiki/Leonid_Kharitonov_(singer)
Vasily Petrenko,Q2060404,Russia,Saint Petersburg,Russia,https://en.wikipedia.org/wiki/Vasily_Petrenko
Lyubov Polishchuk,Q287110,Russia,Omsk,Russia,https://en.wikipedia.org/wiki/Lyubov_Polishchuk
Anastasia Zadorozhnaya,Q487157,Russia,Vytegra,Russia,https://en.wikipedia.org/wiki/Anastasia_Zadorozhnaya
Slava,Q512027,Russia,Moscow,Russia,https://en.wikipedia.org/wiki/Slava_(singer)
Stas Piekha,Q1340169,Russia,Saint Petersburg,Russia,https://en.wikipedia.org/wiki/Stas_Piekha
Efim Shifrin,Q1342277,Russia,Neksikan,Russia,https://en.wikipedia.org/wiki/Efim_Shifrin
Aleksandr Yakovlevich Mikhailov,Q1996390,Russia,Olovyannaya,Russia,https://en.wikipedia.org/wiki/Aleksandr_Mikhailov_(actor)
Vladimir Turchinsky,Q2416148,Russia,Moscow,Russia,https://en.wikipedia.org/wiki/Vladimir_Turchinsky
Marina Lizorkina,Q2660446,Russia,Moscow,Russia,https://en.wikipedia.org/wiki/Marina_Lizorkina
Nadezhda Babkina,Q4074462,Russia,Akhtubinsk,Russia,https://en.wikipedia.org/wiki/Nadezhda_Babkina
Fyodor Volkov,Q663447,Russia,Kostroma,Russian Empire,https://en.wikipedia.org/wiki/Fyodor_Volkov
Ernst Mielck,Q4761,Russia,Vyborg,Grand Duchy of Finland,https://en.wikipedia.org/wiki/Ernst_Mielck
Ella Adayevskaya,Q112885,Russia,Saint Petersburg,German Empire,https://en.wikipedia.org/wiki/Ella_Adayevskaya
Alexey Rybnikov,Q195773,Russia,Moscow,Russia,https://en.wikipedia.org/wiki/Alexey_Rybnikov
Lev Oshanin,Q626982,Russia,Rybinsk,Russia,https://en.wikipedia.org/wiki/Lev_Oshanin_(poet)
Novella Matveyeva,Q842449,Russia,Pushkin,Russia,https://en.wikipedia.org/wiki/Novella_Matveyeva
Aleksandr Marshal,Q4283235,Russia,Korenovsk,Russia,https://en.wikipedia.org/wiki/Aleksandr_Marshal
Adolph Brodsky,Q365287,Russia,Taganrog,Leipzig,https://en.wikipedia.org/wiki/Adolph_Brodsky
Vyacheslav Butusov,Q1862092,Russia,Krasnoyarsk,Russia,https://en.wikipedia.org/wiki/Vyacheslav_Butusov
Oksana Pochepa,Q2595507,Russia,Rostov-on-Don,Russia,https://en.wikipedia.org/wiki/Oksana_Pochepa
Elena Gnesina,Q535155,Russia,Rostov-on-Don,Russian Empire,https://en.wikipedia.org/wiki/Elena_Gnesina
Arthur Friedheim,Q557478,Russia,Saint Petersburg,Germany,https://en.wikipedia.org/wiki/Arthur_Friedheim
Garik Sukachov,Q1981460,Russia,Moscow,Russia,https://en.wikipedia.org/wiki/Garik_Sukachov
Semyon Slepakov,Q3718842,Russia,Pyatigorsk,Russia,https://en.wikipedia.org/wiki/Semyon_Slepakov
Niletto,Q80331200,Russia,Tyumen,Russia,https://en.wikipedia.org/wiki/Niletto
Q4231170,Q4231170,Russia,Pochep,Portugal,https://en.wikipedia.org/wiki/Roman_Konoplev
Instasamka,Q99578037,Russia,Tobolsk,Moscow,https://en.wikipedia.org/wiki/Instasamka
Yevgeny Krylatov,Q1414578,Russia,Lysva,Russia,https://en.wikipedia.org/wiki/Yevgeny_Krylatov
Karl Heinrich Barth,Q64926,Russia,Baltiysk,Germany,https://en.wikipedia.org/wiki/Karl_Heinrich_Barth
Sergei Roldugin,Q4396930,Russia,Sakhalin Oblast,Saint Petersburg,https://en.wikipedia.org/wiki/Sergei_Roldugin
Konstantin Orbelyan,Q2074401,Russia,Armavir,Armenia,https://en.wikipedia.org/wiki/Konstantin_Orbelyan
Ania Bukstein,Q529532,Russia,Moscow,Israel,https://en.wikipedia.org/wiki/Ania_Bukstein
Vladimir Fedoseyev,Q692153,Russia,Saint Petersburg,Russia,https://en.wikipedia.org/wiki/Vladimir_Fedoseyev
Valery Kipelov,Q2620486,Russia,Moscow,Russia,https://en.wikipedia.org/wiki/Valery_Kipelov
Alexander Barykin,Q2665390,Russia,Beryozovo,Russia,https://en.wikipedia.org/wiki/Alexander_Barykin
Julia Lezhneva,Q1998172,Russia,Yuzhno-Sakhalinsk,Russia,https://en.wikipedia.org/wiki/Julia_Lezhneva
Lyudmila Lyadova,Q4272534,Russia,Yekaterinburg,Russia,https://en.wikipedia.org/wiki/Lyudmila_Lyadova
Mikhail Gorsheniov,Q4146025,Russia,Pikalyovo,Russia,https://en.wikipedia.org/wiki/Mikhail_Gorsheniov
Fyokla Bezzubova,Q4080900,Russia,Q18170482,Russian Empire,https://en.wikipedia.org/wiki/Fyokla_Bezzubova
Paul Juon,Q171509,Russia,Moscow,Switzerland,https://en.wikipedia.org/wiki/Paul_Juon
Nikolay Rastorguyev,Q4390600,Russia,Lytkarino,Moscow,https://en.wikipedia.org/wiki/Nikolay_Rastorguyev
Adam Kadyrov,Q122967353,Russia,Chechnya,Russia,https://en.wikipedia.org/wiki/Adam_Kadyrov
Ksenia Borodina,Q4094549,Russia,Moscow,Moscow,https://en.wikipedia.org/wiki/Kseniya_Borodina
Timur Rodriguez,Q2394275,Russia,Penza,Russia,https://en.wikipedia.org/wiki/Timur_Rodriguez
Pavel Kogan,Q1398124,Russia,Moscow,Soviet Union,https://en.wikipedia.org/wiki/Pavel_Kogan_(conductor)
Izabella Yurieva,Q188070,Russia,Rostov-on-Don,Russia,https://en.wikipedia.org/wiki/Izabella_Yurieva
Sasha Strunin,Q466906,Russia,Saint Petersburg,Poland,https://en.wikipedia.org/wiki/Sasha_Strunin
Viktor Klimenko,Q1354731,Russia,Karelia,Finland,https://en.wikipedia.org/wiki/Viktor_Klimenko_(singer)
Marina Devyatova,Q2047105,Russia,Moscow,Russia,https://en.wikipedia.org/wiki/Marina_Devyatova
Kongar-ol Ondar,Q3816355,Russia,Iyme,Russia,https://en.wikipedia.org/wiki/Kongar-ool_Ondar
Aleksandr Borisov,Q4093818,Russia,Saint Petersburg,Russian Empire,https://en.wikipedia.org/wiki/Aleksandr_Borisov_(actor)
Paulina Andreyeva,Q16272350,Russia,Saint Petersburg,Russia,https://en.wikipedia.org/wiki/Paulina_Andreeva
Yulianna Karaulova,Q23656051,Russia,Moscow,Russia,https://en.wikipedia.org/wiki/Yulianna_Karaulova
Yevgeni Grishkovetz,Q1688694,Russia,Kemerovo,Russia,https://en.wikipedia.org/wiki/Yevgeni_Grishkovetz
Andrey Gubin,Q83643,Russia,Ufa,Russia,https://en.wikipedia.org/wiki/Andrey_Gubin
Vasily Pashkevich,Q218633,Russia,Saint Petersburg,Russian Empire,https://en.wikipedia.org/wiki/Vasily_Pashkevich
Nikolai Dobronravov,Q556499,Russia,Saint Petersburg,Soviet Union,https://en.wikipedia.org/wiki/Nikolai_Dobronravov
Aleksey Igudesman,Q329409,Russia,Saint Petersburg,Russia,https://en.wikipedia.org/wiki/Aleksey_Igudesman
Sergey Nikitin,Q1029521,Russia,Moscow,Russia,https://en.wikipedia.org/wiki/Sergey_Nikitin_(musician)
Ilya Reznik,Q1990888,Russia,Saint Petersburg,Russia,https://en.wikipedia.org/wiki/Ilya_Reznik
Vladimir Kuzmin,Q2380843,Russia,Moscow,Russia,https://en.wikipedia.org/wiki/Vladimir_Kuzmin
Face,Q42296351,Russia,Ufa,Russia,https://en.wikipedia.org/wiki/Face_(rapper)
Stas Mikhaylov,Q4297411,Russia,Sochi,Russia,https://en.wikipedia.org/wiki/Stas_Mikhaylov
Ivan Dorn,Q4166662,Russia,Chelyabinsk,Ukraine,https://en.wikipedia.org/wiki/Ivan_Dorn
Boris Tchaikovsky,Q893609,Russia,Moscow,Russia,https://en.wikipedia.org/wiki/Boris_Tchaikovsky
David Tukhmanov,Q925653,Russia,Moscow,Russia,https://en.wikipedia.org/wiki/David_Tukhmanov
Fyodor Petrovich Tolstoy,Q742253,Russia,Saint Petersburg,Saint Petersburg,https://en.wikipedia.org/wiki/Fyodor_Tolstoy_(artist)
Lev Naumov,Q1187114,Russia,Rostov Veliky,Russia,https://en.wikipedia.org/wiki/Lev_Naumov
Stanislav Bunin,Q1190512,Russia,Moscow,Tokyo,https://en.wikipedia.org/wiki/Stanislav_Bunin
Ossip Gabrilowitsch,Q1344071,Russia,Saint Petersburg,Russian Empire,https://en.wikipedia.org/wiki/Ossip_Gabrilowitsch
Georgy Catoire,Q1461106,Russia,Moscow,Russian Empire,https://en.wikipedia.org/wiki/Georgy_Catoire
Andria Balanchivadze,Q1632304,Russia,Saint Petersburg,Georgia,https://en.wikipedia.org/wiki/Andria_Balanchivadze
Leonid Kreutzer,Q64864,Russia,Saint Petersburg,Germany,https://en.wikipedia.org/wiki/Leonid_Kreutzer
Yuri Khanon,Q1713908,Russia,Saint Petersburg,Russia,https://en.wikipedia.org/wiki/Yuri_Khanon
Lukas Geniušas,Q93837,Russia,Moscow,Lithuania,https://en.wikipedia.org/wiki/Lukas_Geniu%C5%A1as
Igor Levit,Q100759,Russia,Nizhny Novgorod,Berlin,https://en.wikipedia.org/wiki/Igor_Levit
Yulia Chicherina,Q2024466,Russia,Yekaterinburg,Russia,https://en.wikipedia.org/wiki/Yulia_Chicherina
Olga Kern,Q443167,Russia,Moscow,Russia,https://en.wikipedia.org/wiki/Olga_Kern
Jerzy Żurawlew,Q2534202,Russia,Rostov-on-Don,Poland,https://en.wikipedia.org/wiki/Jerzy_%C5%BBurawlew
Boris Berman,Q2599508,Russia,Moscow,United States,https://en.wikipedia.org/wiki/Boris_Berman_(musician)
Viktor Kosenko,Q4234841,Russia,Saint Petersburg,Russian Empire,https://en.wikipedia.org/wiki/Viktor_Kosenko
Alena Apina,Q4067997,Russia,Saratov,Russia,https://en.wikipedia.org/wiki/Alyona_Apina
Olga Borodina,Q24166,Russia,Saint Petersburg,Russia,https://en.wikipedia.org/wiki/Olga_Borodina
Waldemar Klingelhöfer,Q66877,Russia,Moscow,Kassel,https://en.wikipedia.org/wiki/Waldemar_Klingelh%C3%B6fer
Valeria Barsova,Q670917,Russia,Astrakhan,Soviet Union,https://en.wikipedia.org/wiki/Valeria_Barsova
Asaf Zeynally,Q4190194,Russia,Derbent,Azerbaijan Democratic Republic,https://en.wikipedia.org/wiki/Asaf_Zeynally
Félia Litvinne,Q952599,Russia,Saint Petersburg,France,https://en.wikipedia.org/wiki/F%C3%A9lia_Litvinne
Yuri Bykov,Q17582593,Russia,Novomichurinsk,Russia,https://en.wikipedia.org/wiki/Yuri_Bykov
Winirä Ğimadievä,Q20579311,Russia,Kazan,Russia,https://en.wikipedia.org/wiki/Venera_Gimadieva
Georgy Guryanov,Q343456,Russia,Saint Petersburg,Russia,https://en.wikipedia.org/wiki/Georgy_Guryanov
Yakov Kreizberg,Q944723,Russia,Saint Petersburg,Soviet Union,https://en.wikipedia.org/wiki/Yakov_Kreizberg
Yuri Simonov,Q2343238,Russia,Saratov,Russia,https://en.wikipedia.org/wiki/Yuri_Simonov
Sophie Milman,Q289671,Russia,Ufa,Canada,https://en.wikipedia.org/wiki/Sophie_Milman
Irina Muravyova,Q1962742,Russia,Moscow,Russia,https://en.wikipedia.org/wiki/Irina_Muravyova
Albina Dzhanabaeva,Q1980070,Russia,Volgograd,Russia,https://en.wikipedia.org/wiki/Albina_Dzhanabaeva
Tatiana Abramova,Q4054968,Russia,Tyumen,Russia,https://en.wikipedia.org/wiki/Tatiana_Abramova
Yevgeny Ponasenkov,Q4371811,Russia,Moscow,Russia,https://en.wikipedia.org/wiki/Evgeniy_Ponasenkov
Dmitry Pevtsov,Q3400285,Russia,Moscow,Russia,https://en.wikipedia.org/wiki/Dmitry_Pevtsov
Viktorija Loba,Q12905559,Russia,Taganrog,North Macedonia,https://en.wikipedia.org/wiki/Viktorija_Loba
Zelimkhan Bakaev,Q42295587,Russia,Grozny,Chechnya,https://en.wikipedia.org/wiki/Zelim_Bakaev
Ilya Prusikin,Q45550458,Russia,Ust-Borzya,Saint Petersburg,https://en.wikipedia.org/wiki/Ilya_Prusikin
Alan Badoev,Q4074981,Russia,Beslan,Ukraine,https://en.wikipedia.org/wiki/Alan_Badoev
Mitrofan Belyayev,Q1317716,Russia,Saint Petersburg,Russian Empire,https://en.wikipedia.org/wiki/Mitrofan_Belyayev
Oleg Kagan,Q1363356,Russia,Yuzhno-Sakhalinsk,Soviet Union,https://en.wikipedia.org/wiki/Oleg_Kagan
Sergei Nakariakov,Q1632910,Russia,Nizhny Novgorod,Russia,https://en.wikipedia.org/wiki/Sergei_Nakariakov
Alexander Egorovich Varlamov,Q2003374,Russia,Moscow,Russian Empire,"https://en.wikipedia.org/wiki/Aleksandr_Varlamov_(composer,_born_1801)"
Wladimir Vogel,Q115947,Russia,Moscow,Ascona,https://en.wikipedia.org/wiki/Wladimir_Vogel
Anna Marly,Q464853,Russia,Saint Petersburg,France,https://en.wikipedia.org/wiki/Anna_Marly
Igor Matvienko,Q4284680,Russia,Moscow,Russia,https://en.wikipedia.org/wiki/Igor_Matvienko
Grigory Ginzburg,Q374594,Russia,Nizhny Novgorod,Soviet Union,https://en.wikipedia.org/wiki/Grigory_Ginzburg
Lydia Kavina,Q448758,Russia,Moscow,Russia,https://en.wikipedia.org/wiki/Lydia_Kavina
Capital Bra,Q24008612,Russia,Siberia,Kleinmachnow,https://en.wikipedia.org/wiki/Capital_Bra
Yuz Aleshkovsky,Q4062196,Russia,Krasnoyarsk,Soviet Union,https://en.wikipedia.org/wiki/Yuz_Aleshkovsky
Vladimir Rebikov,Q950199,Russia,Krasnoyarsk,Russian Empire,https://en.wikipedia.org/wiki/Vladimir_Rebikov
Oleg Lundstrem,Q1390611,Russia,Chita,Russia,https://en.wikipedia.org/wiki/Oleg_Lundstrem
Ilya Lagutenko,Q1658597,Russia,Moscow,Russia,https://en.wikipedia.org/wiki/Ilya_Lagutenko
Gerasim Lebedev,Q2028881,Russia,Yaroslavl,Kolkata,https://en.wikipedia.org/wiki/Gerasim_Lebedev
Vera Timanova,Q439806,Russia,Ufa,Russian Empire,https://en.wikipedia.org/wiki/Vera_Timanova
Viviana Sofronitsky,Q440486,Russia,Moscow,Canada,https://en.wikipedia.org/wiki/Viviana_Sofronitsky
Vladimir Krainev,Q670381,Russia,Krasnoyarsk,Russia,https://en.wikipedia.org/wiki/Vladimir_Krainev
Yakov Flier,Q931515,Russia,Orekhovo-Zuyevo,Russian Empire,https://en.wikipedia.org/wiki/Yakov_Flier
Armen Grigoryan,Q2472160,Russia,Moscow,Russia,https://en.wikipedia.org/wiki/Armen_Grigoryan_(guitarist)
Naoko,Q136535620,Russia,Rakhya,Russia,https://en.wikipedia.org/wiki/Diana_Loginova
Zulya Kamalova,Q2944740,Russia,Sarapul,Australia,https://en.wikipedia.org/wiki/Zulya_Kamalova
Yevgeny Gabrilovich,Q3655818,Russia,Voronezh,Russia,https://en.wikipedia.org/wiki/Yevgeny_Gabrilovich
Rita Streich,Q77741,Russia,Barnaul,Ascona,https://en.wikipedia.org/wiki/Rita_Streich
Praskovia Kovalyova-Zhemchugova,Q2011786,Russia,Q13640339,Russian Empire,https://en.wikipedia.org/wiki/Praskovia_Kovalyova-Zhemchugova
Alexander Malofeev,Q18245585,Russia,Moscow,Russia,https://en.wikipedia.org/wiki/Alexander_Malofeev
Dmitry Shishkin,Q24053154,Russia,Chelyabinsk,Russia,https://en.wikipedia.org/wiki/Dmitry_Shishkin
Tamara Sinyavskaya,Q3742244,Russia,Moscow,Russia,https://en.wikipedia.org/wiki/Tamara_Sinyavskaya
Irina Bogacheva,Q4089164,Russia,Saint Petersburg,Russia,https://en.wikipedia.org/wiki/Irina_Bogacheva_(mezzo-soprano)
Haji Khanmammadov,Q5639906,Russia,Derbent,Azerbaijan,https://en.wikipedia.org/wiki/Haji_Khanmammadov
Igor Sklyar,Q2003255,Russia,Kursk,Russia,https://en.wikipedia.org/wiki/Igor_Sklyar
Arty,Q715890,Russia,Engels,Russia,https://en.wikipedia.org/wiki/Arty_(musician)
Yuri Ahronovitch,Q182586,Russia,Saint Petersburg,Israel,https://en.wikipedia.org/wiki/Yuri_Ahronovitch
Viktor Tretiakov,Q82384,Russia,Krasnoyarsk,Russia,https://en.wikipedia.org/wiki/Viktor_Tretiakov
Dmitri Kitayenko,Q664572,Russia,Saint Petersburg,Russia,https://en.wikipedia.org/wiki/Dmitri_Kitayenko
Dilbar Abdurahmonova,Q4054642,Russia,Moscow,Soviet Union,https://en.wikipedia.org/wiki/Dilbar_Abdurahmonova
Netta Barzilai,Q48654131,Israel,Hod HaSharon,Tel Aviv,https://en.wikipedia.org/wiki/Netta_Barzilai
Dana International,Q201204,Israel,Tel Aviv,Israel,https://en.wikipedia.org/wiki/Dana_International
Ofra Haza,Q111087,Israel,Hatikva Quarter,Israel,https://en.wikipedia.org/wiki/Ofra_Haza
Gene Simmons,Q207197,Israel,Tirat Carmel,New York City,https://en.wikipedia.org/wiki/Gene_Simmons
Itzhak Perlman,Q215905,Israel,Jaffa,New York City,https://en.wikipedia.org/wiki/Itzhak_Perlman
Harel Skaat,Q276295,Israel,Kfar Saba,Israel,https://en.wikipedia.org/wiki/Harel_Skaat
Chaim Topol,Q319133,Israel,Tel Aviv,Israel,https://en.wikipedia.org/wiki/Chaim_Topol
"Achinoam ""Noa"" Nini",Q340527,Israel,Tel Aviv,Israel,https://en.wikipedia.org/wiki/Noa_(singer)
Eden Golan,Q81436819,Israel,Kfar Saba,Israel,https://en.wikipedia.org/wiki/Eden_Golan
Noa Kirel,Q43139030,Israel,Ra'anana,Israel,https://en.wikipedia.org/wiki/Noa_Kirel
Hillel Slovak,Q186924,Israel,Haifa,Israel,https://en.wikipedia.org/wiki/Hillel_Slovak
Mira Awad,Q236056,Israel,Rameh,London,https://en.wikipedia.org/wiki/Mira_Awad
Sarit Hadad,Q466767,Israel,Afula,Israel,https://en.wikipedia.org/wiki/Sarit_Hadad
Yuval Raphael,Q131856689,Israel,Tel Aviv,Israel,https://en.wikipedia.org/wiki/Yuval_Raphael
Izhar Cohen,Q460148,Israel,Tel Aviv,Israel,https://en.wikipedia.org/wiki/Izhar_Cohen
Eden Alene,Q64775156,Israel,Jerusalem,Israel,https://en.wikipedia.org/wiki/Eden_Alene
Yasmin Levy,Q298202,Israel,Jerusalem,Serbia,https://en.wikipedia.org/wiki/Yasmin_Levy
Mei Finegold,Q6809922,Israel,Rishon LeZion,Israel,https://en.wikipedia.org/wiki/Mei_Finegold
Bo'az Ma'uda,Q319142,Israel,Eliakim,Israel,https://en.wikipedia.org/wiki/Boaz_Ma%27uda
Shiri Maimon,Q266578,Israel,Kiryat Chaim,Israel,https://en.wikipedia.org/wiki/Shiri_Maimon
Pinchas Zukerman,Q346204,Israel,Tel Aviv,Israel,https://en.wikipedia.org/wiki/Pinchas_Zukerman
Ari Folman,Q653645,Israel,Haifa,Haifa,https://en.wikipedia.org/wiki/Ari_Folman
Gali Atari,Q231654,Israel,Rehovot,Israel,https://en.wikipedia.org/wiki/Gali_Atari
Moran Mazor,Q6495231,Israel,Holon,Israel,https://en.wikipedia.org/wiki/Moran_Mazor
Imri Ziv,Q28768280,Israel,Hod HaSharon,Israel,https://en.wikipedia.org/wiki/Imri_Ziv
Tali Golergant,Q121306325,Israel,Jerusalem,Luxembourg,https://en.wikipedia.org/wiki/Tali_Golergant
Yitzhak Yedid,Q2006195,Israel,Jerusalem,Israel,https://en.wikipedia.org/wiki/Yitzhak_Yedid
Odeya Rush,Q3647258,Israel,Haifa,Los Angeles,https://en.wikipedia.org/wiki/Odeya_Rush
Inbar Lavi,Q13560257,Israel,Ramat Gan,Israel,https://en.wikipedia.org/wiki/Inbar_Lavi
Hovi Star,Q23000844,Israel,Kiryat Ata,Israel,https://en.wikipedia.org/wiki/Hovi_Star
Kobi Marimi,Q61711466,Israel,Ramat Gan,Tel Aviv,https://en.wikipedia.org/wiki/Kobi_Marimi
Naomi Shemer,Q238719,Israel,Kvutzat Kinneret,Israel,https://en.wikipedia.org/wiki/Naomi_Shemer
Alona Tal,Q263433,Israel,Herzliya,Israel,https://en.wikipedia.org/wiki/Alona_Tal
Arik Einstein,Q509660,Israel,Tel Aviv,Israel,https://en.wikipedia.org/wiki/Arik_Einstein
Ronit Elkabetz,Q455824,Israel,Beersheba,Israel,https://en.wikipedia.org/wiki/Ronit_Elkabetz
Michael Ben David,Q110822290,Israel,Ashkelon,Ramat Gan,https://en.wikipedia.org/wiki/Michael_Ben_David
Assi Dayan,Q609095,Israel,Nahalal,Israel,https://en.wikipedia.org/wiki/Assi_Dayan
Daliah Lavi,Q274158,Israel,Shavei Tzion,Israel,https://en.wikipedia.org/wiki/Daliah_Lavi
Ivry Gitlis,Q442010,Israel,Haifa,Paris,https://en.wikipedia.org/wiki/Ivry_Gitlis
Idan Raichel,Q1772804,Israel,Kfar Saba,Israel,https://en.wikipedia.org/wiki/Idan_Raichel
Inon Zur,Q933777,Israel,Israel,Israel,https://en.wikipedia.org/wiki/Inon_Zur
Ilanit,Q274743,Israel,Tel Aviv,Israel,https://en.wikipedia.org/wiki/Ilanit
Esther Ofarim,Q270374,Israel,Safed,Germany,https://en.wikipedia.org/wiki/Esther_Ofarim
Noam Bettan,Q117355818,Israel,Ra'anana,Israel,https://en.wikipedia.org/wiki/Noam_Bettan
Avishai Cohen,Q388320,Israel,Kabri,Israel,https://en.wikipedia.org/wiki/Avishai_Cohen_(bassist)
Keren Ann,Q262294,Israel,Caesarea,Israel,https://en.wikipedia.org/wiki/Keren_Ann
Ivri Lider,Q716158,Israel,Givat Haim (Ihud),Israel,https://en.wikipedia.org/wiki/Ivri_Lider
Yardena Arazi,Q266563,Israel,Kabri,Israel,https://en.wikipedia.org/wiki/Yardena_Arazi
Aviv Geffen,Q733103,Israel,Ramat Gan,Israel,https://en.wikipedia.org/wiki/Aviv_Geffen
Rim Banna,Q2736035,Israel,Nazareth,Occupied Palestinian territories,https://en.wikipedia.org/wiki/Rim_Banna
Asaf Avidan,Q259788,Israel,Jerusalem,Pesaro,https://en.wikipedia.org/wiki/Asaf_Avidan
Ninet Tayeb,Q444518,Israel,Kiryat Gat,Israel,https://en.wikipedia.org/wiki/Ninet_Tayeb
Tal,Q453841,Israel,Pardes Hanna-Karkur,France,https://en.wikipedia.org/wiki/Tal_(singer)
Lior Narkis,Q1494846,Israel,Holon,Israel,https://en.wikipedia.org/wiki/Lior_Narkis
Eliahu Inbal,Q695465,Israel,Jerusalem,Israel,https://en.wikipedia.org/wiki/Eliahu_Inbal
Hana Laszlo,Q287420,Israel,Jaffa,Israel,https://en.wikipedia.org/wiki/Hana_Laszlo
Dafna Dekel,Q455888,Israel,Ashdod,Israel,https://en.wikipedia.org/wiki/Dafna_Dekel
Shlomo Artzi,Q966848,Israel,Israel,Israel,https://en.wikipedia.org/wiki/Shlomo_Artzi
Yaël Abecassis,Q460358,Israel,Ashkelon,Israel,https://en.wikipedia.org/wiki/Yael_Abecassis
Kamilya Jubran,Q1349848,Israel,Acre,France,https://en.wikipedia.org/wiki/Kamilya_Jubran
Rika Zaraï,Q2029078,Israel,Jerusalem,France,https://en.wikipedia.org/wiki/Rika_Zara%C3%AF
Ishtar,Q2048477,Israel,Kiryat Ata,France,https://en.wikipedia.org/wiki/Ishtar_(singer)
Juliano Mer-Khamis,Q455584,Israel,Nazareth,Palestine,https://en.wikipedia.org/wiki/Juliano_Mer-Khamis
Borgore,Q50674,Israel,Tel Aviv,Israel,https://en.wikipedia.org/wiki/Borgore
Miri Ben-Ari,Q269916,Israel,Tel Aviv,United States,https://en.wikipedia.org/wiki/Miri_Ben-Ari
Elyanna,Q108124205,Israel,Nazareth,Israel,https://en.wikipedia.org/wiki/Elyanna
Carmela Corren,Q442706,Israel,Tel Aviv,Israel,https://en.wikipedia.org/wiki/Carmela_Corren
Yafa Yarkoni,Q579498,Israel,Givatayim,Israel,https://en.wikipedia.org/wiki/Yafa_Yarkoni
Eyal Golan,Q1382405,Israel,Rehovot,Israel,https://en.wikipedia.org/wiki/Eyal_Golan
Yon Tumarkin,Q9097151,Israel,Jaffa,Israel,https://en.wikipedia.org/wiki/Yon_Tumarkin
Mor Karbasi,Q462158,Israel,Jerusalem,Israel,https://en.wikipedia.org/wiki/Mor_Karbasi
David D'Or,Q1174277,Israel,Holon,Israel,https://en.wikipedia.org/wiki/David_D%27Or
Nurit Hirsh,Q2891207,Israel,Tel Aviv,Israel,https://en.wikipedia.org/wiki/Nurit_Hirsh
Armand Amar,Q2659446,Israel,Jerusalem,France,https://en.wikipedia.org/wiki/Armand_Amar
Ehud Manor,Q603114,Israel,Binyamina-Giv'at Ada,Israel,https://en.wikipedia.org/wiki/Ehud_Manor
Oren Lavie,Q532331,Israel,Tel Aviv,Israel,https://en.wikipedia.org/wiki/Oren_Lavie
Haim Gouri,Q2661005,Israel,Tel Aviv,Israel,https://en.wikipedia.org/wiki/Haim_Gouri
Cemal Reşit Rey,Q1053284,Israel,Jerusalem,Ottoman Empire,https://en.wikipedia.org/wiki/Cemal_Re%C5%9Fit_Rey
Gilad Atzmon,Q1389497,Israel,Tel Aviv,London,https://en.wikipedia.org/wiki/Gilad_Atzmon
Rucka Rucka Ali,Q3446620,Israel,Jerusalem,United States,https://en.wikipedia.org/wiki/Rucka_Rucka_Ali
Ohad Naharin,Q733785,Israel,kibbutz,Israel,https://en.wikipedia.org/wiki/Ohad_Naharin
Offer Nissim,Q2539564,Israel,Tel Aviv,Israel,https://en.wikipedia.org/wiki/Offer_Nissim
Eddie Butler,Q1282716,Israel,Dimona,Israel,https://en.wikipedia.org/wiki/Eddie_Butler_(singer)
Dalal Abu Amneh,Q7015528,Israel,Nazareth,Israel,https://en.wikipedia.org/wiki/Dalal_Abu_Amneh
Nasrin Kadri,Q19894291,Israel,Lod,Israel,https://en.wikipedia.org/wiki/Nasrin_Kadri
Abi Ofarim,Q320813,Israel,Safed,Israel,https://en.wikipedia.org/wiki/Abi_Ofarim
Keren Peles,Q466518,Israel,Yavne'el,Israel,https://en.wikipedia.org/wiki/Keren_Peles
Lahav Shani,Q41505182,Israel,Tel Aviv,Berlin,https://en.wikipedia.org/wiki/Lahav_Shani
Israel Yinon,Q1674626,Israel,Kfar Saba,Israel,https://en.wikipedia.org/wiki/Israel_Yinon
Yoav,Q995592,Israel,Tel Aviv,Israel,https://en.wikipedia.org/wiki/Yoav_(musician)
Noam Sheriff,Q542264,Israel,Tel Aviv,Israel,https://en.wikipedia.org/wiki/Noam_Sheriff
Subliminal,Q657013,Israel,Tel Aviv,Israel,https://en.wikipedia.org/wiki/Subliminal_(rapper)
Meir Banai,Q12408754,Israel,Jerusalem,Israel,https://en.wikipedia.org/wiki/Meir_Banai
Zohar Argov,Q258991,Israel,Rishon LeZion,Israel,https://en.wikipedia.org/wiki/Zohar_Argov
Pnina Rosenblum,Q2890097,Israel,Petah Tikva,Jerusalem,https://en.wikipedia.org/wiki/Pnina_Rosenblum
Noa Tishby,Q7045290,Israel,Tel Aviv,Los Angeles,https://en.wikipedia.org/wiki/Noa_Tishby
Sharon Bezaly,Q269852,Israel,Tel Aviv,Sweden,https://en.wikipedia.org/wiki/Sharon_Bezaly
Aviv Alush,Q6909125,Israel,Karmiel,Israel,https://en.wikipedia.org/wiki/Aviv_Alush
Shlomi Shabat,Q349662,Israel,Yehud,Israel,https://en.wikipedia.org/wiki/Shlomi_Shabat
Chaya Czernowin,Q450870,Israel,Kiryat Chaim,San Diego,https://en.wikipedia.org/wiki/Chaya_Czernowin
Uzi Hitman,Q2915715,Israel,Giv'at Shmuel,Israel,https://en.wikipedia.org/wiki/Uzi_Hitman
Riff Cohen,Q3431891,Israel,Tel Aviv,Ramat Aviv,https://en.wikipedia.org/wiki/Riff_Cohen
Q2056096,Q2056096,Israel,Tel Aviv,Israel,https://en.wikipedia.org/wiki/Shuki_Levy
Miri Mesika,Q441232,Israel,Herzliya,Israel,https://en.wikipedia.org/wiki/Miri_Mesika
Tal Sondak,Q549642,Israel,Tel Aviv,Israel,https://en.wikipedia.org/wiki/Tal_Sondak
Yehoram Gaon,Q2091045,Israel,Jerusalem,Israel,https://en.wikipedia.org/wiki/Yehoram_Gaon
Aki Avni,Q2906794,Israel,Rehovot,Israel,https://en.wikipedia.org/wiki/Aki_Avni
Liraz Charhi,Q7047702,Israel,Ramla,Israel,https://en.wikipedia.org/wiki/Liraz_Charhi
Eden Ben Zaken,Q28053146,Israel,Jerusalem,Israel,https://en.wikipedia.org/wiki/Eden_Ben_Zaken
Dennis Lloyd,Q51033104,Israel,Tel Aviv,Portugal,https://en.wikipedia.org/wiki/Dennis_Lloyd
David Broza,Q731076,Israel,Haifa,Israel,https://en.wikipedia.org/wiki/David_Broza
Amal Murkus,Q452646,Israel,Kafr Yasif,Israel,https://en.wikipedia.org/wiki/Amal_Murkus
Shalom Hanoch,Q2436563,Israel,Mishmarot,Israel,https://en.wikipedia.org/wiki/Shalom_Hanoch
Yehonatan Geffen,Q2911403,Israel,Nahalal,Israel,https://en.wikipedia.org/wiki/Yehonatan_Geffen
Saint Levant,Q116663665,Israel,Jerusalem,Los Angeles,https://en.wikipedia.org/wiki/Saint_Levant
Kobi Oshrat,Q2898703,Israel,Haifa,Israel,https://en.wikipedia.org/wiki/Kobi_Oshrat
Ilan Chester,Q2918727,Israel,Tel Aviv,Israel,https://en.wikipedia.org/wiki/Ilan_Chester
Sharon Kam,Q273058,Israel,Haifa,Germany,https://en.wikipedia.org/wiki/Sharon_Kam
Marie Ortal Malka,Q453532,Israel,Israel,France,https://en.wikipedia.org/wiki/Marie_Ortal_Malka
Shimon Gershon,Q2916684,Israel,Tel Aviv,Israel,https://en.wikipedia.org/wiki/Shimon_Gershon
Uri Katzenstein,Q20392101,Israel,Tel Aviv,University of Haifa,https://en.wikipedia.org/wiki/Uri_Katzenstein
Sara Levi-Tanai,Q546295,Israel,Jerusalem,Israel,https://en.wikipedia.org/wiki/Sara_Levi-Tanai
Suki Lahav,Q1275103,Israel,Ayelet HaShahar,Israel,https://en.wikipedia.org/wiki/Suki_Lahav
Dotan,Q2789859,Israel,Jerusalem,Kingdom of the Netherlands,https://en.wikipedia.org/wiki/Dotan_(singer)
Yossi Banai,Q2249325,Israel,Jerusalem,Israel,https://en.wikipedia.org/wiki/Yossi_Banai
Shuli Rand,Q2911752,Israel,Bnei Brak,Israel,https://en.wikipedia.org/wiki/Shuli_Rand
Yaakov Shabtai,Q2916906,Israel,Tel Aviv,Israel,https://en.wikipedia.org/wiki/Yaakov_Shabtai
Sarai Givaty,Q2892732,Israel,Tiberias,Israel,https://en.wikipedia.org/wiki/Sarai_Givaty
Samira Saraya,Q30527170,Israel,Haifa,Israel,https://en.wikipedia.org/wiki/Samira_Saraya
Yair Dalal,Q1396147,Israel,Israel,Israel,https://en.wikipedia.org/wiki/Yair_Dalal
Doron Medalie,Q12405768,Israel,Ramat HaSharon,Israel,https://en.wikipedia.org/wiki/Doron_Medalie
Anat Cohen,Q168116,Israel,Tel Aviv,New York City,https://en.wikipedia.org/wiki/Anat_Cohen
Shulamit Ran,Q1889606,Israel,Tel Aviv,United States,https://en.wikipedia.org/wiki/Shulamit_Ran
Ohan Durian,Q2087820,Israel,Jerusalem,Armenia,https://en.wikipedia.org/wiki/Ohan_Durian
Matt Haimovitz,Q2900830,Israel,Bat Yam,Canada,https://en.wikipedia.org/wiki/Matt_Haimovitz
Yaron Herman,Q966881,Israel,Tel Aviv,Paris,https://en.wikipedia.org/wiki/Yaron_Herman
Matti Caspi,Q2910872,Israel,Hanita,Israel,https://en.wikipedia.org/wiki/Matti_Caspi
Pnina Salzman,Q1972935,Israel,Tel Aviv,Tel Aviv University,https://en.wikipedia.org/wiki/Pnina_Salzman
Shai Maestro,Q3481238,Israel,Israel,Israel,https://en.wikipedia.org/wiki/Shai_Maestro
Kobi Arad,Q28465757,Israel,Haifa,Israel,https://en.wikipedia.org/wiki/Kobi_Arad
Efrat Gosh,Q182083,Israel,Herzliya,Israel,https://en.wikipedia.org/wiki/Efrat_Gosh
Dana Ivgy,Q528853,Israel,Tel Aviv,Israel,https://en.wikipedia.org/wiki/Dana_Ivgy
Meital Dohan,Q431393,Israel,Givatayim,Israel,https://en.wikipedia.org/wiki/Meital_Dohan
Bracha Tzfira,Q2909834,Israel,Jerusalem,Israel,https://en.wikipedia.org/wiki/Bracha_Zefira
Michal Yannai,Q6835849,Israel,Ramat Gan,Athens,https://en.wikipedia.org/wiki/Michal_Yannai
Avishai Cohen,Q2898115,Israel,Tel Aviv,Israel,https://en.wikipedia.org/wiki/Avishai_Cohen_(trumpeter)
Aya Korem,Q444841,Israel,Nof HaGalil,Israel,https://en.wikipedia.org/wiki/Aya_Korem
Liel Kolet,Q446072,Israel,Kvutzat Kinneret,Israel,https://en.wikipedia.org/wiki/Liel_Kolet
Etti Ankri,Q467369,Israel,Lod,Israel,https://en.wikipedia.org/wiki/Etti_Ankri
Rivka Golani,Q1993134,Israel,Tel Aviv,Israel,https://en.wikipedia.org/wiki/Rivka_Golani
Moti Giladi,Q1641796,Israel,Haifa,Israel,https://en.wikipedia.org/wiki/Moti_Giladi
Yoni Bloch,Q1986182,Israel,Beersheba,Israel,https://en.wikipedia.org/wiki/Yoni_Bloch
Mosh Ben-Ari,Q2906427,Israel,Afula,Israel,https://en.wikipedia.org/wiki/Mosh_Ben-Ari
Roy Arad,Q2916282,Israel,Beersheba,Israel,https://en.wikipedia.org/wiki/Roy_Arad
Moshe Peretz,Q2902995,Israel,Tiberias,Israel,https://en.wikipedia.org/wiki/Moshe_Peretz
Avihu Medina,Q4828830,Israel,Tel Aviv,Israel,https://en.wikipedia.org/wiki/Avihu_Medina
Kutiman,Q939843,Israel,Jerusalem,Israel,https://en.wikipedia.org/wiki/Kutiman
Yaron London,Q5870601,Israel,Tel Aviv,Tel Aviv,https://en.wikipedia.org/wiki/Yaron_London
Noga Erez,Q40856678,Israel,Tel Aviv,Tel Aviv,https://en.wikipedia.org/wiki/Noga_Erez
Yoram Taharlev,Q16131043,Israel,Yagur,Israel,https://en.wikipedia.org/wiki/Yoram_Taharlev
Omer Avital,Q2023299,Israel,Givatayim,Israel,https://en.wikipedia.org/wiki/Omer_Avital
Omer Meir Wellber,Q2023318,Israel,Beersheba,Israel,https://en.wikipedia.org/wiki/Omer_Meir_Wellber
Yehuda Poliker,Q2911185,Israel,Kiryat Chaim,Israel,https://en.wikipedia.org/wiki/Yehuda_Poliker
Noam Kaniel,Q2897062,Israel,Tel Aviv,Israel,https://en.wikipedia.org/wiki/Noam_Kaniel
Yoav Talmi,Q2918939,Israel,Merhavia,Israel,https://en.wikipedia.org/wiki/Yoav_Talmi
Miriam Toukan,Q6873436,Israel,I'billin,Haifa,https://en.wikipedia.org/wiki/Miriam_Toukan
Tamer Nafar,Q7681149,Israel,Lod,Israel,https://en.wikipedia.org/wiki/Tamer_Nafar
Yigal Bashan,Q16129085,Israel,Nachlat Yehudah,Israel,https://en.wikipedia.org/wiki/Yigal_Bashan
Ilan Volkov,Q1658306,Israel,Tel Aviv,Israel,https://en.wikipedia.org/wiki/Ilan_Volkov
Uri Segal,Q1978130,Israel,Jerusalem,Israel,https://en.wikipedia.org/wiki/Uri_Segal
Asher Fisch,Q2866498,Israel,Jerusalem,Israel,https://en.wikipedia.org/wiki/Asher_Fisch
Riki Gal,Q545772,Israel,Jerusalem,Israel,https://en.wikipedia.org/wiki/Riki_Gal
Haim Moshe,Q1569294,Israel,Ramat HaSharon,Israel,https://en.wikipedia.org/wiki/Haim_Moshe
Yousef Sweid,Q2907443,Israel,Haifa,Berlin,https://en.wikipedia.org/wiki/Yousef_Sweid
Sofi Tsedaka,Q2908527,Israel,Holon,Israel,https://en.wikipedia.org/wiki/Sofi_Tsedaka
Chen Aharoni,Q1825089,Israel,Holon,Israel,https://en.wikipedia.org/wiki/Chen_Aharoni
Liora,Q1827317,Israel,Ashkelon,Israel,https://en.wikipedia.org/wiki/Liora_(singer)
Sarai Tzuriel,Q2224556,Israel,Kfar Yehoshua,Israel,https://en.wikipedia.org/wiki/Sarai_Tzuriel
Zehava Ben,Q2920291,Israel,Beersheba,Israel,https://en.wikipedia.org/wiki/Zehava_Ben
Dudu Fisher,Q2783534,Israel,Petah Tikva,Israel,https://en.wikipedia.org/wiki/Dudu_Fisher
Rivka Michaeli,Q4127724,Israel,Jerusalem,Israel,https://en.wikipedia.org/wiki/Rivka_Michaeli
Dafna Rechter,Q7008318,Israel,Israel,Israel,https://en.wikipedia.org/wiki/Dafna_Rechter
Assaf Gavron,Q7065167,Israel,Arad,Israel,https://en.wikipedia.org/wiki/Assaf_Gavron
Ofer Levy,Q16133125,Israel,Kiryat Ata,Israel,https://en.wikipedia.org/wiki/Ofer_Levi
Shimon Adaf,Q346816,Israel,Sderot,Israel,https://en.wikipedia.org/wiki/Shimon_Adaf
Michal Bat-Adam,Q6988917,Israel,Afula,Haifa,https://en.wikipedia.org/wiki/Michal_Bat-Adam
Pierre Dulaine,Q1387509,Israel,Jaffa,Ireland,https://en.wikipedia.org/wiki/Pierre_Dulaine
Avner Dorman,Q120785,Israel,Tel Aviv,Israel,https://en.wikipedia.org/wiki/Avner_Dorman
Dana Berger,Q433246,Israel,Haifa,Israel,https://en.wikipedia.org/wiki/Dana_Berger
Lior Shambadal,Q382330,Israel,Tel Aviv,Israel,https://en.wikipedia.org/wiki/Lior_Shambadal
Yehudit Ravitz,Q545752,Israel,Beersheba,Israel,https://en.wikipedia.org/wiki/Yehudit_Ravitz
Meir Ariel,Q2910806,Israel,Mishmarot,Israel,https://en.wikipedia.org/wiki/Meir_Ariel
Boaz Sharabi,Q2920270,Israel,Tel Aviv,Israel,https://en.wikipedia.org/wiki/Boaz_Sharabi
Ariel Zilber,Q4790480,Israel,Tel Aviv,Gitit,https://en.wikipedia.org/wiki/Ariel_Zilber
Assaf Amdursky,Q4808345,Israel,Tel Aviv,Israel,https://en.wikipedia.org/wiki/Assaf_Amdursky
Nathan Goshen,Q6583345,Israel,Lod,Israel,https://en.wikipedia.org/wiki/Nathan_Goshen
Dror Feiler,Q1260343,Israel,Tel Aviv,Stockholm,https://en.wikipedia.org/wiki/Dror_Feiler
Ofra Harnoy,Q2627757,Israel,Hadera,Canada,https://en.wikipedia.org/wiki/Ofra_Harnoy
Avi Avital,Q2917858,Israel,Beersheba,Israel,https://en.wikipedia.org/wiki/Avi_Avital
Arie Vardi,Q3622545,Israel,Tel Aviv,Israel,https://en.wikipedia.org/wiki/Arie_Vardi
Eviatar Banai,Q5418308,Israel,Beersheba,Israel,https://en.wikipedia.org/wiki/Eviatar_Banai
Ehud Banai,Q5348678,Israel,Jerusalem,Israel,https://en.wikipedia.org/wiki/Ehud_Banai
Yair Rosenblum,Q8046985,Israel,Tel Aviv,Beit HaShita,https://en.wikipedia.org/wiki/Yair_Rosenblum
Nami Melumad,Q16341114,Israel,Ramat Gan,Israel,https://en.wikipedia.org/wiki/Nami_Melumad
Dan Ettinger,Q1159060,Israel,Holon,Israel,https://en.wikipedia.org/wiki/Dan_Ettinger
Daniel Oren,Q2294327,Israel,Tel Aviv,Israel,https://en.wikipedia.org/wiki/Daniel_Oren
Anat Atzmon,Q487272,Israel,Tel Aviv,Israel,https://en.wikipedia.org/wiki/Anat_Atzmon
Ilana Eliya,Q541734,Israel,Jerusalem,Israel,https://en.wikipedia.org/wiki/Ilana_Eliya
Miri Aloni,Q1708957,Israel,Givatayim,Israel,https://en.wikipedia.org/wiki/Miri_Aloni
Yehonathan Gatro,Q1281090,Israel,Tel Aviv,Israel,https://en.wikipedia.org/wiki/Yeho
Maya Bouskilla,Q2078758,Israel,Netanya,Israel,https://en.wikipedia.org/wiki/Maya_Bouskilla
Hani Furstenberg,Q5648161,Israel,Israel,Israel,https://en.wikipedia.org/wiki/Hani_Furstenberg
Linet,Q6082980,Israel,Tel Aviv,Israel,https://en.wikipedia.org/wiki/Linet
Naomi Polani,Q6964682,Israel,Tel Aviv,Israel,https://en.wikipedia.org/wiki/Naomi_Polani
Tomer Yosef,Q7061145,Israel,Kfar Saba,Israel,https://en.wikipedia.org/wiki/Tomer_Yosef
Zohar Strauss,Q8073451,Israel,Haifa,Israel,https://en.wikipedia.org/wiki/Zohar_Strauss
Daniella Pick,Q32947601,Israel,Ramat HaSharon,Israel,https://en.wikipedia.org/wiki/Daniella_Pick
Motty Steinmets,Q42306376,Israel,Rehovot,Israel,https://en.wikipedia.org/wiki/Motty_Steinmetz
Jonatan Mergui,Q56651641,Israel,Tel Aviv,Israel,https://en.wikipedia.org/wiki/Jonathan_Mergui
Ilana Rovina,Q100627627,Israel,Tel Aviv,Israel,https://en.wikipedia.org/wiki/Ilana_Rovina
Nir Zidkyahu,Q377187,Israel,Rishon LeZion,Israel,https://en.wikipedia.org/wiki/Nir_Z
Rosi Golan,Q509181,Israel,Netanya,United States,https://en.wikipedia.org/wiki/Rosi_Golan
Michael Moshonov,Q6832937,Israel,Tel Aviv,Israel,https://en.wikipedia.org/wiki/Michael_Moshonov
Roni Dalumi,Q2898233,Israel,Beersheba,Omer,https://en.wikipedia.org/wiki/Roni_Daloomi
Eliad Nachum,Q6741400,Israel,Bat Yam,Israel,https://en.wikipedia.org/wiki/Eliad_Nachum
Dudu Aharon,Q5312086,Israel,Kiryat Ekron,Israel,https://en.wikipedia.org/wiki/Dudu_Aharon
Amos Meller,Q1052323,Israel,Ein HaHoresh,Israel,https://en.wikipedia.org/wiki/Amos_Meller
Roni Ben-Hur,Q7365688,Israel,Dimona,Teaneck,https://en.wikipedia.org/wiki/Roni_Ben-Hur
Didi Menussi,Q12405787,Israel,Geva,Israel,https://en.wikipedia.org/wiki/Didi_Menosi
Yossi Green,Q10956727,Israel,Israel,United States,https://en.wikipedia.org/wiki/Yossi_Green
Wissam Joubran,Q1624878,Israel,Nazareth,Israel,https://en.wikipedia.org/wiki/Wissam_Joubran
Avi Benedi,Q23640839,Israel,Israel,Bulgaria,https://en.wikipedia.org/wiki/Avi_Benedi
David Greilsammer,Q519901,Israel,Jerusalem,Jerusalem,https://en.wikipedia.org/wiki/David_Greilsammer
Benjamin Rawitz-Castel,Q792948,Israel,Haifa,Israel,https://en.wikipedia.org/wiki/Benjamin_Rawitz-Castel
Yoni Rechter,Q2910061,Israel,Tel Aviv,Israel,https://en.wikipedia.org/wiki/Yoni_Rechter
Amir Benayoun,Q2920263,Israel,Beersheba,Israel,https://en.wikipedia.org/wiki/Amir_Benayoun
Hofesh Shechter,Q3139052,Israel,Jerusalem,Jerusalem,https://en.wikipedia.org/wiki/Hofesh_Shechter
Aner Shapira,Q123463731,Israel,Jerusalem,Israel,https://en.wikipedia.org/wiki/Killing_of_Aner_Shapira
Dani Litani,Q3701528,Israel,Haifa,Israel,https://en.wikipedia.org/wiki/Dani_Litani
Dov Yermiya,Q5302375,Israel,Beit Gan,Eilon,https://en.wikipedia.org/wiki/Dov_Yermiya
Nitai Hershkovits,Q19667178,Israel,Israel,Israel,https://en.wikipedia.org/wiki/Nitai_Hershkovits
Meytal Cohen,Q1176409,Israel,Ramat Gan,Israel,https://en.wikipedia.org/wiki/Meytal_Cohen
Adam Ben Ezra,Q20738970,Israel,Tel Aviv,Israel,https://en.wikipedia.org/wiki/Adam_Ben_Ezra
Eden Hason,Q57261031,Israel,Pardes Hanna-Karkur,Israel,https://en.wikipedia.org/wiki/Eden_Hason
David Shallon,Q1176612,Israel,Tel Aviv,Düsseldorf,https://en.wikipedia.org/wiki/David_Shallon
Avi Ostrowsky,Q2897240,Israel,Givatayim,Israel,https://en.wikipedia.org/wiki/Avi_Ostrowsky
Roni Duani,Q528717,Israel,Rishon LeZion,Israel,https://en.wikipedia.org/wiki/Roni_Duani
Aderet,Q503797,Israel,Jerusalem,Israel,https://en.wikipedia.org/wiki/Aderet_(singer)
Sigal Shachmon,Q2284648,Israel,Petah Tikva,Kfar Shmaryahu,https://en.wikipedia.org/wiki/Sigal_Shachmon
Asher Mizrahi,Q2823014,Israel,Jerusalem,French protectorate of Tunisia,https://en.wikipedia.org/wiki/Asher_Mizrahi
Yaakov Shwekey,Q2747854,Israel,Jerusalem,United States,https://en.wikipedia.org/wiki/Yaakov_Shwekey
Gad Elbaz,Q2910504,Israel,Rehovot,United States,https://en.wikipedia.org/wiki/Gad_Elbaz
Victoria Hanna,Q6978632,Israel,Jerusalem,Israel,https://en.wikipedia.org/wiki/Victoria_Hanna
Shlomit Aharon,Q7049894,Israel,Tel Aviv,Israel,https://en.wikipedia.org/wiki/Shlomit_Aharon
Sara Sharon,Q6775105,Israel,Ashdot Ya'akov Ihud,Israel,https://en.wikipedia.org/wiki/Sara_Sharon
Sivan Levy,Q7532377,Israel,Ramat HaSharon,Israel,https://en.wikipedia.org/wiki/Sivan_Levy
Yisrael Poliakov,Q8053866,Israel,Jerusalem,Israel,https://en.wikipedia.org/wiki/Yisrael_Poliakov
Amir Frischer Gutman,Q12404038,Israel,Kiryat Chaim,Israel,https://en.wikipedia.org/wiki/Amir_Fryszer_Guttman
Noam Jacobson,Q12409918,Israel,Petah Tikva,Israel,https://en.wikipedia.org/wiki/Noam_Jacobson
Tzachi HaLevy,Q17523670,Israel,Petah Tikva,Israel,https://en.wikipedia.org/wiki/Tzachi_Halevy
Kobi Farhi,Q25930476,Israel,Jaffa,Israel,https://en.wikipedia.org/wiki/Kobi_Farhi
Neta Elkayam,Q63406660,Israel,Netivot,Israel,https://en.wikipedia.org/wiki/Neta_Elkayam
Wasif Jawhariyyeh,Q5880798,Israel,Jerusalem,Ottoman Empire,https://en.wikipedia.org/wiki/Wasif_Jawhariyyeh
Guy Braunstein,Q549660,Israel,Tel Aviv,Israel,https://en.wikipedia.org/wiki/Guy_Braunstein
Hagai Shaham,Q5638516,Israel,Israel,Tel Aviv University,https://en.wikipedia.org/wiki/Hagai_Shaham
Misha Segal,Q290230,Israel,Haifa,Israel,https://en.wikipedia.org/wiki/Misha_Segal
Mooki,Q2908623,Israel,Rishon LeZion,Israel,https://en.wikipedia.org/wiki/Mooki_(singer)
Lior Navok,Q372577,Israel,Tel Aviv,Israel,https://en.wikipedia.org/wiki/Lior_Navok
Betty Olivero,Q440916,Israel,Tel Aviv,Bar-Ilan University,https://en.wikipedia.org/wiki/Betty_Olivero
Yardena Alotin,Q546239,Israel,Tel Aviv,Israel,https://en.wikipedia.org/wiki/Yardena_Alotin
Ruth Dolores Weiss,Q7382951,Israel,Ashkelon,Israel,https://en.wikipedia.org/wiki/Ruth_Dolores_Weiss
Avner Strauss,Q4829079,Israel,Israel,Tel Aviv,https://en.wikipedia.org/wiki/Avner_Strauss
Daniel Salomon,Q5218676,Israel,Haifa,Israel,https://en.wikipedia.org/wiki/Daniel_Salomon_(musician)
Danny Sanderson,Q5220799,Israel,Kfar Blum,Israel,https://en.wikipedia.org/wiki/Danny_Sanderson
Yosi Piamenta,Q20640880,Israel,Jerusalem,Israel,https://en.wikipedia.org/wiki/Yosi_Piamenta
Moshe Klughaft,Q7025758,Israel,Bat Yam,Giv'at Shmuel,https://en.wikipedia.org/wiki/Moshe_Klughaft
Rachel Shapira,Q6978461,Israel,Shefayim,Israel,https://en.wikipedia.org/wiki/Rachel_Shapira
Oz Noy,Q24642315,Israel,Israel,New York City,https://en.wikipedia.org/wiki/Oz_Noy
Yaakov Rotblit,Q16131900,Israel,Haifa,Israel,https://en.wikipedia.org/wiki/Yaakov_Rotblit
Gavriel Lipkind,Q949580,Israel,Tel Aviv,Israel,https://en.wikipedia.org/wiki/Gavriel_Lipkind
Amir Katz,Q472047,Israel,Ramat Gan,Israel,https://en.wikipedia.org/wiki/Amir_Katz
Avi Belleli,Q2904129,Israel,Givatayim,Israel,https://en.wikipedia.org/wiki/Avi_Belleli
Nechama Hendel,Q2906902,Israel,Jerusalem,Israel,https://en.wikipedia.org/wiki/Nechama_Hendel
Gil Aldema,Q2911448,Israel,Givatayim,Israel,https://en.wikipedia.org/wiki/Gil_Aldema
Omer Fedi,Q100717799,Israel,Tel Aviv,Israel,https://en.wikipedia.org/wiki/Omer_Fedi
Shmulik Kraus,Q4278999,Israel,Jerusalem,Israel,https://en.wikipedia.org/wiki/Shmulik_Kraus
Maya Dunietz,Q6796684,Israel,Tel Aviv,Israel,https://en.wikipedia.org/wiki/Maya_Dunietz
Ami Maayani,Q4746088,Israel,Jaffa,Israel,https://en.wikipedia.org/wiki/Ami_Maayani
Karin Shifrin,Q4524599,Israel,Jerusalem,Israel,https://en.wikipedia.org/wiki/Karin_Shifrin
Gilad Hochman,Q5560688,Israel,Herzliya,Israel,https://en.wikipedia.org/wiki/Gilad_Hochman
Johnny Goldstein,Q6266767,Israel,Motza Illit,Israel,https://en.wikipedia.org/wiki/Johnny_Goldstein
Elam Rotem,Q52714759,Israel,Sdot Yam,Israel,https://en.wikipedia.org/wiki/Elam_Rotem
Peter Roth,Q12410565,Israel,Bat Yam,Israel,https://en.wikipedia.org/wiki/Peter_Roth_(musician)
Shirley Brill,Q2279383,Israel,Israel,Israel,https://en.wikipedia.org/wiki/Shirley_Brill
Noy Alooshe,Q2918387,Israel,Israel,Israel,https://en.wikipedia.org/wiki/Noy_Alooshe
Orly Silbersatz,Q528701,Israel,Israel,Tel Aviv,https://en.wikipedia.org/wiki/Orly_Silbersatz_Banai
Shay Gabso,Q536600,Israel,Rishon LeZion,Israel,https://en.wikipedia.org/wiki/Shay_Gabso
Shimi Tavori,Q2893357,Israel,Ness Ziona,Israel,https://en.wikipedia.org/wiki/Shimi_Tavori
Hagit Yaso,Q2894620,Israel,Sderot,Israel,https://en.wikipedia.org/wiki/Hagit_Yaso
Q2904031,Q2904031,Israel,Tel Aviv,Israel,https://en.wikipedia.org/wiki/Orly_Weinerman
Hanan Goldblatt,Q5646901,Israel,Tel Aviv,Israel,https://en.wikipedia.org/wiki/Hanan_Goldblatt
David Refael ben Ami,Q6831484,Israel,Nahalal,Israel,https://en.wikipedia.org/wiki/David_Refael_ben-Ami
Michal Amdursky,Q6835706,Israel,Tel Aviv,Israel,https://en.wikipedia.org/wiki/Michal_Amdursky
Ami Mandelman,Q6971687,Israel,Haifa,Israel,https://en.wikipedia.org/wiki/Ami_Mandelman
Nitza Shaul,Q7041627,Israel,Tel Aviv,Israel,https://en.wikipedia.org/wiki/Nitza_Saul
Nurit Galron,Q7070133,Israel,Herzliya,Israel,https://en.wikipedia.org/wiki/Nurit_Galron
Tzipi Shavit,Q7861973,Israel,Haifa,Tel Aviv,https://en.wikipedia.org/wiki/Tzipi_Shavit
Zion Golan,Q8072524,Israel,Ashkelon,Israel,https://en.wikipedia.org/wiki/Zion_Golan
Yehuda Green,Q18326044,Israel,Jerusalem,Israel,https://en.wikipedia.org/wiki/Yehuda_Green
Stéphane Legar,Q47402082,Israel,Bat Yam,Israel,https://en.wikipedia.org/wiki/St%C3%A9phane_Legar
Nunu,Q111792269,Israel,Tel Aviv,Israel,https://en.wikipedia.org/wiki/Nunu_(singer)
Shmuel Ashkenasi,Q321539,Israel,Tel Aviv,Israel,https://en.wikipedia.org/wiki/Shmuel_Ashkenasi
Emanuel Gat,Q549227,Israel,Hadera,Israel,https://en.wikipedia.org/wiki/Emanuel_Gat
Ido Mosseri,Q1543563,Israel,Tel Aviv,Israel,https://en.wikipedia.org/wiki/Ido_Mosseri
Tal Friedman,Q7678703,Israel,Kiryat Ata,Israel,https://en.wikipedia.org/wiki/Tal_Friedman
Zohar Fresco,Q5319632,Israel,Israel,Israel,https://en.wikipedia.org/wiki/Zohar_Fresco
Eli Mohar,Q367913,Israel,Tel Aviv,Israel,https://en.wikipedia.org/wiki/Eli_Mohar
Jonathan Bar Giora,Q264791,Israel,Jerusalem,Israel,https://en.wikipedia.org/wiki/Jonathan_Bar_Giora
Uri Adelman,Q346842,Israel,Ramat Gan,Israel,https://en.wikipedia.org/wiki/Uri_Adelman
Amnon Weinstein,Q54860850,Israel,Tel Aviv,Israel,https://en.wikipedia.org/wiki/Amnon_Weinstein
Maya Simantov,Q1657536,Israel,Bat Yam,Israel,https://en.wikipedia.org/wiki/Maya_Simantov
Idan Yaniv,Q2905481,Israel,Tel Aviv,Israel,https://en.wikipedia.org/wiki/Idan_Yaniv
Rami Fortis,Q2910590,Israel,Tel Aviv,Israel,https://en.wikipedia.org/wiki/Rami_Fortis
Shy Nobleman,Q2280469,Israel,Ramat Gan,Israel,https://en.wikipedia.org/wiki/Shy_Nobleman
Akiva Nof,Q2911436,Israel,Tel Aviv,Jerusalem,https://en.wikipedia.org/wiki/Akiva_Nof
Ori Comay,Q60529885,Israel,Tel Aviv,Israel,https://en.wikipedia.org/wiki/Dudu_Faruk
Karolina,Q6373161,Israel,Jaffa,Israel,https://en.wikipedia.org/wiki/Karolina_(singer)
Guy Gerber,Q1557483,Israel,Tel Aviv,Israel,https://en.wikipedia.org/wiki/Guy_Gerber
Dan Almagor,Q5213074,Israel,Ramat Gan,Israel,https://en.wikipedia.org/wiki/Dan_Almagor
Danny Robas,Q5220776,Israel,Shoval,Israel,https://en.wikipedia.org/wiki/Danny_Robas
Rivka Zohar,Q7338960,Israel,Acre,Israel,https://en.wikipedia.org/wiki/Rivka_Zohar
Shlomo Gronich,Q7499585,Israel,Hadera,Israel,https://en.wikipedia.org/wiki/Shlomo_Gronich
Pe'er Tasi,Q16129473,Israel,Pardes Hanna-Karkur,Israel,https://en.wikipedia.org/wiki/Pe%27er_Tasi
Yinon Yahel,Q5403095,Israel,Israel,Israel,https://en.wikipedia.org/wiki/Yinon_Yahel
Gideon Koren,Q5559617,Israel,Tel Aviv,Canada,https://en.wikipedia.org/wiki/Gideon_Koren
Kenny Young,Q6391263,Israel,Jerusalem,United States,https://en.wikipedia.org/wiki/Kenny_Young
Avraham Tal,Q7183341,Israel,Nir Moshe,Israel,https://en.wikipedia.org/wiki/Avraham_Tal
Elio Martusciello,Q1329570,Israel,Israel,Italy,https://en.wikipedia.org/wiki/Elio_Martusciello
Barak Cohen,Q46829910,Israel,Jerusalem,Israel,https://en.wikipedia.org/wiki/Barak_Cohen
Yair Nitzani,Q8046983,Israel,Beersheba,Israel,https://en.wikipedia.org/wiki/Yair_Nitzani
Dor Daniel,Q12405762,Israel,Hod HaSharon,Israel,https://en.wikipedia.org/wiki/Dor_Daniel
Dudu Tassa,Q12405747,Israel,Tel Aviv,Israel,https://en.wikipedia.org/wiki/Dudu_Tassa
Smadar Shir,Q12410103,Israel,Tel Aviv,Israel,https://en.wikipedia.org/wiki/Smadar_Shir
Sivan Arbel,Q100605067,Israel,Jerusalem,Israel,https://en.wikipedia.org/wiki/Sivan_Arbel
Odeya,Q105735087,Israel,Bat Yam,Israel,https://en.wikipedia.org/wiki/Odeya
Matt Schwartz,Q17277187,Israel,Haifa,Israel,https://en.wikipedia.org/wiki/Matt_Schwartz
Eli Gorenstein,Q12403917,Israel,Tel Aviv,Israel,https://en.wikipedia.org/wiki/Eli_Gorenstein
Simon Shaheen,Q2287816,Israel,Ma'alot-Tarshiha,Occupied Palestinian territories,https://en.wikipedia.org/wiki/Simon_Shaheen
Amit Peled,Q4746865,Israel,Yizre'el,Israel,https://en.wikipedia.org/wiki/Amit_Peled
Elisha Abas,Q658399,Israel,Jerusalem,Israel,https://en.wikipedia.org/wiki/Elisha_Abas
Izhar Ashdot,Q2910769,Israel,Jerusalem,Israel,https://en.wikipedia.org/wiki/Izhar_Ashdot
Jonathan Gee,Q1424809,Israel,Tel Aviv,United Kingdom,https://en.wikipedia.org/wiki/Jonathan_Gee
Kfir Tzafir,Q123593996,Israel,Petah Tikva,Israel,https://en.wikipedia.org/wiki/Kfir_Tsafrir
Shai Wosner,Q2276463,Israel,Israel,Israel,https://en.wikipedia.org/wiki/Shai_Wosner
Koby Israelite,Q3198150,Israel,Tel Aviv,Israel,https://en.wikipedia.org/wiki/Koby_Israelite
Marvin Goldstein,Q3296070,Israel,Tel Aviv,United States,https://en.wikipedia.org/wiki/Marvin_Goldstein
Itay Talgam,Q6094174,Israel,Tel Aviv,Israel,https://en.wikipedia.org/wiki/Itay_Talgam
Ammiel Bushakevitz,Q4747241,Israel,Jerusalem,Israel,https://en.wikipedia.org/wiki/Ammiel_Bushakevitz
Gil Shohat,Q5560612,Israel,Tel Aviv,Jaffa,https://en.wikipedia.org/wiki/Gil_Shohat
Joseph Kalichstein,Q6284503,Israel,Tel Aviv,United States,https://en.wikipedia.org/wiki/Joseph_Kalichstein
Alon De Loco,Q4734336,Israel,Beersheba,Israel,https://en.wikipedia.org/wiki/Alon_De_Loco
Natan Brand,Q6968385,Israel,Jerusalem,United States,https://en.wikipedia.org/wiki/Natan_Brand
Orit Wolf,Q7102872,Israel,Tel Aviv,Tel Aviv,https://en.wikipedia.org/wiki/Orit_Wolf
Orli Shaham,Q7103289,Israel,Jerusalem,United States,https://en.wikipedia.org/wiki/Orli_Shaham
Tamar Halperin,Q18028352,Israel,Tel Aviv,Germany,https://en.wikipedia.org/wiki/Tamar_Halperin
Ella Milch-Sheriff,Q5364545,Israel,Haifa,Israel,https://en.wikipedia.org/wiki/Ella_Milch-Sheriff
Eitan Steinberg,Q16131688,Israel,Jerusalem,University of Haifa,https://en.wikipedia.org/wiki/Eitan_Steinberg
Mira Zakai,Q12409145,Israel,Jerusalem,Israel,https://en.wikipedia.org/wiki/Mira_Zakai
Gil Dor,Q5560497,Israel,Holon,Israel,https://en.wikipedia.org/wiki/Gil_Dor
Tsippi Fleischer,Q7849763,Israel,Haifa,Israel,https://en.wikipedia.org/wiki/Tsippi_Fleischer
Matan Porat,Q6625021,Israel,Tel Aviv,Israel,https://en.wikipedia.org/wiki/Matan_Porat
Yuval Dor,Q6793241,Israel,Holon,Israel,https://en.wikipedia.org/wiki/Yuval_Dor
Maayan Licht,Q135006479,Israel,Israel,Israel,https://en.wikipedia.org/wiki/Maayan_Licht
Adi Ulmansky,Q15042111,Israel,Jerusalem,Israel,https://en.wikipedia.org/wiki/Adi_Ulmansky
Frank Ilfman,Q17198144,Israel,Tel Aviv,Israel,https://en.wikipedia.org/wiki/Frank_Ilfman
Ziv Cojocaru,Q25498486,Israel,Beersheba,Israel,https://en.wikipedia.org/wiki/Ziv_Cojocaru
Baruch Berliner,Q28799286,Israel,Tel Aviv,Tel Aviv University,https://en.wikipedia.org/wiki/Baruch_Berliner
Ori Kaplan,Q437090,Israel,Tel Aviv,Israel,https://en.wikipedia.org/wiki/Ori_Kaplan
Nir Knaan,Q115051877,Israel,Ness Ziona,Israel,https://en.wikipedia.org/wiki/Nir_Knaan
Oforia,Q1402447,Israel,Tel Aviv,Israel,https://en.wikipedia.org/wiki/Oforia
Yoav Kutner,Q8054206,Israel,Jerusalem,Israel,https://en.wikipedia.org/wiki/Yoav_Kutner
Daniel Cohen,Q5216826,Israel,Netanya,Israel,https://en.wikipedia.org/wiki/Daniel_Cohen_(conductor)
Yuval Zaliouk,Q8062160,Israel,Haifa,Israel,https://en.wikipedia.org/wiki/Yuval_Zaliouk
Elisa Gabbai,Q545790,Israel,Tel Aviv,Israel,https://en.wikipedia.org/wiki/Elisa_Gabbai
Seffy Efrati,Q2892754,Israel,Jerusalem,Israel,https://en.wikipedia.org/wiki/Seffy_Efrati
Rona Kenan,Q2910959,Israel,Jaffa,Israel,https://en.wikipedia.org/wiki/Rona_Kenan
Daklon,Q5209968,Israel,Tel Aviv,Tel Aviv,https://en.wikipedia.org/wiki/Daklon
Dalia Friedland,Q5210907,Israel,Tel Aviv,Israel,https://en.wikipedia.org/wiki/Dalia_Friedland
Gidi Gov,Q5278573,Israel,Rehovot,Israel,https://en.wikipedia.org/wiki/Gidi_Gov
Maya Shoef,Q6620614,Israel,Tel Aviv,Israel,https://en.wikipedia.org/wiki/Maya_Shoef
Lior,Q6556008,Israel,Rishon LeZion,Australia,https://en.wikipedia.org/wiki/Lior
Efrat Rayten,Q6864478,Israel,Haifa,Tel Aviv,https://en.wikipedia.org/wiki/Efrat_Rayten
Guy Zu-aretz,Q7036189,Israel,Tel Aviv,Israel,https://en.wikipedia.org/wiki/Guy_Zu-Aretz
Avraham Abutbul,Q7048227,Israel,Kiryat Ata,Israel,https://en.wikipedia.org/wiki/Avraham_Abutbul
Orna Datz,Q7055807,Israel,Holon,Israel,https://en.wikipedia.org/wiki/Orna_Datz
Oshik Levi,Q7106608,Israel,Israel,Israel,https://en.wikipedia.org/wiki/Oshik_Levi
Toni Qattan,Q9088382,Israel,Jerusalem,Jordan,https://en.wikipedia.org/wiki/Toni_Qattan
Rama Messinger,Q12411386,Israel,Ramat Ef'al,Israel,https://en.wikipedia.org/wiki/Rama_Messinger
Tirtza Atar,Q11318984,Israel,Tel Aviv,Israel,https://en.wikipedia.org/wiki/Tirtza_Atar
Talia Shapira,Q16637644,Israel,Ramat Gan,Israel,https://en.wikipedia.org/wiki/Talia_Shapira
Dedi Graucher,Q18388256,Israel,Israel,Israel,https://en.wikipedia.org/wiki/Dedi_Graucher
Israel Eliraz,Q9345571,Israel,Jerusalem,Israel,https://en.wikipedia.org/wiki/Israel_Eliraz
Gil Alon,Q18042123,Israel,Ramat Gan,Israel,https://en.wikipedia.org/wiki/Gil_Alon
Itzik Kala,Q20677096,Israel,Jerusalem,Israel,https://en.wikipedia.org/wiki/Itzik_Kala
Chana Eden,Q24285967,Israel,Haifa,United States,https://en.wikipedia.org/wiki/Chana_Eden
Ben El Tavori,Q26265599,Israel,Israel,France,https://en.wikipedia.org/wiki/Ben_El_Tavori
Aviva Semadar,Q33112525,Israel,Tel Aviv,Israel,https://en.wikipedia.org/wiki/Aviva_Semadar
Ella-Lee Lahav,Q96180163,Israel,Shoham,Israel,https://en.wikipedia.org/wiki/Ella-Lee_Lahav
Tamir Muskat,Q7681471,Israel,Israel,Israel,https://en.wikipedia.org/wiki/Tamir_Muskat
Tomer Biran,Q99645315,Israel,Ofakim,Amsterdam,https://en.wikipedia.org/wiki/Tomer_Biran
Joshua Epstein,Q1708559,Israel,Tel Aviv,Israel,https://en.wikipedia.org/wiki/Joshua_Epstein_(violinist)
Nir Yaniv,Q7039838,Israel,Jerusalem,Israel,https://en.wikipedia.org/wiki/Nir_Yaniv
Agam Berger,Q129085924,Israel,Holon,Israel,https://en.wikipedia.org/wiki/Kidnapping_of_Agam_Berger
Noa Eshkol,Q3342495,Israel,Safed,Israel,https://en.wikipedia.org/wiki/Noa_Eshkol
Amnon Wolman,Q473772,Israel,Jerusalem,United States,https://en.wikipedia.org/wiki/Amnon_Wolman
Ron Nesher,Q40839113,Israel,Tel Aviv,Israel,https://en.wikipedia.org/wiki/Ron_Nesher
Gilad Segev,Q5560699,Israel,Ramat Gan,Israel,https://en.wikipedia.org/wiki/Gilad_Segev
Sun Tailor,Q7638539,Israel,Kfar Saba,Israel,https://en.wikipedia.org/wiki/Sun_Tailor
Yuval Banai,Q8062147,Israel,Tel Aviv,Israel,https://en.wikipedia.org/wiki/Yuval_Banai
Rotem Or,Q27926926,Israel,Tel Aviv,Israel,https://en.wikipedia.org/wiki/Totemo
Sagiv Cohen,Q6915489,Israel,Pardes Hanna-Karkur,Israel,https://en.wikipedia.org/wiki/Sagiv_Cohen_(musician)
Amos Ettinger,Q6923320,Israel,Tel Aviv,Israel,https://en.wikipedia.org/wiki/Amos_Ettinger
Eres Holz,Q1350029,Israel,Rehovot,Israel,https://en.wikipedia.org/wiki/Eres_Holz
Eytan Pessen,Q16194257,Israel,Haifa,Israel,https://en.wikipedia.org/wiki/Eytan_Pessen
Akiva Turgeman,Q29512717,Israel,Dimona,Israel,https://en.wikipedia.org/wiki/Akiva_(singer)
Shlomi Bracha,Q7499559,Israel,Tel Aviv,Israel,https://en.wikipedia.org/wiki/Shlomi_Bracha
Gilad Hekselman,Q15452182,Israel,Kfar Saba,Israel,https://en.wikipedia.org/wiki/Gilad_Hekselman
Josh Macrae,Q1585533,Israel,Tel Aviv,United Kingdom,https://en.wikipedia.org/wiki/Josh_Macrae
Uriel Ofek,Q7900594,Israel,Tel Aviv,Israel,https://en.wikipedia.org/wiki/Uriel_Ofek
Ahuva Ozeri,Q12403471,Israel,Tel Aviv,Israel,https://en.wikipedia.org/wiki/Ahuva_Ozeri
Yitzhak Klepter,Q12408281,Israel,Haifa,Israel,https://en.wikipedia.org/wiki/Yitzhak_Klepter
Yosef Karduner,Q12408031,Israel,Petah Tikva,Israel,https://en.wikipedia.org/wiki/Yosef_Karduner
Yuval Dayan,Q12407897,Israel,Ashdod,Israel,https://en.wikipedia.org/wiki/Yuval_Dayan
Dalia Faitelson,Q50285670,Israel,Negev,Copenhagen,https://en.wikipedia.org/wiki/Dalia_Faitelson
Shem Tov Levi,Q12411789,Israel,Rehovot,Israel,https://en.wikipedia.org/wiki/Shem_Tov_Levi
Emanuel Vardi,Q2008845,Israel,Jerusalem,Ottoman Empire,https://en.wikipedia.org/wiki/Emanuel_Vardi
Maya Beiser,Q4081184,Israel,Gazit,United States,https://en.wikipedia.org/wiki/Maya_Beiser
Tamar Eisenman,Q21642444,Israel,Jerusalem,Israel,https://en.wikipedia.org/wiki/Tamar_Eisenman
Yuval Ron,Q2602114,Israel,Israel,Israel,https://en.wikipedia.org/wiki/Yuval_Ron
Ehud Asherie,Q1262385,Israel,Israel,United States,https://en.wikipedia.org/wiki/Ehud_Asherie
Talia Ishai,Q59622125,Israel,Jerusalem,Israel,https://en.wikipedia.org/wiki/Talia_Ishai
Eyran Katsenelenbogen,Q1385858,Israel,Israel,United States,https://en.wikipedia.org/wiki/Eyran_Katsenelenbogen
Sasson Ifram Shaulov,Q122926523,Israel,Beit Shemesh,Israel,https://en.wikipedia.org/wiki/Sasson_Ifram_Shaulov
Oded Zehavi,Q6785011,Israel,Jerusalem,University of Haifa,https://en.wikipedia.org/wiki/Oded_Zehavi
Daniel Gortler,Q5217318,Israel,Tel Aviv,Israel,https://en.wikipedia.org/wiki/Daniel_Gortler
Rami Bar-Niv,Q7289519,Israel,Tel Aviv,Israel,https://en.wikipedia.org/wiki/Rami_Bar-Niv
Rinat Shaham,Q2346947,Israel,Haifa,Israel,https://en.wikipedia.org/wiki/Rinat_Shaham
Adi Ran,Q4682616,Israel,Ramat Gan,Israel,https://en.wikipedia.org/wiki/Adi_Ran
Assaf Kehati,Q4808346,Israel,Israel,Israel,https://en.wikipedia.org/wiki/Assaf_Kehati
Yoheved Kaplinsky,Q8054492,Israel,Tel Aviv,United States,https://en.wikipedia.org/wiki/Yoheved_Kaplinsky
Ayal Adler,Q4830863,Israel,Jerusalem,Israel,https://en.wikipedia.org/wiki/Ayal_Adler
Chen Reiss,Q5090877,Israel,Holon,Greater London,https://en.wikipedia.org/wiki/Chen_Reiss
Daniella Lugassy,Q6803369,Israel,Jerusalem,Israel,https://en.wikipedia.org/wiki/Daniella_Lugassy
Yaniv D'Or,Q16131484,Israel,Holon,Israel,https://en.wikipedia.org/wiki/Yaniv_d%27Or
Shira Shaked,Q29144331,Israel,Israel,Tel Aviv,https://en.wikipedia.org/wiki/Shira_Shaked
Habib Hassan Touma,Q5636776,Israel,Nazareth,Israel,https://en.wikipedia.org/wiki/Habib_Hassan_Touma
Haim Tukachinsky,Q60693773,Israel,Haifa,Israel,https://en.wikipedia.org/wiki/Haim_Tukachinsky
Lior Goldenberg,Q6556020,Israel,Tel Aviv,Israel,https://en.wikipedia.org/wiki/Lior_Goldenberg
Ariel Lanyi,Q97218101,Israel,Jerusalem,Israel,https://en.wikipedia.org/wiki/Ariel_Lanyi
Moshe Zorman,Q6916195,Israel,Holon,Tel Aviv,https://en.wikipedia.org/wiki/Moshe_Zorman
Miki Geva,Q7049167,Israel,Kiryat Malachi,Israel,https://en.wikipedia.org/wiki/Miki_Geva
Ofer Ben-Amots,Q7078859,Israel,Haifa,United States,https://en.wikipedia.org/wiki/Ofer_Ben-Amots
Roy Zu-Arets,Q7373543,Israel,Tel Aviv,Tel Aviv,https://en.wikipedia.org/wiki/Roy_Zu-Arets
Shefi Yishai,Q7492813,Israel,Jerusalem,Israel,https://en.wikipedia.org/wiki/Shefi_Yishai
Shmuel Barzilai,Q7499636,Israel,Jerusalem,Austria,https://en.wikipedia.org/wiki/Shmuel_Barzilai
Udi Davidi,Q7877219,Israel,Tel Aviv,Israel,https://en.wikipedia.org/wiki/Udi_Davidi
Uri Fineman,Q7900521,Israel,Tel Aviv,Israel,https://en.wikipedia.org/wiki/Uri_Fineman
J.Views,Q12403224,Israel,Israel,United States,https://en.wikipedia.org/wiki/J.Views
Nuḥ Ibrāhīm,Q12249116,Israel,Jaffa,Mandatory Palestine,https://en.wikipedia.org/wiki/Nuh_Ibrahim
Yossi Reshef,Q133289106,Israel,Jaffa,Germany,https://en.wikipedia.org/wiki/Yossi_Reshef
Yoav Eshed,Q22347715,Israel,Israel,Israel,https://en.wikipedia.org/wiki/Yoav_Eshed
Adam Basanta,Q25686122,Israel,Tel Aviv,Israel,https://en.wikipedia.org/wiki/Adam_Basanta
Shaul Bustan,Q25927218,Israel,Beersheba,Israel,https://en.wikipedia.org/wiki/Shaul_Bustan
Issak Tavior,Q28649280,Israel,Haifa,Israel,https://en.wikipedia.org/wiki/Issak_Tavior
Yonatan Gat,Q19957859,Israel,Tel Aviv,United States,https://en.wikipedia.org/wiki/Yonatan_Gat
Yam Refaeli,Q94580212,Israel,Beersheba,Israel,https://en.wikipedia.org/wiki/Yam_Refaeli
Yitzchak Meir Helfgot,Q7213181,Israel,Tel Aviv,Israel,https://en.wikipedia.org/wiki/Yitzchak_Meir_Helfgot
Assif Tsahar,Q2655560,Israel,Israel,Israel,https://en.wikipedia.org/wiki/Assif_Tsahar
Daniel Zamir,Q5219145,Israel,Petah Tikva,Israel,https://en.wikipedia.org/wiki/Daniel_Zamir
Eli Degibri,Q5360204,Israel,Jaffa,Israel,https://en.wikipedia.org/wiki/Eli_Degibri
Alon Sariel,Q57240257,Israel,Beersheba,Beersheba,https://en.wikipedia.org/wiki/Alon_Sariel
The Drill,Q7731028,Israel,Haifa,United Kingdom,https://en.wikipedia.org/wiki/The_Drill_(band)
Amiram Cooper,Q128286230,Israel,Haifa,Israel,https://en.wikipedia.org/wiki/Amiram_Cooper
Yoni Eilat,Q2895503,Israel,Kiryat Tiv'on,Israel,https://en.wikipedia.org/wiki/Yoni_Eilat
Israel Bar-On,Q2903937,Israel,Beersheba,Israel,https://en.wikipedia.org/wiki/Israel_Bar-On
Kobi Peretz,Q2907799,Israel,Tel Aviv,Israel,https://en.wikipedia.org/wiki/Kobi_Peretz
Hanny Nahmias,Q5649299,Israel,Tel Aviv,Israel,https://en.wikipedia.org/wiki/Hanny_Nahmias
Gavri Banai,Q6813198,Israel,Jerusalem,Israel,https://en.wikipedia.org/wiki/Gavri_Banai
John of Damascus,Q51884,Syria,Damascus,Umayyad Caliphate,https://en.wikipedia.org/wiki/John_of_Damascus
Khaled,Q312609,Syria,,France,https://en.wikipedia.org/wiki/Khaled_(musician)
Romanos the Melodist,Q221059,Syria,Homs,Byzantine Empire,https://en.wikipedia.org/wiki/Romanos_the_Melodist
Rachid Taha,Q502990,Syria,,Algeria,https://en.wikipedia.org/wiki/Rachid_Taha
Farid al-Atrash,Q1391669,Syria,Suwayda,Egypt,https://en.wikipedia.org/wiki/Farid_al-Atrash
Asmahan,Q1766092,Syria,Syria,Kingdom of Egypt,https://en.wikipedia.org/wiki/Asmahan
Sabah Fakhri,Q984486,Syria,,Second Syrian Republic,https://en.wikipedia.org/wiki/Sabah_Fakhri
Andrew of Crete,Q372688,Syria,,Byzantine Empire,https://en.wikipedia.org/wiki/Andrew_of_Crete
Assala,Q2353139,Syria,,Riyadh,https://en.wikipedia.org/wiki/Assala
George Wassouf,Q1009512,Syria,Tartus Governorate,Syria,https://en.wikipedia.org/wiki/George_Wassouf
Omar Souleyman,Q619303,Syria,Ras al-Ayn,Syria,https://en.wikipedia.org/wiki/Omar_Souleyman
Cheba Zahouania,Q444179,Syria,,Algeria,https://en.wikipedia.org/wiki/Cheba_Zahouania
Cheb Hasni,Q983496,Syria,,Algeria,https://en.wikipedia.org/wiki/Cheb_Hasni
Ibn al-Jazari,Q4120093,Syria,,,https://en.wikipedia.org/wiki/Ibn_al-Jazari
Aram Tigran,Q625702,Syria,Qamishli,Syria,https://en.wikipedia.org/wiki/Aram_Tigran
Samira Tawfiq,Q1827274,Syria,"Umm Haratayn, al-Suwayda",Lebanon,https://en.wikipedia.org/wiki/Samira_Tewfik
Faia Younan,Q28531431,Syria,Al-Malikiyah,Sweden,https://en.wikipedia.org/wiki/Faia_Younan
Lena Chamamyan,Q2583955,Syria,,Paris,https://en.wikipedia.org/wiki/Lena_Chamamyan
Ahmed Mekky,Q4164801,Syria,,Egypt,https://en.wikipedia.org/wiki/Ahmed_Mekky
Mayada El Hennawy,Q6875539,Syria,,Syria,https://en.wikipedia.org/wiki/Mayada_El_Hennawy
Étienne Daho,Q289556,Syria,,Q136736500,https://en.wikipedia.org/wiki/%C3%89tienne_Daho
Berthe Bénichou-Aboulker,Q18191462,Syria,,France,https://en.wikipedia.org/wiki/Berthe_B%C3%A9nichou-Aboulker
Badia Masabni,Q8239618,Syria,,Lebanon,https://en.wikipedia.org/wiki/Badia_Masabni
Ciwan Haco,Q983118,Syria,Qamishli,Syria,https://en.wikipedia.org/wiki/Ciwan_Haco
Avraam Russo,Q782986,Syria,,Russia,https://en.wikipedia.org/wiki/Avraam_Russo
Guy Mardel,Q541136,Syria,,Jerusalem,https://en.wikipedia.org/wiki/Guy_Mardel
Chaba Fadela,Q544096,Syria,,Algeria,https://en.wikipedia.org/wiki/Chaba_Fadela
Paul Baghdadlian,Q2945095,Syria,,Los Angeles,https://en.wikipedia.org/wiki/Paul_Baghdadlian
Blaoui Houari,Q608646,Syria,,Algeria,https://en.wikipedia.org/wiki/Blaoui_Houari
Nesreen Tafesh,Q12248386,Syria,,Cairo,https://en.wikipedia.org/wiki/Nesreen_Tafesh
Rouwaida Attieh,Q3069146,Syria,Homs,Syria,https://en.wikipedia.org/wiki/Rouwaida_Attieh
Amel Bouchoucha,Q12180571,Syria,,Algeria,https://en.wikipedia.org/wiki/Amel_Bouchoucha
Houari Manar,Q60524304,Syria,,Algeria,https://en.wikipedia.org/wiki/Houari_Manar
Mohamad Fityan,Q16735692,Syria,,Syria,https://en.wikipedia.org/wiki/Mohamad_Fityan
Tarek Alarabi Tourgan,Q12221475,Syria,Damascus,Algeria,https://en.wikipedia.org/wiki/Tarek_Alarabi_Tourgane
Farrah Yousef,Q13564386,Syria,Syria,Syria,https://en.wikipedia.org/wiki/Farrah_Yousef
Marcel Pérès,Q646785,Syria,,France,https://en.wikipedia.org/wiki/Marcel_P%C3%A9r%C3%A8s
Pierre Bensusan,Q945525,Syria,,France,https://en.wikipedia.org/wiki/Pierre_Bensusan
Abed Azrie,Q2821467,Syria,,France,https://en.wikipedia.org/wiki/Abed_Azrie
Rasha Rizk,Q12213363,Syria,,Egypt,https://en.wikipedia.org/wiki/Rasha_Rizk
Juliana Jendo,Q4115973,Syria,Tell Tamer,Syria,https://en.wikipedia.org/wiki/Juliana_Jendo
Fahd Ballan,Q12231205,Syria,Al-Kafr,Syria,https://en.wikipedia.org/wiki/Fahd_Ballan
Bishara Morad,Q61826790,Syria,Syria,Sweden,https://en.wikipedia.org/wiki/Bishara_(singer)
Marie France,Q732921,Syria,,France,https://en.wikipedia.org/wiki/Marie_France
Maurice El Mediouni,Q2156989,Syria,,France,https://en.wikipedia.org/wiki/Maurice_El_M%C3%A9diouni
Missak Baghboudarian,Q20423339,Syria,,,https://en.wikipedia.org/wiki/Missak_Baghboudarian
Asma Ghanem,Q112635487,Syria,,Palestine,https://en.wikipedia.org/wiki/Asma_Ghanem
Lynda Thalie,Q2741269,Syria,,Algeria,https://en.wikipedia.org/wiki/Lynda_Thalie
Karnig Sarkissian,Q4408659,Syria,,Armenia,https://en.wikipedia.org/wiki/Karnig_Sarkissian
Sebu Simonian,Q18356445,Syria,,United States,https://en.wikipedia.org/wiki/Sebu_Simonian
Émilie Ambre,Q2719416,Syria,,France,https://en.wikipedia.org/wiki/%C3%89milie_Ambre
Suzanne Joly,Q3505973,Syria,,France,https://en.wikipedia.org/wiki/Suzanne_Joly
Ceet Fouad,Q38458646,Syria,,Hong Kong,https://en.wikipedia.org/wiki/Ceet_Fouad
Nassif Zeytoun,Q4118254,Syria,Daraa,Syria,https://en.wikipedia.org/wiki/Nassif_Zeytoun
Mihemed Şêxo,Q6992997,Syria,Qamishli,Syria,https://en.wikipedia.org/wiki/Mihemed_%C5%9E%C3%AAxo
Ysa Ferrer,Q3573041,Syria,,France,https://en.wikipedia.org/wiki/Ysa_Ferrer
Kinan Azmeh,Q1512286,Syria,,Syria,https://en.wikipedia.org/wiki/Kinan_Azmeh
François Rabbath,Q322222,Syria,Aleppo,France,https://en.wikipedia.org/wiki/Fran%C3%A7ois_Rabbath
Maha Bayraqdar,Q95740862,Syria,Damascus,First Syrian Republic,https://en.wikipedia.org/wiki/Maha_Bayrakdar
Elias Karam,Q5360530,Syria,Hasakah,Syria,https://en.wikipedia.org/wiki/Elias_Karam
Waed Bouhassoun,Q22690718,Syria,Syria,Syria,https://en.wikipedia.org/wiki/Waed_Bouhassoun
Amal Arafa,Q4739189,Syria,Damascus,Syria,https://en.wikipedia.org/wiki/Amal_Arafa
Errol Parker,Q747821,Syria,,France,https://en.wikipedia.org/wiki/Errol_Parker
Franck Amsallem,Q1442411,Syria,,France,https://en.wikipedia.org/wiki/Franck_Amsallem
Daniel Charles,Q3013855,Syria,,France,https://en.wikipedia.org/wiki/Daniel_Charles
Louis Bertignac,Q3261244,Syria,,France,https://en.wikipedia.org/wiki/Louis_Bertignac
Francine Faure,Q5479842,Syria,,France,https://en.wikipedia.org/wiki/Francine_Faure
Messaoud El Mediouni,Q6821845,Syria,,France,https://en.wikipedia.org/wiki/Messaoud_El_Mediouni
Habib Mousa,Q5636795,Syria,Al-Malikiyah,Sweden,https://en.wikipedia.org/wiki/Habib_Mousa
NOURI,Q59554894,Syria,Damascus,New Zealand,https://en.wikipedia.org/wiki/NOURI_(artist)
Haig Yazdjian,Q2622788,Syria,,,https://en.wikipedia.org/wiki/Haig_Yazdjian
Houari Benchenet,Q3141230,Syria,,Algeria,https://en.wikipedia.org/wiki/Houari_Benchenet
Bouteldja Belkacem,Q16151610,Syria,,Algeria,https://en.wikipedia.org/wiki/Bouteldja_Belkacem
Sabri Moudallal,Q3460731,Syria,,Syria,https://en.wikipedia.org/wiki/Sabri_Moudallal
George Tutunjian,Q4466647,Syria,,Armenia,https://en.wikipedia.org/wiki/George_Tutunjian
Antonia Rodríguez Moreno,Q5697572,Syria,,France,https://en.wikipedia.org/wiki/Antonia_La_Negra
Nouri Iskandar,Q7063908,Syria,Deir ez-Zor,Second Syrian Republic,https://en.wikipedia.org/wiki/Nouri_Iskandar
Iyad Rimawi,Q28714832,Syria,Damascus,Palestine,https://en.wikipedia.org/wiki/Iyad_Rimawi
Nourhane,Q113118100,Syria,Damascus,Egypt,https://en.wikipedia.org/wiki/Nourhane
Waad Al Bahri,Q12251104,Syria,Suwayda,Syria,https://en.wikipedia.org/wiki/Waad_Al_Bahri
François Valéry,Q3085966,Syria,,France,https://en.wikipedia.org/wiki/Fran%C3%A7ois_Val%C3%A9ry
Noura Rahal,Q7063891,Syria,,Lebanon,https://en.wikipedia.org/wiki/Noura_Rahal
Cheb Kader,Q17318613,Syria,,Morocco,https://en.wikipedia.org/wiki/Cheb_Kader
Ibrahim Qashoush,Q3147499,Syria,Syria,Syria,https://en.wikipedia.org/wiki/Ibrahim_Qashoush
Sami Shawa,Q3470790,Syria,,First Syrian Republic,https://en.wikipedia.org/wiki/Sami_Shawa
Thierry Pastor,Q3524465,Syria,,France,https://en.wikipedia.org/wiki/Thierry_Pastor
Jean-Paul Sevilla,Q6169814,Syria,,France,https://en.wikipedia.org/wiki/Jean-Paul_Sevilla
Abu Ratib,Q4670325,Syria,,Syria,https://en.wikipedia.org/wiki/Abu_Ratib
Dima شارون,Q5277138,Syria,,Syria,https://en.wikipedia.org/wiki/Dima_Orsho
Racha Arodaky,Q3416050,Syria,,France,https://en.wikipedia.org/wiki/Racha_Arodaky
Adil Şan,Q22342319,Syria,Bayırbucak,Turkey,https://en.wikipedia.org/wiki/Adil_%C5%9Ean
Zaid Jabri,Q111731340,Syria,Damascus,Kraków,https://en.wikipedia.org/wiki/Zaid_Jabri
Dima Kandalaft,Q5277135,Syria,,Syria,https://en.wikipedia.org/wiki/Dima_Kandalaft
Adwar Mousa,Q41438824,Syria,Tell Tamer,Syria,https://en.wikipedia.org/wiki/Adwar_Mousa
Muhammad El Majzoub,Q6932451,Syria,Latakia,Syria,https://en.wikipedia.org/wiki/Muhammad_El_Majzoub
Bilal Khan,Q16231372,Syria,Middle East,Pakistan,https://en.wikipedia.org/wiki/Bilal_Khan_(singer)
Gaswan Zerikly,Q5526922,Syria,Damascus,Syria,https://en.wikipedia.org/wiki/Gaswan_Zerikly
Mohamad Bash,Q4881642,Syria,Damascus,Syria,https://en.wikipedia.org/wiki/Mohamad_Bash
Imad Rami,Q6001986,Syria,Damascus,Syria,https://en.wikipedia.org/wiki/Imad_Rami
Yoland Asmar,Q54861809,Syria,Aleppo,Syria,https://en.wikipedia.org/wiki/Yoland_Asmar
Arsen Grigoryan (Mro),Q50069258,Syria,Qamishli,Armenia,"https://en.wikipedia.org/wiki/Arsen_Grigoryan_(singer,_born_1968)"
Ghaliaa Chaker,Q117640069,Syria,Damascus,Damascus,https://en.wikipedia.org/wiki/Ghaliaa_Chaker
Frankie Jordan,Q3082905,Syria,,France,https://en.wikipedia.org/wiki/Frankie_Jordan
François Boulanger,Q18610875,Syria,,France,https://en.wikipedia.org/wiki/Fran%C3%A7ois_Boulanger
Djaffar Bensetti,Q99690076,Syria,,Algeria,https://en.wikipedia.org/wiki/Djaffar_Bensetti
Leila Al Jazairia,Q60579584,Syria,,Cairo,https://en.wikipedia.org/wiki/Leila_Al_Jazairia
Louis Musy,Q3262768,Syria,,France,https://en.wikipedia.org/wiki/Louis_Musy
Blend Saleh,Q4925996,Syria,Kurdistan,Kurdistan,https://en.wikipedia.org/wiki/Blend_Saleh
André Mallabrera,Q41623162,Syria,,France,https://en.wikipedia.org/wiki/Andr%C3%A9_Mallabrera
Layal Watfeh,Q54913981,Syria,Damascus,Damascus,https://en.wikipedia.org/wiki/Layal_Watfeh
Kareem Roustom,Q95846189,Syria,,,https://en.wikipedia.org/wiki/Kareem_Roustom
Nizār Murūwah,Q20424583,Syria,Damascus,Lebanon,https://en.wikipedia.org/wiki/Nizar_Mroue
Fayrouz Al Halabiya (Rachel Samocha),Q88804802,Syria,Aleppo,Aleppo,https://en.wikipedia.org/wiki/Fairuz_al-Halabiya
Saadallah Agha al-Qalaa,Q7395572,Syria,Aleppo,First Syrian Republic,https://en.wikipedia.org/wiki/Saadallah_Agha_al-Qalaa
Joseph Malke,Q137766771,Syria,Qamishli,Qamishli,https://en.wikipedia.org/wiki/Joseph_Malke
Basel Rajoub,Q4866654,Syria,,,https://en.wikipedia.org/wiki/Basel_Rajoub
Loay Nasr,Q29519270,Syria,,Syria,https://en.wikipedia.org/wiki/Loay_Nasr
Tayssir Akla,Q27949808,Syria,Syria,Syria,https://en.wikipedia.org/wiki/Tayssir_Akla
Khyam Allami,Q6403470,Syria,Damascus,Damascus,https://en.wikipedia.org/wiki/Khyam_Allami
David,Q41370,Palestine,Bethlehem,Kingdom of Israel,https://en.wikipedia.org/wiki/David
Bashar Murad,Q65658874,Palestine,Al-Ram,Palestine,https://en.wikipedia.org/wiki/Bashar_Murad
Belly,Q937045,Palestine,Jenin,Canada,https://en.wikipedia.org/wiki/Belly_(rapper)
MC Abdul,Q108003855,Palestine,Gaza City,Israel,https://en.wikipedia.org/wiki/MC_Abdul
Idan Amedi,Q12410281,Palestine,Pisgat Ze'ev,Jerusalem,https://en.wikipedia.org/wiki/Idan_Amedi
Yacoub Shaheen,Q28841819,Palestine,Bethlehem,Hebron,https://en.wikipedia.org/wiki/Yacoub_Shaheen
Harel Moyal,Q175987,Palestine,Gilo,Israel,https://en.wikipedia.org/wiki/Harel_Moyal
Ramzi Aburedwan,Q19667554,Palestine,Bethlehem,France,https://en.wikipedia.org/wiki/Ramzi_Aburedwan
Ester Rada,Q6899049,Palestine,Kiryat Arba,Israel,https://en.wikipedia.org/wiki/Ester_Rada
Avigayil Koevary,Q62090321,Palestine,Jerusalem,Israel,https://en.wikipedia.org/wiki/Avigail_Kovari
Yehuda Saado,Q8051304,Palestine,Jerusalem,Israel,https://en.wikipedia.org/wiki/Yehuda_Saado
Nai Barghouti,Q125395909,Palestine,Ramallah,Ramallah,https://en.wikipedia.org/wiki/Nai_Barghouti
Asher Swissa,Q4804862,Palestine,Jerusalem,Israel,https://en.wikipedia.org/wiki/Asher_Swissa
Yoad Nevo,Q8054173,Palestine,Jerusalem,Israel,https://en.wikipedia.org/wiki/Yoad_Nevo
Ehud Ettun,Q18353027,Palestine,Jerusalem,Mitzpe Ramon,https://en.wikipedia.org/wiki/Ehud_Ettun
Talia Amar,Q106878468,Palestine,Jerusalem,Israel,https://en.wikipedia.org/wiki/Talia_Amar
Yaron Kohlberg,Q8049444,Palestine,Jerusalem,Israel,https://en.wikipedia.org/wiki/Yaron_Kohlberg
Uri Kabiri,Q7900529,Palestine,Jerusalem,Israel,https://en.wikipedia.org/wiki/Uri_Kabiri
Hila Plitmann,Q282560,Palestine,Jerusalem,Israel,https://en.wikipedia.org/wiki/Hila_Plitmann
Yaron Gottfried,Q12408311,Palestine,Jerusalem,Israel,https://en.wikipedia.org/wiki/Yaron_Gottfried
Hanan Ben Ari,Q22956259,Palestine,Karnei Shomron,Pardes Hanna-Karkur,https://en.wikipedia.org/wiki/Hanan_Ben_Ari
Tuna,Q21789555,Palestine,Gaza City,Gaza City,https://en.wikipedia.org/wiki/Tuna_(rapper)
Jasmin Moallem,Q85692890,Palestine,Jerusalem,Israel,https://en.wikipedia.org/wiki/Jasmin_Moallem
Rohi Al-Khammash,Q63128254,Palestine,Nablus,Ba'athist Iraq,https://en.wikipedia.org/wiki/Rohi_Al-Khammash
Yuval Gabay,Q8062150,Palestine,Jerusalem,United States,https://en.wikipedia.org/wiki/Yuval_Gabay
Sivan Magen,Q20657243,Palestine,Jerusalem,New York City,https://en.wikipedia.org/wiki/Sivan_Magen
Nizar Wattad,Q7042177,Palestine,Palestine,Palestine,https://en.wikipedia.org/wiki/Nizar_Wattad
Ran Nir,Q74262504,Palestine,Jerusalem,Germany,https://en.wikipedia.org/wiki/Ran_Nir
Zanvil Weinberger,Q110926805,Palestine,Jerusalem,Israel,https://en.wikipedia.org/wiki/Zanvil_Weinberger
Ayelet Rose Gottlieb,Q18018542,Palestine,Jerusalem,Israel,https://en.wikipedia.org/wiki/Ayelet_Rose_Gottlieb
Issa Boulos,Q16197689,Palestine,Jerusalem,Israel,https://en.wikipedia.org/wiki/Issa_Boulos
Moshe Nathanson,Q15711015,Palestine,Jerusalem,Ottoman Empire,https://en.wikipedia.org/wiki/Moshe_Nathanson
Bracha Eden,Q54572860,Palestine,Jerusalem,Israel,https://en.wikipedia.org/wiki/Bracha_Eden
Jeannette Zarou,Q1686056,Palestine,Ramallah,Canada,https://en.wikipedia.org/wiki/Jeannette_Zarou
Shabjdeed,Q106570586,Palestine,Jerusalem,Palestine,https://en.wikipedia.org/wiki/Shabjdeed
Amihai Grosz,Q6586745,Palestine,Jerusalem,Israel,https://en.wikipedia.org/wiki/Amihai_Grosz
Lyrik,Q6710033,Palestine,Jerusalem,Israel,https://en.wikipedia.org/wiki/Lyrik
Eitan Avitsur,Q5349997,Palestine,Jerusalem,Israel,https://en.wikipedia.org/wiki/Eitan_Avitsur
Raz Mesinai,Q7299433,Palestine,Jerusalem,Jerusalem,https://en.wikipedia.org/wiki/Raz_Mesinai
Henry Hadaway,Q16105938,Palestine,Jerusalem,United Kingdom,https://en.wikipedia.org/wiki/Henry_Hadaway
Wanees Zarour,Q19667378,Palestine,Ramallah,Ramallah,https://en.wikipedia.org/wiki/Wanees_Zarour
Tamar Muskal,Q109531343,Palestine,Jerusalem,United States,https://en.wikipedia.org/wiki/Tamar_Muskal
Kohava Levy,Q21104229,Palestine,Jerusalem,Jerusalem,https://en.wikipedia.org/wiki/Kohava_Levy
Gil Weinberg,Q16197409,Palestine,Jerusalem,Israel,https://en.wikipedia.org/wiki/Gil_Weinberg
