wikidata_id,name,origin_country,month,views
Q107449,Pavel Gililov,Ukraine,2021-08,158
Q107449,Pavel Gililov,Ukraine,2021-09,164
Q107449,Pavel Gililov,Ukraine,2021-10,871
Q107449,Pavel Gililov,Ukraine,2021-11,347
Q107449,Pavel Gililov,Ukraine,2021-12,324
Q107449,Pavel Gililov,Ukraine,2022-01,266
Q107449,Pavel Gililov,Ukraine,2022-02,267
Q107449,Pavel Gililov,Ukraine,2022-03,309
Q107449,Pavel Gililov,Ukraine,2022-04,279
Q107449,Pavel Gililov,Ukraine,2022-05,258
Q107449,Pavel Gililov,Ukraine,2022-06,247
Q107449,Pavel Gililov,Ukraine,2022-07,264
Q107449,Pavel Gililov,Ukraine,2022-08,318
Q107449,Pavel Gililov,Ukraine,2022-09,240
Q107449,Pavel Gililov,Ukraine,2022-10,215
Q107449,Pavel Gililov,Ukraine,2022-11,214
Q107449,Pavel Gililov,Ukraine,2022-12,262
Q107449,Pavel Gililov,Ukraine,2023-01,256
Q107449,Pavel Gililov,Ukraine,2023-02,169
Q107449,Pavel Gililov,Ukraine,2023-03,242
Q107449,Pavel Gililov,Ukraine,2023-04,240
Q107449,Pavel Gililov,Ukraine,2023-05,192
Q107449,Pavel Gililov,Ukraine,2023-06,250
Q107449,Pavel Gililov,Ukraine,2023-07,202
Q107449,Pavel Gililov,Ukraine,2023-08,241
Q107449,Pavel Gililov,Ukraine,2023-09,323
Q107449,Pavel Gililov,Ukraine,2023-10,210
Q107449,Pavel Gililov,Ukraine,2023-11,233
Q107449,Pavel Gililov,Ukraine,2023-12,246
Q385608,Zara Levina,Ukraine,2021-01,272
Q385608,Zara Levina,Ukraine,2021-02,188
Q385608,Zara Levina,Ukraine,2021-03,349
Q385608,Zara Levina,Ukraine,2021-04,235
Q385608,Zara Levina,Ukraine,2021-05,326
Q385608,Zara Levina,Ukraine,2021-06,239
Q385608,Zara Levina,Ukraine,2021-07,192
Q385608,Zara Levina,Ukraine,2021-08,263
Q385608,Zara Levina,Ukraine,2021-09,251
Q385608,Zara Levina,Ukraine,2021-10,226
Q385608,Zara Levina,Ukraine,2021-11,253
Q385608,Zara Levina,Ukraine,2021-12,184
Q385608,Zara Levina,Ukraine,2022-01,284
Q385608,Zara Levina,Ukraine,2022-02,383
Q385608,Zara Levina,Ukraine,2022-03,690
Q385608,Zara Levina,Ukraine,2022-04,468
Q385608,Zara Levina,Ukraine,2022-05,377
Q385608,Zara Levina,Ukraine,2022-06,326
Q385608,Zara Levina,Ukraine,2022-07,316
Q385608,Zara Levina,Ukraine,2022-08,285
Q385608,Zara Levina,Ukraine,2022-09,248
Q385608,Zara Levina,Ukraine,2022-10,219
Q385608,Zara Levina,Ukraine,2022-11,303
Q385608,Zara Levina,Ukraine,2022-12,200
Q385608,Zara Levina,Ukraine,2023-01,271
Q385608,Zara Levina,Ukraine,2023-02,307
Q385608,Zara Levina,Ukraine,2023-03,409
Q385608,Zara Levina,Ukraine,2023-04,232
Q385608,Zara Levina,Ukraine,2023-05,269
Q385608,Zara Levina,Ukraine,2023-06,220
Q385608,Zara Levina,Ukraine,2023-07,211
Q385608,Zara Levina,Ukraine,2023-08,294
Q385608,Zara Levina,Ukraine,2023-09,201
Q385608,Zara Levina,Ukraine,2023-10,268
Q385608,Zara Levina,Ukraine,2023-11,220
Q385608,Zara Levina,Ukraine,2023-12,276
Q4161649,Dimal,Ukraine,2023-08,57
Q4161649,Dimal,Ukraine,2023-09,220
Q4161649,Dimal,Ukraine,2023-10,136
Q4161649,Dimal,Ukraine,2023-11,107
Q4161649,Dimal,Ukraine,2023-12,131
Q3553746,Valery Sigalevitch,Ukraine,2021-01,121
Q3553746,Valery Sigalevitch,Ukraine,2021-02,126
Q3553746,Valery Sigalevitch,Ukraine,2021-03,121
Q3553746,Valery Sigalevitch,Ukraine,2021-04,117
Q3553746,Valery Sigalevitch,Ukraine,2021-05,118
Q3553746,Valery Sigalevitch,Ukraine,2021-06,122
Q3553746,Valery Sigalevitch,Ukraine,2021-07,119
Q3553746,Valery Sigalevitch,Ukraine,2021-08,127
Q3553746,Valery Sigalevitch,Ukraine,2021-09,132
Q3553746,Valery Sigalevitch,Ukraine,2021-10,113
Q3553746,Valery Sigalevitch,Ukraine,2021-11,95
Q3553746,Valery Sigalevitch,Ukraine,2021-12,120
Q3553746,Valery Sigalevitch,Ukraine,2022-01,108
Q3553746,Valery Sigalevitch,Ukraine,2022-02,152
Q3553746,Valery Sigalevitch,Ukraine,2022-03,139
Q3553746,Valery Sigalevitch,Ukraine,2022-04,126
Q3553746,Valery Sigalevitch,Ukraine,2022-05,118
Q3553746,Valery Sigalevitch,Ukraine,2022-06,137
Q3553746,Valery Sigalevitch,Ukraine,2022-07,105
Q3553746,Valery Sigalevitch,Ukraine,2022-08,101
Q3553746,Valery Sigalevitch,Ukraine,2022-09,105
Q3553746,Valery Sigalevitch,Ukraine,2022-10,79
Q3553746,Valery Sigalevitch,Ukraine,2022-11,88
Q3553746,Valery Sigalevitch,Ukraine,2022-12,70
Q3553746,Valery Sigalevitch,Ukraine,2023-01,102
Q3553746,Valery Sigalevitch,Ukraine,2023-02,108
Q3553746,Valery Sigalevitch,Ukraine,2023-03,125
Q3553746,Valery Sigalevitch,Ukraine,2023-04,121
Q3553746,Valery Sigalevitch,Ukraine,2023-05,104
Q3553746,Valery Sigalevitch,Ukraine,2023-06,103
Q3553746,Valery Sigalevitch,Ukraine,2023-07,104
Q3553746,Valery Sigalevitch,Ukraine,2023-08,115
Q3553746,Valery Sigalevitch,Ukraine,2023-09,105
Q3553746,Valery Sigalevitch,Ukraine,2023-10,101
Q3553746,Valery Sigalevitch,Ukraine,2023-11,102
Q3553746,Valery Sigalevitch,Ukraine,2023-12,108
Q7314,Igor Stravinsky,Russia,2021-01,43853
Q7314,Igor Stravinsky,Russia,2021-02,40780
Q7314,Igor Stravinsky,Russia,2021-03,50656
Q7314,Igor Stravinsky,Russia,2021-04,66247
Q7314,Igor Stravinsky,Russia,2021-05,45370
Q7314,Igor Stravinsky,Russia,2021-06,34156
Q7314,Igor Stravinsky,Russia,2021-07,29841
Q7314,Igor Stravinsky,Russia,2021-08,38791
Q7314,Igor Stravinsky,Russia,2021-09,40764
Q7314,Igor Stravinsky,Russia,2021-10,42745
Q7314,Igor Stravinsky,Russia,2021-11,39464
Q7314,Igor Stravinsky,Russia,2021-12,35747
Q7314,Igor Stravinsky,Russia,2022-01,37586
Q7314,Igor Stravinsky,Russia,2022-02,36974
Q7314,Igor Stravinsky,Russia,2022-03,45267
Q7314,Igor Stravinsky,Russia,2022-04,42707
Q7314,Igor Stravinsky,Russia,2022-05,45329
Q7314,Igor Stravinsky,Russia,2022-06,36052
Q7314,Igor Stravinsky,Russia,2022-07,29656
Q7314,Igor Stravinsky,Russia,2022-08,37284
Q7314,Igor Stravinsky,Russia,2022-09,50633
Q7314,Igor Stravinsky,Russia,2022-10,44896
Q7314,Igor Stravinsky,Russia,2022-11,41805
Q7314,Igor Stravinsky,Russia,2022-12,34815
Q7314,Igor Stravinsky,Russia,2023-01,38569
Q7314,Igor Stravinsky,Russia,2023-02,37067
Q7314,Igor Stravinsky,Russia,2023-03,51426
Q7314,Igor Stravinsky,Russia,2023-04,42141
Q7314,Igor Stravinsky,Russia,2023-05,40205
Q7314,Igor Stravinsky,Russia,2023-06,38052
Q7314,Igor Stravinsky,Russia,2023-07,38332
Q7314,Igor Stravinsky,Russia,2023-08,63230
Q7314,Igor Stravinsky,Russia,2023-09,66339
Q7314,Igor Stravinsky,Russia,2023-10,46192
Q7314,Igor Stravinsky,Russia,2023-11,40210
Q7314,Igor Stravinsky,Russia,2023-12,43793
Q4761,Ernst Mielck,Russia,2021-01,223
Q4761,Ernst Mielck,Russia,2021-02,173
Q4761,Ernst Mielck,Russia,2021-03,185
Q4761,Ernst Mielck,Russia,2021-04,221
Q4761,Ernst Mielck,Russia,2021-05,257
Q4761,Ernst Mielck,Russia,2021-06,127
Q4761,Ernst Mielck,Russia,2021-07,166
Q4761,Ernst Mielck,Russia,2021-08,165
Q4761,Ernst Mielck,Russia,2021-09,238
Q4761,Ernst Mielck,Russia,2021-10,156
Q4761,Ernst Mielck,Russia,2021-11,213
Q4761,Ernst Mielck,Russia,2021-12,158
Q4761,Ernst Mielck,Russia,2022-01,207
Q4761,Ernst Mielck,Russia,2022-02,170
Q4761,Ernst Mielck,Russia,2022-03,337
Q4761,Ernst Mielck,Russia,2022-04,240
Q4761,Ernst Mielck,Russia,2022-05,200
Q4761,Ernst Mielck,Russia,2022-06,199
Q4761,Ernst Mielck,Russia,2022-07,214
Q4761,Ernst Mielck,Russia,2022-08,191
Q4761,Ernst Mielck,Russia,2022-09,199
Q4761,Ernst Mielck,Russia,2022-10,185
Q4761,Ernst Mielck,Russia,2022-11,163
Q4761,Ernst Mielck,Russia,2022-12,731
Q4761,Ernst Mielck,Russia,2023-01,186
Q4761,Ernst Mielck,Russia,2023-02,172
Q4761,Ernst Mielck,Russia,2023-03,162
Q4761,Ernst Mielck,Russia,2023-04,163
Q4761,Ernst Mielck,Russia,2023-05,201
Q4761,Ernst Mielck,Russia,2023-06,150
Q4761,Ernst Mielck,Russia,2023-07,151
Q4761,Ernst Mielck,Russia,2023-08,186
Q4761,Ernst Mielck,Russia,2023-09,144
Q4761,Ernst Mielck,Russia,2023-10,171
Q4761,Ernst Mielck,Russia,2023-11,178
Q4761,Ernst Mielck,Russia,2023-12,193
Q7315,Pyotr Ilyich Tchaikovsky,Russia,2021-01,93071
Q7315,Pyotr Ilyich Tchaikovsky,Russia,2021-02,83266
Q7315,Pyotr Ilyich Tchaikovsky,Russia,2021-03,95917
Q7315,Pyotr Ilyich Tchaikovsky,Russia,2021-04,85315
Q7315,Pyotr Ilyich Tchaikovsky,Russia,2021-05,87405
Q7315,Pyotr Ilyich Tchaikovsky,Russia,2021-06,64688
Q7315,Pyotr Ilyich Tchaikovsky,Russia,2021-07,67864
Q7315,Pyotr Ilyich Tchaikovsky,Russia,2021-08,69797
Q7315,Pyotr Ilyich Tchaikovsky,Russia,2021-09,68015
Q7315,Pyotr Ilyich Tchaikovsky,Russia,2021-10,76736
Q7315,Pyotr Ilyich Tchaikovsky,Russia,2021-11,86657
Q7315,Pyotr Ilyich Tchaikovsky,Russia,2021-12,108336
Q7315,Pyotr Ilyich Tchaikovsky,Russia,2022-01,85658
Q7315,Pyotr Ilyich Tchaikovsky,Russia,2022-02,94138
Q7315,Pyotr Ilyich Tchaikovsky,Russia,2022-03,136886
Q7315,Pyotr Ilyich Tchaikovsky,Russia,2022-04,93767
Q7315,Pyotr Ilyich Tchaikovsky,Russia,2022-05,119133
Q7315,Pyotr Ilyich Tchaikovsky,Russia,2022-06,64981
Q7315,Pyotr Ilyich Tchaikovsky,Russia,2022-07,62670
Q7315,Pyotr Ilyich Tchaikovsky,Russia,2022-08,70220
Q7315,Pyotr Ilyich Tchaikovsky,Russia,2022-09,73239
Q7315,Pyotr Ilyich Tchaikovsky,Russia,2022-10,80578
Q7315,Pyotr Ilyich Tchaikovsky,Russia,2022-11,95263
Q7315,Pyotr Ilyich Tchaikovsky,Russia,2022-12,132297
Q7315,Pyotr Ilyich Tchaikovsky,Russia,2023-01,93271
Q7315,Pyotr Ilyich Tchaikovsky,Russia,2023-02,111507
Q7315,Pyotr Ilyich Tchaikovsky,Russia,2023-03,112290
Q7315,Pyotr Ilyich Tchaikovsky,Russia,2023-04,88456
Q7315,Pyotr Ilyich Tchaikovsky,Russia,2023-05,91946
Q7315,Pyotr Ilyich Tchaikovsky,Russia,2023-06,74573
Q7315,Pyotr Ilyich Tchaikovsky,Russia,2023-07,74397
Q7315,Pyotr Ilyich Tchaikovsky,Russia,2023-08,90184
Q7315,Pyotr Ilyich Tchaikovsky,Russia,2023-09,74706
Q7315,Pyotr Ilyich Tchaikovsky,Russia,2023-10,86741
Q7315,Pyotr Ilyich Tchaikovsky,Russia,2023-11,101992
Q7315,Pyotr Ilyich Tchaikovsky,Russia,2023-12,150223
Q117820,Stanisław Szpinalski,Russia,2021-01,97
Q117820,Stanisław Szpinalski,Russia,2021-02,77
Q117820,Stanisław Szpinalski,Russia,2021-03,79
Q117820,Stanisław Szpinalski,Russia,2021-04,71
Q117820,Stanisław Szpinalski,Russia,2021-05,97
Q117820,Stanisław Szpinalski,Russia,2021-06,104
Q117820,Stanisław Szpinalski,Russia,2021-07,113
Q117820,Stanisław Szpinalski,Russia,2021-08,130
Q117820,Stanisław Szpinalski,Russia,2021-09,79
Q117820,Stanisław Szpinalski,Russia,2021-10,324
Q117820,Stanisław Szpinalski,Russia,2021-11,119
Q117820,Stanisław Szpinalski,Russia,2021-12,84
Q117820,Stanisław Szpinalski,Russia,2022-01,132
Q117820,Stanisław Szpinalski,Russia,2022-02,129
Q117820,Stanisław Szpinalski,Russia,2022-03,136
Q117820,Stanisław Szpinalski,Russia,2022-04,110
Q117820,Stanisław Szpinalski,Russia,2022-05,173
Q117820,Stanisław Szpinalski,Russia,2022-06,143
Q117820,Stanisław Szpinalski,Russia,2022-07,130
Q117820,Stanisław Szpinalski,Russia,2022-08,146
Q117820,Stanisław Szpinalski,Russia,2022-09,127
Q117820,Stanisław Szpinalski,Russia,2022-10,123
Q117820,Stanisław Szpinalski,Russia,2022-11,132
Q117820,Stanisław Szpinalski,Russia,2022-12,114
Q117820,Stanisław Szpinalski,Russia,2023-01,132
Q117820,Stanisław Szpinalski,Russia,2023-02,93
Q117820,Stanisław Szpinalski,Russia,2023-03,145
Q117820,Stanisław Szpinalski,Russia,2023-04,134
Q117820,Stanisław Szpinalski,Russia,2023-05,141
Q117820,Stanisław Szpinalski,Russia,2023-06,181
Q117820,Stanisław Szpinalski,Russia,2023-07,114
Q117820,Stanisław Szpinalski,Russia,2023-08,120
Q117820,Stanisław Szpinalski,Russia,2023-09,126
Q117820,Stanisław Szpinalski,Russia,2023-10,135
Q117820,Stanisław Szpinalski,Russia,2023-11,124
Q117820,Stanisław Szpinalski,Russia,2023-12,146
Q115947,Wladimir Vogel,Russia,2021-01,230
Q115947,Wladimir Vogel,Russia,2021-02,291
Q115947,Wladimir Vogel,Russia,2021-03,246
Q115947,Wladimir Vogel,Russia,2021-04,212
Q115947,Wladimir Vogel,Russia,2021-05,217
Q115947,Wladimir Vogel,Russia,2021-06,191
Q115947,Wladimir Vogel,Russia,2021-07,161
Q115947,Wladimir Vogel,Russia,2021-08,223
Q115947,Wladimir Vogel,Russia,2021-09,231
Q115947,Wladimir Vogel,Russia,2021-10,172
Q115947,Wladimir Vogel,Russia,2021-11,185
Q115947,Wladimir Vogel,Russia,2021-12,185
Q115947,Wladimir Vogel,Russia,2022-01,175
Q115947,Wladimir Vogel,Russia,2022-02,228
Q115947,Wladimir Vogel,Russia,2022-03,219
Q115947,Wladimir Vogel,Russia,2022-04,207
Q115947,Wladimir Vogel,Russia,2022-05,243
Q115947,Wladimir Vogel,Russia,2022-06,306
Q115947,Wladimir Vogel,Russia,2022-07,245
Q115947,Wladimir Vogel,Russia,2022-08,234
Q115947,Wladimir Vogel,Russia,2022-09,192
Q115947,Wladimir Vogel,Russia,2022-10,252
Q115947,Wladimir Vogel,Russia,2022-11,216
Q115947,Wladimir Vogel,Russia,2022-12,254
Q115947,Wladimir Vogel,Russia,2023-01,256
Q115947,Wladimir Vogel,Russia,2023-02,186
Q115947,Wladimir Vogel,Russia,2023-03,282
Q115947,Wladimir Vogel,Russia,2023-04,217
Q115947,Wladimir Vogel,Russia,2023-05,189
Q115947,Wladimir Vogel,Russia,2023-06,196
Q115947,Wladimir Vogel,Russia,2023-07,191
Q115947,Wladimir Vogel,Russia,2023-08,194
Q115947,Wladimir Vogel,Russia,2023-09,180
Q115947,Wladimir Vogel,Russia,2023-10,212
Q115947,Wladimir Vogel,Russia,2023-11,203
Q115947,Wladimir Vogel,Russia,2023-12,287
Q112885,Ella Adayevskaya,Russia,2021-01,315
Q112885,Ella Adayevskaya,Russia,2021-02,334
Q112885,Ella Adayevskaya,Russia,2021-03,464
Q112885,Ella Adayevskaya,Russia,2021-04,376
Q112885,Ella Adayevskaya,Russia,2021-05,342
Q112885,Ella Adayevskaya,Russia,2021-06,326
Q112885,Ella Adayevskaya,Russia,2021-07,295
Q112885,Ella Adayevskaya,Russia,2021-08,289
Q112885,Ella Adayevskaya,Russia,2021-09,246
Q112885,Ella Adayevskaya,Russia,2021-10,286
Q112885,Ella Adayevskaya,Russia,2021-11,248
Q112885,Ella Adayevskaya,Russia,2021-12,246
Q112885,Ella Adayevskaya,Russia,2022-01,327
Q112885,Ella Adayevskaya,Russia,2022-02,361
Q112885,Ella Adayevskaya,Russia,2022-03,324
Q112885,Ella Adayevskaya,Russia,2022-04,277
Q112885,Ella Adayevskaya,Russia,2022-05,265
Q112885,Ella Adayevskaya,Russia,2022-06,276
Q112885,Ella Adayevskaya,Russia,2022-07,269
Q112885,Ella Adayevskaya,Russia,2022-08,241
Q112885,Ella Adayevskaya,Russia,2022-09,283
Q112885,Ella Adayevskaya,Russia,2022-10,322
Q112885,Ella Adayevskaya,Russia,2022-11,306
Q112885,Ella Adayevskaya,Russia,2022-12,222
Q112885,Ella Adayevskaya,Russia,2023-01,277
Q112885,Ella Adayevskaya,Russia,2023-02,218
Q112885,Ella Adayevskaya,Russia,2023-03,305
Q112885,Ella Adayevskaya,Russia,2023-04,235
Q112885,Ella Adayevskaya,Russia,2023-05,250
Q112885,Ella Adayevskaya,Russia,2023-06,222
Q112885,Ella Adayevskaya,Russia,2023-07,216
Q112885,Ella Adayevskaya,Russia,2023-08,219
Q112885,Ella Adayevskaya,Russia,2023-09,207
Q112885,Ella Adayevskaya,Russia,2023-10,226
Q112885,Ella Adayevskaya,Russia,2023-11,263
Q112885,Ella Adayevskaya,Russia,2023-12,337
Q112052,Anatol Ugorski,Russia,2021-01,527
Q112052,Anatol Ugorski,Russia,2021-02,409
Q112052,Anatol Ugorski,Russia,2021-03,457
Q112052,Anatol Ugorski,Russia,2021-04,350
Q112052,Anatol Ugorski,Russia,2021-05,430
Q112052,Anatol Ugorski,Russia,2021-06,308
Q112052,Anatol Ugorski,Russia,2021-07,338
Q112052,Anatol Ugorski,Russia,2021-08,334
Q112052,Anatol Ugorski,Russia,2021-09,303
Q112052,Anatol Ugorski,Russia,2021-10,336
Q112052,Anatol Ugorski,Russia,2021-11,333
Q112052,Anatol Ugorski,Russia,2021-12,306
Q112052,Anatol Ugorski,Russia,2022-01,471
Q112052,Anatol Ugorski,Russia,2022-02,376
Q112052,Anatol Ugorski,Russia,2022-03,389
Q112052,Anatol Ugorski,Russia,2022-04,406
Q112052,Anatol Ugorski,Russia,2022-05,382
Q112052,Anatol Ugorski,Russia,2022-06,361
Q112052,Anatol Ugorski,Russia,2022-07,349
Q112052,Anatol Ugorski,Russia,2022-08,358
Q112052,Anatol Ugorski,Russia,2022-09,383
Q112052,Anatol Ugorski,Russia,2022-10,352
Q112052,Anatol Ugorski,Russia,2022-11,401
Q112052,Anatol Ugorski,Russia,2022-12,353
Q112052,Anatol Ugorski,Russia,2023-01,355
Q112052,Anatol Ugorski,Russia,2023-02,281
Q112052,Anatol Ugorski,Russia,2023-03,392
Q112052,Anatol Ugorski,Russia,2023-04,375
Q112052,Anatol Ugorski,Russia,2023-05,344
Q112052,Anatol Ugorski,Russia,2023-06,316
Q112052,Anatol Ugorski,Russia,2023-07,284
Q112052,Anatol Ugorski,Russia,2023-08,343
Q112052,Anatol Ugorski,Russia,2023-09,28662
Q112052,Anatol Ugorski,Russia,2023-10,3280
Q112052,Anatol Ugorski,Russia,2023-11,822
Q112052,Anatol Ugorski,Russia,2023-12,1963
Q118233,Sergey Kuryokhin,Russia,2021-01,1079
Q118233,Sergey Kuryokhin,Russia,2021-02,1101
Q118233,Sergey Kuryokhin,Russia,2021-03,1243
Q118233,Sergey Kuryokhin,Russia,2021-04,1182
Q118233,Sergey Kuryokhin,Russia,2021-05,1192
Q118233,Sergey Kuryokhin,Russia,2021-06,1246
Q118233,Sergey Kuryokhin,Russia,2021-07,1298
Q118233,Sergey Kuryokhin,Russia,2021-08,1132
Q118233,Sergey Kuryokhin,Russia,2021-09,1649
Q118233,Sergey Kuryokhin,Russia,2021-10,1228
Q118233,Sergey Kuryokhin,Russia,2021-11,1218
Q118233,Sergey Kuryokhin,Russia,2021-12,1351
Q118233,Sergey Kuryokhin,Russia,2022-01,1477
Q118233,Sergey Kuryokhin,Russia,2022-02,1375
Q118233,Sergey Kuryokhin,Russia,2022-03,2038
Q118233,Sergey Kuryokhin,Russia,2022-04,1671
Q118233,Sergey Kuryokhin,Russia,2022-05,1488
Q118233,Sergey Kuryokhin,Russia,2022-06,1299
Q118233,Sergey Kuryokhin,Russia,2022-07,1326
Q118233,Sergey Kuryokhin,Russia,2022-08,1947
Q118233,Sergey Kuryokhin,Russia,2022-09,1451
Q118233,Sergey Kuryokhin,Russia,2022-10,1541
Q118233,Sergey Kuryokhin,Russia,2022-11,1460
Q118233,Sergey Kuryokhin,Russia,2022-12,1633
Q118233,Sergey Kuryokhin,Russia,2023-01,1423
Q118233,Sergey Kuryokhin,Russia,2023-02,1127
Q118233,Sergey Kuryokhin,Russia,2023-03,1421
Q118233,Sergey Kuryokhin,Russia,2023-04,1146
Q118233,Sergey Kuryokhin,Russia,2023-05,1248
Q118233,Sergey Kuryokhin,Russia,2023-06,1240
Q118233,Sergey Kuryokhin,Russia,2023-07,1286
Q118233,Sergey Kuryokhin,Russia,2023-08,1211
Q118233,Sergey Kuryokhin,Russia,2023-09,1239
Q118233,Sergey Kuryokhin,Russia,2023-10,1329
Q118233,Sergey Kuryokhin,Russia,2023-11,1604
Q118233,Sergey Kuryokhin,Russia,2023-12,1449
Q131861,Sergei Rachmaninoff,Russia,2021-01,53653
Q131861,Sergei Rachmaninoff,Russia,2021-02,48675
Q131861,Sergei Rachmaninoff,Russia,2021-03,61984
Q131861,Sergei Rachmaninoff,Russia,2021-04,58008
Q131861,Sergei Rachmaninoff,Russia,2021-05,54133
Q131861,Sergei Rachmaninoff,Russia,2021-06,40275
Q131861,Sergei Rachmaninoff,Russia,2021-07,41716
Q131861,Sergei Rachmaninoff,Russia,2021-08,41850
Q131861,Sergei Rachmaninoff,Russia,2021-09,41970
Q131861,Sergei Rachmaninoff,Russia,2021-10,45370
Q131861,Sergei Rachmaninoff,Russia,2021-11,46152
Q131861,Sergei Rachmaninoff,Russia,2021-12,43570
Q131861,Sergei Rachmaninoff,Russia,2022-01,54222
Q131861,Sergei Rachmaninoff,Russia,2022-02,53132
Q131861,Sergei Rachmaninoff,Russia,2022-03,65130
Q131861,Sergei Rachmaninoff,Russia,2022-04,55534
Q131861,Sergei Rachmaninoff,Russia,2022-05,45883
Q131861,Sergei Rachmaninoff,Russia,2022-06,39257
Q131861,Sergei Rachmaninoff,Russia,2022-07,39528
Q131861,Sergei Rachmaninoff,Russia,2022-08,45550
Q131861,Sergei Rachmaninoff,Russia,2022-09,43538
Q131861,Sergei Rachmaninoff,Russia,2022-10,46176
Q131861,Sergei Rachmaninoff,Russia,2022-11,46486
Q131861,Sergei Rachmaninoff,Russia,2022-12,43287
Q131861,Sergei Rachmaninoff,Russia,2023-01,61355
Q131861,Sergei Rachmaninoff,Russia,2023-02,58715
Q131861,Sergei Rachmaninoff,Russia,2023-03,74815
Q131861,Sergei Rachmaninoff,Russia,2023-04,76772
Q131861,Sergei Rachmaninoff,Russia,2023-05,60618
Q131861,Sergei Rachmaninoff,Russia,2023-06,51444
Q131861,Sergei Rachmaninoff,Russia,2023-07,52346
Q131861,Sergei Rachmaninoff,Russia,2023-08,58581
Q131861,Sergei Rachmaninoff,Russia,2023-09,54313
Q131861,Sergei Rachmaninoff,Russia,2023-10,54490
Q131861,Sergei Rachmaninoff,Russia,2023-11,55414
Q131861,Sergei Rachmaninoff,Russia,2023-12,56787
Q128746,Irving Berlin,Russia,2021-01,33025
Q128746,Irving Berlin,Russia,2021-02,24472
Q128746,Irving Berlin,Russia,2021-03,28011
Q128746,Irving Berlin,Russia,2021-04,28571
Q128746,Irving Berlin,Russia,2021-05,31880
Q128746,Irving Berlin,Russia,2021-06,25561
Q128746,Irving Berlin,Russia,2021-07,27946
Q128746,Irving Berlin,Russia,2021-08,23566
Q128746,Irving Berlin,Russia,2021-09,27176
Q128746,Irving Berlin,Russia,2021-10,26403
Q128746,Irving Berlin,Russia,2021-11,31739
Q128746,Irving Berlin,Russia,2021-12,73402
Q128746,Irving Berlin,Russia,2022-01,28375
Q128746,Irving Berlin,Russia,2022-02,24835
Q128746,Irving Berlin,Russia,2022-03,26043
Q128746,Irving Berlin,Russia,2022-04,24875
Q128746,Irving Berlin,Russia,2022-05,30529
Q128746,Irving Berlin,Russia,2022-06,21970
Q128746,Irving Berlin,Russia,2022-07,25353
Q128746,Irving Berlin,Russia,2022-08,26510
Q128746,Irving Berlin,Russia,2022-09,26376
Q128746,Irving Berlin,Russia,2022-10,26608
Q128746,Irving Berlin,Russia,2022-11,34545
Q128746,Irving Berlin,Russia,2022-12,76457
Q128746,Irving Berlin,Russia,2023-01,30403
Q128746,Irving Berlin,Russia,2023-02,25439
Q128746,Irving Berlin,Russia,2023-03,31066
Q128746,Irving Berlin,Russia,2023-04,27818
Q128746,Irving Berlin,Russia,2023-05,34737
Q128746,Irving Berlin,Russia,2023-06,37059
Q128746,Irving Berlin,Russia,2023-07,42492
Q128746,Irving Berlin,Russia,2023-08,33528
Q128746,Irving Berlin,Russia,2023-09,28688
Q128746,Irving Berlin,Russia,2023-10,25609
Q128746,Irving Berlin,Russia,2023-11,36776
Q128746,Irving Berlin,Russia,2023-12,82002
Q132682,Modest Petrovich Mussorgsky,Russia,2021-01,16709
Q132682,Modest Petrovich Mussorgsky,Russia,2021-02,15641
Q132682,Modest Petrovich Mussorgsky,Russia,2021-03,20303
Q132682,Modest Petrovich Mussorgsky,Russia,2021-04,18182
Q132682,Modest Petrovich Mussorgsky,Russia,2021-05,15917
Q132682,Modest Petrovich Mussorgsky,Russia,2021-06,12586
Q132682,Modest Petrovich Mussorgsky,Russia,2021-07,12498
Q132682,Modest Petrovich Mussorgsky,Russia,2021-08,13223
Q132682,Modest Petrovich Mussorgsky,Russia,2021-09,13818
Q132682,Modest Petrovich Mussorgsky,Russia,2021-10,18148
Q132682,Modest Petrovich Mussorgsky,Russia,2021-11,15659
Q132682,Modest Petrovich Mussorgsky,Russia,2021-12,14034
Q132682,Modest Petrovich Mussorgsky,Russia,2022-01,19460
Q132682,Modest Petrovich Mussorgsky,Russia,2022-02,21982
Q132682,Modest Petrovich Mussorgsky,Russia,2022-03,29962
Q132682,Modest Petrovich Mussorgsky,Russia,2022-04,18816
Q132682,Modest Petrovich Mussorgsky,Russia,2022-05,18525
Q132682,Modest Petrovich Mussorgsky,Russia,2022-06,13662
Q132682,Modest Petrovich Mussorgsky,Russia,2022-07,12786
Q132682,Modest Petrovich Mussorgsky,Russia,2022-08,14419
Q132682,Modest Petrovich Mussorgsky,Russia,2022-09,13719
Q132682,Modest Petrovich Mussorgsky,Russia,2022-10,17131
Q132682,Modest Petrovich Mussorgsky,Russia,2022-11,16637
Q132682,Modest Petrovich Mussorgsky,Russia,2022-12,16559
Q132682,Modest Petrovich Mussorgsky,Russia,2023-01,17277
Q132682,Modest Petrovich Mussorgsky,Russia,2023-02,18268
Q132682,Modest Petrovich Mussorgsky,Russia,2023-03,20129
Q132682,Modest Petrovich Mussorgsky,Russia,2023-04,14899
Q132682,Modest Petrovich Mussorgsky,Russia,2023-05,15968
Q132682,Modest Petrovich Mussorgsky,Russia,2023-06,13930
Q132682,Modest Petrovich Mussorgsky,Russia,2023-07,14941
Q132682,Modest Petrovich Mussorgsky,Russia,2023-08,14685
Q132682,Modest Petrovich Mussorgsky,Russia,2023-09,17472
Q132682,Modest Petrovich Mussorgsky,Russia,2023-10,16591
Q132682,Modest Petrovich Mussorgsky,Russia,2023-11,16025
Q132682,Modest Petrovich Mussorgsky,Russia,2023-12,18979
Q153776,Dmitri Kabalevsky,Russia,2021-01,3480
Q153776,Dmitri Kabalevsky,Russia,2021-02,3507
Q153776,Dmitri Kabalevsky,Russia,2021-03,3490
Q153776,Dmitri Kabalevsky,Russia,2021-04,3321
Q153776,Dmitri Kabalevsky,Russia,2021-05,3352
Q153776,Dmitri Kabalevsky,Russia,2021-06,2707
Q153776,Dmitri Kabalevsky,Russia,2021-07,2505
Q153776,Dmitri Kabalevsky,Russia,2021-08,2568
Q153776,Dmitri Kabalevsky,Russia,2021-09,2403
Q153776,Dmitri Kabalevsky,Russia,2021-10,2757
Q153776,Dmitri Kabalevsky,Russia,2021-11,2513
Q153776,Dmitri Kabalevsky,Russia,2021-12,2629
Q153776,Dmitri Kabalevsky,Russia,2022-01,2818
Q153776,Dmitri Kabalevsky,Russia,2022-02,3221
Q153776,Dmitri Kabalevsky,Russia,2022-03,3832
Q153776,Dmitri Kabalevsky,Russia,2022-04,2809
Q153776,Dmitri Kabalevsky,Russia,2022-05,2955
Q153776,Dmitri Kabalevsky,Russia,2022-06,2600
Q153776,Dmitri Kabalevsky,Russia,2022-07,2303
Q153776,Dmitri Kabalevsky,Russia,2022-08,2441
Q153776,Dmitri Kabalevsky,Russia,2022-09,2502
Q153776,Dmitri Kabalevsky,Russia,2022-10,2897
Q153776,Dmitri Kabalevsky,Russia,2022-11,2938
Q153776,Dmitri Kabalevsky,Russia,2022-12,3468
Q153776,Dmitri Kabalevsky,Russia,2023-01,3025
Q153776,Dmitri Kabalevsky,Russia,2023-02,2924
Q153776,Dmitri Kabalevsky,Russia,2023-03,3423
Q153776,Dmitri Kabalevsky,Russia,2023-04,2940
Q153776,Dmitri Kabalevsky,Russia,2023-05,2990
Q153776,Dmitri Kabalevsky,Russia,2023-06,3036
Q153776,Dmitri Kabalevsky,Russia,2023-07,2303
Q153776,Dmitri Kabalevsky,Russia,2023-08,2246
Q153776,Dmitri Kabalevsky,Russia,2023-09,2587
Q153776,Dmitri Kabalevsky,Russia,2023-10,2711
Q153776,Dmitri Kabalevsky,Russia,2023-11,2975
Q153776,Dmitri Kabalevsky,Russia,2023-12,3120
Q160154,Evgeny Kissin,Russia,2021-01,7218
Q160154,Evgeny Kissin,Russia,2021-02,6588
Q160154,Evgeny Kissin,Russia,2021-03,6789
Q160154,Evgeny Kissin,Russia,2021-04,6179
Q160154,Evgeny Kissin,Russia,2021-05,6564
Q160154,Evgeny Kissin,Russia,2021-06,5933
Q160154,Evgeny Kissin,Russia,2021-07,5984
Q160154,Evgeny Kissin,Russia,2021-08,6148
Q160154,Evgeny Kissin,Russia,2021-09,6684
Q160154,Evgeny Kissin,Russia,2021-10,9532
Q160154,Evgeny Kissin,Russia,2021-11,6728
Q160154,Evgeny Kissin,Russia,2021-12,5680
Q160154,Evgeny Kissin,Russia,2022-01,6019
Q160154,Evgeny Kissin,Russia,2022-02,7780
Q160154,Evgeny Kissin,Russia,2022-03,8923
Q160154,Evgeny Kissin,Russia,2022-04,8002
Q160154,Evgeny Kissin,Russia,2022-05,8945
Q160154,Evgeny Kissin,Russia,2022-06,5759
Q160154,Evgeny Kissin,Russia,2022-07,5225
Q160154,Evgeny Kissin,Russia,2022-08,7026
Q160154,Evgeny Kissin,Russia,2022-09,5741
Q160154,Evgeny Kissin,Russia,2022-10,7847
Q160154,Evgeny Kissin,Russia,2022-11,7098
Q160154,Evgeny Kissin,Russia,2022-12,5848
Q160154,Evgeny Kissin,Russia,2023-01,7469
Q160154,Evgeny Kissin,Russia,2023-02,8033
Q160154,Evgeny Kissin,Russia,2023-03,9628
Q160154,Evgeny Kissin,Russia,2023-04,10180
Q160154,Evgeny Kissin,Russia,2023-05,10203
Q160154,Evgeny Kissin,Russia,2023-06,8522
Q160154,Evgeny Kissin,Russia,2023-07,7854
Q160154,Evgeny Kissin,Russia,2023-08,7968
Q160154,Evgeny Kissin,Russia,2023-09,7681
Q160154,Evgeny Kissin,Russia,2023-10,9317
Q160154,Evgeny Kissin,Russia,2023-11,8232
Q160154,Evgeny Kissin,Russia,2023-12,8419
Q158078,Alfred Schnittke,Russia,2021-01,5703
Q158078,Alfred Schnittke,Russia,2021-02,5862
Q158078,Alfred Schnittke,Russia,2021-03,5313
Q158078,Alfred Schnittke,Russia,2021-04,5887
Q158078,Alfred Schnittke,Russia,2021-05,5015
Q158078,Alfred Schnittke,Russia,2021-06,4231
Q158078,Alfred Schnittke,Russia,2021-07,3995
Q158078,Alfred Schnittke,Russia,2021-08,3954
Q158078,Alfred Schnittke,Russia,2021-09,4349
Q158078,Alfred Schnittke,Russia,2021-10,4849
Q158078,Alfred Schnittke,Russia,2021-11,5112
Q158078,Alfred Schnittke,Russia,2021-12,5158
Q158078,Alfred Schnittke,Russia,2022-01,5193
Q158078,Alfred Schnittke,Russia,2022-02,4997
Q158078,Alfred Schnittke,Russia,2022-03,6313
Q158078,Alfred Schnittke,Russia,2022-04,5559
Q158078,Alfred Schnittke,Russia,2022-05,5174
Q158078,Alfred Schnittke,Russia,2022-06,4232
Q158078,Alfred Schnittke,Russia,2022-07,4358
Q158078,Alfred Schnittke,Russia,2022-08,5277
Q158078,Alfred Schnittke,Russia,2022-09,6209
Q158078,Alfred Schnittke,Russia,2022-10,5485
Q158078,Alfred Schnittke,Russia,2022-11,6274
Q158078,Alfred Schnittke,Russia,2022-12,7197
Q158078,Alfred Schnittke,Russia,2023-01,7024
Q158078,Alfred Schnittke,Russia,2023-02,4432
Q158078,Alfred Schnittke,Russia,2023-03,5638
Q158078,Alfred Schnittke,Russia,2023-04,5270
Q158078,Alfred Schnittke,Russia,2023-05,5183
Q158078,Alfred Schnittke,Russia,2023-06,5887
Q158078,Alfred Schnittke,Russia,2023-07,4021
Q158078,Alfred Schnittke,Russia,2023-08,4238
Q158078,Alfred Schnittke,Russia,2023-09,4359
Q158078,Alfred Schnittke,Russia,2023-10,5687
Q158078,Alfred Schnittke,Russia,2023-11,5031
Q158078,Alfred Schnittke,Russia,2023-12,5629
Q164004,Alexander Borodin,Russia,2021-01,11170
Q164004,Alexander Borodin,Russia,2021-02,11059
Q164004,Alexander Borodin,Russia,2021-03,11672
Q164004,Alexander Borodin,Russia,2021-04,10876
Q164004,Alexander Borodin,Russia,2021-05,10728
Q164004,Alexander Borodin,Russia,2021-06,8439
Q164004,Alexander Borodin,Russia,2021-07,8760
Q164004,Alexander Borodin,Russia,2021-08,10597
Q164004,Alexander Borodin,Russia,2021-09,9821
Q164004,Alexander Borodin,Russia,2021-10,10494
Q164004,Alexander Borodin,Russia,2021-11,10848
Q164004,Alexander Borodin,Russia,2021-12,9210
Q164004,Alexander Borodin,Russia,2022-01,10686
Q164004,Alexander Borodin,Russia,2022-02,11737
Q164004,Alexander Borodin,Russia,2022-03,13122
Q164004,Alexander Borodin,Russia,2022-04,11008
Q164004,Alexander Borodin,Russia,2022-05,10076
Q164004,Alexander Borodin,Russia,2022-06,8450
Q164004,Alexander Borodin,Russia,2022-07,8605
Q164004,Alexander Borodin,Russia,2022-08,9543
Q164004,Alexander Borodin,Russia,2022-09,9781
Q164004,Alexander Borodin,Russia,2022-10,10369
Q164004,Alexander Borodin,Russia,2022-11,12502
Q164004,Alexander Borodin,Russia,2022-12,9370
Q164004,Alexander Borodin,Russia,2023-01,10398
Q164004,Alexander Borodin,Russia,2023-02,10864
Q164004,Alexander Borodin,Russia,2023-03,11672
Q164004,Alexander Borodin,Russia,2023-04,10364
Q164004,Alexander Borodin,Russia,2023-05,10708
Q164004,Alexander Borodin,Russia,2023-06,8633
Q164004,Alexander Borodin,Russia,2023-07,8698
Q164004,Alexander Borodin,Russia,2023-08,11189
Q164004,Alexander Borodin,Russia,2023-09,10303
Q164004,Alexander Borodin,Russia,2023-10,10125
Q164004,Alexander Borodin,Russia,2023-11,11275
Q164004,Alexander Borodin,Russia,2023-12,10569
Q165706,Rodion Shchedrin,Russia,2021-01,2589
Q165706,Rodion Shchedrin,Russia,2021-02,2572
Q165706,Rodion Shchedrin,Russia,2021-03,2765
Q165706,Rodion Shchedrin,Russia,2021-04,2622
Q165706,Rodion Shchedrin,Russia,2021-05,2598
Q165706,Rodion Shchedrin,Russia,2021-06,1918
Q165706,Rodion Shchedrin,Russia,2021-07,1804
Q165706,Rodion Shchedrin,Russia,2021-08,1925
Q165706,Rodion Shchedrin,Russia,2021-09,1753
Q165706,Rodion Shchedrin,Russia,2021-10,2247
Q165706,Rodion Shchedrin,Russia,2021-11,2225
Q165706,Rodion Shchedrin,Russia,2021-12,2187
Q165706,Rodion Shchedrin,Russia,2022-01,2350
Q165706,Rodion Shchedrin,Russia,2022-02,2116
Q165706,Rodion Shchedrin,Russia,2022-03,2683
Q165706,Rodion Shchedrin,Russia,2022-04,2291
Q165706,Rodion Shchedrin,Russia,2022-05,2248
Q165706,Rodion Shchedrin,Russia,2022-06,1948
Q165706,Rodion Shchedrin,Russia,2022-07,2147
Q165706,Rodion Shchedrin,Russia,2022-08,2060
Q165706,Rodion Shchedrin,Russia,2022-09,1803
Q165706,Rodion Shchedrin,Russia,2022-10,2089
Q165706,Rodion Shchedrin,Russia,2022-11,2717
Q165706,Rodion Shchedrin,Russia,2022-12,4749
Q165706,Rodion Shchedrin,Russia,2023-01,2662
Q165706,Rodion Shchedrin,Russia,2023-02,2027
Q165706,Rodion Shchedrin,Russia,2023-03,2459
Q165706,Rodion Shchedrin,Russia,2023-04,2039
Q165706,Rodion Shchedrin,Russia,2023-05,2168
Q165706,Rodion Shchedrin,Russia,2023-06,1943
Q165706,Rodion Shchedrin,Russia,2023-07,2003
Q165706,Rodion Shchedrin,Russia,2023-08,1902
Q165706,Rodion Shchedrin,Russia,2023-09,2100
Q165706,Rodion Shchedrin,Russia,2023-10,2007
Q165706,Rodion Shchedrin,Russia,2023-11,2285
Q165706,Rodion Shchedrin,Russia,2023-12,3080
Q25872,Alexander Glazunov,Russia,2021-01,5196
Q25872,Alexander Glazunov,Russia,2021-02,4372
Q25872,Alexander Glazunov,Russia,2021-03,5055
Q25872,Alexander Glazunov,Russia,2021-04,4510
Q25872,Alexander Glazunov,Russia,2021-05,4535
Q25872,Alexander Glazunov,Russia,2021-06,3772
Q25872,Alexander Glazunov,Russia,2021-07,3630
Q25872,Alexander Glazunov,Russia,2021-08,4490
Q25872,Alexander Glazunov,Russia,2021-09,3873
Q25872,Alexander Glazunov,Russia,2021-10,4116
Q25872,Alexander Glazunov,Russia,2021-11,4306
Q25872,Alexander Glazunov,Russia,2021-12,4538
Q25872,Alexander Glazunov,Russia,2022-01,4961
Q25872,Alexander Glazunov,Russia,2022-02,4700
Q25872,Alexander Glazunov,Russia,2022-03,5933
Q25872,Alexander Glazunov,Russia,2022-04,4953
Q25872,Alexander Glazunov,Russia,2022-05,4749
Q25872,Alexander Glazunov,Russia,2022-06,4190
Q25872,Alexander Glazunov,Russia,2022-07,3808
Q25872,Alexander Glazunov,Russia,2022-08,4939
Q25872,Alexander Glazunov,Russia,2022-09,4042
Q25872,Alexander Glazunov,Russia,2022-10,4665
Q25872,Alexander Glazunov,Russia,2022-11,4706
Q25872,Alexander Glazunov,Russia,2022-12,4268
Q25872,Alexander Glazunov,Russia,2023-01,5085
Q25872,Alexander Glazunov,Russia,2023-02,4283
Q25872,Alexander Glazunov,Russia,2023-03,6075
Q25872,Alexander Glazunov,Russia,2023-04,4812
Q25872,Alexander Glazunov,Russia,2023-05,4443
Q25872,Alexander Glazunov,Russia,2023-06,3964
Q25872,Alexander Glazunov,Russia,2023-07,4052
Q25872,Alexander Glazunov,Russia,2023-08,4450
Q25872,Alexander Glazunov,Russia,2023-09,4170
Q25872,Alexander Glazunov,Russia,2023-10,4443
Q25872,Alexander Glazunov,Russia,2023-11,4681
Q25872,Alexander Glazunov,Russia,2023-12,5534
Q15001,Alexander Griboyedov,Russia,2021-01,2479
Q15001,Alexander Griboyedov,Russia,2021-02,2647
Q15001,Alexander Griboyedov,Russia,2021-03,3008
Q15001,Alexander Griboyedov,Russia,2021-04,2712
Q15001,Alexander Griboyedov,Russia,2021-05,2363
Q15001,Alexander Griboyedov,Russia,2021-06,2389
Q15001,Alexander Griboyedov,Russia,2021-07,2022
Q15001,Alexander Griboyedov,Russia,2021-08,3106
Q15001,Alexander Griboyedov,Russia,2021-09,2167
Q15001,Alexander Griboyedov,Russia,2021-10,2522
Q15001,Alexander Griboyedov,Russia,2021-11,2330
Q15001,Alexander Griboyedov,Russia,2021-12,3222
Q15001,Alexander Griboyedov,Russia,2022-01,2803
Q15001,Alexander Griboyedov,Russia,2022-02,4691
Q15001,Alexander Griboyedov,Russia,2022-03,4496
Q15001,Alexander Griboyedov,Russia,2022-04,4152
Q15001,Alexander Griboyedov,Russia,2022-05,3805
Q15001,Alexander Griboyedov,Russia,2022-06,3297
Q15001,Alexander Griboyedov,Russia,2022-07,3596
Q15001,Alexander Griboyedov,Russia,2022-08,2947
Q15001,Alexander Griboyedov,Russia,2022-09,2677
Q15001,Alexander Griboyedov,Russia,2022-10,2889
Q15001,Alexander Griboyedov,Russia,2022-11,2871
Q15001,Alexander Griboyedov,Russia,2022-12,3169
Q15001,Alexander Griboyedov,Russia,2023-01,2794
Q15001,Alexander Griboyedov,Russia,2023-02,2475
Q15001,Alexander Griboyedov,Russia,2023-03,2526
Q15001,Alexander Griboyedov,Russia,2023-04,2317
Q15001,Alexander Griboyedov,Russia,2023-05,2653
Q15001,Alexander Griboyedov,Russia,2023-06,2248
Q15001,Alexander Griboyedov,Russia,2023-07,2605
Q15001,Alexander Griboyedov,Russia,2023-08,2452
Q15001,Alexander Griboyedov,Russia,2023-09,2700
Q15001,Alexander Griboyedov,Russia,2023-10,2771
Q15001,Alexander Griboyedov,Russia,2023-11,2756
Q15001,Alexander Griboyedov,Russia,2023-12,2882
Q41223,Boris Pasternak,Russia,2021-01,26509
Q41223,Boris Pasternak,Russia,2021-02,96004
Q41223,Boris Pasternak,Russia,2021-03,29555
Q41223,Boris Pasternak,Russia,2021-04,21190
Q41223,Boris Pasternak,Russia,2021-05,21499
Q41223,Boris Pasternak,Russia,2021-06,24122
Q41223,Boris Pasternak,Russia,2021-07,18151
Q41223,Boris Pasternak,Russia,2021-08,18029
Q41223,Boris Pasternak,Russia,2021-09,20215
Q41223,Boris Pasternak,Russia,2021-10,23875
Q41223,Boris Pasternak,Russia,2021-11,21255
Q41223,Boris Pasternak,Russia,2021-12,23578
Q41223,Boris Pasternak,Russia,2022-01,25808
Q41223,Boris Pasternak,Russia,2022-02,24990
Q41223,Boris Pasternak,Russia,2022-03,26874
Q41223,Boris Pasternak,Russia,2022-04,18879
Q41223,Boris Pasternak,Russia,2022-05,17911
Q41223,Boris Pasternak,Russia,2022-06,16920
Q41223,Boris Pasternak,Russia,2022-07,17605
Q41223,Boris Pasternak,Russia,2022-08,19529
Q41223,Boris Pasternak,Russia,2022-09,16874
Q41223,Boris Pasternak,Russia,2022-10,20892
Q41223,Boris Pasternak,Russia,2022-11,37283
Q41223,Boris Pasternak,Russia,2022-12,22539
Q41223,Boris Pasternak,Russia,2023-01,23096
Q41223,Boris Pasternak,Russia,2023-02,21061
Q41223,Boris Pasternak,Russia,2023-03,24836
Q41223,Boris Pasternak,Russia,2023-04,29540
Q41223,Boris Pasternak,Russia,2023-05,19918
Q41223,Boris Pasternak,Russia,2023-06,16779
Q41223,Boris Pasternak,Russia,2023-07,19483
Q41223,Boris Pasternak,Russia,2023-08,21794
Q41223,Boris Pasternak,Russia,2023-09,17380
Q41223,Boris Pasternak,Russia,2023-10,19922
Q41223,Boris Pasternak,Russia,2023-11,19958
Q41223,Boris Pasternak,Russia,2023-12,21071
Q25873,Boris Berezovsky,Russia,2021-01,1159
Q25873,Boris Berezovsky,Russia,2021-02,1252
Q25873,Boris Berezovsky,Russia,2021-03,1253
Q25873,Boris Berezovsky,Russia,2021-04,1105
Q25873,Boris Berezovsky,Russia,2021-05,1167
Q25873,Boris Berezovsky,Russia,2021-06,1088
Q25873,Boris Berezovsky,Russia,2021-07,1063
Q25873,Boris Berezovsky,Russia,2021-08,973
Q25873,Boris Berezovsky,Russia,2021-09,847
Q25873,Boris Berezovsky,Russia,2021-10,1113
Q25873,Boris Berezovsky,Russia,2021-11,1023
Q25873,Boris Berezovsky,Russia,2021-12,867
Q25873,Boris Berezovsky,Russia,2022-01,1211
Q25873,Boris Berezovsky,Russia,2022-02,1176
Q25873,Boris Berezovsky,Russia,2022-03,6821
Q25873,Boris Berezovsky,Russia,2022-04,1359
Q25873,Boris Berezovsky,Russia,2022-05,1097
Q25873,Boris Berezovsky,Russia,2022-06,1170
Q25873,Boris Berezovsky,Russia,2022-07,1123
Q25873,Boris Berezovsky,Russia,2022-08,1086
Q25873,Boris Berezovsky,Russia,2022-09,1029
Q25873,Boris Berezovsky,Russia,2022-10,1285
Q25873,Boris Berezovsky,Russia,2022-11,991
Q25873,Boris Berezovsky,Russia,2022-12,921
Q25873,Boris Berezovsky,Russia,2023-01,1134
Q25873,Boris Berezovsky,Russia,2023-02,1082
Q25873,Boris Berezovsky,Russia,2023-03,1138
Q25873,Boris Berezovsky,Russia,2023-04,1022
Q25873,Boris Berezovsky,Russia,2023-05,871
Q25873,Boris Berezovsky,Russia,2023-06,1340
Q25873,Boris Berezovsky,Russia,2023-07,1055
Q25873,Boris Berezovsky,Russia,2023-08,990
Q25873,Boris Berezovsky,Russia,2023-09,1194
Q25873,Boris Berezovsky,Russia,2023-10,1282
Q25873,Boris Berezovsky,Russia,2023-11,1049
Q25873,Boris Berezovsky,Russia,2023-12,1069
Q185040,Mily Balakirev,Russia,2021-01,5826
Q185040,Mily Balakirev,Russia,2021-02,4672
Q185040,Mily Balakirev,Russia,2021-03,5313
Q185040,Mily Balakirev,Russia,2021-04,5267
Q185040,Mily Balakirev,Russia,2021-05,5086
Q185040,Mily Balakirev,Russia,2021-06,4369
Q185040,Mily Balakirev,Russia,2021-07,4450
Q185040,Mily Balakirev,Russia,2021-08,4297
Q185040,Mily Balakirev,Russia,2021-09,4939
Q185040,Mily Balakirev,Russia,2021-10,4575
Q185040,Mily Balakirev,Russia,2021-11,4688
Q185040,Mily Balakirev,Russia,2021-12,4131
Q185040,Mily Balakirev,Russia,2022-01,4587
Q185040,Mily Balakirev,Russia,2022-02,5490
Q185040,Mily Balakirev,Russia,2022-03,5574
Q185040,Mily Balakirev,Russia,2022-04,4761
Q185040,Mily Balakirev,Russia,2022-05,4913
Q185040,Mily Balakirev,Russia,2022-06,3779
Q185040,Mily Balakirev,Russia,2022-07,3511
Q185040,Mily Balakirev,Russia,2022-08,3913
Q185040,Mily Balakirev,Russia,2022-09,4410
Q185040,Mily Balakirev,Russia,2022-10,4246
Q185040,Mily Balakirev,Russia,2022-11,4307
Q185040,Mily Balakirev,Russia,2022-12,5305
Q185040,Mily Balakirev,Russia,2023-01,6312
Q185040,Mily Balakirev,Russia,2023-02,4002
Q185040,Mily Balakirev,Russia,2023-03,4947
Q185040,Mily Balakirev,Russia,2023-04,3984
Q185040,Mily Balakirev,Russia,2023-05,4774
Q185040,Mily Balakirev,Russia,2023-06,3674
Q185040,Mily Balakirev,Russia,2023-07,3756
Q185040,Mily Balakirev,Russia,2023-08,3750
Q185040,Mily Balakirev,Russia,2023-09,4530
Q185040,Mily Balakirev,Russia,2023-10,4396
Q185040,Mily Balakirev,Russia,2023-11,4442
Q185040,Mily Balakirev,Russia,2023-12,5471
Q181145,Issay Dobrowen,Russia,2021-01,440
Q181145,Issay Dobrowen,Russia,2021-02,400
Q181145,Issay Dobrowen,Russia,2021-03,403
Q181145,Issay Dobrowen,Russia,2021-04,324
Q181145,Issay Dobrowen,Russia,2021-05,345
Q181145,Issay Dobrowen,Russia,2021-06,360
Q181145,Issay Dobrowen,Russia,2021-07,315
Q181145,Issay Dobrowen,Russia,2021-08,350
Q181145,Issay Dobrowen,Russia,2021-09,276
Q181145,Issay Dobrowen,Russia,2021-10,346
Q181145,Issay Dobrowen,Russia,2021-11,335
Q181145,Issay Dobrowen,Russia,2021-12,319
Q181145,Issay Dobrowen,Russia,2022-01,330
Q181145,Issay Dobrowen,Russia,2022-02,352
Q181145,Issay Dobrowen,Russia,2022-03,336
Q181145,Issay Dobrowen,Russia,2022-04,366
Q181145,Issay Dobrowen,Russia,2022-05,381
Q181145,Issay Dobrowen,Russia,2022-06,318
Q181145,Issay Dobrowen,Russia,2022-07,441
Q181145,Issay Dobrowen,Russia,2022-08,354
Q181145,Issay Dobrowen,Russia,2022-09,279
Q181145,Issay Dobrowen,Russia,2022-10,315
Q181145,Issay Dobrowen,Russia,2022-11,311
Q181145,Issay Dobrowen,Russia,2022-12,311
Q181145,Issay Dobrowen,Russia,2023-01,270
Q181145,Issay Dobrowen,Russia,2023-02,332
Q181145,Issay Dobrowen,Russia,2023-03,317
Q181145,Issay Dobrowen,Russia,2023-04,291
Q181145,Issay Dobrowen,Russia,2023-05,304
Q181145,Issay Dobrowen,Russia,2023-06,269
Q181145,Issay Dobrowen,Russia,2023-07,278
Q181145,Issay Dobrowen,Russia,2023-08,299
Q181145,Issay Dobrowen,Russia,2023-09,308
Q181145,Issay Dobrowen,Russia,2023-10,292
Q181145,Issay Dobrowen,Russia,2023-11,359
Q181145,Issay Dobrowen,Russia,2023-12,332
Q185647,Alexander Scriabin,Russia,2021-01,17519
Q185647,Alexander Scriabin,Russia,2021-02,14453
Q185647,Alexander Scriabin,Russia,2021-03,16441
Q185647,Alexander Scriabin,Russia,2021-04,14951
Q185647,Alexander Scriabin,Russia,2021-05,14070
Q185647,Alexander Scriabin,Russia,2021-06,12033
Q185647,Alexander Scriabin,Russia,2021-07,11191
Q185647,Alexander Scriabin,Russia,2021-08,11449
Q185647,Alexander Scriabin,Russia,2021-09,12754
Q185647,Alexander Scriabin,Russia,2021-10,13469
Q185647,Alexander Scriabin,Russia,2021-11,12707
Q185647,Alexander Scriabin,Russia,2021-12,12514
Q185647,Alexander Scriabin,Russia,2022-01,19163
Q185647,Alexander Scriabin,Russia,2022-02,15820
Q185647,Alexander Scriabin,Russia,2022-03,17094
Q185647,Alexander Scriabin,Russia,2022-04,15044
Q185647,Alexander Scriabin,Russia,2022-05,13800
Q185647,Alexander Scriabin,Russia,2022-06,12407
Q185647,Alexander Scriabin,Russia,2022-07,11768
Q185647,Alexander Scriabin,Russia,2022-08,12015
Q185647,Alexander Scriabin,Russia,2022-09,14812
Q185647,Alexander Scriabin,Russia,2022-10,15720
Q185647,Alexander Scriabin,Russia,2022-11,14524
Q185647,Alexander Scriabin,Russia,2022-12,14375
Q185647,Alexander Scriabin,Russia,2023-01,17529
Q185647,Alexander Scriabin,Russia,2023-02,15379
Q185647,Alexander Scriabin,Russia,2023-03,19024
Q185647,Alexander Scriabin,Russia,2023-04,15295
Q185647,Alexander Scriabin,Russia,2023-05,14519
Q185647,Alexander Scriabin,Russia,2023-06,12342
Q185647,Alexander Scriabin,Russia,2023-07,12587
Q185647,Alexander Scriabin,Russia,2023-08,13591
Q185647,Alexander Scriabin,Russia,2023-09,13888
Q185647,Alexander Scriabin,Russia,2023-10,14547
Q185647,Alexander Scriabin,Russia,2023-11,14834
Q185647,Alexander Scriabin,Russia,2023-12,15277
Q93837,Lukas Geniušas,Russia,2021-01,463
Q93837,Lukas Geniušas,Russia,2021-02,486
Q93837,Lukas Geniušas,Russia,2021-03,452
Q93837,Lukas Geniušas,Russia,2021-04,439
Q93837,Lukas Geniušas,Russia,2021-05,489
Q93837,Lukas Geniušas,Russia,2021-06,638
Q93837,Lukas Geniušas,Russia,2021-07,593
Q93837,Lukas Geniušas,Russia,2021-08,502
Q93837,Lukas Geniušas,Russia,2021-09,559
Q93837,Lukas Geniušas,Russia,2021-10,1422
Q93837,Lukas Geniušas,Russia,2021-11,459
Q93837,Lukas Geniušas,Russia,2021-12,397
Q93837,Lukas Geniušas,Russia,2022-01,528
Q93837,Lukas Geniušas,Russia,2022-02,503
Q93837,Lukas Geniušas,Russia,2022-03,570
Q93837,Lukas Geniušas,Russia,2022-04,408
Q93837,Lukas Geniušas,Russia,2022-05,538
Q93837,Lukas Geniušas,Russia,2022-06,1736
Q93837,Lukas Geniušas,Russia,2022-07,599
Q93837,Lukas Geniušas,Russia,2022-08,500
Q93837,Lukas Geniušas,Russia,2022-09,511
Q93837,Lukas Geniušas,Russia,2022-10,556
Q93837,Lukas Geniušas,Russia,2022-11,630
Q93837,Lukas Geniušas,Russia,2022-12,422
Q93837,Lukas Geniušas,Russia,2023-01,512
Q93837,Lukas Geniušas,Russia,2023-02,554
Q93837,Lukas Geniušas,Russia,2023-03,546
Q93837,Lukas Geniušas,Russia,2023-04,593
Q93837,Lukas Geniušas,Russia,2023-05,539
Q93837,Lukas Geniušas,Russia,2023-06,711
Q93837,Lukas Geniušas,Russia,2023-07,553
Q93837,Lukas Geniušas,Russia,2023-08,708
Q93837,Lukas Geniušas,Russia,2023-09,752
Q93837,Lukas Geniušas,Russia,2023-10,897
Q93837,Lukas Geniušas,Russia,2023-11,563
Q93837,Lukas Geniušas,Russia,2023-12,550
Q3561871,Vladimir Sokolov,Russia,2021-01,88
Q3561871,Vladimir Sokolov,Russia,2021-02,86
Q3561871,Vladimir Sokolov,Russia,2021-03,96
Q3561871,Vladimir Sokolov,Russia,2021-04,101
Q3561871,Vladimir Sokolov,Russia,2021-05,94
Q3561871,Vladimir Sokolov,Russia,2021-06,69
Q3561871,Vladimir Sokolov,Russia,2021-07,111
Q3561871,Vladimir Sokolov,Russia,2021-08,115
Q3561871,Vladimir Sokolov,Russia,2021-09,90
Q3561871,Vladimir Sokolov,Russia,2021-10,76
Q3561871,Vladimir Sokolov,Russia,2021-11,101
Q3561871,Vladimir Sokolov,Russia,2021-12,71
Q3561871,Vladimir Sokolov,Russia,2022-01,72
Q3561871,Vladimir Sokolov,Russia,2022-02,90
Q3561871,Vladimir Sokolov,Russia,2022-03,77
Q3561871,Vladimir Sokolov,Russia,2022-04,96
Q3561871,Vladimir Sokolov,Russia,2022-05,88
Q3561871,Vladimir Sokolov,Russia,2022-06,67
Q3561871,Vladimir Sokolov,Russia,2022-07,69
Q3561871,Vladimir Sokolov,Russia,2022-08,78
Q3561871,Vladimir Sokolov,Russia,2022-09,83
Q3561871,Vladimir Sokolov,Russia,2022-10,131
Q3561871,Vladimir Sokolov,Russia,2022-11,63
Q3561871,Vladimir Sokolov,Russia,2022-12,114
Q3561871,Vladimir Sokolov,Russia,2023-01,79
Q3561871,Vladimir Sokolov,Russia,2023-02,41
Q3561871,Vladimir Sokolov,Russia,2023-03,69
Q3561871,Vladimir Sokolov,Russia,2023-04,81
Q3561871,Vladimir Sokolov,Russia,2023-05,58
Q3561871,Vladimir Sokolov,Russia,2023-06,63
Q3561871,Vladimir Sokolov,Russia,2023-07,53
Q3561871,Vladimir Sokolov,Russia,2023-08,55
Q3561871,Vladimir Sokolov,Russia,2023-09,74
Q3561871,Vladimir Sokolov,Russia,2023-10,64
Q3561871,Vladimir Sokolov,Russia,2023-11,70
Q3561871,Vladimir Sokolov,Russia,2023-12,57
Q4082105,Simeon Bellison,Russia,2021-01,126
Q4082105,Simeon Bellison,Russia,2021-02,139
Q4082105,Simeon Bellison,Russia,2021-03,139
Q4082105,Simeon Bellison,Russia,2021-04,145
Q4082105,Simeon Bellison,Russia,2021-05,114
Q4082105,Simeon Bellison,Russia,2021-06,121
Q4082105,Simeon Bellison,Russia,2021-07,92
Q4082105,Simeon Bellison,Russia,2021-08,120
Q4082105,Simeon Bellison,Russia,2021-09,113
Q4082105,Simeon Bellison,Russia,2021-10,125
Q4082105,Simeon Bellison,Russia,2021-11,127
Q4082105,Simeon Bellison,Russia,2021-12,123
Q4082105,Simeon Bellison,Russia,2022-01,109
Q4082105,Simeon Bellison,Russia,2022-02,122
Q4082105,Simeon Bellison,Russia,2022-03,119
Q4082105,Simeon Bellison,Russia,2022-04,97
Q4082105,Simeon Bellison,Russia,2022-05,140
Q4082105,Simeon Bellison,Russia,2022-06,146
Q4082105,Simeon Bellison,Russia,2022-07,130
Q4082105,Simeon Bellison,Russia,2022-08,139
Q4082105,Simeon Bellison,Russia,2022-09,126
Q4082105,Simeon Bellison,Russia,2022-10,120
Q4082105,Simeon Bellison,Russia,2022-11,120
Q4082105,Simeon Bellison,Russia,2022-12,180
Q4082105,Simeon Bellison,Russia,2023-01,154
Q4082105,Simeon Bellison,Russia,2023-02,106
Q4082105,Simeon Bellison,Russia,2023-03,113
Q4082105,Simeon Bellison,Russia,2023-04,108
Q4082105,Simeon Bellison,Russia,2023-05,90
Q4082105,Simeon Bellison,Russia,2023-06,111
Q4082105,Simeon Bellison,Russia,2023-07,125
Q4082105,Simeon Bellison,Russia,2023-08,120
Q4082105,Simeon Bellison,Russia,2023-09,150
Q4082105,Simeon Bellison,Russia,2023-10,197
Q4082105,Simeon Bellison,Russia,2023-11,120
Q4082105,Simeon Bellison,Russia,2023-12,127
Q4142,T-killah,Russia,2022-09,127
Q4142,T-killah,Russia,2022-10,229
Q4142,T-killah,Russia,2022-11,313
Q4142,T-killah,Russia,2022-12,246
Q4142,T-killah,Russia,2023-01,275
Q4142,T-killah,Russia,2023-02,199
Q4142,T-killah,Russia,2023-03,314
Q4142,T-killah,Russia,2023-04,247
Q4142,T-killah,Russia,2023-05,301
Q4142,T-killah,Russia,2023-06,273
Q4142,T-killah,Russia,2023-07,388
Q4142,T-killah,Russia,2023-08,274
Q4142,T-killah,Russia,2023-09,342
Q4142,T-killah,Russia,2023-10,357
Q4142,T-killah,Russia,2023-11,286
Q4142,T-killah,Russia,2023-12,280
Q2829046,Akim Kozlov,Russia,2021-01,60
Q2829046,Akim Kozlov,Russia,2021-02,36
Q2829046,Akim Kozlov,Russia,2021-03,39
Q2829046,Akim Kozlov,Russia,2021-04,50
Q2829046,Akim Kozlov,Russia,2021-05,60
Q2829046,Akim Kozlov,Russia,2021-06,38
Q2829046,Akim Kozlov,Russia,2021-07,55
Q2829046,Akim Kozlov,Russia,2021-08,49
Q2829046,Akim Kozlov,Russia,2021-09,60
Q2829046,Akim Kozlov,Russia,2021-10,51
Q2829046,Akim Kozlov,Russia,2021-11,38
Q2829046,Akim Kozlov,Russia,2021-12,38
Q2829046,Akim Kozlov,Russia,2022-01,32
Q2829046,Akim Kozlov,Russia,2022-02,38
Q2829046,Akim Kozlov,Russia,2022-03,60
Q2829046,Akim Kozlov,Russia,2022-04,35
Q2829046,Akim Kozlov,Russia,2022-05,17
Q2829046,Akim Kozlov,Russia,2022-06,43
Q2829046,Akim Kozlov,Russia,2022-07,41
Q2829046,Akim Kozlov,Russia,2022-08,46
Q2829046,Akim Kozlov,Russia,2022-09,44
Q2829046,Akim Kozlov,Russia,2022-10,51
Q2829046,Akim Kozlov,Russia,2022-11,38
Q2829046,Akim Kozlov,Russia,2022-12,38
Q2829046,Akim Kozlov,Russia,2023-01,42
Q2829046,Akim Kozlov,Russia,2023-02,29
Q2829046,Akim Kozlov,Russia,2023-03,37
Q2829046,Akim Kozlov,Russia,2023-04,31
Q2829046,Akim Kozlov,Russia,2023-05,20
Q2829046,Akim Kozlov,Russia,2023-06,31
Q2829046,Akim Kozlov,Russia,2023-07,32
Q2829046,Akim Kozlov,Russia,2023-08,25
Q2829046,Akim Kozlov,Russia,2023-09,35
Q2829046,Akim Kozlov,Russia,2023-10,118
Q2829046,Akim Kozlov,Russia,2023-11,29
Q2829046,Akim Kozlov,Russia,2023-12,32
Q662909,Lev Mikhailov,Russia,2021-01,50
Q662909,Lev Mikhailov,Russia,2021-02,109
Q662909,Lev Mikhailov,Russia,2021-03,85
Q662909,Lev Mikhailov,Russia,2021-04,85
Q662909,Lev Mikhailov,Russia,2021-05,92
Q662909,Lev Mikhailov,Russia,2021-06,113
Q662909,Lev Mikhailov,Russia,2021-07,134
Q662909,Lev Mikhailov,Russia,2021-08,187
Q662909,Lev Mikhailov,Russia,2021-09,198
Q662909,Lev Mikhailov,Russia,2021-10,176
Q662909,Lev Mikhailov,Russia,2021-11,130
Q662909,Lev Mikhailov,Russia,2021-12,147
Q662909,Lev Mikhailov,Russia,2022-01,177
Q662909,Lev Mikhailov,Russia,2022-02,181
Q662909,Lev Mikhailov,Russia,2022-03,218
Q662909,Lev Mikhailov,Russia,2022-04,234
Q662909,Lev Mikhailov,Russia,2022-05,184
Q662909,Lev Mikhailov,Russia,2022-06,196
Q662909,Lev Mikhailov,Russia,2022-07,129
Q662909,Lev Mikhailov,Russia,2022-08,67
Q662909,Lev Mikhailov,Russia,2022-09,80
Q662909,Lev Mikhailov,Russia,2022-10,71
Q662909,Lev Mikhailov,Russia,2022-11,71
Q662909,Lev Mikhailov,Russia,2022-12,45
Q662909,Lev Mikhailov,Russia,2023-01,120
Q662909,Lev Mikhailov,Russia,2023-02,51
Q662909,Lev Mikhailov,Russia,2023-03,39
Q662909,Lev Mikhailov,Russia,2023-04,60
Q662909,Lev Mikhailov,Russia,2023-05,46
Q662909,Lev Mikhailov,Russia,2023-06,49
Q662909,Lev Mikhailov,Russia,2023-07,53
Q662909,Lev Mikhailov,Russia,2023-08,55
Q662909,Lev Mikhailov,Russia,2023-09,60
Q662909,Lev Mikhailov,Russia,2023-10,49
Q662909,Lev Mikhailov,Russia,2023-11,66
Q662909,Lev Mikhailov,Russia,2023-12,65
Q3479766,Sergei Rozanov,Russia,2021-01,154
Q3479766,Sergei Rozanov,Russia,2021-02,182
Q3479766,Sergei Rozanov,Russia,2021-03,339
Q3479766,Sergei Rozanov,Russia,2021-04,198
Q3479766,Sergei Rozanov,Russia,2021-05,154
Q3479766,Sergei Rozanov,Russia,2021-06,104
Q3479766,Sergei Rozanov,Russia,2021-07,111
Q3479766,Sergei Rozanov,Russia,2021-08,110
Q3479766,Sergei Rozanov,Russia,2021-09,133
Q3479766,Sergei Rozanov,Russia,2021-10,145
Q3479766,Sergei Rozanov,Russia,2021-11,143
Q3479766,Sergei Rozanov,Russia,2021-12,125
Q3479766,Sergei Rozanov,Russia,2022-01,125
Q3479766,Sergei Rozanov,Russia,2022-02,327
Q3479766,Sergei Rozanov,Russia,2022-03,130
Q3479766,Sergei Rozanov,Russia,2022-04,110
Q3479766,Sergei Rozanov,Russia,2022-05,119
Q3479766,Sergei Rozanov,Russia,2022-06,82
Q3479766,Sergei Rozanov,Russia,2022-07,82
Q3479766,Sergei Rozanov,Russia,2022-08,121
Q3479766,Sergei Rozanov,Russia,2022-09,102
Q3479766,Sergei Rozanov,Russia,2022-10,78
Q3479766,Sergei Rozanov,Russia,2022-11,137
Q3479766,Sergei Rozanov,Russia,2022-12,115
Q3479766,Sergei Rozanov,Russia,2023-01,98
Q3479766,Sergei Rozanov,Russia,2023-02,87
Q3479766,Sergei Rozanov,Russia,2023-03,116
Q3479766,Sergei Rozanov,Russia,2023-04,104
Q3479766,Sergei Rozanov,Russia,2023-05,178
Q3479766,Sergei Rozanov,Russia,2023-06,103
Q3479766,Sergei Rozanov,Russia,2023-07,165
Q3479766,Sergei Rozanov,Russia,2023-08,85
Q3479766,Sergei Rozanov,Russia,2023-09,103
Q3479766,Sergei Rozanov,Russia,2023-10,83
Q3479766,Sergei Rozanov,Russia,2023-11,70
Q3479766,Sergei Rozanov,Russia,2023-12,85
Q100759,Igor Levit,Russia,2021-01,38867
Q100759,Igor Levit,Russia,2021-02,2873
Q100759,Igor Levit,Russia,2021-03,5718
Q100759,Igor Levit,Russia,2021-04,6061
Q100759,Igor Levit,Russia,2021-05,20181
Q100759,Igor Levit,Russia,2021-06,8528
Q100759,Igor Levit,Russia,2021-07,4097
Q100759,Igor Levit,Russia,2021-08,10671
Q100759,Igor Levit,Russia,2021-09,7128
Q100759,Igor Levit,Russia,2021-10,3870
Q100759,Igor Levit,Russia,2021-11,3093
Q100759,Igor Levit,Russia,2021-12,3194
Q100759,Igor Levit,Russia,2022-01,4895
Q100759,Igor Levit,Russia,2022-02,3160
Q100759,Igor Levit,Russia,2022-03,3683
Q100759,Igor Levit,Russia,2022-04,2755
Q100759,Igor Levit,Russia,2022-05,2824
Q100759,Igor Levit,Russia,2022-06,2120
Q100759,Igor Levit,Russia,2022-07,3312
Q100759,Igor Levit,Russia,2022-08,2634
Q100759,Igor Levit,Russia,2022-09,3860
Q100759,Igor Levit,Russia,2022-10,4742
Q100759,Igor Levit,Russia,2022-11,3907
Q100759,Igor Levit,Russia,2022-12,2365
Q100759,Igor Levit,Russia,2023-01,3134
Q100759,Igor Levit,Russia,2023-02,2686
Q100759,Igor Levit,Russia,2023-03,3284
Q100759,Igor Levit,Russia,2023-04,2108
Q100759,Igor Levit,Russia,2023-05,3205
Q100759,Igor Levit,Russia,2023-06,3773
Q100759,Igor Levit,Russia,2023-07,2526
Q100759,Igor Levit,Russia,2023-08,4929
Q100759,Igor Levit,Russia,2023-09,3514
Q100759,Igor Levit,Russia,2023-10,3999
Q100759,Igor Levit,Russia,2023-11,3833
Q100759,Igor Levit,Russia,2023-12,4063
Q157785,Vladimir Ashkenazy,Russia,2021-01,7418
Q157785,Vladimir Ashkenazy,Russia,2021-02,6495
Q157785,Vladimir Ashkenazy,Russia,2021-03,6527
Q157785,Vladimir Ashkenazy,Russia,2021-04,6427
Q157785,Vladimir Ashkenazy,Russia,2021-05,6202
Q157785,Vladimir Ashkenazy,Russia,2021-06,5516
Q157785,Vladimir Ashkenazy,Russia,2021-07,6007
Q157785,Vladimir Ashkenazy,Russia,2021-08,5770
Q157785,Vladimir Ashkenazy,Russia,2021-09,5478
Q157785,Vladimir Ashkenazy,Russia,2021-10,8598
Q157785,Vladimir Ashkenazy,Russia,2021-11,6020
Q157785,Vladimir Ashkenazy,Russia,2021-12,5715
Q157785,Vladimir Ashkenazy,Russia,2022-01,6660
Q157785,Vladimir Ashkenazy,Russia,2022-02,6200
Q157785,Vladimir Ashkenazy,Russia,2022-03,6832
Q157785,Vladimir Ashkenazy,Russia,2022-04,5978
Q157785,Vladimir Ashkenazy,Russia,2022-05,5765
Q157785,Vladimir Ashkenazy,Russia,2022-06,5218
Q157785,Vladimir Ashkenazy,Russia,2022-07,6153
Q157785,Vladimir Ashkenazy,Russia,2022-08,5896
Q157785,Vladimir Ashkenazy,Russia,2022-09,5511
Q157785,Vladimir Ashkenazy,Russia,2022-10,6089
Q157785,Vladimir Ashkenazy,Russia,2022-11,6603
Q157785,Vladimir Ashkenazy,Russia,2022-12,5694
Q157785,Vladimir Ashkenazy,Russia,2023-01,6876
Q157785,Vladimir Ashkenazy,Russia,2023-02,6260
Q157785,Vladimir Ashkenazy,Russia,2023-03,7574
Q157785,Vladimir Ashkenazy,Russia,2023-04,6442
Q157785,Vladimir Ashkenazy,Russia,2023-05,7265
Q157785,Vladimir Ashkenazy,Russia,2023-06,5635
Q157785,Vladimir Ashkenazy,Russia,2023-07,7261
Q157785,Vladimir Ashkenazy,Russia,2023-08,6581
Q157785,Vladimir Ashkenazy,Russia,2023-09,6587
Q157785,Vladimir Ashkenazy,Russia,2023-10,6159
Q157785,Vladimir Ashkenazy,Russia,2023-11,6420
Q157785,Vladimir Ashkenazy,Russia,2023-12,6771
Q229065,Tina Karol,Russia,2021-01,11585
Q229065,Tina Karol,Russia,2021-02,11149
Q229065,Tina Karol,Russia,2021-03,11687
Q229065,Tina Karol,Russia,2021-04,10138
Q229065,Tina Karol,Russia,2021-05,8480
Q229065,Tina Karol,Russia,2021-06,8056
Q229065,Tina Karol,Russia,2021-07,9742
Q229065,Tina Karol,Russia,2021-08,10917
Q229065,Tina Karol,Russia,2021-09,10176
Q229065,Tina Karol,Russia,2021-10,9002
Q229065,Tina Karol,Russia,2021-11,8606
Q229065,Tina Karol,Russia,2021-12,8083
Q229065,Tina Karol,Russia,2022-01,10002
Q229065,Tina Karol,Russia,2022-02,12666
Q229065,Tina Karol,Russia,2022-03,16284
Q229065,Tina Karol,Russia,2022-04,11087
Q229065,Tina Karol,Russia,2022-05,12640
Q229065,Tina Karol,Russia,2022-06,7594
Q229065,Tina Karol,Russia,2022-07,8188
Q229065,Tina Karol,Russia,2022-08,7791
Q229065,Tina Karol,Russia,2022-09,8328
Q229065,Tina Karol,Russia,2022-10,8817
Q229065,Tina Karol,Russia,2022-11,7646
Q229065,Tina Karol,Russia,2022-12,7219
Q229065,Tina Karol,Russia,2023-01,7616
Q229065,Tina Karol,Russia,2023-02,6452
Q229065,Tina Karol,Russia,2023-03,7680
Q229065,Tina Karol,Russia,2023-04,8885
Q229065,Tina Karol,Russia,2023-05,21747
Q229065,Tina Karol,Russia,2023-06,6680
Q229065,Tina Karol,Russia,2023-07,6905
Q229065,Tina Karol,Russia,2023-08,7067
Q229065,Tina Karol,Russia,2023-09,5230
Q229065,Tina Karol,Russia,2023-10,5645
Q229065,Tina Karol,Russia,2023-11,6050
Q229065,Tina Karol,Russia,2023-12,7849
Q229274,Regina Spektor,Russia,2021-01,40471
Q229274,Regina Spektor,Russia,2021-02,32832
Q229274,Regina Spektor,Russia,2021-03,36339
Q229274,Regina Spektor,Russia,2021-04,35434
Q229274,Regina Spektor,Russia,2021-05,34196
Q229274,Regina Spektor,Russia,2021-06,31233
Q229274,Regina Spektor,Russia,2021-07,32507
Q229274,Regina Spektor,Russia,2021-08,31719
Q229274,Regina Spektor,Russia,2021-09,29346
Q229274,Regina Spektor,Russia,2021-10,38785
Q229274,Regina Spektor,Russia,2021-11,32011
Q229274,Regina Spektor,Russia,2021-12,31794
Q229274,Regina Spektor,Russia,2022-01,45535
Q229274,Regina Spektor,Russia,2022-02,47213
Q229274,Regina Spektor,Russia,2022-03,40979
Q229274,Regina Spektor,Russia,2022-04,37329
Q229274,Regina Spektor,Russia,2022-05,42581
Q229274,Regina Spektor,Russia,2022-06,78167
Q229274,Regina Spektor,Russia,2022-07,63470
Q229274,Regina Spektor,Russia,2022-08,97221
Q229274,Regina Spektor,Russia,2022-09,49521
Q229274,Regina Spektor,Russia,2022-10,49359
Q229274,Regina Spektor,Russia,2022-11,44572
Q229274,Regina Spektor,Russia,2022-12,47624
Q229274,Regina Spektor,Russia,2023-01,69736
Q229274,Regina Spektor,Russia,2023-02,48787
Q229274,Regina Spektor,Russia,2023-03,62517
Q229274,Regina Spektor,Russia,2023-04,43713
Q229274,Regina Spektor,Russia,2023-05,46589
Q229274,Regina Spektor,Russia,2023-06,42264
Q229274,Regina Spektor,Russia,2023-07,54242
Q229274,Regina Spektor,Russia,2023-08,60156
Q229274,Regina Spektor,Russia,2023-09,38002
Q229274,Regina Spektor,Russia,2023-10,45389
Q229274,Regina Spektor,Russia,2023-11,59855
Q229274,Regina Spektor,Russia,2023-12,39474
Q236229,Lyubov Orlova,Russia,2021-01,2221
Q236229,Lyubov Orlova,Russia,2021-02,2584
Q236229,Lyubov Orlova,Russia,2021-03,2352
Q236229,Lyubov Orlova,Russia,2021-04,2373
Q236229,Lyubov Orlova,Russia,2021-05,2792
Q236229,Lyubov Orlova,Russia,2021-06,1942
Q236229,Lyubov Orlova,Russia,2021-07,1923
Q236229,Lyubov Orlova,Russia,2021-08,2066
Q236229,Lyubov Orlova,Russia,2021-09,1959
Q236229,Lyubov Orlova,Russia,2021-10,1857
Q236229,Lyubov Orlova,Russia,2021-11,1750
Q236229,Lyubov Orlova,Russia,2021-12,1779
Q236229,Lyubov Orlova,Russia,2022-01,2351
Q236229,Lyubov Orlova,Russia,2022-02,2927
Q236229,Lyubov Orlova,Russia,2022-03,2786
Q236229,Lyubov Orlova,Russia,2022-04,2608
Q236229,Lyubov Orlova,Russia,2022-05,2183
Q236229,Lyubov Orlova,Russia,2022-06,2081
Q236229,Lyubov Orlova,Russia,2022-07,2082
Q236229,Lyubov Orlova,Russia,2022-08,2741
Q236229,Lyubov Orlova,Russia,2022-09,2160
Q236229,Lyubov Orlova,Russia,2022-10,2210
Q236229,Lyubov Orlova,Russia,2022-11,2176
Q236229,Lyubov Orlova,Russia,2022-12,1912
Q236229,Lyubov Orlova,Russia,2023-01,2334
Q236229,Lyubov Orlova,Russia,2023-02,2247
Q236229,Lyubov Orlova,Russia,2023-03,3057
Q236229,Lyubov Orlova,Russia,2023-04,2807
Q236229,Lyubov Orlova,Russia,2023-05,2426
Q236229,Lyubov Orlova,Russia,2023-06,2497
Q236229,Lyubov Orlova,Russia,2023-07,2592
Q236229,Lyubov Orlova,Russia,2023-08,2666
Q236229,Lyubov Orlova,Russia,2023-09,2442
Q236229,Lyubov Orlova,Russia,2023-10,2304
Q236229,Lyubov Orlova,Russia,2023-11,2411
Q236229,Lyubov Orlova,Russia,2023-12,2348
Q233463,Olesya Rulin,Russia,2021-01,16238
Q233463,Olesya Rulin,Russia,2021-02,14901
Q233463,Olesya Rulin,Russia,2021-03,14682
Q233463,Olesya Rulin,Russia,2021-04,12979
Q233463,Olesya Rulin,Russia,2021-05,14672
Q233463,Olesya Rulin,Russia,2021-06,12108
Q233463,Olesya Rulin,Russia,2021-07,11670
Q233463,Olesya Rulin,Russia,2021-08,11019
Q233463,Olesya Rulin,Russia,2021-09,9962
Q233463,Olesya Rulin,Russia,2021-10,13659
Q233463,Olesya Rulin,Russia,2021-11,9590
Q233463,Olesya Rulin,Russia,2021-12,9975
Q233463,Olesya Rulin,Russia,2022-01,9946
Q233463,Olesya Rulin,Russia,2022-02,8810
Q233463,Olesya Rulin,Russia,2022-03,11336
Q233463,Olesya Rulin,Russia,2022-04,9895
Q233463,Olesya Rulin,Russia,2022-05,9438
Q233463,Olesya Rulin,Russia,2022-06,8470
Q233463,Olesya Rulin,Russia,2022-07,12316
Q233463,Olesya Rulin,Russia,2022-08,14363
Q233463,Olesya Rulin,Russia,2022-09,10975
Q233463,Olesya Rulin,Russia,2022-10,14378
Q233463,Olesya Rulin,Russia,2022-11,9947
Q233463,Olesya Rulin,Russia,2022-12,8541
Q233463,Olesya Rulin,Russia,2023-01,12500
Q233463,Olesya Rulin,Russia,2023-02,10249
Q233463,Olesya Rulin,Russia,2023-03,12996
Q233463,Olesya Rulin,Russia,2023-04,10927
Q233463,Olesya Rulin,Russia,2023-05,10512
Q233463,Olesya Rulin,Russia,2023-06,11035
Q233463,Olesya Rulin,Russia,2023-07,13613
Q233463,Olesya Rulin,Russia,2023-08,17107
Q233463,Olesya Rulin,Russia,2023-09,13957
Q233463,Olesya Rulin,Russia,2023-10,15482
Q233463,Olesya Rulin,Russia,2023-11,10528
Q233463,Olesya Rulin,Russia,2023-12,10560
Q241503,Lera Auerbach,Russia,2021-01,1840
Q241503,Lera Auerbach,Russia,2021-02,1585
Q241503,Lera Auerbach,Russia,2021-03,1877
Q241503,Lera Auerbach,Russia,2021-04,1874
Q241503,Lera Auerbach,Russia,2021-05,1614
Q241503,Lera Auerbach,Russia,2021-06,1204
Q241503,Lera Auerbach,Russia,2021-07,974
Q241503,Lera Auerbach,Russia,2021-08,1184
Q241503,Lera Auerbach,Russia,2021-09,1583
Q241503,Lera Auerbach,Russia,2021-10,1754
Q241503,Lera Auerbach,Russia,2021-11,1376
Q241503,Lera Auerbach,Russia,2021-12,1521
Q241503,Lera Auerbach,Russia,2022-01,1960
Q241503,Lera Auerbach,Russia,2022-02,2782
Q241503,Lera Auerbach,Russia,2022-03,1979
Q241503,Lera Auerbach,Russia,2022-04,1426
Q241503,Lera Auerbach,Russia,2022-05,1393
Q241503,Lera Auerbach,Russia,2022-06,1035
Q241503,Lera Auerbach,Russia,2022-07,1075
Q241503,Lera Auerbach,Russia,2022-08,1352
Q241503,Lera Auerbach,Russia,2022-09,1380
Q241503,Lera Auerbach,Russia,2022-10,1586
Q241503,Lera Auerbach,Russia,2022-11,1434
Q241503,Lera Auerbach,Russia,2022-12,1038
Q241503,Lera Auerbach,Russia,2023-01,1227
Q241503,Lera Auerbach,Russia,2023-02,3065
Q241503,Lera Auerbach,Russia,2023-03,1460
Q241503,Lera Auerbach,Russia,2023-04,1544
Q241503,Lera Auerbach,Russia,2023-05,1734
Q241503,Lera Auerbach,Russia,2023-06,1163
Q241503,Lera Auerbach,Russia,2023-07,1057
Q241503,Lera Auerbach,Russia,2023-08,1151
Q241503,Lera Auerbach,Russia,2023-09,1560
Q241503,Lera Auerbach,Russia,2023-10,2041
Q241503,Lera Auerbach,Russia,2023-11,1195
Q241503,Lera Auerbach,Russia,2023-12,1585
Q239652,Bulat Okudzhava,Russia,2021-01,2379
Q239652,Bulat Okudzhava,Russia,2021-02,2327
Q239652,Bulat Okudzhava,Russia,2021-03,2473
Q239652,Bulat Okudzhava,Russia,2021-04,2580
Q239652,Bulat Okudzhava,Russia,2021-05,2864
Q239652,Bulat Okudzhava,Russia,2021-06,2325
Q239652,Bulat Okudzhava,Russia,2021-07,2056
Q239652,Bulat Okudzhava,Russia,2021-08,2395
Q239652,Bulat Okudzhava,Russia,2021-09,2128
Q239652,Bulat Okudzhava,Russia,2021-10,2087
Q239652,Bulat Okudzhava,Russia,2021-11,2107
Q239652,Bulat Okudzhava,Russia,2021-12,2516
Q239652,Bulat Okudzhava,Russia,2022-01,2269
Q239652,Bulat Okudzhava,Russia,2022-02,2768
Q239652,Bulat Okudzhava,Russia,2022-03,4095
Q239652,Bulat Okudzhava,Russia,2022-04,3166
Q239652,Bulat Okudzhava,Russia,2022-05,3163
Q239652,Bulat Okudzhava,Russia,2022-06,2604
Q239652,Bulat Okudzhava,Russia,2022-07,2373
Q239652,Bulat Okudzhava,Russia,2022-08,2430
Q239652,Bulat Okudzhava,Russia,2022-09,2154
Q239652,Bulat Okudzhava,Russia,2022-10,2439
Q239652,Bulat Okudzhava,Russia,2022-11,2577
Q239652,Bulat Okudzhava,Russia,2022-12,2321
Q239652,Bulat Okudzhava,Russia,2023-01,2703
Q239652,Bulat Okudzhava,Russia,2023-02,2250
Q239652,Bulat Okudzhava,Russia,2023-03,2687
Q239652,Bulat Okudzhava,Russia,2023-04,2342
Q239652,Bulat Okudzhava,Russia,2023-05,3296
Q239652,Bulat Okudzhava,Russia,2023-06,2429
Q239652,Bulat Okudzhava,Russia,2023-07,2258
Q239652,Bulat Okudzhava,Russia,2023-08,2202
Q239652,Bulat Okudzhava,Russia,2023-09,2026
Q239652,Bulat Okudzhava,Russia,2023-10,2169
Q239652,Bulat Okudzhava,Russia,2023-11,2155
Q239652,Bulat Okudzhava,Russia,2023-12,2428
Q21063940,Airat Ichmouratov,Russia,2021-01,346
Q21063940,Airat Ichmouratov,Russia,2021-02,565
Q21063940,Airat Ichmouratov,Russia,2021-03,439
Q21063940,Airat Ichmouratov,Russia,2021-04,344
Q21063940,Airat Ichmouratov,Russia,2021-05,368
Q21063940,Airat Ichmouratov,Russia,2021-06,315
Q21063940,Airat Ichmouratov,Russia,2021-07,326
Q21063940,Airat Ichmouratov,Russia,2021-08,329
Q21063940,Airat Ichmouratov,Russia,2021-09,303
Q21063940,Airat Ichmouratov,Russia,2021-10,329
Q21063940,Airat Ichmouratov,Russia,2021-11,288
Q21063940,Airat Ichmouratov,Russia,2021-12,287
Q21063940,Airat Ichmouratov,Russia,2022-01,358
Q21063940,Airat Ichmouratov,Russia,2022-02,411
Q21063940,Airat Ichmouratov,Russia,2022-03,334
Q21063940,Airat Ichmouratov,Russia,2022-04,409
Q21063940,Airat Ichmouratov,Russia,2022-05,376
Q21063940,Airat Ichmouratov,Russia,2022-06,403
Q21063940,Airat Ichmouratov,Russia,2022-07,422
Q21063940,Airat Ichmouratov,Russia,2022-08,416
Q21063940,Airat Ichmouratov,Russia,2022-09,400
Q21063940,Airat Ichmouratov,Russia,2022-10,468
Q21063940,Airat Ichmouratov,Russia,2022-11,306
Q21063940,Airat Ichmouratov,Russia,2022-12,631
Q21063940,Airat Ichmouratov,Russia,2023-01,333
Q21063940,Airat Ichmouratov,Russia,2023-02,324
Q21063940,Airat Ichmouratov,Russia,2023-03,506
Q21063940,Airat Ichmouratov,Russia,2023-04,444
Q21063940,Airat Ichmouratov,Russia,2023-05,529
Q21063940,Airat Ichmouratov,Russia,2023-06,1000
Q21063940,Airat Ichmouratov,Russia,2023-07,583
Q21063940,Airat Ichmouratov,Russia,2023-08,889
Q21063940,Airat Ichmouratov,Russia,2023-09,1331
Q21063940,Airat Ichmouratov,Russia,2023-10,1025
Q21063940,Airat Ichmouratov,Russia,2023-11,1332
Q21063940,Airat Ichmouratov,Russia,2023-12,1697
Q512,Vladimir Vysotsky,Russia,2021-01,12672
Q512,Vladimir Vysotsky,Russia,2021-02,9896
Q512,Vladimir Vysotsky,Russia,2021-03,9326
Q512,Vladimir Vysotsky,Russia,2021-04,8880
Q512,Vladimir Vysotsky,Russia,2021-05,8549
Q512,Vladimir Vysotsky,Russia,2021-06,7653
Q512,Vladimir Vysotsky,Russia,2021-07,8281
Q512,Vladimir Vysotsky,Russia,2021-08,8221
Q512,Vladimir Vysotsky,Russia,2021-09,7332
Q512,Vladimir Vysotsky,Russia,2021-10,8010
Q512,Vladimir Vysotsky,Russia,2021-11,8061
Q512,Vladimir Vysotsky,Russia,2021-12,8578
Q512,Vladimir Vysotsky,Russia,2022-01,11272
Q512,Vladimir Vysotsky,Russia,2022-02,9767
Q512,Vladimir Vysotsky,Russia,2022-03,11935
Q512,Vladimir Vysotsky,Russia,2022-04,9167
Q512,Vladimir Vysotsky,Russia,2022-05,9184
Q512,Vladimir Vysotsky,Russia,2022-06,7527
Q512,Vladimir Vysotsky,Russia,2022-07,8200
Q512,Vladimir Vysotsky,Russia,2022-08,7730
Q512,Vladimir Vysotsky,Russia,2022-09,8571
Q512,Vladimir Vysotsky,Russia,2022-10,7606
Q512,Vladimir Vysotsky,Russia,2022-11,7430
Q512,Vladimir Vysotsky,Russia,2022-12,8313
Q512,Vladimir Vysotsky,Russia,2023-01,11481
Q512,Vladimir Vysotsky,Russia,2023-02,8438
Q512,Vladimir Vysotsky,Russia,2023-03,9326
Q512,Vladimir Vysotsky,Russia,2023-04,7962
Q512,Vladimir Vysotsky,Russia,2023-05,7993
Q512,Vladimir Vysotsky,Russia,2023-06,7615
Q512,Vladimir Vysotsky,Russia,2023-07,9039
Q512,Vladimir Vysotsky,Russia,2023-08,8562
Q512,Vladimir Vysotsky,Russia,2023-09,8967
Q512,Vladimir Vysotsky,Russia,2023-10,9175
Q512,Vladimir Vysotsky,Russia,2023-11,7918
Q512,Vladimir Vysotsky,Russia,2023-12,8613
Q326258,Roman Matsov,Russia,2021-01,115
Q326258,Roman Matsov,Russia,2021-02,134
Q326258,Roman Matsov,Russia,2021-03,111
Q326258,Roman Matsov,Russia,2021-04,138
Q326258,Roman Matsov,Russia,2021-05,140
Q326258,Roman Matsov,Russia,2021-06,133
Q326258,Roman Matsov,Russia,2021-07,130
Q326258,Roman Matsov,Russia,2021-08,189
Q326258,Roman Matsov,Russia,2021-09,120
Q326258,Roman Matsov,Russia,2021-10,118
Q326258,Roman Matsov,Russia,2021-11,137
Q326258,Roman Matsov,Russia,2021-12,122
Q326258,Roman Matsov,Russia,2022-01,131
Q326258,Roman Matsov,Russia,2022-02,137
Q326258,Roman Matsov,Russia,2022-03,147
Q326258,Roman Matsov,Russia,2022-04,151
Q326258,Roman Matsov,Russia,2022-05,185
Q326258,Roman Matsov,Russia,2022-06,154
Q326258,Roman Matsov,Russia,2022-07,149
Q326258,Roman Matsov,Russia,2022-08,190
Q326258,Roman Matsov,Russia,2022-09,148
Q326258,Roman Matsov,Russia,2022-10,130
Q326258,Roman Matsov,Russia,2022-11,136
Q326258,Roman Matsov,Russia,2022-12,117
Q326258,Roman Matsov,Russia,2023-01,101
Q326258,Roman Matsov,Russia,2023-02,76
Q326258,Roman Matsov,Russia,2023-03,145
Q326258,Roman Matsov,Russia,2023-04,117
Q326258,Roman Matsov,Russia,2023-05,81
Q326258,Roman Matsov,Russia,2023-06,74
Q326258,Roman Matsov,Russia,2023-07,94
Q326258,Roman Matsov,Russia,2023-08,147
Q326258,Roman Matsov,Russia,2023-09,137
Q326258,Roman Matsov,Russia,2023-10,100
Q326258,Roman Matsov,Russia,2023-11,108
Q326258,Roman Matsov,Russia,2023-12,123
Q335006,Sergei Ivanovich Taneyev,Russia,2021-01,1971
Q335006,Sergei Ivanovich Taneyev,Russia,2021-02,1786
Q335006,Sergei Ivanovich Taneyev,Russia,2021-03,2024
Q335006,Sergei Ivanovich Taneyev,Russia,2021-04,1980
Q335006,Sergei Ivanovich Taneyev,Russia,2021-05,1919
Q335006,Sergei Ivanovich Taneyev,Russia,2021-06,1665
Q335006,Sergei Ivanovich Taneyev,Russia,2021-07,1695
Q335006,Sergei Ivanovich Taneyev,Russia,2021-08,1667
Q335006,Sergei Ivanovich Taneyev,Russia,2021-09,1644
Q335006,Sergei Ivanovich Taneyev,Russia,2021-10,1643
Q335006,Sergei Ivanovich Taneyev,Russia,2021-11,1979
Q335006,Sergei Ivanovich Taneyev,Russia,2021-12,1892
Q335006,Sergei Ivanovich Taneyev,Russia,2022-01,2267
Q335006,Sergei Ivanovich Taneyev,Russia,2022-02,2001
Q335006,Sergei Ivanovich Taneyev,Russia,2022-03,2416
Q335006,Sergei Ivanovich Taneyev,Russia,2022-04,2072
Q335006,Sergei Ivanovich Taneyev,Russia,2022-05,2020
Q335006,Sergei Ivanovich Taneyev,Russia,2022-06,2112
Q335006,Sergei Ivanovich Taneyev,Russia,2022-07,1798
Q335006,Sergei Ivanovich Taneyev,Russia,2022-08,1831
Q335006,Sergei Ivanovich Taneyev,Russia,2022-09,1824
Q335006,Sergei Ivanovich Taneyev,Russia,2022-10,1846
Q335006,Sergei Ivanovich Taneyev,Russia,2022-11,1940
Q335006,Sergei Ivanovich Taneyev,Russia,2022-12,1954
Q335006,Sergei Ivanovich Taneyev,Russia,2023-01,1942
Q335006,Sergei Ivanovich Taneyev,Russia,2023-02,1711
Q335006,Sergei Ivanovich Taneyev,Russia,2023-03,2239
Q335006,Sergei Ivanovich Taneyev,Russia,2023-04,1878
Q335006,Sergei Ivanovich Taneyev,Russia,2023-05,1790
Q335006,Sergei Ivanovich Taneyev,Russia,2023-06,1781
Q335006,Sergei Ivanovich Taneyev,Russia,2023-07,1567
Q335006,Sergei Ivanovich Taneyev,Russia,2023-08,1798
Q335006,Sergei Ivanovich Taneyev,Russia,2023-09,2063
Q335006,Sergei Ivanovich Taneyev,Russia,2023-10,1777
Q335006,Sergei Ivanovich Taneyev,Russia,2023-11,1996
Q335006,Sergei Ivanovich Taneyev,Russia,2023-12,2265
Q337938,Alexander Rudin,Russia,2021-01,246
Q337938,Alexander Rudin,Russia,2021-02,205
Q337938,Alexander Rudin,Russia,2021-03,246
Q337938,Alexander Rudin,Russia,2021-04,243
Q337938,Alexander Rudin,Russia,2021-05,209
Q337938,Alexander Rudin,Russia,2021-06,169
Q337938,Alexander Rudin,Russia,2021-07,179
Q337938,Alexander Rudin,Russia,2021-08,247
Q337938,Alexander Rudin,Russia,2021-09,179
Q337938,Alexander Rudin,Russia,2021-10,198
Q337938,Alexander Rudin,Russia,2021-11,190
Q337938,Alexander Rudin,Russia,2021-12,171
Q337938,Alexander Rudin,Russia,2022-01,240
Q337938,Alexander Rudin,Russia,2022-02,234
Q337938,Alexander Rudin,Russia,2022-03,216
Q337938,Alexander Rudin,Russia,2022-04,212
Q337938,Alexander Rudin,Russia,2022-05,225
Q337938,Alexander Rudin,Russia,2022-06,222
Q337938,Alexander Rudin,Russia,2022-07,262
Q337938,Alexander Rudin,Russia,2022-08,252
Q337938,Alexander Rudin,Russia,2022-09,257
Q337938,Alexander Rudin,Russia,2022-10,205
Q337938,Alexander Rudin,Russia,2022-11,233
Q337938,Alexander Rudin,Russia,2022-12,240
Q337938,Alexander Rudin,Russia,2023-01,257
Q337938,Alexander Rudin,Russia,2023-02,201
Q337938,Alexander Rudin,Russia,2023-03,277
Q337938,Alexander Rudin,Russia,2023-04,225
Q337938,Alexander Rudin,Russia,2023-05,270
Q337938,Alexander Rudin,Russia,2023-06,246
Q337938,Alexander Rudin,Russia,2023-07,287
Q337938,Alexander Rudin,Russia,2023-08,399
Q337938,Alexander Rudin,Russia,2023-09,248
Q337938,Alexander Rudin,Russia,2023-10,249
Q337938,Alexander Rudin,Russia,2023-11,247
Q337938,Alexander Rudin,Russia,2023-12,330
Q64926,Karl Heinrich Barth,Russia,2021-01,370
Q64926,Karl Heinrich Barth,Russia,2021-02,400
Q64926,Karl Heinrich Barth,Russia,2021-03,365
Q64926,Karl Heinrich Barth,Russia,2021-04,361
Q64926,Karl Heinrich Barth,Russia,2021-05,402
Q64926,Karl Heinrich Barth,Russia,2021-06,300
Q64926,Karl Heinrich Barth,Russia,2021-07,292
Q64926,Karl Heinrich Barth,Russia,2021-08,356
Q64926,Karl Heinrich Barth,Russia,2021-09,304
Q64926,Karl Heinrich Barth,Russia,2021-10,377
Q64926,Karl Heinrich Barth,Russia,2021-11,307
Q64926,Karl Heinrich Barth,Russia,2021-12,298
Q64926,Karl Heinrich Barth,Russia,2022-01,354
Q64926,Karl Heinrich Barth,Russia,2022-02,326
Q64926,Karl Heinrich Barth,Russia,2022-03,344
Q64926,Karl Heinrich Barth,Russia,2022-04,305
Q64926,Karl Heinrich Barth,Russia,2022-05,274
Q64926,Karl Heinrich Barth,Russia,2022-06,318
Q64926,Karl Heinrich Barth,Russia,2022-07,273
Q64926,Karl Heinrich Barth,Russia,2022-08,310
Q64926,Karl Heinrich Barth,Russia,2022-09,288
Q64926,Karl Heinrich Barth,Russia,2022-10,316
Q64926,Karl Heinrich Barth,Russia,2022-11,328
Q64926,Karl Heinrich Barth,Russia,2022-12,314
Q64926,Karl Heinrich Barth,Russia,2023-01,292
Q64926,Karl Heinrich Barth,Russia,2023-02,242
Q64926,Karl Heinrich Barth,Russia,2023-03,332
Q64926,Karl Heinrich Barth,Russia,2023-04,280
Q64926,Karl Heinrich Barth,Russia,2023-05,271
Q64926,Karl Heinrich Barth,Russia,2023-06,275
Q64926,Karl Heinrich Barth,Russia,2023-07,317
Q64926,Karl Heinrich Barth,Russia,2023-08,327
Q64926,Karl Heinrich Barth,Russia,2023-09,307
Q64926,Karl Heinrich Barth,Russia,2023-10,292
Q64926,Karl Heinrich Barth,Russia,2023-11,335
Q64926,Karl Heinrich Barth,Russia,2023-12,325
Q64864,Leonid Kreutzer,Russia,2021-01,302
Q64864,Leonid Kreutzer,Russia,2021-02,302
Q64864,Leonid Kreutzer,Russia,2021-03,380
Q64864,Leonid Kreutzer,Russia,2021-04,428
Q64864,Leonid Kreutzer,Russia,2021-05,353
Q64864,Leonid Kreutzer,Russia,2021-06,268
Q64864,Leonid Kreutzer,Russia,2021-07,305
Q64864,Leonid Kreutzer,Russia,2021-08,304
Q64864,Leonid Kreutzer,Russia,2021-09,230
Q64864,Leonid Kreutzer,Russia,2021-10,310
Q64864,Leonid Kreutzer,Russia,2021-11,262
Q64864,Leonid Kreutzer,Russia,2021-12,248
Q64864,Leonid Kreutzer,Russia,2022-01,319
Q64864,Leonid Kreutzer,Russia,2022-02,297
Q64864,Leonid Kreutzer,Russia,2022-03,328
Q64864,Leonid Kreutzer,Russia,2022-04,291
Q64864,Leonid Kreutzer,Russia,2022-05,290
Q64864,Leonid Kreutzer,Russia,2022-06,298
Q64864,Leonid Kreutzer,Russia,2022-07,294
Q64864,Leonid Kreutzer,Russia,2022-08,355
Q64864,Leonid Kreutzer,Russia,2022-09,283
Q64864,Leonid Kreutzer,Russia,2022-10,292
Q64864,Leonid Kreutzer,Russia,2022-11,248
Q64864,Leonid Kreutzer,Russia,2022-12,304
Q64864,Leonid Kreutzer,Russia,2023-01,283
Q64864,Leonid Kreutzer,Russia,2023-02,278
Q64864,Leonid Kreutzer,Russia,2023-03,427
Q64864,Leonid Kreutzer,Russia,2023-04,297
Q64864,Leonid Kreutzer,Russia,2023-05,256
Q64864,Leonid Kreutzer,Russia,2023-06,271
Q64864,Leonid Kreutzer,Russia,2023-07,292
Q64864,Leonid Kreutzer,Russia,2023-08,292
Q64864,Leonid Kreutzer,Russia,2023-09,270
Q64864,Leonid Kreutzer,Russia,2023-10,346
Q64864,Leonid Kreutzer,Russia,2023-11,290
Q64864,Leonid Kreutzer,Russia,2023-12,270
Q80135,Dmitri Shostakovich,Russia,2021-01,46865
Q80135,Dmitri Shostakovich,Russia,2021-02,42241
Q80135,Dmitri Shostakovich,Russia,2021-03,47755
Q80135,Dmitri Shostakovich,Russia,2021-04,45637
Q80135,Dmitri Shostakovich,Russia,2021-05,41732
Q80135,Dmitri Shostakovich,Russia,2021-06,33244
Q80135,Dmitri Shostakovich,Russia,2021-07,35626
Q80135,Dmitri Shostakovich,Russia,2021-08,38541
Q80135,Dmitri Shostakovich,Russia,2021-09,41114
Q80135,Dmitri Shostakovich,Russia,2021-10,41296
Q80135,Dmitri Shostakovich,Russia,2021-11,39489
Q80135,Dmitri Shostakovich,Russia,2021-12,40815
Q80135,Dmitri Shostakovich,Russia,2022-01,45277
Q80135,Dmitri Shostakovich,Russia,2022-02,41841
Q80135,Dmitri Shostakovich,Russia,2022-03,63535
Q80135,Dmitri Shostakovich,Russia,2022-04,44861
Q80135,Dmitri Shostakovich,Russia,2022-05,48729
Q80135,Dmitri Shostakovich,Russia,2022-06,32343
Q80135,Dmitri Shostakovich,Russia,2022-07,31501
Q80135,Dmitri Shostakovich,Russia,2022-08,43075
Q80135,Dmitri Shostakovich,Russia,2022-09,43565
Q80135,Dmitri Shostakovich,Russia,2022-10,44707
Q80135,Dmitri Shostakovich,Russia,2022-11,54005
Q80135,Dmitri Shostakovich,Russia,2022-12,43316
Q80135,Dmitri Shostakovich,Russia,2023-01,49082
Q80135,Dmitri Shostakovich,Russia,2023-02,44555
Q80135,Dmitri Shostakovich,Russia,2023-03,54574
Q80135,Dmitri Shostakovich,Russia,2023-04,47733
Q80135,Dmitri Shostakovich,Russia,2023-05,49694
Q80135,Dmitri Shostakovich,Russia,2023-06,47822
Q80135,Dmitri Shostakovich,Russia,2023-07,42447
Q80135,Dmitri Shostakovich,Russia,2023-08,52622
Q80135,Dmitri Shostakovich,Russia,2023-09,46927
Q80135,Dmitri Shostakovich,Russia,2023-10,47213
Q80135,Dmitri Shostakovich,Russia,2023-11,45573
Q80135,Dmitri Shostakovich,Russia,2023-12,48932
Q303545,Lilya Zilberstein,Russia,2021-01,474
Q303545,Lilya Zilberstein,Russia,2021-02,473
Q303545,Lilya Zilberstein,Russia,2021-03,472
Q303545,Lilya Zilberstein,Russia,2021-04,535
Q303545,Lilya Zilberstein,Russia,2021-05,523
Q303545,Lilya Zilberstein,Russia,2021-06,513
Q303545,Lilya Zilberstein,Russia,2021-07,437
Q303545,Lilya Zilberstein,Russia,2021-08,455
Q303545,Lilya Zilberstein,Russia,2021-09,440
Q303545,Lilya Zilberstein,Russia,2021-10,563
Q303545,Lilya Zilberstein,Russia,2021-11,512
Q303545,Lilya Zilberstein,Russia,2021-12,454
Q303545,Lilya Zilberstein,Russia,2022-01,499
Q303545,Lilya Zilberstein,Russia,2022-02,483
Q303545,Lilya Zilberstein,Russia,2022-03,497
Q303545,Lilya Zilberstein,Russia,2022-04,540
Q303545,Lilya Zilberstein,Russia,2022-05,531
Q303545,Lilya Zilberstein,Russia,2022-06,635
Q303545,Lilya Zilberstein,Russia,2022-07,677
Q303545,Lilya Zilberstein,Russia,2022-08,518
Q303545,Lilya Zilberstein,Russia,2022-09,462
Q303545,Lilya Zilberstein,Russia,2022-10,513
Q303545,Lilya Zilberstein,Russia,2022-11,572
Q303545,Lilya Zilberstein,Russia,2022-12,516
Q303545,Lilya Zilberstein,Russia,2023-01,485
Q303545,Lilya Zilberstein,Russia,2023-02,529
Q303545,Lilya Zilberstein,Russia,2023-03,725
Q303545,Lilya Zilberstein,Russia,2023-04,767
Q303545,Lilya Zilberstein,Russia,2023-05,574
Q303545,Lilya Zilberstein,Russia,2023-06,411
Q303545,Lilya Zilberstein,Russia,2023-07,812
Q303545,Lilya Zilberstein,Russia,2023-08,524
Q303545,Lilya Zilberstein,Russia,2023-09,639
Q303545,Lilya Zilberstein,Russia,2023-10,729
Q303545,Lilya Zilberstein,Russia,2023-11,416
Q303545,Lilya Zilberstein,Russia,2023-12,622
Q325032,Boris Asafyev,Russia,2021-01,446
Q325032,Boris Asafyev,Russia,2021-02,378
Q325032,Boris Asafyev,Russia,2021-03,504
Q325032,Boris Asafyev,Russia,2021-04,519
Q325032,Boris Asafyev,Russia,2021-05,399
Q325032,Boris Asafyev,Russia,2021-06,337
Q325032,Boris Asafyev,Russia,2021-07,318
Q325032,Boris Asafyev,Russia,2021-08,433
Q325032,Boris Asafyev,Russia,2021-09,393
Q325032,Boris Asafyev,Russia,2021-10,374
Q325032,Boris Asafyev,Russia,2021-11,394
Q325032,Boris Asafyev,Russia,2021-12,363
Q325032,Boris Asafyev,Russia,2022-01,421
Q325032,Boris Asafyev,Russia,2022-02,432
Q325032,Boris Asafyev,Russia,2022-03,436
Q325032,Boris Asafyev,Russia,2022-04,331
Q325032,Boris Asafyev,Russia,2022-05,335
Q325032,Boris Asafyev,Russia,2022-06,391
Q325032,Boris Asafyev,Russia,2022-07,376
Q325032,Boris Asafyev,Russia,2022-08,384
Q325032,Boris Asafyev,Russia,2022-09,343
Q325032,Boris Asafyev,Russia,2022-10,431
Q325032,Boris Asafyev,Russia,2022-11,434
Q325032,Boris Asafyev,Russia,2022-12,371
Q325032,Boris Asafyev,Russia,2023-01,452
Q325032,Boris Asafyev,Russia,2023-02,410
Q325032,Boris Asafyev,Russia,2023-03,486
Q325032,Boris Asafyev,Russia,2023-04,388
Q325032,Boris Asafyev,Russia,2023-05,410
Q325032,Boris Asafyev,Russia,2023-06,360
Q325032,Boris Asafyev,Russia,2023-07,377
Q325032,Boris Asafyev,Russia,2023-08,352
Q325032,Boris Asafyev,Russia,2023-09,417
Q325032,Boris Asafyev,Russia,2023-10,516
Q325032,Boris Asafyev,Russia,2023-11,484
Q325032,Boris Asafyev,Russia,2023-12,535
Q122967353,Adam Kadyrov,Russia,2023-12,87
Q57358,Hans Pfitzner,Russia,2021-01,1854
Q57358,Hans Pfitzner,Russia,2021-02,1776
Q57358,Hans Pfitzner,Russia,2021-03,1880
Q57358,Hans Pfitzner,Russia,2021-04,1849
Q57358,Hans Pfitzner,Russia,2021-05,1972
Q57358,Hans Pfitzner,Russia,2021-06,1334
Q57358,Hans Pfitzner,Russia,2021-07,1545
Q57358,Hans Pfitzner,Russia,2021-08,2703
Q57358,Hans Pfitzner,Russia,2021-09,2563
Q57358,Hans Pfitzner,Russia,2021-10,1901
Q57358,Hans Pfitzner,Russia,2021-11,1588
Q57358,Hans Pfitzner,Russia,2021-12,1617
Q57358,Hans Pfitzner,Russia,2022-01,1887
Q57358,Hans Pfitzner,Russia,2022-02,1717
Q57358,Hans Pfitzner,Russia,2022-03,1615
Q57358,Hans Pfitzner,Russia,2022-04,1482
Q57358,Hans Pfitzner,Russia,2022-05,1724
Q57358,Hans Pfitzner,Russia,2022-06,1345
Q57358,Hans Pfitzner,Russia,2022-07,1504
Q57358,Hans Pfitzner,Russia,2022-08,3152
Q57358,Hans Pfitzner,Russia,2022-09,2519
Q57358,Hans Pfitzner,Russia,2022-10,1651
Q57358,Hans Pfitzner,Russia,2022-11,1747
Q57358,Hans Pfitzner,Russia,2022-12,2133
Q57358,Hans Pfitzner,Russia,2023-01,1646
Q57358,Hans Pfitzner,Russia,2023-02,1510
Q57358,Hans Pfitzner,Russia,2023-03,1600
Q57358,Hans Pfitzner,Russia,2023-04,1597
Q57358,Hans Pfitzner,Russia,2023-05,1674
Q57358,Hans Pfitzner,Russia,2023-06,1445
Q57358,Hans Pfitzner,Russia,2023-07,1609
Q57358,Hans Pfitzner,Russia,2023-08,2811
Q57358,Hans Pfitzner,Russia,2023-09,2568
Q57358,Hans Pfitzner,Russia,2023-10,1880
Q57358,Hans Pfitzner,Russia,2023-11,1603
Q57358,Hans Pfitzner,Russia,2023-12,2063
Q289058,Alexander Goedicke,Russia,2021-01,679
Q289058,Alexander Goedicke,Russia,2021-02,785
Q289058,Alexander Goedicke,Russia,2021-03,968
Q289058,Alexander Goedicke,Russia,2021-04,670
Q289058,Alexander Goedicke,Russia,2021-05,838
Q289058,Alexander Goedicke,Russia,2021-06,673
Q289058,Alexander Goedicke,Russia,2021-07,550
Q289058,Alexander Goedicke,Russia,2021-08,511
Q289058,Alexander Goedicke,Russia,2021-09,575
Q289058,Alexander Goedicke,Russia,2021-10,620
Q289058,Alexander Goedicke,Russia,2021-11,619
Q289058,Alexander Goedicke,Russia,2021-12,521
Q289058,Alexander Goedicke,Russia,2022-01,721
Q289058,Alexander Goedicke,Russia,2022-02,632
Q289058,Alexander Goedicke,Russia,2022-03,752
Q289058,Alexander Goedicke,Russia,2022-04,681
Q289058,Alexander Goedicke,Russia,2022-05,675
Q289058,Alexander Goedicke,Russia,2022-06,711
Q289058,Alexander Goedicke,Russia,2022-07,519
Q289058,Alexander Goedicke,Russia,2022-08,527
Q289058,Alexander Goedicke,Russia,2022-09,691
Q289058,Alexander Goedicke,Russia,2022-10,648
Q289058,Alexander Goedicke,Russia,2022-11,697
Q289058,Alexander Goedicke,Russia,2022-12,632
Q289058,Alexander Goedicke,Russia,2023-01,654
Q289058,Alexander Goedicke,Russia,2023-02,671
Q289058,Alexander Goedicke,Russia,2023-03,784
Q289058,Alexander Goedicke,Russia,2023-04,709
Q289058,Alexander Goedicke,Russia,2023-05,731
Q289058,Alexander Goedicke,Russia,2023-06,640
Q289058,Alexander Goedicke,Russia,2023-07,498
Q289058,Alexander Goedicke,Russia,2023-08,520
Q289058,Alexander Goedicke,Russia,2023-09,597
Q289058,Alexander Goedicke,Russia,2023-10,743
Q289058,Alexander Goedicke,Russia,2023-11,676
Q289058,Alexander Goedicke,Russia,2023-12,646
Q19915367,Kamil Sämiğullin,Russia,2023-06,1
Q19915367,Kamil Sämiğullin,Russia,2023-08,2
Q80510,Alla Pugacheva,Russia,2021-01,17064
Q80510,Alla Pugacheva,Russia,2021-02,12008
Q80510,Alla Pugacheva,Russia,2021-03,12549
Q80510,Alla Pugacheva,Russia,2021-04,14344
Q80510,Alla Pugacheva,Russia,2021-05,13869
Q80510,Alla Pugacheva,Russia,2021-06,10805
Q80510,Alla Pugacheva,Russia,2021-07,9404
Q80510,Alla Pugacheva,Russia,2021-08,9981
Q80510,Alla Pugacheva,Russia,2021-09,9732
Q80510,Alla Pugacheva,Russia,2021-10,8941
Q80510,Alla Pugacheva,Russia,2021-11,8459
Q80510,Alla Pugacheva,Russia,2021-12,11020
Q80510,Alla Pugacheva,Russia,2022-01,13657
Q80510,Alla Pugacheva,Russia,2022-02,11604
Q80510,Alla Pugacheva,Russia,2022-03,32100
Q80510,Alla Pugacheva,Russia,2022-04,18442
Q80510,Alla Pugacheva,Russia,2022-05,16914
Q80510,Alla Pugacheva,Russia,2022-06,11936
Q80510,Alla Pugacheva,Russia,2022-07,11570
Q80510,Alla Pugacheva,Russia,2022-08,13091
Q80510,Alla Pugacheva,Russia,2022-09,80959
Q80510,Alla Pugacheva,Russia,2022-10,25814
Q80510,Alla Pugacheva,Russia,2022-11,14747
Q80510,Alla Pugacheva,Russia,2022-12,12728
Q80510,Alla Pugacheva,Russia,2023-01,18428
Q80510,Alla Pugacheva,Russia,2023-02,17167
Q80510,Alla Pugacheva,Russia,2023-03,18679
Q80510,Alla Pugacheva,Russia,2023-04,17109
Q80510,Alla Pugacheva,Russia,2023-05,15385
Q80510,Alla Pugacheva,Russia,2023-06,13676
Q80510,Alla Pugacheva,Russia,2023-07,12304
Q80510,Alla Pugacheva,Russia,2023-08,17064
Q80510,Alla Pugacheva,Russia,2023-09,11339
Q80510,Alla Pugacheva,Russia,2023-10,15969
Q80510,Alla Pugacheva,Russia,2023-11,16974
Q80510,Alla Pugacheva,Russia,2023-12,17568
Q63204,John Kay,Russia,2021-01,13251
Q63204,John Kay,Russia,2021-02,10918
Q63204,John Kay,Russia,2021-03,13524
Q63204,John Kay,Russia,2021-04,17250
Q63204,John Kay,Russia,2021-05,17635
Q63204,John Kay,Russia,2021-06,12176
Q63204,John Kay,Russia,2021-07,13439
Q63204,John Kay,Russia,2021-08,13109
Q63204,John Kay,Russia,2021-09,13522
Q63204,John Kay,Russia,2021-10,13010
Q63204,John Kay,Russia,2021-11,10170
Q63204,John Kay,Russia,2021-12,10822
Q63204,John Kay,Russia,2022-01,11979
Q63204,John Kay,Russia,2022-02,15391
Q63204,John Kay,Russia,2022-03,12247
Q63204,John Kay,Russia,2022-04,15085
Q63204,John Kay,Russia,2022-05,11358
Q63204,John Kay,Russia,2022-06,11209
Q63204,John Kay,Russia,2022-07,15056
Q63204,John Kay,Russia,2022-08,13620
Q63204,John Kay,Russia,2022-09,13909
Q63204,John Kay,Russia,2022-10,16713
Q63204,John Kay,Russia,2022-11,13926
Q63204,John Kay,Russia,2022-12,12082
Q63204,John Kay,Russia,2023-01,13760
Q63204,John Kay,Russia,2023-02,12840
Q63204,John Kay,Russia,2023-03,12127
Q63204,John Kay,Russia,2023-04,14051
Q63204,John Kay,Russia,2023-05,12081
Q63204,John Kay,Russia,2023-06,11143
Q63204,John Kay,Russia,2023-07,12978
Q63204,John Kay,Russia,2023-08,13960
Q63204,John Kay,Russia,2023-09,12384
Q63204,John Kay,Russia,2023-10,16125
Q63204,John Kay,Russia,2023-11,20679
Q63204,John Kay,Russia,2023-12,13843
Q313970,Anton Arensky,Russia,2021-01,1886
Q313970,Anton Arensky,Russia,2021-02,2256
Q313970,Anton Arensky,Russia,2021-03,2192
Q313970,Anton Arensky,Russia,2021-04,2075
Q313970,Anton Arensky,Russia,2021-05,1915
Q313970,Anton Arensky,Russia,2021-06,1676
Q313970,Anton Arensky,Russia,2021-07,1941
Q313970,Anton Arensky,Russia,2021-08,1878
Q313970,Anton Arensky,Russia,2021-09,1844
Q313970,Anton Arensky,Russia,2021-10,1932
Q313970,Anton Arensky,Russia,2021-11,2055
Q313970,Anton Arensky,Russia,2021-12,2115
Q313970,Anton Arensky,Russia,2022-01,2252
Q313970,Anton Arensky,Russia,2022-02,2532
Q313970,Anton Arensky,Russia,2022-03,2552
Q313970,Anton Arensky,Russia,2022-04,2855
Q313970,Anton Arensky,Russia,2022-05,2032
Q313970,Anton Arensky,Russia,2022-06,2019
Q313970,Anton Arensky,Russia,2022-07,2123
Q313970,Anton Arensky,Russia,2022-08,2021
Q313970,Anton Arensky,Russia,2022-09,1988
Q313970,Anton Arensky,Russia,2022-10,2054
Q313970,Anton Arensky,Russia,2022-11,2060
Q313970,Anton Arensky,Russia,2022-12,1964
Q313970,Anton Arensky,Russia,2023-01,2111
Q313970,Anton Arensky,Russia,2023-02,2157
Q313970,Anton Arensky,Russia,2023-03,2505
Q313970,Anton Arensky,Russia,2023-04,2147
Q313970,Anton Arensky,Russia,2023-05,2077
Q313970,Anton Arensky,Russia,2023-06,1925
Q313970,Anton Arensky,Russia,2023-07,2220
Q313970,Anton Arensky,Russia,2023-08,1821
Q313970,Anton Arensky,Russia,2023-09,1900
Q313970,Anton Arensky,Russia,2023-10,1931
Q313970,Anton Arensky,Russia,2023-11,2034
Q313970,Anton Arensky,Russia,2023-12,2320
Q311791,Nikolai Rubinstein,Russia,2021-01,2272
Q311791,Nikolai Rubinstein,Russia,2021-02,2076
Q311791,Nikolai Rubinstein,Russia,2021-03,2209
Q311791,Nikolai Rubinstein,Russia,2021-04,2236
Q311791,Nikolai Rubinstein,Russia,2021-05,2069
Q311791,Nikolai Rubinstein,Russia,2021-06,1854
Q311791,Nikolai Rubinstein,Russia,2021-07,2005
Q311791,Nikolai Rubinstein,Russia,2021-08,2030
Q311791,Nikolai Rubinstein,Russia,2021-09,1908
Q311791,Nikolai Rubinstein,Russia,2021-10,2142
Q311791,Nikolai Rubinstein,Russia,2021-11,2329
Q311791,Nikolai Rubinstein,Russia,2021-12,2516
Q311791,Nikolai Rubinstein,Russia,2022-01,2356
Q311791,Nikolai Rubinstein,Russia,2022-02,2313
Q311791,Nikolai Rubinstein,Russia,2022-03,2791
Q311791,Nikolai Rubinstein,Russia,2022-04,2325
Q311791,Nikolai Rubinstein,Russia,2022-05,2711
Q311791,Nikolai Rubinstein,Russia,2022-06,1935
Q311791,Nikolai Rubinstein,Russia,2022-07,1731
Q311791,Nikolai Rubinstein,Russia,2022-08,2011
Q311791,Nikolai Rubinstein,Russia,2022-09,1809
Q311791,Nikolai Rubinstein,Russia,2022-10,2064
Q311791,Nikolai Rubinstein,Russia,2022-11,2196
Q311791,Nikolai Rubinstein,Russia,2022-12,2566
Q311791,Nikolai Rubinstein,Russia,2023-01,2332
Q311791,Nikolai Rubinstein,Russia,2023-02,2395
Q311791,Nikolai Rubinstein,Russia,2023-03,2398
Q311791,Nikolai Rubinstein,Russia,2023-04,2404
Q311791,Nikolai Rubinstein,Russia,2023-05,2197
Q311791,Nikolai Rubinstein,Russia,2023-06,2011
Q311791,Nikolai Rubinstein,Russia,2023-07,2032
Q311791,Nikolai Rubinstein,Russia,2023-08,2469
Q311791,Nikolai Rubinstein,Russia,2023-09,2117
Q311791,Nikolai Rubinstein,Russia,2023-10,2355
Q311791,Nikolai Rubinstein,Russia,2023-11,2474
Q311791,Nikolai Rubinstein,Russia,2023-12,3175
Q311384,Alexander Dargomyzhsky,Russia,2021-01,952
Q311384,Alexander Dargomyzhsky,Russia,2021-02,960
Q311384,Alexander Dargomyzhsky,Russia,2021-03,912
Q311384,Alexander Dargomyzhsky,Russia,2021-04,1020
Q311384,Alexander Dargomyzhsky,Russia,2021-05,986
Q311384,Alexander Dargomyzhsky,Russia,2021-06,802
Q311384,Alexander Dargomyzhsky,Russia,2021-07,642
Q311384,Alexander Dargomyzhsky,Russia,2021-08,652
Q311384,Alexander Dargomyzhsky,Russia,2021-09,707
Q311384,Alexander Dargomyzhsky,Russia,2021-10,739
Q311384,Alexander Dargomyzhsky,Russia,2021-11,797
Q311384,Alexander Dargomyzhsky,Russia,2021-12,814
Q311384,Alexander Dargomyzhsky,Russia,2022-01,894
Q311384,Alexander Dargomyzhsky,Russia,2022-02,876
Q311384,Alexander Dargomyzhsky,Russia,2022-03,928
Q311384,Alexander Dargomyzhsky,Russia,2022-04,840
Q311384,Alexander Dargomyzhsky,Russia,2022-05,734
Q311384,Alexander Dargomyzhsky,Russia,2022-06,728
Q311384,Alexander Dargomyzhsky,Russia,2022-07,666
Q311384,Alexander Dargomyzhsky,Russia,2022-08,790
Q311384,Alexander Dargomyzhsky,Russia,2022-09,693
Q311384,Alexander Dargomyzhsky,Russia,2022-10,713
Q311384,Alexander Dargomyzhsky,Russia,2022-11,844
Q311384,Alexander Dargomyzhsky,Russia,2022-12,839
Q311384,Alexander Dargomyzhsky,Russia,2023-01,748
Q311384,Alexander Dargomyzhsky,Russia,2023-02,783
Q311384,Alexander Dargomyzhsky,Russia,2023-03,782
Q311384,Alexander Dargomyzhsky,Russia,2023-04,666
Q311384,Alexander Dargomyzhsky,Russia,2023-05,837
Q311384,Alexander Dargomyzhsky,Russia,2023-06,711
Q311384,Alexander Dargomyzhsky,Russia,2023-07,657
Q311384,Alexander Dargomyzhsky,Russia,2023-08,717
Q311384,Alexander Dargomyzhsky,Russia,2023-09,667
Q311384,Alexander Dargomyzhsky,Russia,2023-10,845
Q311384,Alexander Dargomyzhsky,Russia,2023-11,776
Q311384,Alexander Dargomyzhsky,Russia,2023-12,1153
Q320609,Yevgeny Mravinsky,Russia,2021-01,1402
Q320609,Yevgeny Mravinsky,Russia,2021-02,1427
Q320609,Yevgeny Mravinsky,Russia,2021-03,1700
Q320609,Yevgeny Mravinsky,Russia,2021-04,1603
Q320609,Yevgeny Mravinsky,Russia,2021-05,1415
Q320609,Yevgeny Mravinsky,Russia,2021-06,1265
Q320609,Yevgeny Mravinsky,Russia,2021-07,1222
Q320609,Yevgeny Mravinsky,Russia,2021-08,1312
Q320609,Yevgeny Mravinsky,Russia,2021-09,1386
Q320609,Yevgeny Mravinsky,Russia,2021-10,1343
Q320609,Yevgeny Mravinsky,Russia,2021-11,1475
Q320609,Yevgeny Mravinsky,Russia,2021-12,1346
Q320609,Yevgeny Mravinsky,Russia,2022-01,1556
Q320609,Yevgeny Mravinsky,Russia,2022-02,1468
Q320609,Yevgeny Mravinsky,Russia,2022-03,1626
Q320609,Yevgeny Mravinsky,Russia,2022-04,1283
Q320609,Yevgeny Mravinsky,Russia,2022-05,1500
Q320609,Yevgeny Mravinsky,Russia,2022-06,1228
Q320609,Yevgeny Mravinsky,Russia,2022-07,1141
Q320609,Yevgeny Mravinsky,Russia,2022-08,1172
Q320609,Yevgeny Mravinsky,Russia,2022-09,1308
Q320609,Yevgeny Mravinsky,Russia,2022-10,1196
Q320609,Yevgeny Mravinsky,Russia,2022-11,1416
Q320609,Yevgeny Mravinsky,Russia,2022-12,1296
Q320609,Yevgeny Mravinsky,Russia,2023-01,1398
Q320609,Yevgeny Mravinsky,Russia,2023-02,1257
Q320609,Yevgeny Mravinsky,Russia,2023-03,1562
Q320609,Yevgeny Mravinsky,Russia,2023-04,1331
Q320609,Yevgeny Mravinsky,Russia,2023-05,1341
Q320609,Yevgeny Mravinsky,Russia,2023-06,1378
Q320609,Yevgeny Mravinsky,Russia,2023-07,1182
Q320609,Yevgeny Mravinsky,Russia,2023-08,1320
Q320609,Yevgeny Mravinsky,Russia,2023-09,1481
Q320609,Yevgeny Mravinsky,Russia,2023-10,1496
Q320609,Yevgeny Mravinsky,Russia,2023-11,1813
Q320609,Yevgeny Mravinsky,Russia,2023-12,1569
Q263059,Q263059,Russia,2021-01,1589
Q263059,Q263059,Russia,2021-02,1718
Q263059,Q263059,Russia,2021-03,1540
Q263059,Q263059,Russia,2021-04,1529
Q263059,Q263059,Russia,2021-05,1419
Q263059,Q263059,Russia,2021-06,1241
Q263059,Q263059,Russia,2021-07,2273
Q263059,Q263059,Russia,2021-08,1792
Q263059,Q263059,Russia,2021-09,1483
Q263059,Q263059,Russia,2021-10,8496
Q263059,Q263059,Russia,2021-11,2038
Q263059,Q263059,Russia,2021-12,1373
Q263059,Q263059,Russia,2022-01,1397
Q263059,Q263059,Russia,2022-02,1318
Q263059,Q263059,Russia,2022-03,2300
Q263059,Q263059,Russia,2022-04,1414
Q263059,Q263059,Russia,2022-05,1067
Q263059,Q263059,Russia,2022-06,1268
Q263059,Q263059,Russia,2022-07,1201
Q263059,Q263059,Russia,2022-08,1495
Q263059,Q263059,Russia,2022-09,1134
Q263059,Q263059,Russia,2022-10,1342
Q263059,Q263059,Russia,2022-11,1317
Q263059,Q263059,Russia,2022-12,1707
Q263059,Q263059,Russia,2023-01,2202
Q263059,Q263059,Russia,2023-02,1823
Q263059,Q263059,Russia,2023-03,2396
Q263059,Q263059,Russia,2023-04,1694
Q263059,Q263059,Russia,2023-05,2322
Q263059,Q263059,Russia,2023-06,1460
Q263059,Q263059,Russia,2023-07,1692
Q263059,Q263059,Russia,2023-08,1710
Q263059,Q263059,Russia,2023-09,1797
Q263059,Q263059,Russia,2023-10,1805
Q263059,Q263059,Russia,2023-11,2218
Q263059,Q263059,Russia,2023-12,2402
Q266125,Anna Vyrubova,Russia,2021-01,3664
Q266125,Anna Vyrubova,Russia,2021-02,3859
Q266125,Anna Vyrubova,Russia,2021-03,4119
Q266125,Anna Vyrubova,Russia,2021-04,5369
Q266125,Anna Vyrubova,Russia,2021-05,4697
Q266125,Anna Vyrubova,Russia,2021-06,3589
Q266125,Anna Vyrubova,Russia,2021-07,4039
Q266125,Anna Vyrubova,Russia,2021-08,3840
Q266125,Anna Vyrubova,Russia,2021-09,3543
Q266125,Anna Vyrubova,Russia,2021-10,3465
Q266125,Anna Vyrubova,Russia,2021-11,3204
Q266125,Anna Vyrubova,Russia,2021-12,4447
Q266125,Anna Vyrubova,Russia,2022-01,4834
Q266125,Anna Vyrubova,Russia,2022-02,6930
Q266125,Anna Vyrubova,Russia,2022-03,6403
Q266125,Anna Vyrubova,Russia,2022-04,4119
Q266125,Anna Vyrubova,Russia,2022-05,3300
Q266125,Anna Vyrubova,Russia,2022-06,2803
Q266125,Anna Vyrubova,Russia,2022-07,3093
Q266125,Anna Vyrubova,Russia,2022-08,2926
Q266125,Anna Vyrubova,Russia,2022-09,3044
Q266125,Anna Vyrubova,Russia,2022-10,3017
Q266125,Anna Vyrubova,Russia,2022-11,3323
Q266125,Anna Vyrubova,Russia,2022-12,3248
Q266125,Anna Vyrubova,Russia,2023-01,3004
Q266125,Anna Vyrubova,Russia,2023-02,2634
Q266125,Anna Vyrubova,Russia,2023-03,3475
Q266125,Anna Vyrubova,Russia,2023-04,3249
Q266125,Anna Vyrubova,Russia,2023-05,3248
Q266125,Anna Vyrubova,Russia,2023-06,3057
Q266125,Anna Vyrubova,Russia,2023-07,3342
Q266125,Anna Vyrubova,Russia,2023-08,3656
Q266125,Anna Vyrubova,Russia,2023-09,3370
Q266125,Anna Vyrubova,Russia,2023-10,3109
Q266125,Anna Vyrubova,Russia,2023-11,3019
Q266125,Anna Vyrubova,Russia,2023-12,3388
Q260885,Aleksandra Pakhmutova,Russia,2021-01,1495
Q260885,Aleksandra Pakhmutova,Russia,2021-02,1178
Q260885,Aleksandra Pakhmutova,Russia,2021-03,1341
Q260885,Aleksandra Pakhmutova,Russia,2021-04,1594
Q260885,Aleksandra Pakhmutova,Russia,2021-05,1793
Q260885,Aleksandra Pakhmutova,Russia,2021-06,1214
Q260885,Aleksandra Pakhmutova,Russia,2021-07,1258
Q260885,Aleksandra Pakhmutova,Russia,2021-08,1132
Q260885,Aleksandra Pakhmutova,Russia,2021-09,906
Q260885,Aleksandra Pakhmutova,Russia,2021-10,1207
Q260885,Aleksandra Pakhmutova,Russia,2021-11,1845
Q260885,Aleksandra Pakhmutova,Russia,2021-12,1557
Q260885,Aleksandra Pakhmutova,Russia,2022-01,1381
Q260885,Aleksandra Pakhmutova,Russia,2022-02,1582
Q260885,Aleksandra Pakhmutova,Russia,2022-03,1354
Q260885,Aleksandra Pakhmutova,Russia,2022-04,1366
Q260885,Aleksandra Pakhmutova,Russia,2022-05,1414
Q260885,Aleksandra Pakhmutova,Russia,2022-06,1137
Q260885,Aleksandra Pakhmutova,Russia,2022-07,936
Q260885,Aleksandra Pakhmutova,Russia,2022-08,1275
Q260885,Aleksandra Pakhmutova,Russia,2022-09,1112
Q260885,Aleksandra Pakhmutova,Russia,2022-10,1199
Q260885,Aleksandra Pakhmutova,Russia,2022-11,2086
Q260885,Aleksandra Pakhmutova,Russia,2022-12,1584
Q260885,Aleksandra Pakhmutova,Russia,2023-01,1830
Q260885,Aleksandra Pakhmutova,Russia,2023-02,916
Q260885,Aleksandra Pakhmutova,Russia,2023-03,1411
Q260885,Aleksandra Pakhmutova,Russia,2023-04,1125
Q260885,Aleksandra Pakhmutova,Russia,2023-05,1134
Q260885,Aleksandra Pakhmutova,Russia,2023-06,1271
Q260885,Aleksandra Pakhmutova,Russia,2023-07,1154
Q260885,Aleksandra Pakhmutova,Russia,2023-08,1878
Q260885,Aleksandra Pakhmutova,Russia,2023-09,4846
Q260885,Aleksandra Pakhmutova,Russia,2023-10,1703
Q260885,Aleksandra Pakhmutova,Russia,2023-11,3743
Q260885,Aleksandra Pakhmutova,Russia,2023-12,3027
Q366536,Alexander Siloti,Russia,2021-01,1359
Q366536,Alexander Siloti,Russia,2021-02,1194
Q366536,Alexander Siloti,Russia,2021-03,1383
Q366536,Alexander Siloti,Russia,2021-04,1425
Q366536,Alexander Siloti,Russia,2021-05,1210
Q366536,Alexander Siloti,Russia,2021-06,1052
Q366536,Alexander Siloti,Russia,2021-07,1103
Q366536,Alexander Siloti,Russia,2021-08,1073
Q366536,Alexander Siloti,Russia,2021-09,1020
Q366536,Alexander Siloti,Russia,2021-10,1504
Q366536,Alexander Siloti,Russia,2021-11,1164
Q366536,Alexander Siloti,Russia,2021-12,1114
Q366536,Alexander Siloti,Russia,2022-01,1322
Q366536,Alexander Siloti,Russia,2022-02,1238
Q366536,Alexander Siloti,Russia,2022-03,1528
Q366536,Alexander Siloti,Russia,2022-04,1334
Q366536,Alexander Siloti,Russia,2022-05,1286
Q366536,Alexander Siloti,Russia,2022-06,1258
Q366536,Alexander Siloti,Russia,2022-07,1243
Q366536,Alexander Siloti,Russia,2022-08,1498
Q366536,Alexander Siloti,Russia,2022-09,1179
Q366536,Alexander Siloti,Russia,2022-10,1261
Q366536,Alexander Siloti,Russia,2022-11,1216
Q366536,Alexander Siloti,Russia,2022-12,1184
Q366536,Alexander Siloti,Russia,2023-01,1360
Q366536,Alexander Siloti,Russia,2023-02,1257
Q366536,Alexander Siloti,Russia,2023-03,1531
Q366536,Alexander Siloti,Russia,2023-04,1556
Q366536,Alexander Siloti,Russia,2023-05,1460
Q366536,Alexander Siloti,Russia,2023-06,1389
Q366536,Alexander Siloti,Russia,2023-07,1281
Q366536,Alexander Siloti,Russia,2023-08,1398
Q366536,Alexander Siloti,Russia,2023-09,1370
Q366536,Alexander Siloti,Russia,2023-10,1462
Q366536,Alexander Siloti,Russia,2023-11,1338
Q366536,Alexander Siloti,Russia,2023-12,1403
Q365574,Nikolai Medtner,Russia,2021-01,3736
Q365574,Nikolai Medtner,Russia,2021-02,3689
Q365574,Nikolai Medtner,Russia,2021-03,3446
Q365574,Nikolai Medtner,Russia,2021-04,3551
Q365574,Nikolai Medtner,Russia,2021-05,3451
Q365574,Nikolai Medtner,Russia,2021-06,2583
Q365574,Nikolai Medtner,Russia,2021-07,2772
Q365574,Nikolai Medtner,Russia,2021-08,2940
Q365574,Nikolai Medtner,Russia,2021-09,5070
Q365574,Nikolai Medtner,Russia,2021-10,3371
Q365574,Nikolai Medtner,Russia,2021-11,3361
Q365574,Nikolai Medtner,Russia,2021-12,2778
Q365574,Nikolai Medtner,Russia,2022-01,3714
Q365574,Nikolai Medtner,Russia,2022-02,3291
Q365574,Nikolai Medtner,Russia,2022-03,3393
Q365574,Nikolai Medtner,Russia,2022-04,3174
Q365574,Nikolai Medtner,Russia,2022-05,2926
Q365574,Nikolai Medtner,Russia,2022-06,2747
Q365574,Nikolai Medtner,Russia,2022-07,2600
Q365574,Nikolai Medtner,Russia,2022-08,2796
Q365574,Nikolai Medtner,Russia,2022-09,3298
Q365574,Nikolai Medtner,Russia,2022-10,3765
Q365574,Nikolai Medtner,Russia,2022-11,3735
Q365574,Nikolai Medtner,Russia,2022-12,2790
Q365574,Nikolai Medtner,Russia,2023-01,3245
Q365574,Nikolai Medtner,Russia,2023-02,2661
Q365574,Nikolai Medtner,Russia,2023-03,3862
Q365574,Nikolai Medtner,Russia,2023-04,3293
Q365574,Nikolai Medtner,Russia,2023-05,2920
Q365574,Nikolai Medtner,Russia,2023-06,2648
Q365574,Nikolai Medtner,Russia,2023-07,2524
Q365574,Nikolai Medtner,Russia,2023-08,2683
Q365574,Nikolai Medtner,Russia,2023-09,2851
Q365574,Nikolai Medtner,Russia,2023-10,2846
Q365574,Nikolai Medtner,Russia,2023-11,3285
Q365574,Nikolai Medtner,Russia,2023-12,3972
Q366762,Leonid Karev,Russia,2021-01,43
Q366762,Leonid Karev,Russia,2021-02,42
Q366762,Leonid Karev,Russia,2021-03,48
Q366762,Leonid Karev,Russia,2021-04,48
Q366762,Leonid Karev,Russia,2021-05,51
Q366762,Leonid Karev,Russia,2021-06,51
Q366762,Leonid Karev,Russia,2021-07,56
Q366762,Leonid Karev,Russia,2021-08,68
Q366762,Leonid Karev,Russia,2021-09,75
Q366762,Leonid Karev,Russia,2021-10,46
Q366762,Leonid Karev,Russia,2021-11,53
Q366762,Leonid Karev,Russia,2021-12,42
Q366762,Leonid Karev,Russia,2022-01,46
Q366762,Leonid Karev,Russia,2022-02,28
Q366762,Leonid Karev,Russia,2022-03,38
Q366762,Leonid Karev,Russia,2022-04,46
Q366762,Leonid Karev,Russia,2022-05,74
Q366762,Leonid Karev,Russia,2022-06,58
Q366762,Leonid Karev,Russia,2022-07,73
Q366762,Leonid Karev,Russia,2022-08,72
Q366762,Leonid Karev,Russia,2022-09,55
Q366762,Leonid Karev,Russia,2022-10,53
Q366762,Leonid Karev,Russia,2022-11,56
Q366762,Leonid Karev,Russia,2022-12,48
Q366762,Leonid Karev,Russia,2023-01,58
Q366762,Leonid Karev,Russia,2023-02,44
Q366762,Leonid Karev,Russia,2023-03,42
Q366762,Leonid Karev,Russia,2023-04,62
Q366762,Leonid Karev,Russia,2023-05,47
Q366762,Leonid Karev,Russia,2023-06,52
Q366762,Leonid Karev,Russia,2023-07,54
Q366762,Leonid Karev,Russia,2023-08,58
Q366762,Leonid Karev,Russia,2023-09,52
Q366762,Leonid Karev,Russia,2023-10,57
Q366762,Leonid Karev,Russia,2023-11,39
Q366762,Leonid Karev,Russia,2023-12,41
Q374594,Grigory Ginzburg,Russia,2021-01,584
Q374594,Grigory Ginzburg,Russia,2021-02,540
Q374594,Grigory Ginzburg,Russia,2021-03,497
Q374594,Grigory Ginzburg,Russia,2021-04,532
Q374594,Grigory Ginzburg,Russia,2021-05,525
Q374594,Grigory Ginzburg,Russia,2021-06,339
Q374594,Grigory Ginzburg,Russia,2021-07,555
Q374594,Grigory Ginzburg,Russia,2021-08,590
Q374594,Grigory Ginzburg,Russia,2021-09,418
Q374594,Grigory Ginzburg,Russia,2021-10,477
Q374594,Grigory Ginzburg,Russia,2021-11,396
Q374594,Grigory Ginzburg,Russia,2021-12,396
Q374594,Grigory Ginzburg,Russia,2022-01,621
Q374594,Grigory Ginzburg,Russia,2022-02,605
Q374594,Grigory Ginzburg,Russia,2022-03,594
Q374594,Grigory Ginzburg,Russia,2022-04,454
Q374594,Grigory Ginzburg,Russia,2022-05,483
Q374594,Grigory Ginzburg,Russia,2022-06,375
Q374594,Grigory Ginzburg,Russia,2022-07,481
Q374594,Grigory Ginzburg,Russia,2022-08,374
Q374594,Grigory Ginzburg,Russia,2022-09,406
Q374594,Grigory Ginzburg,Russia,2022-10,507
Q374594,Grigory Ginzburg,Russia,2022-11,398
Q374594,Grigory Ginzburg,Russia,2022-12,342
Q374594,Grigory Ginzburg,Russia,2023-01,406
Q374594,Grigory Ginzburg,Russia,2023-02,356
Q374594,Grigory Ginzburg,Russia,2023-03,370
Q374594,Grigory Ginzburg,Russia,2023-04,346
Q374594,Grigory Ginzburg,Russia,2023-05,356
Q374594,Grigory Ginzburg,Russia,2023-06,475
Q374594,Grigory Ginzburg,Russia,2023-07,331
Q374594,Grigory Ginzburg,Russia,2023-08,342
Q374594,Grigory Ginzburg,Russia,2023-09,351
Q374594,Grigory Ginzburg,Russia,2023-10,357
Q374594,Grigory Ginzburg,Russia,2023-11,383
Q374594,Grigory Ginzburg,Russia,2023-12,393
Q374362,Nikolay Ogarev,Russia,2021-01,310
Q374362,Nikolay Ogarev,Russia,2021-02,314
Q374362,Nikolay Ogarev,Russia,2021-03,343
Q374362,Nikolay Ogarev,Russia,2021-04,412
Q374362,Nikolay Ogarev,Russia,2021-05,359
Q374362,Nikolay Ogarev,Russia,2021-06,278
Q374362,Nikolay Ogarev,Russia,2021-07,304
Q374362,Nikolay Ogarev,Russia,2021-08,335
Q374362,Nikolay Ogarev,Russia,2021-09,308
Q374362,Nikolay Ogarev,Russia,2021-10,336
Q374362,Nikolay Ogarev,Russia,2021-11,354
Q374362,Nikolay Ogarev,Russia,2021-12,380
Q374362,Nikolay Ogarev,Russia,2022-01,444
Q374362,Nikolay Ogarev,Russia,2022-02,348
Q374362,Nikolay Ogarev,Russia,2022-03,411
Q374362,Nikolay Ogarev,Russia,2022-04,342
Q374362,Nikolay Ogarev,Russia,2022-05,377
Q374362,Nikolay Ogarev,Russia,2022-06,359
Q374362,Nikolay Ogarev,Russia,2022-07,344
Q374362,Nikolay Ogarev,Russia,2022-08,370
Q374362,Nikolay Ogarev,Russia,2022-09,381
Q374362,Nikolay Ogarev,Russia,2022-10,390
Q374362,Nikolay Ogarev,Russia,2022-11,364
Q374362,Nikolay Ogarev,Russia,2022-12,330
Q374362,Nikolay Ogarev,Russia,2023-01,354
Q374362,Nikolay Ogarev,Russia,2023-02,286
Q374362,Nikolay Ogarev,Russia,2023-03,366
Q374362,Nikolay Ogarev,Russia,2023-04,308
Q374362,Nikolay Ogarev,Russia,2023-05,320
Q374362,Nikolay Ogarev,Russia,2023-06,383
Q374362,Nikolay Ogarev,Russia,2023-07,302
Q374362,Nikolay Ogarev,Russia,2023-08,353
Q374362,Nikolay Ogarev,Russia,2023-09,475
Q374362,Nikolay Ogarev,Russia,2023-10,306
Q374362,Nikolay Ogarev,Russia,2023-11,367
Q374362,Nikolay Ogarev,Russia,2023-12,484
Q367830,Tikhon Khrennikov,Russia,2021-01,1050
Q367830,Tikhon Khrennikov,Russia,2021-02,921
Q367830,Tikhon Khrennikov,Russia,2021-03,1157
Q367830,Tikhon Khrennikov,Russia,2021-04,1009
Q367830,Tikhon Khrennikov,Russia,2021-05,999
Q367830,Tikhon Khrennikov,Russia,2021-06,886
Q367830,Tikhon Khrennikov,Russia,2021-07,894
Q367830,Tikhon Khrennikov,Russia,2021-08,2150
Q367830,Tikhon Khrennikov,Russia,2021-09,835
Q367830,Tikhon Khrennikov,Russia,2021-10,871
Q367830,Tikhon Khrennikov,Russia,2021-11,1002
Q367830,Tikhon Khrennikov,Russia,2021-12,851
Q367830,Tikhon Khrennikov,Russia,2022-01,973
Q367830,Tikhon Khrennikov,Russia,2022-02,907
Q367830,Tikhon Khrennikov,Russia,2022-03,1167
Q367830,Tikhon Khrennikov,Russia,2022-04,1094
Q367830,Tikhon Khrennikov,Russia,2022-05,1034
Q367830,Tikhon Khrennikov,Russia,2022-06,1040
Q367830,Tikhon Khrennikov,Russia,2022-07,918
Q367830,Tikhon Khrennikov,Russia,2022-08,1148
Q367830,Tikhon Khrennikov,Russia,2022-09,1194
Q367830,Tikhon Khrennikov,Russia,2022-10,1040
Q367830,Tikhon Khrennikov,Russia,2022-11,1072
Q367830,Tikhon Khrennikov,Russia,2022-12,969
Q367830,Tikhon Khrennikov,Russia,2023-01,1091
Q367830,Tikhon Khrennikov,Russia,2023-02,1094
Q367830,Tikhon Khrennikov,Russia,2023-03,1055
Q367830,Tikhon Khrennikov,Russia,2023-04,966
Q367830,Tikhon Khrennikov,Russia,2023-05,939
Q367830,Tikhon Khrennikov,Russia,2023-06,1062
Q367830,Tikhon Khrennikov,Russia,2023-07,966
Q367830,Tikhon Khrennikov,Russia,2023-08,1048
Q367830,Tikhon Khrennikov,Russia,2023-09,981
Q367830,Tikhon Khrennikov,Russia,2023-10,949
Q367830,Tikhon Khrennikov,Russia,2023-11,963
Q367830,Tikhon Khrennikov,Russia,2023-12,1058
Q274312,Zhanna Bichevskaya,Russia,2021-01,600
Q274312,Zhanna Bichevskaya,Russia,2021-02,590
Q274312,Zhanna Bichevskaya,Russia,2021-03,622
Q274312,Zhanna Bichevskaya,Russia,2021-04,658
Q274312,Zhanna Bichevskaya,Russia,2021-05,599
Q274312,Zhanna Bichevskaya,Russia,2021-06,553
Q274312,Zhanna Bichevskaya,Russia,2021-07,584
Q274312,Zhanna Bichevskaya,Russia,2021-08,482
Q274312,Zhanna Bichevskaya,Russia,2021-09,484
Q274312,Zhanna Bichevskaya,Russia,2021-10,537
Q274312,Zhanna Bichevskaya,Russia,2021-11,588
Q274312,Zhanna Bichevskaya,Russia,2021-12,597
Q274312,Zhanna Bichevskaya,Russia,2022-01,613
Q274312,Zhanna Bichevskaya,Russia,2022-02,810
Q274312,Zhanna Bichevskaya,Russia,2022-03,816
Q274312,Zhanna Bichevskaya,Russia,2022-04,767
Q274312,Zhanna Bichevskaya,Russia,2022-05,613
Q274312,Zhanna Bichevskaya,Russia,2022-06,593
Q274312,Zhanna Bichevskaya,Russia,2022-07,534
Q274312,Zhanna Bichevskaya,Russia,2022-08,535
Q274312,Zhanna Bichevskaya,Russia,2022-09,565
Q274312,Zhanna Bichevskaya,Russia,2022-10,522
Q274312,Zhanna Bichevskaya,Russia,2022-11,538
Q274312,Zhanna Bichevskaya,Russia,2022-12,617
Q274312,Zhanna Bichevskaya,Russia,2023-01,691
Q274312,Zhanna Bichevskaya,Russia,2023-02,512
Q274312,Zhanna Bichevskaya,Russia,2023-03,585
Q274312,Zhanna Bichevskaya,Russia,2023-04,484
Q274312,Zhanna Bichevskaya,Russia,2023-05,509
Q274312,Zhanna Bichevskaya,Russia,2023-06,454
Q274312,Zhanna Bichevskaya,Russia,2023-07,501
Q274312,Zhanna Bichevskaya,Russia,2023-08,630
Q274312,Zhanna Bichevskaya,Russia,2023-09,576
Q274312,Zhanna Bichevskaya,Russia,2023-10,502
Q274312,Zhanna Bichevskaya,Russia,2023-11,516
Q274312,Zhanna Bichevskaya,Russia,2023-12,520
Q176846,Timati,Russia,2021-01,8933
Q176846,Timati,Russia,2021-02,6724
Q176846,Timati,Russia,2021-03,12662
Q176846,Timati,Russia,2021-04,13366
Q176846,Timati,Russia,2021-05,13576
Q176846,Timati,Russia,2021-06,8960
Q176846,Timati,Russia,2021-07,6816
Q176846,Timati,Russia,2021-08,5969
Q176846,Timati,Russia,2021-09,5919
Q176846,Timati,Russia,2021-10,5639
Q176846,Timati,Russia,2021-11,4904
Q176846,Timati,Russia,2021-12,5106
Q176846,Timati,Russia,2022-01,5763
Q176846,Timati,Russia,2022-02,5075
Q176846,Timati,Russia,2022-03,9722
Q176846,Timati,Russia,2022-04,5077
Q176846,Timati,Russia,2022-05,4158
Q176846,Timati,Russia,2022-06,3883
Q176846,Timati,Russia,2022-07,5930
Q176846,Timati,Russia,2022-08,14972
Q176846,Timati,Russia,2022-09,12014
Q176846,Timati,Russia,2022-10,6413
Q176846,Timati,Russia,2022-11,5693
Q176846,Timati,Russia,2022-12,4724
Q176846,Timati,Russia,2023-01,4233
Q176846,Timati,Russia,2023-02,3975
Q176846,Timati,Russia,2023-03,4833
Q176846,Timati,Russia,2023-04,6370
Q176846,Timati,Russia,2023-05,11546
Q176846,Timati,Russia,2023-06,13433
Q176846,Timati,Russia,2023-07,11242
Q176846,Timati,Russia,2023-08,5535
Q176846,Timati,Russia,2023-09,4216
Q176846,Timati,Russia,2023-10,4456
Q176846,Timati,Russia,2023-11,3947
Q176846,Timati,Russia,2023-12,4695
Q321763,Igor Zhukov,Russia,2021-01,356
Q321763,Igor Zhukov,Russia,2021-02,326
Q321763,Igor Zhukov,Russia,2021-03,332
Q321763,Igor Zhukov,Russia,2021-04,280
Q321763,Igor Zhukov,Russia,2021-05,316
Q321763,Igor Zhukov,Russia,2021-06,235
Q321763,Igor Zhukov,Russia,2021-07,252
Q321763,Igor Zhukov,Russia,2021-08,270
Q321763,Igor Zhukov,Russia,2021-09,259
Q321763,Igor Zhukov,Russia,2021-10,243
Q321763,Igor Zhukov,Russia,2021-11,258
Q321763,Igor Zhukov,Russia,2021-12,229
Q321763,Igor Zhukov,Russia,2022-01,308
Q321763,Igor Zhukov,Russia,2022-02,273
Q321763,Igor Zhukov,Russia,2022-03,265
Q321763,Igor Zhukov,Russia,2022-04,320
Q321763,Igor Zhukov,Russia,2022-05,323
Q321763,Igor Zhukov,Russia,2022-06,278
Q321763,Igor Zhukov,Russia,2022-07,279
Q321763,Igor Zhukov,Russia,2022-08,332
Q321763,Igor Zhukov,Russia,2022-09,293
Q321763,Igor Zhukov,Russia,2022-10,297
Q321763,Igor Zhukov,Russia,2022-11,236
Q321763,Igor Zhukov,Russia,2022-12,237
Q321763,Igor Zhukov,Russia,2023-01,273
Q321763,Igor Zhukov,Russia,2023-02,212
Q321763,Igor Zhukov,Russia,2023-03,308
Q321763,Igor Zhukov,Russia,2023-04,259
Q321763,Igor Zhukov,Russia,2023-05,266
Q321763,Igor Zhukov,Russia,2023-06,259
Q321763,Igor Zhukov,Russia,2023-07,232
Q321763,Igor Zhukov,Russia,2023-08,248
Q321763,Igor Zhukov,Russia,2023-09,256
Q321763,Igor Zhukov,Russia,2023-10,235
Q321763,Igor Zhukov,Russia,2023-11,226
Q321763,Igor Zhukov,Russia,2023-12,285
Q58227406,Roman Grinev,Russia,2021-01,63
Q58227406,Roman Grinev,Russia,2021-02,64
Q58227406,Roman Grinev,Russia,2021-03,78
Q58227406,Roman Grinev,Russia,2021-04,76
Q58227406,Roman Grinev,Russia,2021-05,85
Q58227406,Roman Grinev,Russia,2021-06,66
Q58227406,Roman Grinev,Russia,2021-07,73
Q58227406,Roman Grinev,Russia,2021-08,80
Q58227406,Roman Grinev,Russia,2021-09,79
Q58227406,Roman Grinev,Russia,2021-10,72
Q58227406,Roman Grinev,Russia,2021-11,56
Q58227406,Roman Grinev,Russia,2021-12,47
Q58227406,Roman Grinev,Russia,2022-01,64
Q58227406,Roman Grinev,Russia,2022-02,70
Q58227406,Roman Grinev,Russia,2022-03,63
Q58227406,Roman Grinev,Russia,2022-04,59
Q58227406,Roman Grinev,Russia,2022-05,76
Q58227406,Roman Grinev,Russia,2022-06,61
Q58227406,Roman Grinev,Russia,2022-07,67
Q58227406,Roman Grinev,Russia,2022-08,76
Q58227406,Roman Grinev,Russia,2022-09,53
Q58227406,Roman Grinev,Russia,2022-10,64
Q58227406,Roman Grinev,Russia,2022-11,49
Q58227406,Roman Grinev,Russia,2022-12,47
Q58227406,Roman Grinev,Russia,2023-01,59
Q58227406,Roman Grinev,Russia,2023-02,38
Q58227406,Roman Grinev,Russia,2023-03,54
Q58227406,Roman Grinev,Russia,2023-04,43
Q58227406,Roman Grinev,Russia,2023-05,56
Q58227406,Roman Grinev,Russia,2023-06,40
Q58227406,Roman Grinev,Russia,2023-07,54
Q58227406,Roman Grinev,Russia,2023-08,74
Q58227406,Roman Grinev,Russia,2023-09,62
Q58227406,Roman Grinev,Russia,2023-10,46
Q58227406,Roman Grinev,Russia,2023-11,43
Q58227406,Roman Grinev,Russia,2023-12,44
Q258602,Maria Yudina,Russia,2021-01,7506
Q258602,Maria Yudina,Russia,2021-02,4497
Q258602,Maria Yudina,Russia,2021-03,4857
Q258602,Maria Yudina,Russia,2021-04,5563
Q258602,Maria Yudina,Russia,2021-05,6567
Q258602,Maria Yudina,Russia,2021-06,5816
Q258602,Maria Yudina,Russia,2021-07,6060
Q258602,Maria Yudina,Russia,2021-08,6559
Q258602,Maria Yudina,Russia,2021-09,4812
Q258602,Maria Yudina,Russia,2021-10,5466
Q258602,Maria Yudina,Russia,2021-11,4804
Q258602,Maria Yudina,Russia,2021-12,5499
Q258602,Maria Yudina,Russia,2022-01,10602
Q258602,Maria Yudina,Russia,2022-02,5432
Q258602,Maria Yudina,Russia,2022-03,9908
Q258602,Maria Yudina,Russia,2022-04,8031
Q258602,Maria Yudina,Russia,2022-05,4063
Q258602,Maria Yudina,Russia,2022-06,3016
Q258602,Maria Yudina,Russia,2022-07,3459
Q258602,Maria Yudina,Russia,2022-08,4258
Q258602,Maria Yudina,Russia,2022-09,4434
Q258602,Maria Yudina,Russia,2022-10,4049
Q258602,Maria Yudina,Russia,2022-11,3816
Q258602,Maria Yudina,Russia,2022-12,3764
Q258602,Maria Yudina,Russia,2023-01,4821
Q258602,Maria Yudina,Russia,2023-02,3733
Q258602,Maria Yudina,Russia,2023-03,7024
Q258602,Maria Yudina,Russia,2023-04,4314
Q258602,Maria Yudina,Russia,2023-05,3775
Q258602,Maria Yudina,Russia,2023-06,5110
Q258602,Maria Yudina,Russia,2023-07,5104
Q258602,Maria Yudina,Russia,2023-08,4870
Q258602,Maria Yudina,Russia,2023-09,3621
Q258602,Maria Yudina,Russia,2023-10,3260
Q258602,Maria Yudina,Russia,2023-11,3457
Q258602,Maria Yudina,Russia,2023-12,4540
Q260104,Tatiana Nikolayeva,Russia,2021-01,1999
Q260104,Tatiana Nikolayeva,Russia,2021-02,1685
Q260104,Tatiana Nikolayeva,Russia,2021-03,1712
Q260104,Tatiana Nikolayeva,Russia,2021-04,1587
Q260104,Tatiana Nikolayeva,Russia,2021-05,1843
Q260104,Tatiana Nikolayeva,Russia,2021-06,1951
Q260104,Tatiana Nikolayeva,Russia,2021-07,1648
Q260104,Tatiana Nikolayeva,Russia,2021-08,1755
Q260104,Tatiana Nikolayeva,Russia,2021-09,1378
Q260104,Tatiana Nikolayeva,Russia,2021-10,1571
Q260104,Tatiana Nikolayeva,Russia,2021-11,1327
Q260104,Tatiana Nikolayeva,Russia,2021-12,1744
Q260104,Tatiana Nikolayeva,Russia,2022-01,2429
Q260104,Tatiana Nikolayeva,Russia,2022-02,1599
Q260104,Tatiana Nikolayeva,Russia,2022-03,2181
Q260104,Tatiana Nikolayeva,Russia,2022-04,1766
Q260104,Tatiana Nikolayeva,Russia,2022-05,1616
Q260104,Tatiana Nikolayeva,Russia,2022-06,1517
Q260104,Tatiana Nikolayeva,Russia,2022-07,1358
Q260104,Tatiana Nikolayeva,Russia,2022-08,1378
Q260104,Tatiana Nikolayeva,Russia,2022-09,1325
Q260104,Tatiana Nikolayeva,Russia,2022-10,2045
Q260104,Tatiana Nikolayeva,Russia,2022-11,1484
Q260104,Tatiana Nikolayeva,Russia,2022-12,1988
Q260104,Tatiana Nikolayeva,Russia,2023-01,2361
Q260104,Tatiana Nikolayeva,Russia,2023-02,1571
Q260104,Tatiana Nikolayeva,Russia,2023-03,1875
Q260104,Tatiana Nikolayeva,Russia,2023-04,1842
Q260104,Tatiana Nikolayeva,Russia,2023-05,1821
Q260104,Tatiana Nikolayeva,Russia,2023-06,2091
Q260104,Tatiana Nikolayeva,Russia,2023-07,1542
Q260104,Tatiana Nikolayeva,Russia,2023-08,1753
Q260104,Tatiana Nikolayeva,Russia,2023-09,1606
Q260104,Tatiana Nikolayeva,Russia,2023-10,1623
Q260104,Tatiana Nikolayeva,Russia,2023-11,1457
Q260104,Tatiana Nikolayeva,Russia,2023-12,1393
Q553959,Nikolai Zverev,Russia,2021-01,571
Q553959,Nikolai Zverev,Russia,2021-02,506
Q553959,Nikolai Zverev,Russia,2021-03,509
Q553959,Nikolai Zverev,Russia,2021-04,542
Q553959,Nikolai Zverev,Russia,2021-05,545
Q553959,Nikolai Zverev,Russia,2021-06,426
Q553959,Nikolai Zverev,Russia,2021-07,373
Q553959,Nikolai Zverev,Russia,2021-08,458
Q553959,Nikolai Zverev,Russia,2021-09,426
Q553959,Nikolai Zverev,Russia,2021-10,483
Q553959,Nikolai Zverev,Russia,2021-11,418
Q553959,Nikolai Zverev,Russia,2021-12,408
Q553959,Nikolai Zverev,Russia,2022-01,579
Q553959,Nikolai Zverev,Russia,2022-02,487
Q553959,Nikolai Zverev,Russia,2022-03,491
Q553959,Nikolai Zverev,Russia,2022-04,520
Q553959,Nikolai Zverev,Russia,2022-05,692
Q553959,Nikolai Zverev,Russia,2022-06,474
Q553959,Nikolai Zverev,Russia,2022-07,447
Q553959,Nikolai Zverev,Russia,2022-08,454
Q553959,Nikolai Zverev,Russia,2022-09,368
Q553959,Nikolai Zverev,Russia,2022-10,451
Q553959,Nikolai Zverev,Russia,2022-11,370
Q553959,Nikolai Zverev,Russia,2022-12,505
Q553959,Nikolai Zverev,Russia,2023-01,547
Q553959,Nikolai Zverev,Russia,2023-02,425
Q553959,Nikolai Zverev,Russia,2023-03,594
Q553959,Nikolai Zverev,Russia,2023-04,607
Q553959,Nikolai Zverev,Russia,2023-05,476
Q553959,Nikolai Zverev,Russia,2023-06,481
Q553959,Nikolai Zverev,Russia,2023-07,455
Q553959,Nikolai Zverev,Russia,2023-08,550
Q553959,Nikolai Zverev,Russia,2023-09,459
Q553959,Nikolai Zverev,Russia,2023-10,491
Q553959,Nikolai Zverev,Russia,2023-11,490
Q553959,Nikolai Zverev,Russia,2023-12,511
Q557478,Arthur Friedheim,Russia,2021-01,505
Q557478,Arthur Friedheim,Russia,2021-02,471
Q557478,Arthur Friedheim,Russia,2021-03,403
Q557478,Arthur Friedheim,Russia,2021-04,501
Q557478,Arthur Friedheim,Russia,2021-05,429
Q557478,Arthur Friedheim,Russia,2021-06,350
Q557478,Arthur Friedheim,Russia,2021-07,477
Q557478,Arthur Friedheim,Russia,2021-08,498
Q557478,Arthur Friedheim,Russia,2021-09,338
Q557478,Arthur Friedheim,Russia,2021-10,409
Q557478,Arthur Friedheim,Russia,2021-11,340
Q557478,Arthur Friedheim,Russia,2021-12,361
Q557478,Arthur Friedheim,Russia,2022-01,562
Q557478,Arthur Friedheim,Russia,2022-02,552
Q557478,Arthur Friedheim,Russia,2022-03,411
Q557478,Arthur Friedheim,Russia,2022-04,459
Q557478,Arthur Friedheim,Russia,2022-05,512
Q557478,Arthur Friedheim,Russia,2022-06,538
Q557478,Arthur Friedheim,Russia,2022-07,491
Q557478,Arthur Friedheim,Russia,2022-08,391
Q557478,Arthur Friedheim,Russia,2022-09,428
Q557478,Arthur Friedheim,Russia,2022-10,495
Q557478,Arthur Friedheim,Russia,2022-11,404
Q557478,Arthur Friedheim,Russia,2022-12,373
Q557478,Arthur Friedheim,Russia,2023-01,406
Q557478,Arthur Friedheim,Russia,2023-02,365
Q557478,Arthur Friedheim,Russia,2023-03,487
Q557478,Arthur Friedheim,Russia,2023-04,410
Q557478,Arthur Friedheim,Russia,2023-05,430
Q557478,Arthur Friedheim,Russia,2023-06,429
Q557478,Arthur Friedheim,Russia,2023-07,412
Q557478,Arthur Friedheim,Russia,2023-08,428
Q557478,Arthur Friedheim,Russia,2023-09,398
Q557478,Arthur Friedheim,Russia,2023-10,403
Q557478,Arthur Friedheim,Russia,2023-11,536
Q557478,Arthur Friedheim,Russia,2023-12,497
Q545764,Lazar Berman,Russia,2021-01,917
Q545764,Lazar Berman,Russia,2021-02,991
Q545764,Lazar Berman,Russia,2021-03,1032
Q545764,Lazar Berman,Russia,2021-04,828
Q545764,Lazar Berman,Russia,2021-05,994
Q545764,Lazar Berman,Russia,2021-06,775
Q545764,Lazar Berman,Russia,2021-07,821
Q545764,Lazar Berman,Russia,2021-08,808
Q545764,Lazar Berman,Russia,2021-09,723
Q545764,Lazar Berman,Russia,2021-10,960
Q545764,Lazar Berman,Russia,2021-11,834
Q545764,Lazar Berman,Russia,2021-12,739
Q545764,Lazar Berman,Russia,2022-01,884
Q545764,Lazar Berman,Russia,2022-02,1040
Q545764,Lazar Berman,Russia,2022-03,974
Q545764,Lazar Berman,Russia,2022-04,919
Q545764,Lazar Berman,Russia,2022-05,958
Q545764,Lazar Berman,Russia,2022-06,995
Q545764,Lazar Berman,Russia,2022-07,1067
Q545764,Lazar Berman,Russia,2022-08,893
Q545764,Lazar Berman,Russia,2022-09,1343
Q545764,Lazar Berman,Russia,2022-10,896
Q545764,Lazar Berman,Russia,2022-11,966
Q545764,Lazar Berman,Russia,2022-12,876
Q545764,Lazar Berman,Russia,2023-01,896
Q545764,Lazar Berman,Russia,2023-02,894
Q545764,Lazar Berman,Russia,2023-03,1026
Q545764,Lazar Berman,Russia,2023-04,810
Q545764,Lazar Berman,Russia,2023-05,827
Q545764,Lazar Berman,Russia,2023-06,828
Q545764,Lazar Berman,Russia,2023-07,885
Q545764,Lazar Berman,Russia,2023-08,861
Q545764,Lazar Berman,Russia,2023-09,939
Q545764,Lazar Berman,Russia,2023-10,1016
Q545764,Lazar Berman,Russia,2023-11,760
Q545764,Lazar Berman,Russia,2023-12,847
Q548431,Alexander Melnikov,Russia,2021-01,603
Q548431,Alexander Melnikov,Russia,2021-02,447
Q548431,Alexander Melnikov,Russia,2021-03,489
Q548431,Alexander Melnikov,Russia,2021-04,478
Q548431,Alexander Melnikov,Russia,2021-05,538
Q548431,Alexander Melnikov,Russia,2021-06,394
Q548431,Alexander Melnikov,Russia,2021-07,397
Q548431,Alexander Melnikov,Russia,2021-08,593
Q548431,Alexander Melnikov,Russia,2021-09,552
Q548431,Alexander Melnikov,Russia,2021-10,624
Q548431,Alexander Melnikov,Russia,2021-11,494
Q548431,Alexander Melnikov,Russia,2021-12,487
Q548431,Alexander Melnikov,Russia,2022-01,642
Q548431,Alexander Melnikov,Russia,2022-02,660
Q548431,Alexander Melnikov,Russia,2022-03,1416
Q548431,Alexander Melnikov,Russia,2022-04,1062
Q548431,Alexander Melnikov,Russia,2022-05,907
Q548431,Alexander Melnikov,Russia,2022-06,824
Q548431,Alexander Melnikov,Russia,2022-07,2108
Q548431,Alexander Melnikov,Russia,2022-08,853
Q548431,Alexander Melnikov,Russia,2022-09,770
Q548431,Alexander Melnikov,Russia,2022-10,826
Q548431,Alexander Melnikov,Russia,2022-11,761
Q548431,Alexander Melnikov,Russia,2022-12,750
Q548431,Alexander Melnikov,Russia,2023-01,594
Q548431,Alexander Melnikov,Russia,2023-02,666
Q548431,Alexander Melnikov,Russia,2023-03,802
Q548431,Alexander Melnikov,Russia,2023-04,768
Q548431,Alexander Melnikov,Russia,2023-05,736
Q548431,Alexander Melnikov,Russia,2023-06,639
Q548431,Alexander Melnikov,Russia,2023-07,528
Q548431,Alexander Melnikov,Russia,2023-08,1093
Q548431,Alexander Melnikov,Russia,2023-09,627
Q548431,Alexander Melnikov,Russia,2023-10,583
Q548431,Alexander Melnikov,Russia,2023-11,647
Q548431,Alexander Melnikov,Russia,2023-12,704
Q555602,Nicolas Slonimsky,Russia,2021-01,3934
Q555602,Nicolas Slonimsky,Russia,2021-02,2519
Q555602,Nicolas Slonimsky,Russia,2021-03,2115
Q555602,Nicolas Slonimsky,Russia,2021-04,2084
Q555602,Nicolas Slonimsky,Russia,2021-05,1850
Q555602,Nicolas Slonimsky,Russia,2021-06,1647
Q555602,Nicolas Slonimsky,Russia,2021-07,1579
Q555602,Nicolas Slonimsky,Russia,2021-08,1487
Q555602,Nicolas Slonimsky,Russia,2021-09,1627
Q555602,Nicolas Slonimsky,Russia,2021-10,1656
Q555602,Nicolas Slonimsky,Russia,2021-11,1523
Q555602,Nicolas Slonimsky,Russia,2021-12,1409
Q555602,Nicolas Slonimsky,Russia,2022-01,1825
Q555602,Nicolas Slonimsky,Russia,2022-02,1710
Q555602,Nicolas Slonimsky,Russia,2022-03,1820
Q555602,Nicolas Slonimsky,Russia,2022-04,2090
Q555602,Nicolas Slonimsky,Russia,2022-05,1696
Q555602,Nicolas Slonimsky,Russia,2022-06,1352
Q555602,Nicolas Slonimsky,Russia,2022-07,1545
Q555602,Nicolas Slonimsky,Russia,2022-08,1624
Q555602,Nicolas Slonimsky,Russia,2022-09,1500
Q555602,Nicolas Slonimsky,Russia,2022-10,1417
Q555602,Nicolas Slonimsky,Russia,2022-11,1795
Q555602,Nicolas Slonimsky,Russia,2022-12,1618
Q555602,Nicolas Slonimsky,Russia,2023-01,1729
Q555602,Nicolas Slonimsky,Russia,2023-02,1650
Q555602,Nicolas Slonimsky,Russia,2023-03,2141
Q555602,Nicolas Slonimsky,Russia,2023-04,1774
Q555602,Nicolas Slonimsky,Russia,2023-05,1908
Q555602,Nicolas Slonimsky,Russia,2023-06,1582
Q555602,Nicolas Slonimsky,Russia,2023-07,1590
Q555602,Nicolas Slonimsky,Russia,2023-08,1705
Q555602,Nicolas Slonimsky,Russia,2023-09,1936
Q555602,Nicolas Slonimsky,Russia,2023-10,2026
Q555602,Nicolas Slonimsky,Russia,2023-11,1781
Q555602,Nicolas Slonimsky,Russia,2023-12,2172
Q502147,Andrei Eshpai,Russia,2021-01,396
Q502147,Andrei Eshpai,Russia,2021-02,390
Q502147,Andrei Eshpai,Russia,2021-03,383
Q502147,Andrei Eshpai,Russia,2021-04,427
Q502147,Andrei Eshpai,Russia,2021-05,456
Q502147,Andrei Eshpai,Russia,2021-06,380
Q502147,Andrei Eshpai,Russia,2021-07,338
Q502147,Andrei Eshpai,Russia,2021-08,509
Q502147,Andrei Eshpai,Russia,2021-09,398
Q502147,Andrei Eshpai,Russia,2021-10,360
Q502147,Andrei Eshpai,Russia,2021-11,371
Q502147,Andrei Eshpai,Russia,2021-12,510
Q502147,Andrei Eshpai,Russia,2022-01,425
Q502147,Andrei Eshpai,Russia,2022-02,454
Q502147,Andrei Eshpai,Russia,2022-03,544
Q502147,Andrei Eshpai,Russia,2022-04,457
Q502147,Andrei Eshpai,Russia,2022-05,529
Q502147,Andrei Eshpai,Russia,2022-06,421
Q502147,Andrei Eshpai,Russia,2022-07,418
Q502147,Andrei Eshpai,Russia,2022-08,514
Q502147,Andrei Eshpai,Russia,2022-09,514
Q502147,Andrei Eshpai,Russia,2022-10,500
Q502147,Andrei Eshpai,Russia,2022-11,437
Q502147,Andrei Eshpai,Russia,2022-12,417
Q502147,Andrei Eshpai,Russia,2023-01,434
Q502147,Andrei Eshpai,Russia,2023-02,386
Q502147,Andrei Eshpai,Russia,2023-03,402
Q502147,Andrei Eshpai,Russia,2023-04,386
Q502147,Andrei Eshpai,Russia,2023-05,469
Q502147,Andrei Eshpai,Russia,2023-06,431
Q502147,Andrei Eshpai,Russia,2023-07,343
Q502147,Andrei Eshpai,Russia,2023-08,376
Q502147,Andrei Eshpai,Russia,2023-09,380
Q502147,Andrei Eshpai,Russia,2023-10,351
Q502147,Andrei Eshpai,Russia,2023-11,364
Q502147,Andrei Eshpai,Russia,2023-12,547
Q504011,Alexander Tcherepnin,Russia,2021-01,1346
Q504011,Alexander Tcherepnin,Russia,2021-02,1111
Q504011,Alexander Tcherepnin,Russia,2021-03,1318
Q504011,Alexander Tcherepnin,Russia,2021-04,1378
Q504011,Alexander Tcherepnin,Russia,2021-05,1368
Q504011,Alexander Tcherepnin,Russia,2021-06,1070
Q504011,Alexander Tcherepnin,Russia,2021-07,993
Q504011,Alexander Tcherepnin,Russia,2021-08,977
Q504011,Alexander Tcherepnin,Russia,2021-09,870
Q504011,Alexander Tcherepnin,Russia,2021-10,909
Q504011,Alexander Tcherepnin,Russia,2021-11,938
Q504011,Alexander Tcherepnin,Russia,2021-12,798
Q504011,Alexander Tcherepnin,Russia,2022-01,1122
Q504011,Alexander Tcherepnin,Russia,2022-02,1032
Q504011,Alexander Tcherepnin,Russia,2022-03,1111
Q504011,Alexander Tcherepnin,Russia,2022-04,1054
Q504011,Alexander Tcherepnin,Russia,2022-05,1040
Q504011,Alexander Tcherepnin,Russia,2022-06,961
Q504011,Alexander Tcherepnin,Russia,2022-07,862
Q504011,Alexander Tcherepnin,Russia,2022-08,916
Q504011,Alexander Tcherepnin,Russia,2022-09,999
Q504011,Alexander Tcherepnin,Russia,2022-10,1005
Q504011,Alexander Tcherepnin,Russia,2022-11,1033
Q504011,Alexander Tcherepnin,Russia,2022-12,1012
Q504011,Alexander Tcherepnin,Russia,2023-01,1027
Q504011,Alexander Tcherepnin,Russia,2023-02,1068
Q504011,Alexander Tcherepnin,Russia,2023-03,1074
Q504011,Alexander Tcherepnin,Russia,2023-04,1066
Q504011,Alexander Tcherepnin,Russia,2023-05,1097
Q504011,Alexander Tcherepnin,Russia,2023-06,932
Q504011,Alexander Tcherepnin,Russia,2023-07,1029
Q504011,Alexander Tcherepnin,Russia,2023-08,1183
Q504011,Alexander Tcherepnin,Russia,2023-09,1749
Q504011,Alexander Tcherepnin,Russia,2023-10,1156
Q504011,Alexander Tcherepnin,Russia,2023-11,1107
Q504011,Alexander Tcherepnin,Russia,2023-12,1284
Q508270,Alexander Gretchaninov,Russia,2021-01,1162
Q508270,Alexander Gretchaninov,Russia,2021-02,961
Q508270,Alexander Gretchaninov,Russia,2021-03,1225
Q508270,Alexander Gretchaninov,Russia,2021-04,1121
Q508270,Alexander Gretchaninov,Russia,2021-05,1017
Q508270,Alexander Gretchaninov,Russia,2021-06,970
Q508270,Alexander Gretchaninov,Russia,2021-07,1158
Q508270,Alexander Gretchaninov,Russia,2021-08,937
Q508270,Alexander Gretchaninov,Russia,2021-09,860
Q508270,Alexander Gretchaninov,Russia,2021-10,1089
Q508270,Alexander Gretchaninov,Russia,2021-11,1569
Q508270,Alexander Gretchaninov,Russia,2021-12,1204
Q508270,Alexander Gretchaninov,Russia,2022-01,1200
Q508270,Alexander Gretchaninov,Russia,2022-02,1085
Q508270,Alexander Gretchaninov,Russia,2022-03,1182
Q508270,Alexander Gretchaninov,Russia,2022-04,1105
Q508270,Alexander Gretchaninov,Russia,2022-05,1020
Q508270,Alexander Gretchaninov,Russia,2022-06,1008
Q508270,Alexander Gretchaninov,Russia,2022-07,893
Q508270,Alexander Gretchaninov,Russia,2022-08,961
Q508270,Alexander Gretchaninov,Russia,2022-09,993
Q508270,Alexander Gretchaninov,Russia,2022-10,1244
Q508270,Alexander Gretchaninov,Russia,2022-11,1243
Q508270,Alexander Gretchaninov,Russia,2022-12,2195
Q508270,Alexander Gretchaninov,Russia,2023-01,1230
Q508270,Alexander Gretchaninov,Russia,2023-02,1059
Q508270,Alexander Gretchaninov,Russia,2023-03,1322
Q508270,Alexander Gretchaninov,Russia,2023-04,1170
Q508270,Alexander Gretchaninov,Russia,2023-05,1211
Q508270,Alexander Gretchaninov,Russia,2023-06,1046
Q508270,Alexander Gretchaninov,Russia,2023-07,902
Q508270,Alexander Gretchaninov,Russia,2023-08,978
Q508270,Alexander Gretchaninov,Russia,2023-09,981
Q508270,Alexander Gretchaninov,Russia,2023-10,1248
Q508270,Alexander Gretchaninov,Russia,2023-11,1146
Q508270,Alexander Gretchaninov,Russia,2023-12,1333
Q502725,Andrei Gavrilov,Russia,2021-01,1211
Q502725,Andrei Gavrilov,Russia,2021-02,1482
Q502725,Andrei Gavrilov,Russia,2021-03,1367
Q502725,Andrei Gavrilov,Russia,2021-04,1253
Q502725,Andrei Gavrilov,Russia,2021-05,1057
Q502725,Andrei Gavrilov,Russia,2021-06,960
Q502725,Andrei Gavrilov,Russia,2021-07,998
Q502725,Andrei Gavrilov,Russia,2021-08,1040
Q502725,Andrei Gavrilov,Russia,2021-09,927
Q502725,Andrei Gavrilov,Russia,2021-10,1129
Q502725,Andrei Gavrilov,Russia,2021-11,882
Q502725,Andrei Gavrilov,Russia,2021-12,807
Q502725,Andrei Gavrilov,Russia,2022-01,1082
Q502725,Andrei Gavrilov,Russia,2022-02,1066
Q502725,Andrei Gavrilov,Russia,2022-03,1591
Q502725,Andrei Gavrilov,Russia,2022-04,1139
Q502725,Andrei Gavrilov,Russia,2022-05,856
Q502725,Andrei Gavrilov,Russia,2022-06,1232
Q502725,Andrei Gavrilov,Russia,2022-07,1117
Q502725,Andrei Gavrilov,Russia,2022-08,1101
Q502725,Andrei Gavrilov,Russia,2022-09,1061
Q502725,Andrei Gavrilov,Russia,2022-10,1236
Q502725,Andrei Gavrilov,Russia,2022-11,1159
Q502725,Andrei Gavrilov,Russia,2022-12,1140
Q502725,Andrei Gavrilov,Russia,2023-01,1470
Q502725,Andrei Gavrilov,Russia,2023-02,949
Q502725,Andrei Gavrilov,Russia,2023-03,1379
Q502725,Andrei Gavrilov,Russia,2023-04,1269
Q502725,Andrei Gavrilov,Russia,2023-05,1090
Q502725,Andrei Gavrilov,Russia,2023-06,989
Q502725,Andrei Gavrilov,Russia,2023-07,1015
Q502725,Andrei Gavrilov,Russia,2023-08,1074
Q502725,Andrei Gavrilov,Russia,2023-09,1086
Q502725,Andrei Gavrilov,Russia,2023-10,1117
Q502725,Andrei Gavrilov,Russia,2023-11,972
Q502725,Andrei Gavrilov,Russia,2023-12,986
Q502063,Andrej Hoteev,Russia,2021-01,153
Q502063,Andrej Hoteev,Russia,2021-02,140
Q502063,Andrej Hoteev,Russia,2021-03,141
Q502063,Andrej Hoteev,Russia,2021-04,117
Q502063,Andrej Hoteev,Russia,2021-05,168
Q502063,Andrej Hoteev,Russia,2021-06,133
Q502063,Andrej Hoteev,Russia,2021-07,142
Q502063,Andrej Hoteev,Russia,2021-08,174
Q502063,Andrej Hoteev,Russia,2021-09,118
Q502063,Andrej Hoteev,Russia,2021-10,124
Q502063,Andrej Hoteev,Russia,2021-11,134
Q502063,Andrej Hoteev,Russia,2021-12,2757
Q502063,Andrej Hoteev,Russia,2022-01,1370
Q502063,Andrej Hoteev,Russia,2022-02,170
Q502063,Andrej Hoteev,Russia,2022-03,209
Q502063,Andrej Hoteev,Russia,2022-04,182
Q502063,Andrej Hoteev,Russia,2022-05,162
Q502063,Andrej Hoteev,Russia,2022-06,156
Q502063,Andrej Hoteev,Russia,2022-07,172
Q502063,Andrej Hoteev,Russia,2022-08,191
Q502063,Andrej Hoteev,Russia,2022-09,139
Q502063,Andrej Hoteev,Russia,2022-10,154
Q502063,Andrej Hoteev,Russia,2022-11,275
Q502063,Andrej Hoteev,Russia,2022-12,156
Q502063,Andrej Hoteev,Russia,2023-01,150
Q502063,Andrej Hoteev,Russia,2023-02,113
Q502063,Andrej Hoteev,Russia,2023-03,179
Q502063,Andrej Hoteev,Russia,2023-04,155
Q502063,Andrej Hoteev,Russia,2023-05,139
Q502063,Andrej Hoteev,Russia,2023-06,127
Q502063,Andrej Hoteev,Russia,2023-07,107
Q502063,Andrej Hoteev,Russia,2023-08,128
Q502063,Andrej Hoteev,Russia,2023-09,136
Q502063,Andrej Hoteev,Russia,2023-10,114
Q502063,Andrej Hoteev,Russia,2023-11,125
Q502063,Andrej Hoteev,Russia,2023-12,138
Q502750,Andrei Nikolsky,Russia,2021-01,101
Q502750,Andrei Nikolsky,Russia,2021-02,80
Q502750,Andrei Nikolsky,Russia,2021-03,97
Q502750,Andrei Nikolsky,Russia,2021-04,112
Q502750,Andrei Nikolsky,Russia,2021-05,241
Q502750,Andrei Nikolsky,Russia,2021-06,137
Q502750,Andrei Nikolsky,Russia,2021-07,132
Q502750,Andrei Nikolsky,Russia,2021-08,178
Q502750,Andrei Nikolsky,Russia,2021-09,160
Q502750,Andrei Nikolsky,Russia,2021-10,191
Q502750,Andrei Nikolsky,Russia,2021-11,106
Q502750,Andrei Nikolsky,Russia,2021-12,101
Q502750,Andrei Nikolsky,Russia,2022-01,115
Q502750,Andrei Nikolsky,Russia,2022-02,89
Q502750,Andrei Nikolsky,Russia,2022-03,78
Q502750,Andrei Nikolsky,Russia,2022-04,99
Q502750,Andrei Nikolsky,Russia,2022-05,104
Q502750,Andrei Nikolsky,Russia,2022-06,124
Q502750,Andrei Nikolsky,Russia,2022-07,100
Q502750,Andrei Nikolsky,Russia,2022-08,105
Q502750,Andrei Nikolsky,Russia,2022-09,130
Q502750,Andrei Nikolsky,Russia,2022-10,89
Q502750,Andrei Nikolsky,Russia,2022-11,129
Q502750,Andrei Nikolsky,Russia,2022-12,135
Q502750,Andrei Nikolsky,Russia,2023-01,93
Q502750,Andrei Nikolsky,Russia,2023-02,129
Q502750,Andrei Nikolsky,Russia,2023-03,135
Q502750,Andrei Nikolsky,Russia,2023-04,97
Q502750,Andrei Nikolsky,Russia,2023-05,131
Q502750,Andrei Nikolsky,Russia,2023-06,90
Q502750,Andrei Nikolsky,Russia,2023-07,95
Q502750,Andrei Nikolsky,Russia,2023-08,106
Q502750,Andrei Nikolsky,Russia,2023-09,88
Q502750,Andrei Nikolsky,Russia,2023-10,103
Q502750,Andrei Nikolsky,Russia,2023-11,115
Q502750,Andrei Nikolsky,Russia,2023-12,136
Q670381,Vladimir Krainev,Russia,2021-01,579
Q670381,Vladimir Krainev,Russia,2021-02,646
Q670381,Vladimir Krainev,Russia,2021-03,696
Q670381,Vladimir Krainev,Russia,2021-04,578
Q670381,Vladimir Krainev,Russia,2021-05,670
Q670381,Vladimir Krainev,Russia,2021-06,483
Q670381,Vladimir Krainev,Russia,2021-07,445
Q670381,Vladimir Krainev,Russia,2021-08,517
Q670381,Vladimir Krainev,Russia,2021-09,387
Q670381,Vladimir Krainev,Russia,2021-10,599
Q670381,Vladimir Krainev,Russia,2021-11,646
Q670381,Vladimir Krainev,Russia,2021-12,918
Q670381,Vladimir Krainev,Russia,2022-01,725
Q670381,Vladimir Krainev,Russia,2022-02,2271
Q670381,Vladimir Krainev,Russia,2022-03,608
Q670381,Vladimir Krainev,Russia,2022-04,541
Q670381,Vladimir Krainev,Russia,2022-05,465
Q670381,Vladimir Krainev,Russia,2022-06,455
Q670381,Vladimir Krainev,Russia,2022-07,437
Q670381,Vladimir Krainev,Russia,2022-08,528
Q670381,Vladimir Krainev,Russia,2022-09,425
Q670381,Vladimir Krainev,Russia,2022-10,425
Q670381,Vladimir Krainev,Russia,2022-11,479
Q670381,Vladimir Krainev,Russia,2022-12,483
Q670381,Vladimir Krainev,Russia,2023-01,460
Q670381,Vladimir Krainev,Russia,2023-02,357
Q670381,Vladimir Krainev,Russia,2023-03,400
Q670381,Vladimir Krainev,Russia,2023-04,347
Q670381,Vladimir Krainev,Russia,2023-05,348
Q670381,Vladimir Krainev,Russia,2023-06,398
Q670381,Vladimir Krainev,Russia,2023-07,398
Q670381,Vladimir Krainev,Russia,2023-08,348
Q670381,Vladimir Krainev,Russia,2023-09,354
Q670381,Vladimir Krainev,Russia,2023-10,341
Q670381,Vladimir Krainev,Russia,2023-11,324
Q670381,Vladimir Krainev,Russia,2023-12,420
Q644483,Lev Oborin,Russia,2021-01,771
Q644483,Lev Oborin,Russia,2021-02,773
Q644483,Lev Oborin,Russia,2021-03,793
Q644483,Lev Oborin,Russia,2021-04,1090
Q644483,Lev Oborin,Russia,2021-05,669
Q644483,Lev Oborin,Russia,2021-06,587
Q644483,Lev Oborin,Russia,2021-07,898
Q644483,Lev Oborin,Russia,2021-08,641
Q644483,Lev Oborin,Russia,2021-09,633
Q644483,Lev Oborin,Russia,2021-10,1989
Q644483,Lev Oborin,Russia,2021-11,717
Q644483,Lev Oborin,Russia,2021-12,622
Q644483,Lev Oborin,Russia,2022-01,757
Q644483,Lev Oborin,Russia,2022-02,666
Q644483,Lev Oborin,Russia,2022-03,714
Q644483,Lev Oborin,Russia,2022-04,665
Q644483,Lev Oborin,Russia,2022-05,778
Q644483,Lev Oborin,Russia,2022-06,623
Q644483,Lev Oborin,Russia,2022-07,738
Q644483,Lev Oborin,Russia,2022-08,721
Q644483,Lev Oborin,Russia,2022-09,720
Q644483,Lev Oborin,Russia,2022-10,713
Q644483,Lev Oborin,Russia,2022-11,651
Q644483,Lev Oborin,Russia,2022-12,729
Q644483,Lev Oborin,Russia,2023-01,760
Q644483,Lev Oborin,Russia,2023-02,618
Q644483,Lev Oborin,Russia,2023-03,759
Q644483,Lev Oborin,Russia,2023-04,659
Q644483,Lev Oborin,Russia,2023-05,687
Q644483,Lev Oborin,Russia,2023-06,691
Q644483,Lev Oborin,Russia,2023-07,679
Q644483,Lev Oborin,Russia,2023-08,637
Q644483,Lev Oborin,Russia,2023-09,841
Q644483,Lev Oborin,Russia,2023-10,721
Q644483,Lev Oborin,Russia,2023-11,809
Q644483,Lev Oborin,Russia,2023-12,758
Q663116,Alexander Rosenbaum,Russia,2021-01,1806
Q663116,Alexander Rosenbaum,Russia,2021-02,1507
Q663116,Alexander Rosenbaum,Russia,2021-03,1644
Q663116,Alexander Rosenbaum,Russia,2021-04,1590
Q663116,Alexander Rosenbaum,Russia,2021-05,1780
Q663116,Alexander Rosenbaum,Russia,2021-06,1513
Q663116,Alexander Rosenbaum,Russia,2021-07,1694
Q663116,Alexander Rosenbaum,Russia,2021-08,2079
Q663116,Alexander Rosenbaum,Russia,2021-09,3444
Q663116,Alexander Rosenbaum,Russia,2021-10,1828
Q663116,Alexander Rosenbaum,Russia,2021-11,1636
Q663116,Alexander Rosenbaum,Russia,2021-12,1462
Q663116,Alexander Rosenbaum,Russia,2022-01,1870
Q663116,Alexander Rosenbaum,Russia,2022-02,1622
Q663116,Alexander Rosenbaum,Russia,2022-03,2818
Q663116,Alexander Rosenbaum,Russia,2022-04,2121
Q663116,Alexander Rosenbaum,Russia,2022-05,1963
Q663116,Alexander Rosenbaum,Russia,2022-06,1670
Q663116,Alexander Rosenbaum,Russia,2022-07,1631
Q663116,Alexander Rosenbaum,Russia,2022-08,1302
Q663116,Alexander Rosenbaum,Russia,2022-09,1266
Q663116,Alexander Rosenbaum,Russia,2022-10,1348
Q663116,Alexander Rosenbaum,Russia,2022-11,1145
Q663116,Alexander Rosenbaum,Russia,2022-12,1142
Q663116,Alexander Rosenbaum,Russia,2023-01,1422
Q663116,Alexander Rosenbaum,Russia,2023-02,1322
Q663116,Alexander Rosenbaum,Russia,2023-03,1631
Q663116,Alexander Rosenbaum,Russia,2023-04,1565
Q663116,Alexander Rosenbaum,Russia,2023-05,1577
Q663116,Alexander Rosenbaum,Russia,2023-06,1307
Q663116,Alexander Rosenbaum,Russia,2023-07,1339
Q663116,Alexander Rosenbaum,Russia,2023-08,1425
Q663116,Alexander Rosenbaum,Russia,2023-09,1487
Q663116,Alexander Rosenbaum,Russia,2023-10,1252
Q663116,Alexander Rosenbaum,Russia,2023-11,1241
Q663116,Alexander Rosenbaum,Russia,2023-12,1286
Q671446,Konstantin Scherbakov,Russia,2021-01,498
Q671446,Konstantin Scherbakov,Russia,2021-02,457
Q671446,Konstantin Scherbakov,Russia,2021-03,389
Q671446,Konstantin Scherbakov,Russia,2021-04,460
Q671446,Konstantin Scherbakov,Russia,2021-05,446
Q671446,Konstantin Scherbakov,Russia,2021-06,543
Q671446,Konstantin Scherbakov,Russia,2021-07,453
Q671446,Konstantin Scherbakov,Russia,2021-08,455
Q671446,Konstantin Scherbakov,Russia,2021-09,383
Q671446,Konstantin Scherbakov,Russia,2021-10,520
Q671446,Konstantin Scherbakov,Russia,2021-11,382
Q671446,Konstantin Scherbakov,Russia,2021-12,381
Q671446,Konstantin Scherbakov,Russia,2022-01,466
Q671446,Konstantin Scherbakov,Russia,2022-02,467
Q671446,Konstantin Scherbakov,Russia,2022-03,566
Q671446,Konstantin Scherbakov,Russia,2022-04,587
Q671446,Konstantin Scherbakov,Russia,2022-05,443
Q671446,Konstantin Scherbakov,Russia,2022-06,561
Q671446,Konstantin Scherbakov,Russia,2022-07,449
Q671446,Konstantin Scherbakov,Russia,2022-08,423
Q671446,Konstantin Scherbakov,Russia,2022-09,401
Q671446,Konstantin Scherbakov,Russia,2022-10,390
Q671446,Konstantin Scherbakov,Russia,2022-11,450
Q671446,Konstantin Scherbakov,Russia,2022-12,431
Q671446,Konstantin Scherbakov,Russia,2023-01,453
Q671446,Konstantin Scherbakov,Russia,2023-02,493
Q671446,Konstantin Scherbakov,Russia,2023-03,435
Q671446,Konstantin Scherbakov,Russia,2023-04,481
Q671446,Konstantin Scherbakov,Russia,2023-05,504
Q671446,Konstantin Scherbakov,Russia,2023-06,350
Q671446,Konstantin Scherbakov,Russia,2023-07,385
Q671446,Konstantin Scherbakov,Russia,2023-08,345
Q671446,Konstantin Scherbakov,Russia,2023-09,438
Q671446,Konstantin Scherbakov,Russia,2023-10,567
Q671446,Konstantin Scherbakov,Russia,2023-11,452
Q671446,Konstantin Scherbakov,Russia,2023-12,527
Q631344,Arcadi Volodos,Russia,2021-01,1191
Q631344,Arcadi Volodos,Russia,2021-02,1206
Q631344,Arcadi Volodos,Russia,2021-03,1324
Q631344,Arcadi Volodos,Russia,2021-04,1160
Q631344,Arcadi Volodos,Russia,2021-05,1185
Q631344,Arcadi Volodos,Russia,2021-06,1245
Q631344,Arcadi Volodos,Russia,2021-07,1171
Q631344,Arcadi Volodos,Russia,2021-08,1251
Q631344,Arcadi Volodos,Russia,2021-09,1038
Q631344,Arcadi Volodos,Russia,2021-10,1114
Q631344,Arcadi Volodos,Russia,2021-11,1220
Q631344,Arcadi Volodos,Russia,2021-12,1256
Q631344,Arcadi Volodos,Russia,2022-01,1177
Q631344,Arcadi Volodos,Russia,2022-02,1409
Q631344,Arcadi Volodos,Russia,2022-03,1422
Q631344,Arcadi Volodos,Russia,2022-04,1437
Q631344,Arcadi Volodos,Russia,2022-05,1280
Q631344,Arcadi Volodos,Russia,2022-06,1250
Q631344,Arcadi Volodos,Russia,2022-07,1186
Q631344,Arcadi Volodos,Russia,2022-08,1333
Q631344,Arcadi Volodos,Russia,2022-09,1557
Q631344,Arcadi Volodos,Russia,2022-10,1603
Q631344,Arcadi Volodos,Russia,2022-11,1292
Q631344,Arcadi Volodos,Russia,2022-12,1298
Q631344,Arcadi Volodos,Russia,2023-01,1463
Q631344,Arcadi Volodos,Russia,2023-02,1405
Q631344,Arcadi Volodos,Russia,2023-03,1715
Q631344,Arcadi Volodos,Russia,2023-04,1443
Q631344,Arcadi Volodos,Russia,2023-05,1507
Q631344,Arcadi Volodos,Russia,2023-06,1665
Q631344,Arcadi Volodos,Russia,2023-07,1400
Q631344,Arcadi Volodos,Russia,2023-08,1610
Q631344,Arcadi Volodos,Russia,2023-09,1161
Q631344,Arcadi Volodos,Russia,2023-10,1168
Q631344,Arcadi Volodos,Russia,2023-11,1360
Q631344,Arcadi Volodos,Russia,2023-12,1710
Q620773,Alexander Osminin,Russia,2021-01,82
Q620773,Alexander Osminin,Russia,2021-02,100
Q620773,Alexander Osminin,Russia,2021-03,91
Q620773,Alexander Osminin,Russia,2021-04,103
Q620773,Alexander Osminin,Russia,2021-05,89
Q620773,Alexander Osminin,Russia,2021-06,92
Q620773,Alexander Osminin,Russia,2021-07,98
Q620773,Alexander Osminin,Russia,2021-08,88
Q620773,Alexander Osminin,Russia,2021-09,94
Q620773,Alexander Osminin,Russia,2021-10,175
Q620773,Alexander Osminin,Russia,2021-11,84
Q620773,Alexander Osminin,Russia,2021-12,75
Q620773,Alexander Osminin,Russia,2022-01,92
Q620773,Alexander Osminin,Russia,2022-02,109
Q620773,Alexander Osminin,Russia,2022-03,85
Q620773,Alexander Osminin,Russia,2022-04,88
Q620773,Alexander Osminin,Russia,2022-05,71
Q620773,Alexander Osminin,Russia,2022-06,54
Q620773,Alexander Osminin,Russia,2022-07,85
Q620773,Alexander Osminin,Russia,2022-08,83
Q620773,Alexander Osminin,Russia,2022-09,79
Q620773,Alexander Osminin,Russia,2022-10,69
Q620773,Alexander Osminin,Russia,2022-11,75
Q620773,Alexander Osminin,Russia,2022-12,51
Q620773,Alexander Osminin,Russia,2023-01,99
Q620773,Alexander Osminin,Russia,2023-02,59
Q620773,Alexander Osminin,Russia,2023-03,65
Q620773,Alexander Osminin,Russia,2023-04,68
Q620773,Alexander Osminin,Russia,2023-05,94
Q620773,Alexander Osminin,Russia,2023-06,73
Q620773,Alexander Osminin,Russia,2023-07,65
Q620773,Alexander Osminin,Russia,2023-08,66
Q620773,Alexander Osminin,Russia,2023-09,104
Q620773,Alexander Osminin,Russia,2023-10,68
Q620773,Alexander Osminin,Russia,2023-11,53
Q620773,Alexander Osminin,Russia,2023-12,83
Q641869,Aleksandr Zatsepin,Russia,2021-01,626
Q641869,Aleksandr Zatsepin,Russia,2021-02,567
Q641869,Aleksandr Zatsepin,Russia,2021-03,3236
Q641869,Aleksandr Zatsepin,Russia,2021-04,686
Q641869,Aleksandr Zatsepin,Russia,2021-05,686
Q641869,Aleksandr Zatsepin,Russia,2021-06,1315
Q641869,Aleksandr Zatsepin,Russia,2021-07,660
Q641869,Aleksandr Zatsepin,Russia,2021-08,591
Q641869,Aleksandr Zatsepin,Russia,2021-09,485
Q641869,Aleksandr Zatsepin,Russia,2021-10,450
Q641869,Aleksandr Zatsepin,Russia,2021-11,661
Q641869,Aleksandr Zatsepin,Russia,2021-12,761
Q641869,Aleksandr Zatsepin,Russia,2022-01,874
Q641869,Aleksandr Zatsepin,Russia,2022-02,606
Q641869,Aleksandr Zatsepin,Russia,2022-03,879
Q641869,Aleksandr Zatsepin,Russia,2022-04,911
Q641869,Aleksandr Zatsepin,Russia,2022-05,858
Q641869,Aleksandr Zatsepin,Russia,2022-06,725
Q641869,Aleksandr Zatsepin,Russia,2022-07,570
Q641869,Aleksandr Zatsepin,Russia,2022-08,651
Q641869,Aleksandr Zatsepin,Russia,2022-09,634
Q641869,Aleksandr Zatsepin,Russia,2022-10,633
Q641869,Aleksandr Zatsepin,Russia,2022-11,951
Q641869,Aleksandr Zatsepin,Russia,2022-12,1282
Q641869,Aleksandr Zatsepin,Russia,2023-01,1186
Q641869,Aleksandr Zatsepin,Russia,2023-02,586
Q641869,Aleksandr Zatsepin,Russia,2023-03,839
Q641869,Aleksandr Zatsepin,Russia,2023-04,819
Q641869,Aleksandr Zatsepin,Russia,2023-05,573
Q641869,Aleksandr Zatsepin,Russia,2023-06,572
Q641869,Aleksandr Zatsepin,Russia,2023-07,701
Q641869,Aleksandr Zatsepin,Russia,2023-08,698
Q641869,Aleksandr Zatsepin,Russia,2023-09,701
Q641869,Aleksandr Zatsepin,Russia,2023-10,664
Q641869,Aleksandr Zatsepin,Russia,2023-11,736
Q641869,Aleksandr Zatsepin,Russia,2023-12,884
Q454363,Konstantin Saradzhev,Russia,2021-01,134
Q454363,Konstantin Saradzhev,Russia,2021-02,91
Q454363,Konstantin Saradzhev,Russia,2021-03,128
Q454363,Konstantin Saradzhev,Russia,2021-04,188
Q454363,Konstantin Saradzhev,Russia,2021-05,229
Q454363,Konstantin Saradzhev,Russia,2021-06,96
Q454363,Konstantin Saradzhev,Russia,2021-07,106
Q454363,Konstantin Saradzhev,Russia,2021-08,149
Q454363,Konstantin Saradzhev,Russia,2021-09,101
Q454363,Konstantin Saradzhev,Russia,2021-10,123
Q454363,Konstantin Saradzhev,Russia,2021-11,113
Q454363,Konstantin Saradzhev,Russia,2021-12,97
Q454363,Konstantin Saradzhev,Russia,2022-01,119
Q454363,Konstantin Saradzhev,Russia,2022-02,128
Q454363,Konstantin Saradzhev,Russia,2022-03,125
Q454363,Konstantin Saradzhev,Russia,2022-04,133
Q454363,Konstantin Saradzhev,Russia,2022-05,116
Q454363,Konstantin Saradzhev,Russia,2022-06,119
Q454363,Konstantin Saradzhev,Russia,2022-07,125
Q454363,Konstantin Saradzhev,Russia,2022-08,139
Q454363,Konstantin Saradzhev,Russia,2022-09,99
Q454363,Konstantin Saradzhev,Russia,2022-10,119
Q454363,Konstantin Saradzhev,Russia,2022-11,130
Q454363,Konstantin Saradzhev,Russia,2022-12,88
Q454363,Konstantin Saradzhev,Russia,2023-01,104
Q454363,Konstantin Saradzhev,Russia,2023-02,85
Q454363,Konstantin Saradzhev,Russia,2023-03,110
Q454363,Konstantin Saradzhev,Russia,2023-04,91
Q454363,Konstantin Saradzhev,Russia,2023-05,115
Q454363,Konstantin Saradzhev,Russia,2023-06,102
Q454363,Konstantin Saradzhev,Russia,2023-07,161
Q454363,Konstantin Saradzhev,Russia,2023-08,138
Q454363,Konstantin Saradzhev,Russia,2023-09,122
Q454363,Konstantin Saradzhev,Russia,2023-10,97
Q454363,Konstantin Saradzhev,Russia,2023-11,111
Q454363,Konstantin Saradzhev,Russia,2023-12,132
Q457863,Ingeborg Bronsart von Schellendorf,Russia,2021-01,242
Q457863,Ingeborg Bronsart von Schellendorf,Russia,2021-02,274
Q457863,Ingeborg Bronsart von Schellendorf,Russia,2021-03,234
Q457863,Ingeborg Bronsart von Schellendorf,Russia,2021-04,297
Q457863,Ingeborg Bronsart von Schellendorf,Russia,2021-05,275
Q457863,Ingeborg Bronsart von Schellendorf,Russia,2021-06,186
Q457863,Ingeborg Bronsart von Schellendorf,Russia,2021-07,210
Q457863,Ingeborg Bronsart von Schellendorf,Russia,2021-08,248
Q457863,Ingeborg Bronsart von Schellendorf,Russia,2021-09,228
Q457863,Ingeborg Bronsart von Schellendorf,Russia,2021-10,197
Q457863,Ingeborg Bronsart von Schellendorf,Russia,2021-11,244
Q457863,Ingeborg Bronsart von Schellendorf,Russia,2021-12,220
Q457863,Ingeborg Bronsart von Schellendorf,Russia,2022-01,245
Q457863,Ingeborg Bronsart von Schellendorf,Russia,2022-02,202
Q457863,Ingeborg Bronsart von Schellendorf,Russia,2022-03,222
Q457863,Ingeborg Bronsart von Schellendorf,Russia,2022-04,205
Q457863,Ingeborg Bronsart von Schellendorf,Russia,2022-05,193
Q457863,Ingeborg Bronsart von Schellendorf,Russia,2022-06,186
Q457863,Ingeborg Bronsart von Schellendorf,Russia,2022-07,186
Q457863,Ingeborg Bronsart von Schellendorf,Russia,2022-08,217
Q457863,Ingeborg Bronsart von Schellendorf,Russia,2022-09,181
Q457863,Ingeborg Bronsart von Schellendorf,Russia,2022-10,284
Q457863,Ingeborg Bronsart von Schellendorf,Russia,2022-11,193
Q457863,Ingeborg Bronsart von Schellendorf,Russia,2022-12,168
Q457863,Ingeborg Bronsart von Schellendorf,Russia,2023-01,188
Q457863,Ingeborg Bronsart von Schellendorf,Russia,2023-02,214
Q457863,Ingeborg Bronsart von Schellendorf,Russia,2023-03,273
Q457863,Ingeborg Bronsart von Schellendorf,Russia,2023-04,192
Q457863,Ingeborg Bronsart von Schellendorf,Russia,2023-05,225
Q457863,Ingeborg Bronsart von Schellendorf,Russia,2023-06,236
Q457863,Ingeborg Bronsart von Schellendorf,Russia,2023-07,193
Q457863,Ingeborg Bronsart von Schellendorf,Russia,2023-08,289
Q457863,Ingeborg Bronsart von Schellendorf,Russia,2023-09,168
Q457863,Ingeborg Bronsart von Schellendorf,Russia,2023-10,216
Q457863,Ingeborg Bronsart von Schellendorf,Russia,2023-11,258
Q457863,Ingeborg Bronsart von Schellendorf,Russia,2023-12,239
Q380407,Nikolai Fomenko,Russia,2021-01,1267
Q380407,Nikolai Fomenko,Russia,2021-02,954
Q380407,Nikolai Fomenko,Russia,2021-03,1134
Q380407,Nikolai Fomenko,Russia,2021-04,1182
Q380407,Nikolai Fomenko,Russia,2021-05,926
Q380407,Nikolai Fomenko,Russia,2021-06,845
Q380407,Nikolai Fomenko,Russia,2021-07,941
Q380407,Nikolai Fomenko,Russia,2021-08,870
Q380407,Nikolai Fomenko,Russia,2021-09,831
Q380407,Nikolai Fomenko,Russia,2021-10,771
Q380407,Nikolai Fomenko,Russia,2021-11,813
Q380407,Nikolai Fomenko,Russia,2021-12,1002
Q380407,Nikolai Fomenko,Russia,2022-01,1107
Q380407,Nikolai Fomenko,Russia,2022-02,914
Q380407,Nikolai Fomenko,Russia,2022-03,1135
Q380407,Nikolai Fomenko,Russia,2022-04,991
Q380407,Nikolai Fomenko,Russia,2022-05,950
Q380407,Nikolai Fomenko,Russia,2022-06,940
Q380407,Nikolai Fomenko,Russia,2022-07,1051
Q380407,Nikolai Fomenko,Russia,2022-08,943
Q380407,Nikolai Fomenko,Russia,2022-09,882
Q380407,Nikolai Fomenko,Russia,2022-10,1116
Q380407,Nikolai Fomenko,Russia,2022-11,801
Q380407,Nikolai Fomenko,Russia,2022-12,875
Q380407,Nikolai Fomenko,Russia,2023-01,1034
Q380407,Nikolai Fomenko,Russia,2023-02,878
Q380407,Nikolai Fomenko,Russia,2023-03,1084
Q380407,Nikolai Fomenko,Russia,2023-04,888
Q380407,Nikolai Fomenko,Russia,2023-05,911
Q380407,Nikolai Fomenko,Russia,2023-06,949
Q380407,Nikolai Fomenko,Russia,2023-07,1080
Q380407,Nikolai Fomenko,Russia,2023-08,1063
Q380407,Nikolai Fomenko,Russia,2023-09,908
Q380407,Nikolai Fomenko,Russia,2023-10,983
Q380407,Nikolai Fomenko,Russia,2023-11,1209
Q380407,Nikolai Fomenko,Russia,2023-12,1459
Q432219,Vera Gornostayeva,Russia,2021-01,391
Q432219,Vera Gornostayeva,Russia,2021-02,466
Q432219,Vera Gornostayeva,Russia,2021-03,448
Q432219,Vera Gornostayeva,Russia,2021-04,367
Q432219,Vera Gornostayeva,Russia,2021-05,376
Q432219,Vera Gornostayeva,Russia,2021-06,346
Q432219,Vera Gornostayeva,Russia,2021-07,640
Q432219,Vera Gornostayeva,Russia,2021-08,532
Q432219,Vera Gornostayeva,Russia,2021-09,411
Q432219,Vera Gornostayeva,Russia,2021-10,633
Q432219,Vera Gornostayeva,Russia,2021-11,439
Q432219,Vera Gornostayeva,Russia,2021-12,383
Q432219,Vera Gornostayeva,Russia,2022-01,434
Q432219,Vera Gornostayeva,Russia,2022-02,369
Q432219,Vera Gornostayeva,Russia,2022-03,317
Q432219,Vera Gornostayeva,Russia,2022-04,363
Q432219,Vera Gornostayeva,Russia,2022-05,310
Q432219,Vera Gornostayeva,Russia,2022-06,530
Q432219,Vera Gornostayeva,Russia,2022-07,275
Q432219,Vera Gornostayeva,Russia,2022-08,332
Q432219,Vera Gornostayeva,Russia,2022-09,286
Q432219,Vera Gornostayeva,Russia,2022-10,281
Q432219,Vera Gornostayeva,Russia,2022-11,356
Q432219,Vera Gornostayeva,Russia,2022-12,450
Q432219,Vera Gornostayeva,Russia,2023-01,313
Q432219,Vera Gornostayeva,Russia,2023-02,267
Q432219,Vera Gornostayeva,Russia,2023-03,319
Q432219,Vera Gornostayeva,Russia,2023-04,332
Q432219,Vera Gornostayeva,Russia,2023-05,392
Q432219,Vera Gornostayeva,Russia,2023-06,331
Q432219,Vera Gornostayeva,Russia,2023-07,342
Q432219,Vera Gornostayeva,Russia,2023-08,313
Q432219,Vera Gornostayeva,Russia,2023-09,335
Q432219,Vera Gornostayeva,Russia,2023-10,377
Q432219,Vera Gornostayeva,Russia,2023-11,431
Q432219,Vera Gornostayeva,Russia,2023-12,350
Q433208,Nikolai Obukhov,Russia,2021-01,606
Q433208,Nikolai Obukhov,Russia,2021-02,510
Q433208,Nikolai Obukhov,Russia,2021-03,348
Q433208,Nikolai Obukhov,Russia,2021-04,448
Q433208,Nikolai Obukhov,Russia,2021-05,481
Q433208,Nikolai Obukhov,Russia,2021-06,292
Q433208,Nikolai Obukhov,Russia,2021-07,290
Q433208,Nikolai Obukhov,Russia,2021-08,249
Q433208,Nikolai Obukhov,Russia,2021-09,260
Q433208,Nikolai Obukhov,Russia,2021-10,278
Q433208,Nikolai Obukhov,Russia,2021-11,296
Q433208,Nikolai Obukhov,Russia,2021-12,319
Q433208,Nikolai Obukhov,Russia,2022-01,363
Q433208,Nikolai Obukhov,Russia,2022-02,326
Q433208,Nikolai Obukhov,Russia,2022-03,732
Q433208,Nikolai Obukhov,Russia,2022-04,462
Q433208,Nikolai Obukhov,Russia,2022-05,420
Q433208,Nikolai Obukhov,Russia,2022-06,405
Q433208,Nikolai Obukhov,Russia,2022-07,533
Q433208,Nikolai Obukhov,Russia,2022-08,443
Q433208,Nikolai Obukhov,Russia,2022-09,396
Q433208,Nikolai Obukhov,Russia,2022-10,337
Q433208,Nikolai Obukhov,Russia,2022-11,336
Q433208,Nikolai Obukhov,Russia,2022-12,299
Q433208,Nikolai Obukhov,Russia,2023-01,378
Q433208,Nikolai Obukhov,Russia,2023-02,308
Q433208,Nikolai Obukhov,Russia,2023-03,371
Q433208,Nikolai Obukhov,Russia,2023-04,372
Q433208,Nikolai Obukhov,Russia,2023-05,401
Q433208,Nikolai Obukhov,Russia,2023-06,366
Q433208,Nikolai Obukhov,Russia,2023-07,316
Q433208,Nikolai Obukhov,Russia,2023-08,298
Q433208,Nikolai Obukhov,Russia,2023-09,316
Q433208,Nikolai Obukhov,Russia,2023-10,335
Q433208,Nikolai Obukhov,Russia,2023-11,328
Q433208,Nikolai Obukhov,Russia,2023-12,457
Q427214,Sergei Lyapunov,Russia,2021-01,1386
Q427214,Sergei Lyapunov,Russia,2021-02,1255
Q427214,Sergei Lyapunov,Russia,2021-03,1420
Q427214,Sergei Lyapunov,Russia,2021-04,1266
Q427214,Sergei Lyapunov,Russia,2021-05,1272
Q427214,Sergei Lyapunov,Russia,2021-06,1034
Q427214,Sergei Lyapunov,Russia,2021-07,1029
Q427214,Sergei Lyapunov,Russia,2021-08,992
Q427214,Sergei Lyapunov,Russia,2021-09,919
Q427214,Sergei Lyapunov,Russia,2021-10,995
Q427214,Sergei Lyapunov,Russia,2021-11,1332
Q427214,Sergei Lyapunov,Russia,2021-12,1280
Q427214,Sergei Lyapunov,Russia,2022-01,1158
Q427214,Sergei Lyapunov,Russia,2022-02,1135
Q427214,Sergei Lyapunov,Russia,2022-03,1319
Q427214,Sergei Lyapunov,Russia,2022-04,1229
Q427214,Sergei Lyapunov,Russia,2022-05,1106
Q427214,Sergei Lyapunov,Russia,2022-06,987
Q427214,Sergei Lyapunov,Russia,2022-07,968
Q427214,Sergei Lyapunov,Russia,2022-08,1163
Q427214,Sergei Lyapunov,Russia,2022-09,1086
Q427214,Sergei Lyapunov,Russia,2022-10,1135
Q427214,Sergei Lyapunov,Russia,2022-11,1057
Q427214,Sergei Lyapunov,Russia,2022-12,1212
Q427214,Sergei Lyapunov,Russia,2023-01,1156
Q427214,Sergei Lyapunov,Russia,2023-02,937
Q427214,Sergei Lyapunov,Russia,2023-03,1063
Q427214,Sergei Lyapunov,Russia,2023-04,999
Q427214,Sergei Lyapunov,Russia,2023-05,950
Q427214,Sergei Lyapunov,Russia,2023-06,937
Q427214,Sergei Lyapunov,Russia,2023-07,1013
Q427214,Sergei Lyapunov,Russia,2023-08,1059
Q427214,Sergei Lyapunov,Russia,2023-09,1008
Q427214,Sergei Lyapunov,Russia,2023-10,1020
Q427214,Sergei Lyapunov,Russia,2023-11,1090
Q427214,Sergei Lyapunov,Russia,2023-12,1145
Q462783,Yelena Bekman-Shcherbina,Russia,2021-01,111
Q462783,Yelena Bekman-Shcherbina,Russia,2021-02,80
Q462783,Yelena Bekman-Shcherbina,Russia,2021-03,112
Q462783,Yelena Bekman-Shcherbina,Russia,2021-04,113
Q462783,Yelena Bekman-Shcherbina,Russia,2021-05,107
Q462783,Yelena Bekman-Shcherbina,Russia,2021-06,100
Q462783,Yelena Bekman-Shcherbina,Russia,2021-07,109
Q462783,Yelena Bekman-Shcherbina,Russia,2021-08,109
Q462783,Yelena Bekman-Shcherbina,Russia,2021-09,59
Q462783,Yelena Bekman-Shcherbina,Russia,2021-10,93
Q462783,Yelena Bekman-Shcherbina,Russia,2021-11,72
Q462783,Yelena Bekman-Shcherbina,Russia,2021-12,79
Q462783,Yelena Bekman-Shcherbina,Russia,2022-01,90
Q462783,Yelena Bekman-Shcherbina,Russia,2022-02,83
Q462783,Yelena Bekman-Shcherbina,Russia,2022-03,97
Q462783,Yelena Bekman-Shcherbina,Russia,2022-04,88
Q462783,Yelena Bekman-Shcherbina,Russia,2022-05,127
Q462783,Yelena Bekman-Shcherbina,Russia,2022-06,98
Q462783,Yelena Bekman-Shcherbina,Russia,2022-07,114
Q462783,Yelena Bekman-Shcherbina,Russia,2022-08,121
Q462783,Yelena Bekman-Shcherbina,Russia,2022-09,105
Q462783,Yelena Bekman-Shcherbina,Russia,2022-10,91
Q462783,Yelena Bekman-Shcherbina,Russia,2022-11,95
Q462783,Yelena Bekman-Shcherbina,Russia,2022-12,123
Q462783,Yelena Bekman-Shcherbina,Russia,2023-01,80
Q462783,Yelena Bekman-Shcherbina,Russia,2023-02,61
Q462783,Yelena Bekman-Shcherbina,Russia,2023-03,97
Q462783,Yelena Bekman-Shcherbina,Russia,2023-04,95
Q462783,Yelena Bekman-Shcherbina,Russia,2023-05,89
Q462783,Yelena Bekman-Shcherbina,Russia,2023-06,99
Q462783,Yelena Bekman-Shcherbina,Russia,2023-07,85
Q462783,Yelena Bekman-Shcherbina,Russia,2023-08,99
Q462783,Yelena Bekman-Shcherbina,Russia,2023-09,94
Q462783,Yelena Bekman-Shcherbina,Russia,2023-10,108
Q462783,Yelena Bekman-Shcherbina,Russia,2023-11,109
Q462783,Yelena Bekman-Shcherbina,Russia,2023-12,95
Q512015,Mikhail Pletnev,Russia,2021-01,2376
Q512015,Mikhail Pletnev,Russia,2021-02,2327
Q512015,Mikhail Pletnev,Russia,2021-03,2392
Q512015,Mikhail Pletnev,Russia,2021-04,2352
Q512015,Mikhail Pletnev,Russia,2021-05,2184
Q512015,Mikhail Pletnev,Russia,2021-06,2034
Q512015,Mikhail Pletnev,Russia,2021-07,2104
Q512015,Mikhail Pletnev,Russia,2021-08,2118
Q512015,Mikhail Pletnev,Russia,2021-09,2006
Q512015,Mikhail Pletnev,Russia,2021-10,2520
Q512015,Mikhail Pletnev,Russia,2021-11,2255
Q512015,Mikhail Pletnev,Russia,2021-12,2056
Q512015,Mikhail Pletnev,Russia,2022-01,2264
Q512015,Mikhail Pletnev,Russia,2022-02,2486
Q512015,Mikhail Pletnev,Russia,2022-03,2639
Q512015,Mikhail Pletnev,Russia,2022-04,2368
Q512015,Mikhail Pletnev,Russia,2022-05,2141
Q512015,Mikhail Pletnev,Russia,2022-06,2135
Q512015,Mikhail Pletnev,Russia,2022-07,2913
Q512015,Mikhail Pletnev,Russia,2022-08,2621
Q512015,Mikhail Pletnev,Russia,2022-09,2871
Q512015,Mikhail Pletnev,Russia,2022-10,3594
Q512015,Mikhail Pletnev,Russia,2022-11,2725
Q512015,Mikhail Pletnev,Russia,2022-12,2748
Q512015,Mikhail Pletnev,Russia,2023-01,2454
Q512015,Mikhail Pletnev,Russia,2023-02,2658
Q512015,Mikhail Pletnev,Russia,2023-03,2662
Q512015,Mikhail Pletnev,Russia,2023-04,2662
Q512015,Mikhail Pletnev,Russia,2023-05,2454
Q512015,Mikhail Pletnev,Russia,2023-06,2323
Q512015,Mikhail Pletnev,Russia,2023-07,3046
Q512015,Mikhail Pletnev,Russia,2023-08,4086
Q512015,Mikhail Pletnev,Russia,2023-09,2950
Q512015,Mikhail Pletnev,Russia,2023-10,2526
Q512015,Mikhail Pletnev,Russia,2023-11,2725
Q512015,Mikhail Pletnev,Russia,2023-12,2689
Q456917,Arseny Koreshchenko,Russia,2021-01,160
Q456917,Arseny Koreshchenko,Russia,2021-02,145
Q456917,Arseny Koreshchenko,Russia,2021-03,155
Q456917,Arseny Koreshchenko,Russia,2021-04,122
Q456917,Arseny Koreshchenko,Russia,2021-05,137
Q456917,Arseny Koreshchenko,Russia,2021-06,139
Q456917,Arseny Koreshchenko,Russia,2021-07,115
Q456917,Arseny Koreshchenko,Russia,2021-08,122
Q456917,Arseny Koreshchenko,Russia,2021-09,147
Q456917,Arseny Koreshchenko,Russia,2021-10,143
Q456917,Arseny Koreshchenko,Russia,2021-11,134
Q456917,Arseny Koreshchenko,Russia,2021-12,118
Q456917,Arseny Koreshchenko,Russia,2022-01,161
Q456917,Arseny Koreshchenko,Russia,2022-02,142
Q456917,Arseny Koreshchenko,Russia,2022-03,159
Q456917,Arseny Koreshchenko,Russia,2022-04,173
Q456917,Arseny Koreshchenko,Russia,2022-05,156
Q456917,Arseny Koreshchenko,Russia,2022-06,135
Q456917,Arseny Koreshchenko,Russia,2022-07,148
Q456917,Arseny Koreshchenko,Russia,2022-08,181
Q456917,Arseny Koreshchenko,Russia,2022-09,128
Q456917,Arseny Koreshchenko,Russia,2022-10,126
Q456917,Arseny Koreshchenko,Russia,2022-11,159
Q456917,Arseny Koreshchenko,Russia,2022-12,144
Q456917,Arseny Koreshchenko,Russia,2023-01,169
Q456917,Arseny Koreshchenko,Russia,2023-02,149
Q456917,Arseny Koreshchenko,Russia,2023-03,167
Q456917,Arseny Koreshchenko,Russia,2023-04,159
Q456917,Arseny Koreshchenko,Russia,2023-05,119
Q456917,Arseny Koreshchenko,Russia,2023-06,115
Q456917,Arseny Koreshchenko,Russia,2023-07,125
Q456917,Arseny Koreshchenko,Russia,2023-08,117
Q456917,Arseny Koreshchenko,Russia,2023-09,121
Q456917,Arseny Koreshchenko,Russia,2023-10,137
Q456917,Arseny Koreshchenko,Russia,2023-11,178
Q456917,Arseny Koreshchenko,Russia,2023-12,177
Q467738,Georgy Sviridov,Russia,2021-01,2443
Q467738,Georgy Sviridov,Russia,2021-02,1965
Q467738,Georgy Sviridov,Russia,2021-03,2129
Q467738,Georgy Sviridov,Russia,2021-04,1971
Q467738,Georgy Sviridov,Russia,2021-05,1981
Q467738,Georgy Sviridov,Russia,2021-06,1607
Q467738,Georgy Sviridov,Russia,2021-07,1724
Q467738,Georgy Sviridov,Russia,2021-08,1844
Q467738,Georgy Sviridov,Russia,2021-09,1814
Q467738,Georgy Sviridov,Russia,2021-10,1990
Q467738,Georgy Sviridov,Russia,2021-11,2842
Q467738,Georgy Sviridov,Russia,2021-12,2429
Q467738,Georgy Sviridov,Russia,2022-01,2260
Q467738,Georgy Sviridov,Russia,2022-02,3015
Q467738,Georgy Sviridov,Russia,2022-03,2363
Q467738,Georgy Sviridov,Russia,2022-04,2305
Q467738,Georgy Sviridov,Russia,2022-05,2186
Q467738,Georgy Sviridov,Russia,2022-06,1939
Q467738,Georgy Sviridov,Russia,2022-07,1837
Q467738,Georgy Sviridov,Russia,2022-08,1706
Q467738,Georgy Sviridov,Russia,2022-09,3163
Q467738,Georgy Sviridov,Russia,2022-10,3289
Q467738,Georgy Sviridov,Russia,2022-11,2568
Q467738,Georgy Sviridov,Russia,2022-12,2756
Q467738,Georgy Sviridov,Russia,2023-01,3165
Q467738,Georgy Sviridov,Russia,2023-02,2149
Q467738,Georgy Sviridov,Russia,2023-03,2617
Q467738,Georgy Sviridov,Russia,2023-04,2121
Q467738,Georgy Sviridov,Russia,2023-05,2609
Q467738,Georgy Sviridov,Russia,2023-06,2461
Q467738,Georgy Sviridov,Russia,2023-07,2122
Q467738,Georgy Sviridov,Russia,2023-08,2314
Q467738,Georgy Sviridov,Russia,2023-09,2423
Q467738,Georgy Sviridov,Russia,2023-10,3592
Q467738,Georgy Sviridov,Russia,2023-11,6282
Q467738,Georgy Sviridov,Russia,2023-12,8858
Q468626,Grigory Sokolov,Russia,2021-01,3883
Q468626,Grigory Sokolov,Russia,2021-02,3494
Q468626,Grigory Sokolov,Russia,2021-03,3466
Q468626,Grigory Sokolov,Russia,2021-04,3469
Q468626,Grigory Sokolov,Russia,2021-05,2945
Q468626,Grigory Sokolov,Russia,2021-06,2982
Q468626,Grigory Sokolov,Russia,2021-07,2964
Q468626,Grigory Sokolov,Russia,2021-08,2897
Q468626,Grigory Sokolov,Russia,2021-09,2834
Q468626,Grigory Sokolov,Russia,2021-10,3310
Q468626,Grigory Sokolov,Russia,2021-11,2901
Q468626,Grigory Sokolov,Russia,2021-12,2622
Q468626,Grigory Sokolov,Russia,2022-01,2793
Q468626,Grigory Sokolov,Russia,2022-02,5782
Q468626,Grigory Sokolov,Russia,2022-03,5617
Q468626,Grigory Sokolov,Russia,2022-04,4643
Q468626,Grigory Sokolov,Russia,2022-05,4708
Q468626,Grigory Sokolov,Russia,2022-06,5039
Q468626,Grigory Sokolov,Russia,2022-07,3137
Q468626,Grigory Sokolov,Russia,2022-08,4102
Q468626,Grigory Sokolov,Russia,2022-09,5812
Q468626,Grigory Sokolov,Russia,2022-10,4206
Q468626,Grigory Sokolov,Russia,2022-11,3717
Q468626,Grigory Sokolov,Russia,2022-12,3305
Q468626,Grigory Sokolov,Russia,2023-01,2981
Q468626,Grigory Sokolov,Russia,2023-02,3500
Q468626,Grigory Sokolov,Russia,2023-03,5637
Q468626,Grigory Sokolov,Russia,2023-04,4852
Q468626,Grigory Sokolov,Russia,2023-05,5592
Q468626,Grigory Sokolov,Russia,2023-06,4715
Q468626,Grigory Sokolov,Russia,2023-07,3934
Q468626,Grigory Sokolov,Russia,2023-08,4075
Q468626,Grigory Sokolov,Russia,2023-09,4305
Q468626,Grigory Sokolov,Russia,2023-10,3987
Q468626,Grigory Sokolov,Russia,2023-11,5155
Q468626,Grigory Sokolov,Russia,2023-12,5265
Q363371,Yegor Letov,Russia,2021-01,3254
Q363371,Yegor Letov,Russia,2021-02,4404
Q363371,Yegor Letov,Russia,2021-03,4983
Q363371,Yegor Letov,Russia,2021-04,3839
Q363371,Yegor Letov,Russia,2021-05,3623
Q363371,Yegor Letov,Russia,2021-06,3574
Q363371,Yegor Letov,Russia,2021-07,3205
Q363371,Yegor Letov,Russia,2021-08,3605
Q363371,Yegor Letov,Russia,2021-09,3890
Q363371,Yegor Letov,Russia,2021-10,3963
Q363371,Yegor Letov,Russia,2021-11,3938
Q363371,Yegor Letov,Russia,2021-12,3785
Q363371,Yegor Letov,Russia,2022-01,3853
Q363371,Yegor Letov,Russia,2022-02,4156
Q363371,Yegor Letov,Russia,2022-03,5648
Q363371,Yegor Letov,Russia,2022-04,4630
Q363371,Yegor Letov,Russia,2022-05,3951
Q363371,Yegor Letov,Russia,2022-06,3645
Q363371,Yegor Letov,Russia,2022-07,5250
Q363371,Yegor Letov,Russia,2022-08,5153
Q363371,Yegor Letov,Russia,2022-09,4748
Q363371,Yegor Letov,Russia,2022-10,4738
Q363371,Yegor Letov,Russia,2022-11,4381
Q363371,Yegor Letov,Russia,2022-12,4135
Q363371,Yegor Letov,Russia,2023-01,4187
Q363371,Yegor Letov,Russia,2023-02,4351
Q363371,Yegor Letov,Russia,2023-03,4137
Q363371,Yegor Letov,Russia,2023-04,3825
Q363371,Yegor Letov,Russia,2023-05,4292
Q363371,Yegor Letov,Russia,2023-06,4084
Q363371,Yegor Letov,Russia,2023-07,4292
Q363371,Yegor Letov,Russia,2023-08,4563
Q363371,Yegor Letov,Russia,2023-09,4975
Q363371,Yegor Letov,Russia,2023-10,4907
Q363371,Yegor Letov,Russia,2023-11,4606
Q363371,Yegor Letov,Russia,2023-12,4568
Q487125,Viktor Tsoi,Russia,2021-01,22870
Q487125,Viktor Tsoi,Russia,2021-02,22412
Q487125,Viktor Tsoi,Russia,2021-03,22935
Q487125,Viktor Tsoi,Russia,2021-04,20763
Q487125,Viktor Tsoi,Russia,2021-05,19636
Q487125,Viktor Tsoi,Russia,2021-06,19908
Q487125,Viktor Tsoi,Russia,2021-07,20004
Q487125,Viktor Tsoi,Russia,2021-08,23078
Q487125,Viktor Tsoi,Russia,2021-09,18075
Q487125,Viktor Tsoi,Russia,2021-10,19200
Q487125,Viktor Tsoi,Russia,2021-11,19180
Q487125,Viktor Tsoi,Russia,2021-12,20318
Q487125,Viktor Tsoi,Russia,2022-01,23485
Q487125,Viktor Tsoi,Russia,2022-02,23612
Q487125,Viktor Tsoi,Russia,2022-03,29053
Q487125,Viktor Tsoi,Russia,2022-04,22480
Q487125,Viktor Tsoi,Russia,2022-05,20198
Q487125,Viktor Tsoi,Russia,2022-06,26546
Q487125,Viktor Tsoi,Russia,2022-07,24299
Q487125,Viktor Tsoi,Russia,2022-08,25178
Q487125,Viktor Tsoi,Russia,2022-09,23763
Q487125,Viktor Tsoi,Russia,2022-10,22713
Q487125,Viktor Tsoi,Russia,2022-11,22000
Q487125,Viktor Tsoi,Russia,2022-12,20058
Q487125,Viktor Tsoi,Russia,2023-01,22495
Q487125,Viktor Tsoi,Russia,2023-02,35689
Q487125,Viktor Tsoi,Russia,2023-03,37451
Q487125,Viktor Tsoi,Russia,2023-04,22619
Q487125,Viktor Tsoi,Russia,2023-05,24085
Q487125,Viktor Tsoi,Russia,2023-06,29325
Q487125,Viktor Tsoi,Russia,2023-07,27460
Q487125,Viktor Tsoi,Russia,2023-08,33856
Q487125,Viktor Tsoi,Russia,2023-09,28360
Q487125,Viktor Tsoi,Russia,2023-10,23302
Q487125,Viktor Tsoi,Russia,2023-11,24066
Q487125,Viktor Tsoi,Russia,2023-12,26498
Q437262,Gennady Rozhdestvensky,Russia,2021-01,1375
Q437262,Gennady Rozhdestvensky,Russia,2021-02,1338
Q437262,Gennady Rozhdestvensky,Russia,2021-03,1456
Q437262,Gennady Rozhdestvensky,Russia,2021-04,1420
Q437262,Gennady Rozhdestvensky,Russia,2021-05,1461
Q437262,Gennady Rozhdestvensky,Russia,2021-06,1116
Q437262,Gennady Rozhdestvensky,Russia,2021-07,864
Q437262,Gennady Rozhdestvensky,Russia,2021-08,1123
Q437262,Gennady Rozhdestvensky,Russia,2021-09,1042
Q437262,Gennady Rozhdestvensky,Russia,2021-10,1201
Q437262,Gennady Rozhdestvensky,Russia,2021-11,996
Q437262,Gennady Rozhdestvensky,Russia,2021-12,1124
Q437262,Gennady Rozhdestvensky,Russia,2022-01,1330
Q437262,Gennady Rozhdestvensky,Russia,2022-02,1170
Q437262,Gennady Rozhdestvensky,Russia,2022-03,1447
Q437262,Gennady Rozhdestvensky,Russia,2022-04,1134
Q437262,Gennady Rozhdestvensky,Russia,2022-05,1195
Q437262,Gennady Rozhdestvensky,Russia,2022-06,1031
Q437262,Gennady Rozhdestvensky,Russia,2022-07,958
Q437262,Gennady Rozhdestvensky,Russia,2022-08,1199
Q437262,Gennady Rozhdestvensky,Russia,2022-09,1022
Q437262,Gennady Rozhdestvensky,Russia,2022-10,1172
Q437262,Gennady Rozhdestvensky,Russia,2022-11,1367
Q437262,Gennady Rozhdestvensky,Russia,2022-12,1231
Q437262,Gennady Rozhdestvensky,Russia,2023-01,1285
Q437262,Gennady Rozhdestvensky,Russia,2023-02,1009
Q437262,Gennady Rozhdestvensky,Russia,2023-03,1151
Q437262,Gennady Rozhdestvensky,Russia,2023-04,1068
Q437262,Gennady Rozhdestvensky,Russia,2023-05,1186
Q437262,Gennady Rozhdestvensky,Russia,2023-06,1154
Q437262,Gennady Rozhdestvensky,Russia,2023-07,980
Q437262,Gennady Rozhdestvensky,Russia,2023-08,1098
Q437262,Gennady Rozhdestvensky,Russia,2023-09,1176
Q437262,Gennady Rozhdestvensky,Russia,2023-10,1179
Q437262,Gennady Rozhdestvensky,Russia,2023-11,1195
Q437262,Gennady Rozhdestvensky,Russia,2023-12,1336
Q439551,Elena Kuschnerova,Russia,2021-01,215
Q439551,Elena Kuschnerova,Russia,2021-02,224
Q439551,Elena Kuschnerova,Russia,2021-03,227
Q439551,Elena Kuschnerova,Russia,2021-04,201
Q439551,Elena Kuschnerova,Russia,2021-05,216
Q439551,Elena Kuschnerova,Russia,2021-06,201
Q439551,Elena Kuschnerova,Russia,2021-07,185
Q439551,Elena Kuschnerova,Russia,2021-08,208
Q439551,Elena Kuschnerova,Russia,2021-09,169
Q439551,Elena Kuschnerova,Russia,2021-10,185
Q439551,Elena Kuschnerova,Russia,2021-11,167
Q439551,Elena Kuschnerova,Russia,2021-12,186
Q439551,Elena Kuschnerova,Russia,2022-01,237
Q439551,Elena Kuschnerova,Russia,2022-02,209
Q439551,Elena Kuschnerova,Russia,2022-03,234
Q439551,Elena Kuschnerova,Russia,2022-04,265
Q439551,Elena Kuschnerova,Russia,2022-05,218
Q439551,Elena Kuschnerova,Russia,2022-06,184
Q439551,Elena Kuschnerova,Russia,2022-07,196
Q439551,Elena Kuschnerova,Russia,2022-08,230
Q439551,Elena Kuschnerova,Russia,2022-09,202
Q439551,Elena Kuschnerova,Russia,2022-10,210
Q439551,Elena Kuschnerova,Russia,2022-11,217
Q439551,Elena Kuschnerova,Russia,2022-12,224
Q439551,Elena Kuschnerova,Russia,2023-01,213
Q439551,Elena Kuschnerova,Russia,2023-02,181
Q439551,Elena Kuschnerova,Russia,2023-03,258
Q439551,Elena Kuschnerova,Russia,2023-04,194
Q439551,Elena Kuschnerova,Russia,2023-05,208
Q439551,Elena Kuschnerova,Russia,2023-06,218
Q439551,Elena Kuschnerova,Russia,2023-07,224
Q439551,Elena Kuschnerova,Russia,2023-08,216
Q439551,Elena Kuschnerova,Russia,2023-09,216
Q439551,Elena Kuschnerova,Russia,2023-10,226
Q439551,Elena Kuschnerova,Russia,2023-11,209
Q439551,Elena Kuschnerova,Russia,2023-12,209
Q440486,Viviana Sofronitsky,Russia,2021-01,433
Q440486,Viviana Sofronitsky,Russia,2021-02,347
Q440486,Viviana Sofronitsky,Russia,2021-03,328
Q440486,Viviana Sofronitsky,Russia,2021-04,314
Q440486,Viviana Sofronitsky,Russia,2021-05,316
Q440486,Viviana Sofronitsky,Russia,2021-06,314
Q440486,Viviana Sofronitsky,Russia,2021-07,310
Q440486,Viviana Sofronitsky,Russia,2021-08,324
Q440486,Viviana Sofronitsky,Russia,2021-09,315
Q440486,Viviana Sofronitsky,Russia,2021-10,293
Q440486,Viviana Sofronitsky,Russia,2021-11,341
Q440486,Viviana Sofronitsky,Russia,2021-12,339
Q440486,Viviana Sofronitsky,Russia,2022-01,348
Q440486,Viviana Sofronitsky,Russia,2022-02,309
Q440486,Viviana Sofronitsky,Russia,2022-03,371
Q440486,Viviana Sofronitsky,Russia,2022-04,301
Q440486,Viviana Sofronitsky,Russia,2022-05,327
Q440486,Viviana Sofronitsky,Russia,2022-06,303
Q440486,Viviana Sofronitsky,Russia,2022-07,309
Q440486,Viviana Sofronitsky,Russia,2022-08,297
Q440486,Viviana Sofronitsky,Russia,2022-09,334
Q440486,Viviana Sofronitsky,Russia,2022-10,273
Q440486,Viviana Sofronitsky,Russia,2022-11,321
Q440486,Viviana Sofronitsky,Russia,2022-12,282
Q440486,Viviana Sofronitsky,Russia,2023-01,306
Q440486,Viviana Sofronitsky,Russia,2023-02,292
Q440486,Viviana Sofronitsky,Russia,2023-03,314
Q440486,Viviana Sofronitsky,Russia,2023-04,277
Q440486,Viviana Sofronitsky,Russia,2023-05,304
Q440486,Viviana Sofronitsky,Russia,2023-06,281
Q440486,Viviana Sofronitsky,Russia,2023-07,285
Q440486,Viviana Sofronitsky,Russia,2023-08,317
Q440486,Viviana Sofronitsky,Russia,2023-09,307
Q440486,Viviana Sofronitsky,Russia,2023-10,261
Q440486,Viviana Sofronitsky,Russia,2023-11,284
Q440486,Viviana Sofronitsky,Russia,2023-12,341
Q439806,Vera Timanova,Russia,2021-01,118
Q439806,Vera Timanova,Russia,2021-02,104
Q439806,Vera Timanova,Russia,2021-03,133
Q439806,Vera Timanova,Russia,2021-04,139
Q439806,Vera Timanova,Russia,2021-05,119
Q439806,Vera Timanova,Russia,2021-06,91
Q439806,Vera Timanova,Russia,2021-07,136
Q439806,Vera Timanova,Russia,2021-08,121
Q439806,Vera Timanova,Russia,2021-09,97
Q439806,Vera Timanova,Russia,2021-10,101
Q439806,Vera Timanova,Russia,2021-11,122
Q439806,Vera Timanova,Russia,2021-12,103
Q439806,Vera Timanova,Russia,2022-01,107
Q439806,Vera Timanova,Russia,2022-02,136
Q439806,Vera Timanova,Russia,2022-03,134
Q439806,Vera Timanova,Russia,2022-04,99
Q439806,Vera Timanova,Russia,2022-05,132
Q439806,Vera Timanova,Russia,2022-06,111
Q439806,Vera Timanova,Russia,2022-07,146
Q439806,Vera Timanova,Russia,2022-08,127
Q439806,Vera Timanova,Russia,2022-09,137
Q439806,Vera Timanova,Russia,2022-10,139
Q439806,Vera Timanova,Russia,2022-11,113
Q439806,Vera Timanova,Russia,2022-12,115
Q439806,Vera Timanova,Russia,2023-01,115
Q439806,Vera Timanova,Russia,2023-02,120
Q439806,Vera Timanova,Russia,2023-03,143
Q439806,Vera Timanova,Russia,2023-04,132
Q439806,Vera Timanova,Russia,2023-05,97
Q439806,Vera Timanova,Russia,2023-06,129
Q439806,Vera Timanova,Russia,2023-07,121
Q439806,Vera Timanova,Russia,2023-08,97
Q439806,Vera Timanova,Russia,2023-09,122
Q439806,Vera Timanova,Russia,2023-10,115
Q439806,Vera Timanova,Russia,2023-11,112
Q439806,Vera Timanova,Russia,2023-12,123
Q544641,Mikhail Boyarsky,Russia,2021-01,2535
Q544641,Mikhail Boyarsky,Russia,2021-02,2277
Q544641,Mikhail Boyarsky,Russia,2021-03,1974
Q544641,Mikhail Boyarsky,Russia,2021-04,1895
Q544641,Mikhail Boyarsky,Russia,2021-05,1713
Q544641,Mikhail Boyarsky,Russia,2021-06,1556
Q544641,Mikhail Boyarsky,Russia,2021-07,1788
Q544641,Mikhail Boyarsky,Russia,2021-08,1937
Q544641,Mikhail Boyarsky,Russia,2021-09,1380
Q544641,Mikhail Boyarsky,Russia,2021-10,1591
Q544641,Mikhail Boyarsky,Russia,2021-11,1500
Q544641,Mikhail Boyarsky,Russia,2021-12,2601
Q544641,Mikhail Boyarsky,Russia,2022-01,2272
Q544641,Mikhail Boyarsky,Russia,2022-02,1815
Q544641,Mikhail Boyarsky,Russia,2022-03,1971
Q544641,Mikhail Boyarsky,Russia,2022-04,1884
Q544641,Mikhail Boyarsky,Russia,2022-05,1689
Q544641,Mikhail Boyarsky,Russia,2022-06,1630
Q544641,Mikhail Boyarsky,Russia,2022-07,1527
Q544641,Mikhail Boyarsky,Russia,2022-08,1636
Q544641,Mikhail Boyarsky,Russia,2022-09,2049
Q544641,Mikhail Boyarsky,Russia,2022-10,2716
Q544641,Mikhail Boyarsky,Russia,2022-11,2086
Q544641,Mikhail Boyarsky,Russia,2022-12,3004
Q544641,Mikhail Boyarsky,Russia,2023-01,3213
Q544641,Mikhail Boyarsky,Russia,2023-02,2858
Q544641,Mikhail Boyarsky,Russia,2023-03,2580
Q544641,Mikhail Boyarsky,Russia,2023-04,2724
Q544641,Mikhail Boyarsky,Russia,2023-05,1866
Q544641,Mikhail Boyarsky,Russia,2023-06,1938
Q544641,Mikhail Boyarsky,Russia,2023-07,1981
Q544641,Mikhail Boyarsky,Russia,2023-08,2285
Q544641,Mikhail Boyarsky,Russia,2023-09,2019
Q544641,Mikhail Boyarsky,Russia,2023-10,2147
Q544641,Mikhail Boyarsky,Russia,2023-11,2550
Q544641,Mikhail Boyarsky,Russia,2023-12,4112
Q538515,Anna Gourari,Russia,2021-01,366
Q538515,Anna Gourari,Russia,2021-02,288
Q538515,Anna Gourari,Russia,2021-03,349
Q538515,Anna Gourari,Russia,2021-04,306
Q538515,Anna Gourari,Russia,2021-05,273
Q538515,Anna Gourari,Russia,2021-06,230
Q538515,Anna Gourari,Russia,2021-07,226
Q538515,Anna Gourari,Russia,2021-08,326
Q538515,Anna Gourari,Russia,2021-09,310
Q538515,Anna Gourari,Russia,2021-10,227
Q538515,Anna Gourari,Russia,2021-11,207
Q538515,Anna Gourari,Russia,2021-12,269
Q538515,Anna Gourari,Russia,2022-01,275
Q538515,Anna Gourari,Russia,2022-02,246
Q538515,Anna Gourari,Russia,2022-03,258
Q538515,Anna Gourari,Russia,2022-04,234
Q538515,Anna Gourari,Russia,2022-05,262
Q538515,Anna Gourari,Russia,2022-06,240
Q538515,Anna Gourari,Russia,2022-07,230
Q538515,Anna Gourari,Russia,2022-08,266
Q538515,Anna Gourari,Russia,2022-09,269
Q538515,Anna Gourari,Russia,2022-10,248
Q538515,Anna Gourari,Russia,2022-11,243
Q538515,Anna Gourari,Russia,2022-12,225
Q538515,Anna Gourari,Russia,2023-01,218
Q538515,Anna Gourari,Russia,2023-02,243
Q538515,Anna Gourari,Russia,2023-03,207
Q538515,Anna Gourari,Russia,2023-04,221
Q538515,Anna Gourari,Russia,2023-05,235
Q538515,Anna Gourari,Russia,2023-06,209
Q538515,Anna Gourari,Russia,2023-07,242
Q538515,Anna Gourari,Russia,2023-08,247
Q538515,Anna Gourari,Russia,2023-09,236
Q538515,Anna Gourari,Russia,2023-10,293
Q538515,Anna Gourari,Russia,2023-11,248
Q538515,Anna Gourari,Russia,2023-12,210
Q539989,Igor Khoroshev,Russia,2021-01,1062
Q539989,Igor Khoroshev,Russia,2021-02,1389
Q539989,Igor Khoroshev,Russia,2021-03,1281
Q539989,Igor Khoroshev,Russia,2021-04,1234
Q539989,Igor Khoroshev,Russia,2021-05,1370
Q539989,Igor Khoroshev,Russia,2021-06,1673
Q539989,Igor Khoroshev,Russia,2021-07,1879
Q539989,Igor Khoroshev,Russia,2021-08,1295
Q539989,Igor Khoroshev,Russia,2021-09,1386
Q539989,Igor Khoroshev,Russia,2021-10,1341
Q539989,Igor Khoroshev,Russia,2021-11,1033
Q539989,Igor Khoroshev,Russia,2021-12,1065
Q539989,Igor Khoroshev,Russia,2022-01,1177
Q539989,Igor Khoroshev,Russia,2022-02,1157
Q539989,Igor Khoroshev,Russia,2022-03,1477
Q539989,Igor Khoroshev,Russia,2022-04,1292
Q539989,Igor Khoroshev,Russia,2022-05,2206
Q539989,Igor Khoroshev,Russia,2022-06,1532
Q539989,Igor Khoroshev,Russia,2022-07,1454
Q539989,Igor Khoroshev,Russia,2022-08,1247
Q539989,Igor Khoroshev,Russia,2022-09,1194
Q539989,Igor Khoroshev,Russia,2022-10,1331
Q539989,Igor Khoroshev,Russia,2022-11,1394
Q539989,Igor Khoroshev,Russia,2022-12,1314
Q539989,Igor Khoroshev,Russia,2023-01,1358
Q539989,Igor Khoroshev,Russia,2023-02,1247
Q539989,Igor Khoroshev,Russia,2023-03,1628
Q539989,Igor Khoroshev,Russia,2023-04,1324
Q539989,Igor Khoroshev,Russia,2023-05,1563
Q539989,Igor Khoroshev,Russia,2023-06,1165
Q539989,Igor Khoroshev,Russia,2023-07,1270
Q539989,Igor Khoroshev,Russia,2023-08,1190
Q539989,Igor Khoroshev,Russia,2023-09,1566
Q539989,Igor Khoroshev,Russia,2023-10,1294
Q539989,Igor Khoroshev,Russia,2023-11,1225
Q539989,Igor Khoroshev,Russia,2023-12,1311
Q533162,Olga Konkova,Russia,2021-01,153
Q533162,Olga Konkova,Russia,2021-02,136
Q533162,Olga Konkova,Russia,2021-03,151
Q533162,Olga Konkova,Russia,2021-04,200
Q533162,Olga Konkova,Russia,2021-05,152
Q533162,Olga Konkova,Russia,2021-06,158
Q533162,Olga Konkova,Russia,2021-07,144
Q533162,Olga Konkova,Russia,2021-08,192
Q533162,Olga Konkova,Russia,2021-09,235
Q533162,Olga Konkova,Russia,2021-10,205
Q533162,Olga Konkova,Russia,2021-11,158
Q533162,Olga Konkova,Russia,2021-12,163
Q533162,Olga Konkova,Russia,2022-01,161
Q533162,Olga Konkova,Russia,2022-02,197
Q533162,Olga Konkova,Russia,2022-03,151
Q533162,Olga Konkova,Russia,2022-04,149
Q533162,Olga Konkova,Russia,2022-05,168
Q533162,Olga Konkova,Russia,2022-06,189
Q533162,Olga Konkova,Russia,2022-07,297
Q533162,Olga Konkova,Russia,2022-08,242
Q533162,Olga Konkova,Russia,2022-09,181
Q533162,Olga Konkova,Russia,2022-10,129
Q533162,Olga Konkova,Russia,2022-11,188
Q533162,Olga Konkova,Russia,2022-12,141
Q533162,Olga Konkova,Russia,2023-01,189
Q533162,Olga Konkova,Russia,2023-02,148
Q533162,Olga Konkova,Russia,2023-03,148
Q533162,Olga Konkova,Russia,2023-04,175
Q533162,Olga Konkova,Russia,2023-05,177
Q533162,Olga Konkova,Russia,2023-06,158
Q533162,Olga Konkova,Russia,2023-07,140
Q533162,Olga Konkova,Russia,2023-08,216
Q533162,Olga Konkova,Russia,2023-09,157
Q533162,Olga Konkova,Russia,2023-10,177
Q533162,Olga Konkova,Russia,2023-11,173
Q533162,Olga Konkova,Russia,2023-12,204
Q535155,Elena Gnesina,Russia,2021-01,239
Q535155,Elena Gnesina,Russia,2021-02,200
Q535155,Elena Gnesina,Russia,2021-03,245
Q535155,Elena Gnesina,Russia,2021-04,237
Q535155,Elena Gnesina,Russia,2021-05,270
Q535155,Elena Gnesina,Russia,2021-06,202
Q535155,Elena Gnesina,Russia,2021-07,221
Q535155,Elena Gnesina,Russia,2021-08,212
Q535155,Elena Gnesina,Russia,2021-09,216
Q535155,Elena Gnesina,Russia,2021-10,228
Q535155,Elena Gnesina,Russia,2021-11,175
Q535155,Elena Gnesina,Russia,2021-12,185
Q535155,Elena Gnesina,Russia,2022-01,261
Q535155,Elena Gnesina,Russia,2022-02,231
Q535155,Elena Gnesina,Russia,2022-03,239
Q535155,Elena Gnesina,Russia,2022-04,227
Q535155,Elena Gnesina,Russia,2022-05,292
Q535155,Elena Gnesina,Russia,2022-06,261
Q535155,Elena Gnesina,Russia,2022-07,206
Q535155,Elena Gnesina,Russia,2022-08,216
Q535155,Elena Gnesina,Russia,2022-09,227
Q535155,Elena Gnesina,Russia,2022-10,244
Q535155,Elena Gnesina,Russia,2022-11,212
Q535155,Elena Gnesina,Russia,2022-12,219
Q535155,Elena Gnesina,Russia,2023-01,235
Q535155,Elena Gnesina,Russia,2023-02,267
Q535155,Elena Gnesina,Russia,2023-03,295
Q535155,Elena Gnesina,Russia,2023-04,253
Q535155,Elena Gnesina,Russia,2023-05,279
Q535155,Elena Gnesina,Russia,2023-06,265
Q535155,Elena Gnesina,Russia,2023-07,193
Q535155,Elena Gnesina,Russia,2023-08,219
Q535155,Elena Gnesina,Russia,2023-09,223
Q535155,Elena Gnesina,Russia,2023-10,279
Q535155,Elena Gnesina,Russia,2023-11,236
Q535155,Elena Gnesina,Russia,2023-12,314
Q541833,Mikhail Shufutinsky,Russia,2021-01,1383
Q541833,Mikhail Shufutinsky,Russia,2021-02,1004
Q541833,Mikhail Shufutinsky,Russia,2021-03,1183
Q541833,Mikhail Shufutinsky,Russia,2021-04,1461
Q541833,Mikhail Shufutinsky,Russia,2021-05,1055
Q541833,Mikhail Shufutinsky,Russia,2021-06,976
Q541833,Mikhail Shufutinsky,Russia,2021-07,1065
Q541833,Mikhail Shufutinsky,Russia,2021-08,1212
Q541833,Mikhail Shufutinsky,Russia,2021-09,2595
Q541833,Mikhail Shufutinsky,Russia,2021-10,1130
Q541833,Mikhail Shufutinsky,Russia,2021-11,974
Q541833,Mikhail Shufutinsky,Russia,2021-12,1143
Q541833,Mikhail Shufutinsky,Russia,2022-01,1317
Q541833,Mikhail Shufutinsky,Russia,2022-02,1082
Q541833,Mikhail Shufutinsky,Russia,2022-03,1467
Q541833,Mikhail Shufutinsky,Russia,2022-04,1311
Q541833,Mikhail Shufutinsky,Russia,2022-05,1206
Q541833,Mikhail Shufutinsky,Russia,2022-06,1632
Q541833,Mikhail Shufutinsky,Russia,2022-07,1823
Q541833,Mikhail Shufutinsky,Russia,2022-08,1672
Q541833,Mikhail Shufutinsky,Russia,2022-09,3441
Q541833,Mikhail Shufutinsky,Russia,2022-10,1297
Q541833,Mikhail Shufutinsky,Russia,2022-11,1426
Q541833,Mikhail Shufutinsky,Russia,2022-12,1545
Q541833,Mikhail Shufutinsky,Russia,2023-01,1742
Q541833,Mikhail Shufutinsky,Russia,2023-02,1406
Q541833,Mikhail Shufutinsky,Russia,2023-03,1766
Q541833,Mikhail Shufutinsky,Russia,2023-04,1784
Q541833,Mikhail Shufutinsky,Russia,2023-05,1458
Q541833,Mikhail Shufutinsky,Russia,2023-06,1289
Q541833,Mikhail Shufutinsky,Russia,2023-07,1462
Q541833,Mikhail Shufutinsky,Russia,2023-08,1678
Q541833,Mikhail Shufutinsky,Russia,2023-09,3588
Q541833,Mikhail Shufutinsky,Russia,2023-10,1958
Q541833,Mikhail Shufutinsky,Russia,2023-11,1470
Q541833,Mikhail Shufutinsky,Russia,2023-12,1799
Q720509,Stanislav Neuhaus,Russia,2021-01,496
Q720509,Stanislav Neuhaus,Russia,2021-02,487
Q720509,Stanislav Neuhaus,Russia,2021-03,518
Q720509,Stanislav Neuhaus,Russia,2021-04,413
Q720509,Stanislav Neuhaus,Russia,2021-05,425
Q720509,Stanislav Neuhaus,Russia,2021-06,389
Q720509,Stanislav Neuhaus,Russia,2021-07,351
Q720509,Stanislav Neuhaus,Russia,2021-08,501
Q720509,Stanislav Neuhaus,Russia,2021-09,318
Q720509,Stanislav Neuhaus,Russia,2021-10,595
Q720509,Stanislav Neuhaus,Russia,2021-11,486
Q720509,Stanislav Neuhaus,Russia,2021-12,503
Q720509,Stanislav Neuhaus,Russia,2022-01,734
Q720509,Stanislav Neuhaus,Russia,2022-02,543
Q720509,Stanislav Neuhaus,Russia,2022-03,509
Q720509,Stanislav Neuhaus,Russia,2022-04,657
Q720509,Stanislav Neuhaus,Russia,2022-05,586
Q720509,Stanislav Neuhaus,Russia,2022-06,713
Q720509,Stanislav Neuhaus,Russia,2022-07,536
Q720509,Stanislav Neuhaus,Russia,2022-08,661
Q720509,Stanislav Neuhaus,Russia,2022-09,554
Q720509,Stanislav Neuhaus,Russia,2022-10,849
Q720509,Stanislav Neuhaus,Russia,2022-11,617
Q720509,Stanislav Neuhaus,Russia,2022-12,583
Q720509,Stanislav Neuhaus,Russia,2023-01,686
Q720509,Stanislav Neuhaus,Russia,2023-02,428
Q720509,Stanislav Neuhaus,Russia,2023-03,551
Q720509,Stanislav Neuhaus,Russia,2023-04,573
Q720509,Stanislav Neuhaus,Russia,2023-05,529
Q720509,Stanislav Neuhaus,Russia,2023-06,408
Q720509,Stanislav Neuhaus,Russia,2023-07,374
Q720509,Stanislav Neuhaus,Russia,2023-08,431
Q720509,Stanislav Neuhaus,Russia,2023-09,396
Q720509,Stanislav Neuhaus,Russia,2023-10,388
Q720509,Stanislav Neuhaus,Russia,2023-11,480
Q720509,Stanislav Neuhaus,Russia,2023-12,544
Q712094,Alexander Alyabyev,Russia,2021-01,659
Q712094,Alexander Alyabyev,Russia,2021-02,614
Q712094,Alexander Alyabyev,Russia,2021-03,608
Q712094,Alexander Alyabyev,Russia,2021-04,633
Q712094,Alexander Alyabyev,Russia,2021-05,603
Q712094,Alexander Alyabyev,Russia,2021-06,555
Q712094,Alexander Alyabyev,Russia,2021-07,458
Q712094,Alexander Alyabyev,Russia,2021-08,651
Q712094,Alexander Alyabyev,Russia,2021-09,596
Q712094,Alexander Alyabyev,Russia,2021-10,718
Q712094,Alexander Alyabyev,Russia,2021-11,568
Q712094,Alexander Alyabyev,Russia,2021-12,536
Q712094,Alexander Alyabyev,Russia,2022-01,568
Q712094,Alexander Alyabyev,Russia,2022-02,509
Q712094,Alexander Alyabyev,Russia,2022-03,509
Q712094,Alexander Alyabyev,Russia,2022-04,497
Q712094,Alexander Alyabyev,Russia,2022-05,612
Q712094,Alexander Alyabyev,Russia,2022-06,541
Q712094,Alexander Alyabyev,Russia,2022-07,528
Q712094,Alexander Alyabyev,Russia,2022-08,557
Q712094,Alexander Alyabyev,Russia,2022-09,558
Q712094,Alexander Alyabyev,Russia,2022-10,523
Q712094,Alexander Alyabyev,Russia,2022-11,617
Q712094,Alexander Alyabyev,Russia,2022-12,449
Q712094,Alexander Alyabyev,Russia,2023-01,506
Q712094,Alexander Alyabyev,Russia,2023-02,450
Q712094,Alexander Alyabyev,Russia,2023-03,500
Q712094,Alexander Alyabyev,Russia,2023-04,460
Q712094,Alexander Alyabyev,Russia,2023-05,508
Q712094,Alexander Alyabyev,Russia,2023-06,400
Q712094,Alexander Alyabyev,Russia,2023-07,384
Q712094,Alexander Alyabyev,Russia,2023-08,563
Q712094,Alexander Alyabyev,Russia,2023-09,453
Q712094,Alexander Alyabyev,Russia,2023-10,496
Q712094,Alexander Alyabyev,Russia,2023-11,440
Q712094,Alexander Alyabyev,Russia,2023-12,670
Q709440,Yevgeny Svetlanov,Russia,2021-01,998
Q709440,Yevgeny Svetlanov,Russia,2021-02,782
Q709440,Yevgeny Svetlanov,Russia,2021-03,839
Q709440,Yevgeny Svetlanov,Russia,2021-04,831
Q709440,Yevgeny Svetlanov,Russia,2021-05,796
Q709440,Yevgeny Svetlanov,Russia,2021-06,693
Q709440,Yevgeny Svetlanov,Russia,2021-07,624
Q709440,Yevgeny Svetlanov,Russia,2021-08,658
Q709440,Yevgeny Svetlanov,Russia,2021-09,753
Q709440,Yevgeny Svetlanov,Russia,2021-10,669
Q709440,Yevgeny Svetlanov,Russia,2021-11,670
Q709440,Yevgeny Svetlanov,Russia,2021-12,704
Q709440,Yevgeny Svetlanov,Russia,2022-01,814
Q709440,Yevgeny Svetlanov,Russia,2022-02,699
Q709440,Yevgeny Svetlanov,Russia,2022-03,837
Q709440,Yevgeny Svetlanov,Russia,2022-04,724
Q709440,Yevgeny Svetlanov,Russia,2022-05,744
Q709440,Yevgeny Svetlanov,Russia,2022-06,780
Q709440,Yevgeny Svetlanov,Russia,2022-07,667
Q709440,Yevgeny Svetlanov,Russia,2022-08,847
Q709440,Yevgeny Svetlanov,Russia,2022-09,914
Q709440,Yevgeny Svetlanov,Russia,2022-10,729
Q709440,Yevgeny Svetlanov,Russia,2022-11,661
Q709440,Yevgeny Svetlanov,Russia,2022-12,765
Q709440,Yevgeny Svetlanov,Russia,2023-01,705
Q709440,Yevgeny Svetlanov,Russia,2023-02,607
Q709440,Yevgeny Svetlanov,Russia,2023-03,810
Q709440,Yevgeny Svetlanov,Russia,2023-04,795
Q709440,Yevgeny Svetlanov,Russia,2023-05,718
Q709440,Yevgeny Svetlanov,Russia,2023-06,674
Q709440,Yevgeny Svetlanov,Russia,2023-07,711
Q709440,Yevgeny Svetlanov,Russia,2023-08,798
Q709440,Yevgeny Svetlanov,Russia,2023-09,837
Q709440,Yevgeny Svetlanov,Russia,2023-10,722
Q709440,Yevgeny Svetlanov,Russia,2023-11,786
Q709440,Yevgeny Svetlanov,Russia,2023-12,809
Q487501,Anatole Kitain,Russia,2021-01,204
Q487501,Anatole Kitain,Russia,2021-02,169
Q487501,Anatole Kitain,Russia,2021-03,153
Q487501,Anatole Kitain,Russia,2021-04,166
Q487501,Anatole Kitain,Russia,2021-05,171
Q487501,Anatole Kitain,Russia,2021-06,131
Q487501,Anatole Kitain,Russia,2021-07,205
Q487501,Anatole Kitain,Russia,2021-08,291
Q487501,Anatole Kitain,Russia,2021-09,156
Q487501,Anatole Kitain,Russia,2021-10,167
Q487501,Anatole Kitain,Russia,2021-11,139
Q487501,Anatole Kitain,Russia,2021-12,146
Q487501,Anatole Kitain,Russia,2022-01,233
Q487501,Anatole Kitain,Russia,2022-02,259
Q487501,Anatole Kitain,Russia,2022-03,202
Q487501,Anatole Kitain,Russia,2022-04,180
Q487501,Anatole Kitain,Russia,2022-05,195
Q487501,Anatole Kitain,Russia,2022-06,148
Q487501,Anatole Kitain,Russia,2022-07,218
Q487501,Anatole Kitain,Russia,2022-08,181
Q487501,Anatole Kitain,Russia,2022-09,190
Q487501,Anatole Kitain,Russia,2022-10,172
Q487501,Anatole Kitain,Russia,2022-11,140
Q487501,Anatole Kitain,Russia,2022-12,138
Q487501,Anatole Kitain,Russia,2023-01,117
Q487501,Anatole Kitain,Russia,2023-02,64
Q487501,Anatole Kitain,Russia,2023-03,73
Q487501,Anatole Kitain,Russia,2023-04,118
Q487501,Anatole Kitain,Russia,2023-05,96
Q487501,Anatole Kitain,Russia,2023-06,127
Q487501,Anatole Kitain,Russia,2023-07,105
Q487501,Anatole Kitain,Russia,2023-08,102
Q487501,Anatole Kitain,Russia,2023-09,90
Q487501,Anatole Kitain,Russia,2023-10,79
Q487501,Anatole Kitain,Russia,2023-11,74
Q487501,Anatole Kitain,Russia,2023-12,71
Q487918,Anatoly Nikolayevich Alexandrov,Russia,2021-01,188
Q487918,Anatoly Nikolayevich Alexandrov,Russia,2021-02,168
Q487918,Anatoly Nikolayevich Alexandrov,Russia,2021-03,296
Q487918,Anatoly Nikolayevich Alexandrov,Russia,2021-04,259
Q487918,Anatoly Nikolayevich Alexandrov,Russia,2021-05,213
Q487918,Anatoly Nikolayevich Alexandrov,Russia,2021-06,162
Q487918,Anatoly Nikolayevich Alexandrov,Russia,2021-07,208
Q487918,Anatoly Nikolayevich Alexandrov,Russia,2021-08,218
Q487918,Anatoly Nikolayevich Alexandrov,Russia,2021-09,188
Q487918,Anatoly Nikolayevich Alexandrov,Russia,2021-10,137
Q487918,Anatoly Nikolayevich Alexandrov,Russia,2021-11,200
Q487918,Anatoly Nikolayevich Alexandrov,Russia,2021-12,232
Q487918,Anatoly Nikolayevich Alexandrov,Russia,2022-01,256
Q487918,Anatoly Nikolayevich Alexandrov,Russia,2022-02,225
Q487918,Anatoly Nikolayevich Alexandrov,Russia,2022-03,202
Q487918,Anatoly Nikolayevich Alexandrov,Russia,2022-04,223
Q487918,Anatoly Nikolayevich Alexandrov,Russia,2022-05,201
Q487918,Anatoly Nikolayevich Alexandrov,Russia,2022-06,183
Q487918,Anatoly Nikolayevich Alexandrov,Russia,2022-07,180
Q487918,Anatoly Nikolayevich Alexandrov,Russia,2022-08,194
Q487918,Anatoly Nikolayevich Alexandrov,Russia,2022-09,165
Q487918,Anatoly Nikolayevich Alexandrov,Russia,2022-10,288
Q487918,Anatoly Nikolayevich Alexandrov,Russia,2022-11,207
Q487918,Anatoly Nikolayevich Alexandrov,Russia,2022-12,242
Q487918,Anatoly Nikolayevich Alexandrov,Russia,2023-01,220
Q487918,Anatoly Nikolayevich Alexandrov,Russia,2023-02,183
Q487918,Anatoly Nikolayevich Alexandrov,Russia,2023-03,218
Q487918,Anatoly Nikolayevich Alexandrov,Russia,2023-04,215
Q487918,Anatoly Nikolayevich Alexandrov,Russia,2023-05,208
Q487918,Anatoly Nikolayevich Alexandrov,Russia,2023-06,243
Q487918,Anatoly Nikolayevich Alexandrov,Russia,2023-07,208
Q487918,Anatoly Nikolayevich Alexandrov,Russia,2023-08,202
Q487918,Anatoly Nikolayevich Alexandrov,Russia,2023-09,201
Q487918,Anatoly Nikolayevich Alexandrov,Russia,2023-10,249
Q487918,Anatoly Nikolayevich Alexandrov,Russia,2023-11,185
Q487918,Anatoly Nikolayevich Alexandrov,Russia,2023-12,194
Q488056,Anatoly Ivanov,Russia,2021-01,67
Q488056,Anatoly Ivanov,Russia,2021-02,62
Q488056,Anatoly Ivanov,Russia,2021-03,73
Q488056,Anatoly Ivanov,Russia,2021-04,74
Q488056,Anatoly Ivanov,Russia,2021-05,82
Q488056,Anatoly Ivanov,Russia,2021-06,76
Q488056,Anatoly Ivanov,Russia,2021-07,75
Q488056,Anatoly Ivanov,Russia,2021-08,68
Q488056,Anatoly Ivanov,Russia,2021-09,56
Q488056,Anatoly Ivanov,Russia,2021-10,64
Q488056,Anatoly Ivanov,Russia,2021-11,66
Q488056,Anatoly Ivanov,Russia,2021-12,57
Q488056,Anatoly Ivanov,Russia,2022-01,69
Q488056,Anatoly Ivanov,Russia,2022-02,80
Q488056,Anatoly Ivanov,Russia,2022-03,63
Q488056,Anatoly Ivanov,Russia,2022-04,60
Q488056,Anatoly Ivanov,Russia,2022-05,57
Q488056,Anatoly Ivanov,Russia,2022-06,43
Q488056,Anatoly Ivanov,Russia,2022-07,56
Q488056,Anatoly Ivanov,Russia,2022-08,46
Q488056,Anatoly Ivanov,Russia,2022-09,78
Q488056,Anatoly Ivanov,Russia,2022-10,81
Q488056,Anatoly Ivanov,Russia,2022-11,63
Q488056,Anatoly Ivanov,Russia,2022-12,58
Q488056,Anatoly Ivanov,Russia,2023-01,66
Q488056,Anatoly Ivanov,Russia,2023-02,34
Q488056,Anatoly Ivanov,Russia,2023-03,51
Q488056,Anatoly Ivanov,Russia,2023-04,68
Q488056,Anatoly Ivanov,Russia,2023-05,57
Q488056,Anatoly Ivanov,Russia,2023-06,58
Q488056,Anatoly Ivanov,Russia,2023-07,57
Q488056,Anatoly Ivanov,Russia,2023-08,42
Q488056,Anatoly Ivanov,Russia,2023-09,87
Q488056,Anatoly Ivanov,Russia,2023-10,39
Q488056,Anatoly Ivanov,Russia,2023-11,51
Q488056,Anatoly Ivanov,Russia,2023-12,78
Q2026639,Noize MC,Russia,2021-01,2110
Q2026639,Noize MC,Russia,2021-02,1984
Q2026639,Noize MC,Russia,2021-03,1603
Q2026639,Noize MC,Russia,2021-04,1638
Q2026639,Noize MC,Russia,2021-05,1392
Q2026639,Noize MC,Russia,2021-06,1051
Q2026639,Noize MC,Russia,2021-07,1175
Q2026639,Noize MC,Russia,2021-08,1080
Q2026639,Noize MC,Russia,2021-09,1043
Q2026639,Noize MC,Russia,2021-10,1061
Q2026639,Noize MC,Russia,2021-11,1679
Q2026639,Noize MC,Russia,2021-12,2192
Q2026639,Noize MC,Russia,2022-01,1363
Q2026639,Noize MC,Russia,2022-02,1365
Q2026639,Noize MC,Russia,2022-03,3947
Q2026639,Noize MC,Russia,2022-04,3730
Q2026639,Noize MC,Russia,2022-05,2969
Q2026639,Noize MC,Russia,2022-06,2305
Q2026639,Noize MC,Russia,2022-07,2805
Q2026639,Noize MC,Russia,2022-08,1833
Q2026639,Noize MC,Russia,2022-09,2598
Q2026639,Noize MC,Russia,2022-10,10687
Q2026639,Noize MC,Russia,2022-11,7487
Q2026639,Noize MC,Russia,2022-12,3782
Q2026639,Noize MC,Russia,2023-01,3447
Q2026639,Noize MC,Russia,2023-02,3073
Q2026639,Noize MC,Russia,2023-03,3149
Q2026639,Noize MC,Russia,2023-04,3678
Q2026639,Noize MC,Russia,2023-05,2706
Q2026639,Noize MC,Russia,2023-06,2104
Q2026639,Noize MC,Russia,2023-07,1963
Q2026639,Noize MC,Russia,2023-08,2143
Q2026639,Noize MC,Russia,2023-09,3289
Q2026639,Noize MC,Russia,2023-10,4128
Q2026639,Noize MC,Russia,2023-11,2326
Q2026639,Noize MC,Russia,2023-12,2493
Q529532,Ania Bukstein,Russia,2021-01,3007
Q529532,Ania Bukstein,Russia,2021-02,2665
Q529532,Ania Bukstein,Russia,2021-03,2364
Q529532,Ania Bukstein,Russia,2021-04,2400
Q529532,Ania Bukstein,Russia,2021-05,3022
Q529532,Ania Bukstein,Russia,2021-06,2544
Q529532,Ania Bukstein,Russia,2021-07,2391
Q529532,Ania Bukstein,Russia,2021-08,2343
Q529532,Ania Bukstein,Russia,2021-09,2144
Q529532,Ania Bukstein,Russia,2021-10,2813
Q529532,Ania Bukstein,Russia,2021-11,2065
Q529532,Ania Bukstein,Russia,2021-12,2025
Q529532,Ania Bukstein,Russia,2022-01,3061
Q529532,Ania Bukstein,Russia,2022-02,2209
Q529532,Ania Bukstein,Russia,2022-03,2094
Q529532,Ania Bukstein,Russia,2022-04,2640
Q529532,Ania Bukstein,Russia,2022-05,1889
Q529532,Ania Bukstein,Russia,2022-06,2130
Q529532,Ania Bukstein,Russia,2022-07,2221
Q529532,Ania Bukstein,Russia,2022-08,3124
Q529532,Ania Bukstein,Russia,2022-09,3482
Q529532,Ania Bukstein,Russia,2022-10,2667
Q529532,Ania Bukstein,Russia,2022-11,2536
Q529532,Ania Bukstein,Russia,2022-12,1950
Q529532,Ania Bukstein,Russia,2023-01,2191
Q529532,Ania Bukstein,Russia,2023-02,1847
Q529532,Ania Bukstein,Russia,2023-03,1932
Q529532,Ania Bukstein,Russia,2023-04,1735
Q529532,Ania Bukstein,Russia,2023-05,1923
Q529532,Ania Bukstein,Russia,2023-06,2024
Q529532,Ania Bukstein,Russia,2023-07,2023
Q529532,Ania Bukstein,Russia,2023-08,3892
Q529532,Ania Bukstein,Russia,2023-09,3216
Q529532,Ania Bukstein,Russia,2023-10,3918
Q529532,Ania Bukstein,Russia,2023-11,2135
Q529532,Ania Bukstein,Russia,2023-12,3124
Q522375,Viktoria Postnikova,Russia,2021-01,522
Q522375,Viktoria Postnikova,Russia,2021-02,438
Q522375,Viktoria Postnikova,Russia,2021-03,509
Q522375,Viktoria Postnikova,Russia,2021-04,480
Q522375,Viktoria Postnikova,Russia,2021-05,448
Q522375,Viktoria Postnikova,Russia,2021-06,387
Q522375,Viktoria Postnikova,Russia,2021-07,405
Q522375,Viktoria Postnikova,Russia,2021-08,392
Q522375,Viktoria Postnikova,Russia,2021-09,411
Q522375,Viktoria Postnikova,Russia,2021-10,420
Q522375,Viktoria Postnikova,Russia,2021-11,380
Q522375,Viktoria Postnikova,Russia,2021-12,384
Q522375,Viktoria Postnikova,Russia,2022-01,533
Q522375,Viktoria Postnikova,Russia,2022-02,420
Q522375,Viktoria Postnikova,Russia,2022-03,415
Q522375,Viktoria Postnikova,Russia,2022-04,522
Q522375,Viktoria Postnikova,Russia,2022-05,412
Q522375,Viktoria Postnikova,Russia,2022-06,398
Q522375,Viktoria Postnikova,Russia,2022-07,388
Q522375,Viktoria Postnikova,Russia,2022-08,385
Q522375,Viktoria Postnikova,Russia,2022-09,334
Q522375,Viktoria Postnikova,Russia,2022-10,379
Q522375,Viktoria Postnikova,Russia,2022-11,396
Q522375,Viktoria Postnikova,Russia,2022-12,386
Q522375,Viktoria Postnikova,Russia,2023-01,377
Q522375,Viktoria Postnikova,Russia,2023-02,341
Q522375,Viktoria Postnikova,Russia,2023-03,400
Q522375,Viktoria Postnikova,Russia,2023-04,344
Q522375,Viktoria Postnikova,Russia,2023-05,343
Q522375,Viktoria Postnikova,Russia,2023-06,366
Q522375,Viktoria Postnikova,Russia,2023-07,388
Q522375,Viktoria Postnikova,Russia,2023-08,393
Q522375,Viktoria Postnikova,Russia,2023-09,389
Q522375,Viktoria Postnikova,Russia,2023-10,315
Q522375,Viktoria Postnikova,Russia,2023-11,345
Q522375,Viktoria Postnikova,Russia,2023-12,388
Q521740,Anna Yesipova,Russia,2021-01,391
Q521740,Anna Yesipova,Russia,2021-02,376
Q521740,Anna Yesipova,Russia,2021-03,445
Q521740,Anna Yesipova,Russia,2021-04,427
Q521740,Anna Yesipova,Russia,2021-05,373
Q521740,Anna Yesipova,Russia,2021-06,366
Q521740,Anna Yesipova,Russia,2021-07,366
Q521740,Anna Yesipova,Russia,2021-08,371
Q521740,Anna Yesipova,Russia,2021-09,351
Q521740,Anna Yesipova,Russia,2021-10,389
Q521740,Anna Yesipova,Russia,2021-11,314
Q521740,Anna Yesipova,Russia,2021-12,344
Q521740,Anna Yesipova,Russia,2022-01,390
Q521740,Anna Yesipova,Russia,2022-02,435
Q521740,Anna Yesipova,Russia,2022-03,407
Q521740,Anna Yesipova,Russia,2022-04,379
Q521740,Anna Yesipova,Russia,2022-05,372
Q521740,Anna Yesipova,Russia,2022-06,328
Q521740,Anna Yesipova,Russia,2022-07,395
Q521740,Anna Yesipova,Russia,2022-08,367
Q521740,Anna Yesipova,Russia,2022-09,336
Q521740,Anna Yesipova,Russia,2022-10,367
Q521740,Anna Yesipova,Russia,2022-11,361
Q521740,Anna Yesipova,Russia,2022-12,374
Q521740,Anna Yesipova,Russia,2023-01,375
Q521740,Anna Yesipova,Russia,2023-02,379
Q521740,Anna Yesipova,Russia,2023-03,451
Q521740,Anna Yesipova,Russia,2023-04,372
Q521740,Anna Yesipova,Russia,2023-05,352
Q521740,Anna Yesipova,Russia,2023-06,368
Q521740,Anna Yesipova,Russia,2023-07,391
Q521740,Anna Yesipova,Russia,2023-08,307
Q521740,Anna Yesipova,Russia,2023-09,345
Q521740,Anna Yesipova,Russia,2023-10,369
Q521740,Anna Yesipova,Russia,2023-11,381
Q521740,Anna Yesipova,Russia,2023-12,446
Q448128,Aleksander Gurilyov,Russia,2021-01,200
Q448128,Aleksander Gurilyov,Russia,2021-02,207
Q448128,Aleksander Gurilyov,Russia,2021-03,197
Q448128,Aleksander Gurilyov,Russia,2021-04,252
Q448128,Aleksander Gurilyov,Russia,2021-05,228
Q448128,Aleksander Gurilyov,Russia,2021-06,206
Q448128,Aleksander Gurilyov,Russia,2021-07,190
Q448128,Aleksander Gurilyov,Russia,2021-08,186
Q448128,Aleksander Gurilyov,Russia,2021-09,235
Q448128,Aleksander Gurilyov,Russia,2021-10,185
Q448128,Aleksander Gurilyov,Russia,2021-11,229
Q448128,Aleksander Gurilyov,Russia,2021-12,170
Q448128,Aleksander Gurilyov,Russia,2022-01,217
Q448128,Aleksander Gurilyov,Russia,2022-02,247
Q448128,Aleksander Gurilyov,Russia,2022-03,218
Q448128,Aleksander Gurilyov,Russia,2022-04,157
Q448128,Aleksander Gurilyov,Russia,2022-05,157
Q448128,Aleksander Gurilyov,Russia,2022-06,190
Q448128,Aleksander Gurilyov,Russia,2022-07,192
Q448128,Aleksander Gurilyov,Russia,2022-08,175
Q448128,Aleksander Gurilyov,Russia,2022-09,215
Q448128,Aleksander Gurilyov,Russia,2022-10,207
Q448128,Aleksander Gurilyov,Russia,2022-11,226
Q448128,Aleksander Gurilyov,Russia,2022-12,184
Q448128,Aleksander Gurilyov,Russia,2023-01,159
Q448128,Aleksander Gurilyov,Russia,2023-02,159
Q448128,Aleksander Gurilyov,Russia,2023-03,137
Q448128,Aleksander Gurilyov,Russia,2023-04,130
Q448128,Aleksander Gurilyov,Russia,2023-05,206
Q448128,Aleksander Gurilyov,Russia,2023-06,124
Q448128,Aleksander Gurilyov,Russia,2023-07,144
Q448128,Aleksander Gurilyov,Russia,2023-08,157
Q448128,Aleksander Gurilyov,Russia,2023-09,232
Q448128,Aleksander Gurilyov,Russia,2023-10,201
Q448128,Aleksander Gurilyov,Russia,2023-11,196
Q448128,Aleksander Gurilyov,Russia,2023-12,203
Q2449037,Vadim Borisovsky,Russia,2021-01,283
Q2449037,Vadim Borisovsky,Russia,2021-02,282
Q2449037,Vadim Borisovsky,Russia,2021-03,334
Q2449037,Vadim Borisovsky,Russia,2021-04,575
Q2449037,Vadim Borisovsky,Russia,2021-05,394
Q2449037,Vadim Borisovsky,Russia,2021-06,246
Q2449037,Vadim Borisovsky,Russia,2021-07,184
Q2449037,Vadim Borisovsky,Russia,2021-08,272
Q2449037,Vadim Borisovsky,Russia,2021-09,231
Q2449037,Vadim Borisovsky,Russia,2021-10,283
Q2449037,Vadim Borisovsky,Russia,2021-11,226
Q2449037,Vadim Borisovsky,Russia,2021-12,212
Q2449037,Vadim Borisovsky,Russia,2022-01,193
Q2449037,Vadim Borisovsky,Russia,2022-02,246
Q2449037,Vadim Borisovsky,Russia,2022-03,284
Q2449037,Vadim Borisovsky,Russia,2022-04,268
Q2449037,Vadim Borisovsky,Russia,2022-05,494
Q2449037,Vadim Borisovsky,Russia,2022-06,258
Q2449037,Vadim Borisovsky,Russia,2022-07,209
Q2449037,Vadim Borisovsky,Russia,2022-08,205
Q2449037,Vadim Borisovsky,Russia,2022-09,205
Q2449037,Vadim Borisovsky,Russia,2022-10,232
Q2449037,Vadim Borisovsky,Russia,2022-11,168
Q2449037,Vadim Borisovsky,Russia,2022-12,186
Q2449037,Vadim Borisovsky,Russia,2023-01,202
Q2449037,Vadim Borisovsky,Russia,2023-02,153
Q2449037,Vadim Borisovsky,Russia,2023-03,196
Q2449037,Vadim Borisovsky,Russia,2023-04,162
Q2449037,Vadim Borisovsky,Russia,2023-05,169
Q2449037,Vadim Borisovsky,Russia,2023-06,190
Q2449037,Vadim Borisovsky,Russia,2023-07,199
Q2449037,Vadim Borisovsky,Russia,2023-08,192
Q2449037,Vadim Borisovsky,Russia,2023-09,179
Q2449037,Vadim Borisovsky,Russia,2023-10,192
Q2449037,Vadim Borisovsky,Russia,2023-11,203
Q2449037,Vadim Borisovsky,Russia,2023-12,213
Q447487,Misia Sert,Russia,2021-01,1431
Q447487,Misia Sert,Russia,2021-02,1340
Q447487,Misia Sert,Russia,2021-03,1736
Q447487,Misia Sert,Russia,2021-04,1364
Q447487,Misia Sert,Russia,2021-05,1375
Q447487,Misia Sert,Russia,2021-06,1033
Q447487,Misia Sert,Russia,2021-07,1049
Q447487,Misia Sert,Russia,2021-08,1221
Q447487,Misia Sert,Russia,2021-09,1100
Q447487,Misia Sert,Russia,2021-10,1041
Q447487,Misia Sert,Russia,2021-11,1183
Q447487,Misia Sert,Russia,2021-12,1119
Q447487,Misia Sert,Russia,2022-01,1273
Q447487,Misia Sert,Russia,2022-02,1131
Q447487,Misia Sert,Russia,2022-03,1133
Q447487,Misia Sert,Russia,2022-04,1020
Q447487,Misia Sert,Russia,2022-05,1322
Q447487,Misia Sert,Russia,2022-06,1127
Q447487,Misia Sert,Russia,2022-07,1441
Q447487,Misia Sert,Russia,2022-08,1472
Q447487,Misia Sert,Russia,2022-09,1060
Q447487,Misia Sert,Russia,2022-10,983
Q447487,Misia Sert,Russia,2022-11,955
Q447487,Misia Sert,Russia,2022-12,988
Q447487,Misia Sert,Russia,2023-01,1166
Q447487,Misia Sert,Russia,2023-02,977
Q447487,Misia Sert,Russia,2023-03,1340
Q447487,Misia Sert,Russia,2023-04,1028
Q447487,Misia Sert,Russia,2023-05,1186
Q447487,Misia Sert,Russia,2023-06,981
Q447487,Misia Sert,Russia,2023-07,1184
Q447487,Misia Sert,Russia,2023-08,1458
Q447487,Misia Sert,Russia,2023-09,1908
Q447487,Misia Sert,Russia,2023-10,1361
Q447487,Misia Sert,Russia,2023-11,1194
Q447487,Misia Sert,Russia,2023-12,1083
Q450889,Elena Bashkirova,Russia,2021-01,3704
Q450889,Elena Bashkirova,Russia,2021-02,2683
Q450889,Elena Bashkirova,Russia,2021-03,4517
Q450889,Elena Bashkirova,Russia,2021-04,2494
Q450889,Elena Bashkirova,Russia,2021-05,2437
Q450889,Elena Bashkirova,Russia,2021-06,2305
Q450889,Elena Bashkirova,Russia,2021-07,2128
Q450889,Elena Bashkirova,Russia,2021-08,2332
Q450889,Elena Bashkirova,Russia,2021-09,3943
Q450889,Elena Bashkirova,Russia,2021-10,5537
Q450889,Elena Bashkirova,Russia,2021-11,2740
Q450889,Elena Bashkirova,Russia,2021-12,6463
Q450889,Elena Bashkirova,Russia,2022-01,19918
Q450889,Elena Bashkirova,Russia,2022-02,2981
Q450889,Elena Bashkirova,Russia,2022-03,2584
Q450889,Elena Bashkirova,Russia,2022-04,2509
Q450889,Elena Bashkirova,Russia,2022-05,2267
Q450889,Elena Bashkirova,Russia,2022-06,2096
Q450889,Elena Bashkirova,Russia,2022-07,2125
Q450889,Elena Bashkirova,Russia,2022-08,2481
Q450889,Elena Bashkirova,Russia,2022-09,2275
Q450889,Elena Bashkirova,Russia,2022-10,4352
Q450889,Elena Bashkirova,Russia,2022-11,4829
Q450889,Elena Bashkirova,Russia,2022-12,3168
Q450889,Elena Bashkirova,Russia,2023-01,6014
Q450889,Elena Bashkirova,Russia,2023-02,3379
Q450889,Elena Bashkirova,Russia,2023-03,3948
Q450889,Elena Bashkirova,Russia,2023-04,2531
Q450889,Elena Bashkirova,Russia,2023-05,2730
Q450889,Elena Bashkirova,Russia,2023-06,3156
Q450889,Elena Bashkirova,Russia,2023-07,2404
Q450889,Elena Bashkirova,Russia,2023-08,2952
Q450889,Elena Bashkirova,Russia,2023-09,2733
Q450889,Elena Bashkirova,Russia,2023-10,3663
Q450889,Elena Bashkirova,Russia,2023-11,4342
Q450889,Elena Bashkirova,Russia,2023-12,3092
Q337404,Leonid Agutin,Russia,2021-01,3497
Q337404,Leonid Agutin,Russia,2021-02,2508
Q337404,Leonid Agutin,Russia,2021-03,3542
Q337404,Leonid Agutin,Russia,2021-04,2617
Q337404,Leonid Agutin,Russia,2021-05,2842
Q337404,Leonid Agutin,Russia,2021-06,2171
Q337404,Leonid Agutin,Russia,2021-07,2214
Q337404,Leonid Agutin,Russia,2021-08,2059
Q337404,Leonid Agutin,Russia,2021-09,1921
Q337404,Leonid Agutin,Russia,2021-10,2884
Q337404,Leonid Agutin,Russia,2021-11,2553
Q337404,Leonid Agutin,Russia,2021-12,2635
Q337404,Leonid Agutin,Russia,2022-01,2960
Q337404,Leonid Agutin,Russia,2022-02,2079
Q337404,Leonid Agutin,Russia,2022-03,2593
Q337404,Leonid Agutin,Russia,2022-04,2322
Q337404,Leonid Agutin,Russia,2022-05,2601
Q337404,Leonid Agutin,Russia,2022-06,1990
Q337404,Leonid Agutin,Russia,2022-07,2144
Q337404,Leonid Agutin,Russia,2022-08,1830
Q337404,Leonid Agutin,Russia,2022-09,2015
Q337404,Leonid Agutin,Russia,2022-10,1825
Q337404,Leonid Agutin,Russia,2022-11,1892
Q337404,Leonid Agutin,Russia,2022-12,1783
Q337404,Leonid Agutin,Russia,2023-01,2321
Q337404,Leonid Agutin,Russia,2023-02,1446
Q337404,Leonid Agutin,Russia,2023-03,2163
Q337404,Leonid Agutin,Russia,2023-04,1716
Q337404,Leonid Agutin,Russia,2023-05,1555
Q337404,Leonid Agutin,Russia,2023-06,1559
Q337404,Leonid Agutin,Russia,2023-07,2172
Q337404,Leonid Agutin,Russia,2023-08,2023
Q337404,Leonid Agutin,Russia,2023-09,1453
Q337404,Leonid Agutin,Russia,2023-10,1549
Q337404,Leonid Agutin,Russia,2023-11,1432
Q337404,Leonid Agutin,Russia,2023-12,1690
Q443167,Olga Kern,Russia,2021-01,1213
Q443167,Olga Kern,Russia,2021-02,1082
Q443167,Olga Kern,Russia,2021-03,996
Q443167,Olga Kern,Russia,2021-04,1198
Q443167,Olga Kern,Russia,2021-05,1037
Q443167,Olga Kern,Russia,2021-06,935
Q443167,Olga Kern,Russia,2021-07,998
Q443167,Olga Kern,Russia,2021-08,864
Q443167,Olga Kern,Russia,2021-09,1571
Q443167,Olga Kern,Russia,2021-10,1626
Q443167,Olga Kern,Russia,2021-11,1041
Q443167,Olga Kern,Russia,2021-12,867
Q443167,Olga Kern,Russia,2022-01,1505
Q443167,Olga Kern,Russia,2022-02,1308
Q443167,Olga Kern,Russia,2022-03,1849
Q443167,Olga Kern,Russia,2022-04,1961
Q443167,Olga Kern,Russia,2022-05,1535
Q443167,Olga Kern,Russia,2022-06,2178
Q443167,Olga Kern,Russia,2022-07,1400
Q443167,Olga Kern,Russia,2022-08,1246
Q443167,Olga Kern,Russia,2022-09,1591
Q443167,Olga Kern,Russia,2022-10,1495
Q443167,Olga Kern,Russia,2022-11,2401
Q443167,Olga Kern,Russia,2022-12,823
Q443167,Olga Kern,Russia,2023-01,1114
Q443167,Olga Kern,Russia,2023-02,1602
Q443167,Olga Kern,Russia,2023-03,2180
Q443167,Olga Kern,Russia,2023-04,1576
Q443167,Olga Kern,Russia,2023-05,1092
Q443167,Olga Kern,Russia,2023-06,899
Q443167,Olga Kern,Russia,2023-07,1195
Q443167,Olga Kern,Russia,2023-08,1033
Q443167,Olga Kern,Russia,2023-09,2109
Q443167,Olga Kern,Russia,2023-10,2101
Q443167,Olga Kern,Russia,2023-11,1753
Q443167,Olga Kern,Russia,2023-12,1711
Q443705,Sophie Carmen Eckhardt-Gramatté,Russia,2021-01,599
Q443705,Sophie Carmen Eckhardt-Gramatté,Russia,2021-02,477
Q443705,Sophie Carmen Eckhardt-Gramatté,Russia,2021-03,567
Q443705,Sophie Carmen Eckhardt-Gramatté,Russia,2021-04,363
Q443705,Sophie Carmen Eckhardt-Gramatté,Russia,2021-05,404
Q443705,Sophie Carmen Eckhardt-Gramatté,Russia,2021-06,363
Q443705,Sophie Carmen Eckhardt-Gramatté,Russia,2021-07,330
Q443705,Sophie Carmen Eckhardt-Gramatté,Russia,2021-08,362
Q443705,Sophie Carmen Eckhardt-Gramatté,Russia,2021-09,350
Q443705,Sophie Carmen Eckhardt-Gramatté,Russia,2021-10,363
Q443705,Sophie Carmen Eckhardt-Gramatté,Russia,2021-11,394
Q443705,Sophie Carmen Eckhardt-Gramatté,Russia,2021-12,307
Q443705,Sophie Carmen Eckhardt-Gramatté,Russia,2022-01,547
Q443705,Sophie Carmen Eckhardt-Gramatté,Russia,2022-02,435
Q443705,Sophie Carmen Eckhardt-Gramatté,Russia,2022-03,411
Q443705,Sophie Carmen Eckhardt-Gramatté,Russia,2022-04,362
Q443705,Sophie Carmen Eckhardt-Gramatté,Russia,2022-05,323
Q443705,Sophie Carmen Eckhardt-Gramatté,Russia,2022-06,314
Q443705,Sophie Carmen Eckhardt-Gramatté,Russia,2022-07,343
Q443705,Sophie Carmen Eckhardt-Gramatté,Russia,2022-08,381
Q443705,Sophie Carmen Eckhardt-Gramatté,Russia,2022-09,317
Q443705,Sophie Carmen Eckhardt-Gramatté,Russia,2022-10,380
Q443705,Sophie Carmen Eckhardt-Gramatté,Russia,2022-11,383
Q443705,Sophie Carmen Eckhardt-Gramatté,Russia,2022-12,311
Q443705,Sophie Carmen Eckhardt-Gramatté,Russia,2023-01,435
Q443705,Sophie Carmen Eckhardt-Gramatté,Russia,2023-02,321
Q443705,Sophie Carmen Eckhardt-Gramatté,Russia,2023-03,478
Q443705,Sophie Carmen Eckhardt-Gramatté,Russia,2023-04,618
Q443705,Sophie Carmen Eckhardt-Gramatté,Russia,2023-05,470
Q443705,Sophie Carmen Eckhardt-Gramatté,Russia,2023-06,483
Q443705,Sophie Carmen Eckhardt-Gramatté,Russia,2023-07,286
Q443705,Sophie Carmen Eckhardt-Gramatté,Russia,2023-08,382
Q443705,Sophie Carmen Eckhardt-Gramatté,Russia,2023-09,373
Q443705,Sophie Carmen Eckhardt-Gramatté,Russia,2023-10,362
Q443705,Sophie Carmen Eckhardt-Gramatté,Russia,2023-11,512
Q443705,Sophie Carmen Eckhardt-Gramatté,Russia,2023-12,488
Q442830,Ivan Urgant,Russia,2021-01,6506
Q442830,Ivan Urgant,Russia,2021-02,3282
Q442830,Ivan Urgant,Russia,2021-03,2992
Q442830,Ivan Urgant,Russia,2021-04,3896
Q442830,Ivan Urgant,Russia,2021-05,3335
Q442830,Ivan Urgant,Russia,2021-06,2591
Q442830,Ivan Urgant,Russia,2021-07,1865
Q442830,Ivan Urgant,Russia,2021-08,2029
Q442830,Ivan Urgant,Russia,2021-09,2740
Q442830,Ivan Urgant,Russia,2021-10,2266
Q442830,Ivan Urgant,Russia,2021-11,2465
Q442830,Ivan Urgant,Russia,2021-12,5574
Q442830,Ivan Urgant,Russia,2022-01,4679
Q442830,Ivan Urgant,Russia,2022-02,8956
Q442830,Ivan Urgant,Russia,2022-03,18665
Q442830,Ivan Urgant,Russia,2022-04,7712
Q442830,Ivan Urgant,Russia,2022-05,4131
Q442830,Ivan Urgant,Russia,2022-06,2480
Q442830,Ivan Urgant,Russia,2022-07,2308
Q442830,Ivan Urgant,Russia,2022-08,3202
Q442830,Ivan Urgant,Russia,2022-09,2768
Q442830,Ivan Urgant,Russia,2022-10,2504
Q442830,Ivan Urgant,Russia,2022-11,2234
Q442830,Ivan Urgant,Russia,2022-12,2795
Q442830,Ivan Urgant,Russia,2023-01,3319
Q442830,Ivan Urgant,Russia,2023-02,2302
Q442830,Ivan Urgant,Russia,2023-03,2213
Q442830,Ivan Urgant,Russia,2023-04,2268
Q442830,Ivan Urgant,Russia,2023-05,2653
Q442830,Ivan Urgant,Russia,2023-06,2203
Q442830,Ivan Urgant,Russia,2023-07,1875
Q442830,Ivan Urgant,Russia,2023-08,2437
Q442830,Ivan Urgant,Russia,2023-09,2271
Q442830,Ivan Urgant,Russia,2023-10,2369
Q442830,Ivan Urgant,Russia,2023-11,2137
Q442830,Ivan Urgant,Russia,2023-12,2543
Q706461,Igor Vasilyevich Ivanov,Russia,2021-01,637
Q706461,Igor Vasilyevich Ivanov,Russia,2021-02,408
Q706461,Igor Vasilyevich Ivanov,Russia,2021-03,456
Q706461,Igor Vasilyevich Ivanov,Russia,2021-04,813
Q706461,Igor Vasilyevich Ivanov,Russia,2021-05,359
Q706461,Igor Vasilyevich Ivanov,Russia,2021-06,278
Q706461,Igor Vasilyevich Ivanov,Russia,2021-07,297
Q706461,Igor Vasilyevich Ivanov,Russia,2021-08,336
Q706461,Igor Vasilyevich Ivanov,Russia,2021-09,254
Q706461,Igor Vasilyevich Ivanov,Russia,2021-10,273
Q706461,Igor Vasilyevich Ivanov,Russia,2021-11,325
Q706461,Igor Vasilyevich Ivanov,Russia,2021-12,337
Q706461,Igor Vasilyevich Ivanov,Russia,2022-01,356
Q706461,Igor Vasilyevich Ivanov,Russia,2022-02,323
Q706461,Igor Vasilyevich Ivanov,Russia,2022-03,328
Q706461,Igor Vasilyevich Ivanov,Russia,2022-04,350
Q706461,Igor Vasilyevich Ivanov,Russia,2022-05,315
Q706461,Igor Vasilyevich Ivanov,Russia,2022-06,288
Q706461,Igor Vasilyevich Ivanov,Russia,2022-07,273
Q706461,Igor Vasilyevich Ivanov,Russia,2022-08,257
Q706461,Igor Vasilyevich Ivanov,Russia,2022-09,399
Q706461,Igor Vasilyevich Ivanov,Russia,2022-10,265
Q706461,Igor Vasilyevich Ivanov,Russia,2022-11,418
Q706461,Igor Vasilyevich Ivanov,Russia,2022-12,209
Q706461,Igor Vasilyevich Ivanov,Russia,2023-01,212
Q706461,Igor Vasilyevich Ivanov,Russia,2023-02,228
Q706461,Igor Vasilyevich Ivanov,Russia,2023-03,253
Q706461,Igor Vasilyevich Ivanov,Russia,2023-04,291
Q706461,Igor Vasilyevich Ivanov,Russia,2023-05,289
Q706461,Igor Vasilyevich Ivanov,Russia,2023-06,294
Q706461,Igor Vasilyevich Ivanov,Russia,2023-07,241
Q706461,Igor Vasilyevich Ivanov,Russia,2023-08,1506
Q706461,Igor Vasilyevich Ivanov,Russia,2023-09,2953
Q706461,Igor Vasilyevich Ivanov,Russia,2023-10,6496
Q706461,Igor Vasilyevich Ivanov,Russia,2023-11,7263
Q706461,Igor Vasilyevich Ivanov,Russia,2023-12,243
Q706497,Nikolai Lugansky,Russia,2021-01,1900
Q706497,Nikolai Lugansky,Russia,2021-02,1529
Q706497,Nikolai Lugansky,Russia,2021-03,1736
Q706497,Nikolai Lugansky,Russia,2021-04,1753
Q706497,Nikolai Lugansky,Russia,2021-05,1813
Q706497,Nikolai Lugansky,Russia,2021-06,1705
Q706497,Nikolai Lugansky,Russia,2021-07,1614
Q706497,Nikolai Lugansky,Russia,2021-08,1744
Q706497,Nikolai Lugansky,Russia,2021-09,1973
Q706497,Nikolai Lugansky,Russia,2021-10,2081
Q706497,Nikolai Lugansky,Russia,2021-11,1615
Q706497,Nikolai Lugansky,Russia,2021-12,1624
Q706497,Nikolai Lugansky,Russia,2022-01,2003
Q706497,Nikolai Lugansky,Russia,2022-02,2471
Q706497,Nikolai Lugansky,Russia,2022-03,2460
Q706497,Nikolai Lugansky,Russia,2022-04,2065
Q706497,Nikolai Lugansky,Russia,2022-05,1769
Q706497,Nikolai Lugansky,Russia,2022-06,1903
Q706497,Nikolai Lugansky,Russia,2022-07,1679
Q706497,Nikolai Lugansky,Russia,2022-08,1781
Q706497,Nikolai Lugansky,Russia,2022-09,1749
Q706497,Nikolai Lugansky,Russia,2022-10,1760
Q706497,Nikolai Lugansky,Russia,2022-11,1732
Q706497,Nikolai Lugansky,Russia,2022-12,1719
Q706497,Nikolai Lugansky,Russia,2023-01,1778
Q706497,Nikolai Lugansky,Russia,2023-02,2158
Q706497,Nikolai Lugansky,Russia,2023-03,3225
Q706497,Nikolai Lugansky,Russia,2023-04,3044
Q706497,Nikolai Lugansky,Russia,2023-05,2393
Q706497,Nikolai Lugansky,Russia,2023-06,1883
Q706497,Nikolai Lugansky,Russia,2023-07,2381
Q706497,Nikolai Lugansky,Russia,2023-08,2526
Q706497,Nikolai Lugansky,Russia,2023-09,1916
Q706497,Nikolai Lugansky,Russia,2023-10,2144
Q706497,Nikolai Lugansky,Russia,2023-11,2177
Q706497,Nikolai Lugansky,Russia,2023-12,2314
Q893609,Boris Tchaikovsky,Russia,2021-01,705
Q893609,Boris Tchaikovsky,Russia,2021-02,707
Q893609,Boris Tchaikovsky,Russia,2021-03,1004
Q893609,Boris Tchaikovsky,Russia,2021-04,919
Q893609,Boris Tchaikovsky,Russia,2021-05,1022
Q893609,Boris Tchaikovsky,Russia,2021-06,553
Q893609,Boris Tchaikovsky,Russia,2021-07,512
Q893609,Boris Tchaikovsky,Russia,2021-08,634
Q893609,Boris Tchaikovsky,Russia,2021-09,897
Q893609,Boris Tchaikovsky,Russia,2021-10,542
Q893609,Boris Tchaikovsky,Russia,2021-11,545
Q893609,Boris Tchaikovsky,Russia,2021-12,571
Q893609,Boris Tchaikovsky,Russia,2022-01,670
Q893609,Boris Tchaikovsky,Russia,2022-02,717
Q893609,Boris Tchaikovsky,Russia,2022-03,960
Q893609,Boris Tchaikovsky,Russia,2022-04,789
Q893609,Boris Tchaikovsky,Russia,2022-05,730
Q893609,Boris Tchaikovsky,Russia,2022-06,701
Q893609,Boris Tchaikovsky,Russia,2022-07,552
Q893609,Boris Tchaikovsky,Russia,2022-08,652
Q893609,Boris Tchaikovsky,Russia,2022-09,958
Q893609,Boris Tchaikovsky,Russia,2022-10,596
Q893609,Boris Tchaikovsky,Russia,2022-11,608
Q893609,Boris Tchaikovsky,Russia,2022-12,573
Q893609,Boris Tchaikovsky,Russia,2023-01,614
Q893609,Boris Tchaikovsky,Russia,2023-02,564
Q893609,Boris Tchaikovsky,Russia,2023-03,637
Q893609,Boris Tchaikovsky,Russia,2023-04,675
Q893609,Boris Tchaikovsky,Russia,2023-05,685
Q893609,Boris Tchaikovsky,Russia,2023-06,548
Q893609,Boris Tchaikovsky,Russia,2023-07,587
Q893609,Boris Tchaikovsky,Russia,2023-08,555
Q893609,Boris Tchaikovsky,Russia,2023-09,838
Q893609,Boris Tchaikovsky,Russia,2023-10,582
Q893609,Boris Tchaikovsky,Russia,2023-11,643
Q893609,Boris Tchaikovsky,Russia,2023-12,687
Q93835,Fyodor Druzhinin,Russia,2021-01,205
Q93835,Fyodor Druzhinin,Russia,2021-02,162
Q93835,Fyodor Druzhinin,Russia,2021-03,225
Q93835,Fyodor Druzhinin,Russia,2021-04,187
Q93835,Fyodor Druzhinin,Russia,2021-05,218
Q93835,Fyodor Druzhinin,Russia,2021-06,174
Q93835,Fyodor Druzhinin,Russia,2021-07,176
Q93835,Fyodor Druzhinin,Russia,2021-08,182
Q93835,Fyodor Druzhinin,Russia,2021-09,175
Q93835,Fyodor Druzhinin,Russia,2021-10,167
Q93835,Fyodor Druzhinin,Russia,2021-11,164
Q93835,Fyodor Druzhinin,Russia,2021-12,206
Q93835,Fyodor Druzhinin,Russia,2022-01,171
Q93835,Fyodor Druzhinin,Russia,2022-02,176
Q93835,Fyodor Druzhinin,Russia,2022-03,207
Q93835,Fyodor Druzhinin,Russia,2022-04,166
Q93835,Fyodor Druzhinin,Russia,2022-05,199
Q93835,Fyodor Druzhinin,Russia,2022-06,213
Q93835,Fyodor Druzhinin,Russia,2022-07,182
Q93835,Fyodor Druzhinin,Russia,2022-08,191
Q93835,Fyodor Druzhinin,Russia,2022-09,163
Q93835,Fyodor Druzhinin,Russia,2022-10,159
Q93835,Fyodor Druzhinin,Russia,2022-11,158
Q93835,Fyodor Druzhinin,Russia,2022-12,139
Q93835,Fyodor Druzhinin,Russia,2023-01,177
Q93835,Fyodor Druzhinin,Russia,2023-02,162
Q93835,Fyodor Druzhinin,Russia,2023-03,147
Q93835,Fyodor Druzhinin,Russia,2023-04,159
Q93835,Fyodor Druzhinin,Russia,2023-05,164
Q93835,Fyodor Druzhinin,Russia,2023-06,171
Q93835,Fyodor Druzhinin,Russia,2023-07,143
Q93835,Fyodor Druzhinin,Russia,2023-08,152
Q93835,Fyodor Druzhinin,Russia,2023-09,166
Q93835,Fyodor Druzhinin,Russia,2023-10,163
Q93835,Fyodor Druzhinin,Russia,2023-11,159
Q93835,Fyodor Druzhinin,Russia,2023-12,146
Q156546,Yury Bashmet,Russia,2021-01,1151
Q156546,Yury Bashmet,Russia,2021-02,989
Q156546,Yury Bashmet,Russia,2021-03,1013
Q156546,Yury Bashmet,Russia,2021-04,1057
Q156546,Yury Bashmet,Russia,2021-05,1068
Q156546,Yury Bashmet,Russia,2021-06,839
Q156546,Yury Bashmet,Russia,2021-07,784
Q156546,Yury Bashmet,Russia,2021-08,970
Q156546,Yury Bashmet,Russia,2021-09,891
Q156546,Yury Bashmet,Russia,2021-10,1042
Q156546,Yury Bashmet,Russia,2021-11,821
Q156546,Yury Bashmet,Russia,2021-12,884
Q156546,Yury Bashmet,Russia,2022-01,1245
Q156546,Yury Bashmet,Russia,2022-02,1381
Q156546,Yury Bashmet,Russia,2022-03,1722
Q156546,Yury Bashmet,Russia,2022-04,1352
Q156546,Yury Bashmet,Russia,2022-05,1342
Q156546,Yury Bashmet,Russia,2022-06,1623
Q156546,Yury Bashmet,Russia,2022-07,1112
Q156546,Yury Bashmet,Russia,2022-08,1289
Q156546,Yury Bashmet,Russia,2022-09,1043
Q156546,Yury Bashmet,Russia,2022-10,1119
Q156546,Yury Bashmet,Russia,2022-11,1117
Q156546,Yury Bashmet,Russia,2022-12,1134
Q156546,Yury Bashmet,Russia,2023-01,1792
Q156546,Yury Bashmet,Russia,2023-02,1111
Q156546,Yury Bashmet,Russia,2023-03,1209
Q156546,Yury Bashmet,Russia,2023-04,1089
Q156546,Yury Bashmet,Russia,2023-05,937
Q156546,Yury Bashmet,Russia,2023-06,1090
Q156546,Yury Bashmet,Russia,2023-07,914
Q156546,Yury Bashmet,Russia,2023-08,1036
Q156546,Yury Bashmet,Russia,2023-09,879
Q156546,Yury Bashmet,Russia,2023-10,997
Q156546,Yury Bashmet,Russia,2023-11,1053
Q156546,Yury Bashmet,Russia,2023-12,1200
Q441388,Maxim Vengerov,Russia,2021-01,4731
Q441388,Maxim Vengerov,Russia,2021-02,6699
Q441388,Maxim Vengerov,Russia,2021-03,5731
Q441388,Maxim Vengerov,Russia,2021-04,4151
Q441388,Maxim Vengerov,Russia,2021-05,4190
Q441388,Maxim Vengerov,Russia,2021-06,3389
Q441388,Maxim Vengerov,Russia,2021-07,3281
Q441388,Maxim Vengerov,Russia,2021-08,7886
Q441388,Maxim Vengerov,Russia,2021-09,4417
Q441388,Maxim Vengerov,Russia,2021-10,3517
Q441388,Maxim Vengerov,Russia,2021-11,3303
Q441388,Maxim Vengerov,Russia,2021-12,3654
Q441388,Maxim Vengerov,Russia,2022-01,5171
Q441388,Maxim Vengerov,Russia,2022-02,4756
Q441388,Maxim Vengerov,Russia,2022-03,5446
Q441388,Maxim Vengerov,Russia,2022-04,4931
Q441388,Maxim Vengerov,Russia,2022-05,5467
Q441388,Maxim Vengerov,Russia,2022-06,3434
Q441388,Maxim Vengerov,Russia,2022-07,3214
Q441388,Maxim Vengerov,Russia,2022-08,3926
Q441388,Maxim Vengerov,Russia,2022-09,4717
Q441388,Maxim Vengerov,Russia,2022-10,6177
Q441388,Maxim Vengerov,Russia,2022-11,5229
Q441388,Maxim Vengerov,Russia,2022-12,4371
Q441388,Maxim Vengerov,Russia,2023-01,4224
Q441388,Maxim Vengerov,Russia,2023-02,3493
Q441388,Maxim Vengerov,Russia,2023-03,3731
Q441388,Maxim Vengerov,Russia,2023-04,4363
Q441388,Maxim Vengerov,Russia,2023-05,3780
Q441388,Maxim Vengerov,Russia,2023-06,3645
Q441388,Maxim Vengerov,Russia,2023-07,3686
Q441388,Maxim Vengerov,Russia,2023-08,3704
Q441388,Maxim Vengerov,Russia,2023-09,4255
Q441388,Maxim Vengerov,Russia,2023-10,5229
Q441388,Maxim Vengerov,Russia,2023-11,5655
Q441388,Maxim Vengerov,Russia,2023-12,4936
Q195817,Lev Zhurbin,Russia,2021-01,394
Q195817,Lev Zhurbin,Russia,2021-02,325
Q195817,Lev Zhurbin,Russia,2021-03,314
Q195817,Lev Zhurbin,Russia,2021-04,443
Q195817,Lev Zhurbin,Russia,2021-05,385
Q195817,Lev Zhurbin,Russia,2021-06,324
Q195817,Lev Zhurbin,Russia,2021-07,327
Q195817,Lev Zhurbin,Russia,2021-08,335
Q195817,Lev Zhurbin,Russia,2021-09,374
Q195817,Lev Zhurbin,Russia,2021-10,312
Q195817,Lev Zhurbin,Russia,2021-11,405
Q195817,Lev Zhurbin,Russia,2021-12,296
Q195817,Lev Zhurbin,Russia,2022-01,422
Q195817,Lev Zhurbin,Russia,2022-02,359
Q195817,Lev Zhurbin,Russia,2022-03,364
Q195817,Lev Zhurbin,Russia,2022-04,316
Q195817,Lev Zhurbin,Russia,2022-05,356
Q195817,Lev Zhurbin,Russia,2022-06,295
Q195817,Lev Zhurbin,Russia,2022-07,373
Q195817,Lev Zhurbin,Russia,2022-08,311
Q195817,Lev Zhurbin,Russia,2022-09,277
Q195817,Lev Zhurbin,Russia,2022-10,419
Q195817,Lev Zhurbin,Russia,2022-11,364
Q195817,Lev Zhurbin,Russia,2022-12,270
Q195817,Lev Zhurbin,Russia,2023-01,285
Q195817,Lev Zhurbin,Russia,2023-02,225
Q195817,Lev Zhurbin,Russia,2023-03,283
Q195817,Lev Zhurbin,Russia,2023-04,224
Q195817,Lev Zhurbin,Russia,2023-05,222
Q195817,Lev Zhurbin,Russia,2023-06,276
Q195817,Lev Zhurbin,Russia,2023-07,223
Q195817,Lev Zhurbin,Russia,2023-08,271
Q195817,Lev Zhurbin,Russia,2023-09,296
Q195817,Lev Zhurbin,Russia,2023-10,265
Q195817,Lev Zhurbin,Russia,2023-11,265
Q195817,Lev Zhurbin,Russia,2023-12,345
Q362806,Rudolf Barshai,Russia,2021-01,652
Q362806,Rudolf Barshai,Russia,2021-02,792
Q362806,Rudolf Barshai,Russia,2021-03,947
Q362806,Rudolf Barshai,Russia,2021-04,727
Q362806,Rudolf Barshai,Russia,2021-05,664
Q362806,Rudolf Barshai,Russia,2021-06,602
Q362806,Rudolf Barshai,Russia,2021-07,583
Q362806,Rudolf Barshai,Russia,2021-08,626
Q362806,Rudolf Barshai,Russia,2021-09,670
Q362806,Rudolf Barshai,Russia,2021-10,652
Q362806,Rudolf Barshai,Russia,2021-11,563
Q362806,Rudolf Barshai,Russia,2021-12,659
Q362806,Rudolf Barshai,Russia,2022-01,637
Q362806,Rudolf Barshai,Russia,2022-02,741
Q362806,Rudolf Barshai,Russia,2022-03,690
Q362806,Rudolf Barshai,Russia,2022-04,684
Q362806,Rudolf Barshai,Russia,2022-05,686
Q362806,Rudolf Barshai,Russia,2022-06,720
Q362806,Rudolf Barshai,Russia,2022-07,648
Q362806,Rudolf Barshai,Russia,2022-08,636
Q362806,Rudolf Barshai,Russia,2022-09,608
Q362806,Rudolf Barshai,Russia,2022-10,560
Q362806,Rudolf Barshai,Russia,2022-11,630
Q362806,Rudolf Barshai,Russia,2022-12,560
Q362806,Rudolf Barshai,Russia,2023-01,648
Q362806,Rudolf Barshai,Russia,2023-02,601
Q362806,Rudolf Barshai,Russia,2023-03,634
Q362806,Rudolf Barshai,Russia,2023-04,473
Q362806,Rudolf Barshai,Russia,2023-05,588
Q362806,Rudolf Barshai,Russia,2023-06,482
Q362806,Rudolf Barshai,Russia,2023-07,543
Q362806,Rudolf Barshai,Russia,2023-08,655
Q362806,Rudolf Barshai,Russia,2023-09,637
Q362806,Rudolf Barshai,Russia,2023-10,627
Q362806,Rudolf Barshai,Russia,2023-11,672
Q362806,Rudolf Barshai,Russia,2023-12,710
Q582152,Yuri Vizbor,Russia,2021-01,605
Q582152,Yuri Vizbor,Russia,2021-02,543
Q582152,Yuri Vizbor,Russia,2021-03,615
Q582152,Yuri Vizbor,Russia,2021-04,633
Q582152,Yuri Vizbor,Russia,2021-05,665
Q582152,Yuri Vizbor,Russia,2021-06,678
Q582152,Yuri Vizbor,Russia,2021-07,567
Q582152,Yuri Vizbor,Russia,2021-08,598
Q582152,Yuri Vizbor,Russia,2021-09,569
Q582152,Yuri Vizbor,Russia,2021-10,567
Q582152,Yuri Vizbor,Russia,2021-11,510
Q582152,Yuri Vizbor,Russia,2021-12,600
Q582152,Yuri Vizbor,Russia,2022-01,694
Q582152,Yuri Vizbor,Russia,2022-02,632
Q582152,Yuri Vizbor,Russia,2022-03,699
Q582152,Yuri Vizbor,Russia,2022-04,661
Q582152,Yuri Vizbor,Russia,2022-05,613
Q582152,Yuri Vizbor,Russia,2022-06,714
Q582152,Yuri Vizbor,Russia,2022-07,532
Q582152,Yuri Vizbor,Russia,2022-08,548
Q582152,Yuri Vizbor,Russia,2022-09,1436
Q582152,Yuri Vizbor,Russia,2022-10,876
Q582152,Yuri Vizbor,Russia,2022-11,760
Q582152,Yuri Vizbor,Russia,2022-12,626
Q582152,Yuri Vizbor,Russia,2023-01,657
Q582152,Yuri Vizbor,Russia,2023-02,487
Q582152,Yuri Vizbor,Russia,2023-03,592
Q582152,Yuri Vizbor,Russia,2023-04,538
Q582152,Yuri Vizbor,Russia,2023-05,485
Q582152,Yuri Vizbor,Russia,2023-06,583
Q582152,Yuri Vizbor,Russia,2023-07,681
Q582152,Yuri Vizbor,Russia,2023-08,689
Q582152,Yuri Vizbor,Russia,2023-09,629
Q582152,Yuri Vizbor,Russia,2023-10,742
Q582152,Yuri Vizbor,Russia,2023-11,629
Q582152,Yuri Vizbor,Russia,2023-12,822
Q461509,Nikita Koshkin,Russia,2021-01,416
Q461509,Nikita Koshkin,Russia,2021-02,420
Q461509,Nikita Koshkin,Russia,2021-03,520
Q461509,Nikita Koshkin,Russia,2021-04,596
Q461509,Nikita Koshkin,Russia,2021-05,604
Q461509,Nikita Koshkin,Russia,2021-06,434
Q461509,Nikita Koshkin,Russia,2021-07,362
Q461509,Nikita Koshkin,Russia,2021-08,401
Q461509,Nikita Koshkin,Russia,2021-09,421
Q461509,Nikita Koshkin,Russia,2021-10,438
Q461509,Nikita Koshkin,Russia,2021-11,427
Q461509,Nikita Koshkin,Russia,2021-12,373
Q461509,Nikita Koshkin,Russia,2022-01,487
Q461509,Nikita Koshkin,Russia,2022-02,457
Q461509,Nikita Koshkin,Russia,2022-03,492
Q461509,Nikita Koshkin,Russia,2022-04,475
Q461509,Nikita Koshkin,Russia,2022-05,441
Q461509,Nikita Koshkin,Russia,2022-06,480
Q461509,Nikita Koshkin,Russia,2022-07,434
Q461509,Nikita Koshkin,Russia,2022-08,481
Q461509,Nikita Koshkin,Russia,2022-09,376
Q461509,Nikita Koshkin,Russia,2022-10,407
Q461509,Nikita Koshkin,Russia,2022-11,400
Q461509,Nikita Koshkin,Russia,2022-12,399
Q461509,Nikita Koshkin,Russia,2023-01,398
Q461509,Nikita Koshkin,Russia,2023-02,384
Q461509,Nikita Koshkin,Russia,2023-03,424
Q461509,Nikita Koshkin,Russia,2023-04,417
Q461509,Nikita Koshkin,Russia,2023-05,386
Q461509,Nikita Koshkin,Russia,2023-06,403
Q461509,Nikita Koshkin,Russia,2023-07,328
Q461509,Nikita Koshkin,Russia,2023-08,368
Q461509,Nikita Koshkin,Russia,2023-09,420
Q461509,Nikita Koshkin,Russia,2023-10,433
Q461509,Nikita Koshkin,Russia,2023-11,357
Q461509,Nikita Koshkin,Russia,2023-12,389
Q586116,Konstantin Igumnov,Russia,2021-01,303
Q586116,Konstantin Igumnov,Russia,2021-02,274
Q586116,Konstantin Igumnov,Russia,2021-03,300
Q586116,Konstantin Igumnov,Russia,2021-04,271
Q586116,Konstantin Igumnov,Russia,2021-05,328
Q586116,Konstantin Igumnov,Russia,2021-06,298
Q586116,Konstantin Igumnov,Russia,2021-07,375
Q586116,Konstantin Igumnov,Russia,2021-08,379
Q586116,Konstantin Igumnov,Russia,2021-09,286
Q586116,Konstantin Igumnov,Russia,2021-10,320
Q586116,Konstantin Igumnov,Russia,2021-11,234
Q586116,Konstantin Igumnov,Russia,2021-12,241
Q586116,Konstantin Igumnov,Russia,2022-01,328
Q586116,Konstantin Igumnov,Russia,2022-02,292
Q586116,Konstantin Igumnov,Russia,2022-03,270
Q586116,Konstantin Igumnov,Russia,2022-04,275
Q586116,Konstantin Igumnov,Russia,2022-05,329
Q586116,Konstantin Igumnov,Russia,2022-06,355
Q586116,Konstantin Igumnov,Russia,2022-07,286
Q586116,Konstantin Igumnov,Russia,2022-08,338
Q586116,Konstantin Igumnov,Russia,2022-09,248
Q586116,Konstantin Igumnov,Russia,2022-10,333
Q586116,Konstantin Igumnov,Russia,2022-11,231
Q586116,Konstantin Igumnov,Russia,2022-12,239
Q586116,Konstantin Igumnov,Russia,2023-01,265
Q586116,Konstantin Igumnov,Russia,2023-02,256
Q586116,Konstantin Igumnov,Russia,2023-03,297
Q586116,Konstantin Igumnov,Russia,2023-04,326
Q586116,Konstantin Igumnov,Russia,2023-05,293
Q586116,Konstantin Igumnov,Russia,2023-06,354
Q586116,Konstantin Igumnov,Russia,2023-07,258
Q586116,Konstantin Igumnov,Russia,2023-08,234
Q586116,Konstantin Igumnov,Russia,2023-09,281
Q586116,Konstantin Igumnov,Russia,2023-10,251
Q586116,Konstantin Igumnov,Russia,2023-11,314
Q586116,Konstantin Igumnov,Russia,2023-12,246
Q931515,Yakov Flier,Russia,2021-01,376
Q931515,Yakov Flier,Russia,2021-02,374
Q931515,Yakov Flier,Russia,2021-03,404
Q931515,Yakov Flier,Russia,2021-04,376
Q931515,Yakov Flier,Russia,2021-05,459
Q931515,Yakov Flier,Russia,2021-06,441
Q931515,Yakov Flier,Russia,2021-07,334
Q931515,Yakov Flier,Russia,2021-08,410
Q931515,Yakov Flier,Russia,2021-09,302
Q931515,Yakov Flier,Russia,2021-10,431
Q931515,Yakov Flier,Russia,2021-11,287
Q931515,Yakov Flier,Russia,2021-12,278
Q931515,Yakov Flier,Russia,2022-01,399
Q931515,Yakov Flier,Russia,2022-02,428
Q931515,Yakov Flier,Russia,2022-03,434
Q931515,Yakov Flier,Russia,2022-04,344
Q931515,Yakov Flier,Russia,2022-05,409
Q931515,Yakov Flier,Russia,2022-06,306
Q931515,Yakov Flier,Russia,2022-07,388
Q931515,Yakov Flier,Russia,2022-08,341
Q931515,Yakov Flier,Russia,2022-09,286
Q931515,Yakov Flier,Russia,2022-10,326
Q931515,Yakov Flier,Russia,2022-11,309
Q931515,Yakov Flier,Russia,2022-12,494
Q931515,Yakov Flier,Russia,2023-01,392
Q931515,Yakov Flier,Russia,2023-02,359
Q931515,Yakov Flier,Russia,2023-03,368
Q931515,Yakov Flier,Russia,2023-04,353
Q931515,Yakov Flier,Russia,2023-05,460
Q931515,Yakov Flier,Russia,2023-06,569
Q931515,Yakov Flier,Russia,2023-07,389
Q931515,Yakov Flier,Russia,2023-08,422
Q931515,Yakov Flier,Russia,2023-09,351
Q931515,Yakov Flier,Russia,2023-10,373
Q931515,Yakov Flier,Russia,2023-11,435
Q931515,Yakov Flier,Russia,2023-12,448
Q4278094,Sergey Malov,Russia,2021-01,545
Q4278094,Sergey Malov,Russia,2021-02,925
Q4278094,Sergey Malov,Russia,2021-03,412
Q4278094,Sergey Malov,Russia,2021-04,360
Q4278094,Sergey Malov,Russia,2021-05,456
Q4278094,Sergey Malov,Russia,2021-06,367
Q4278094,Sergey Malov,Russia,2021-07,352
Q4278094,Sergey Malov,Russia,2021-08,318
Q4278094,Sergey Malov,Russia,2021-09,300
Q4278094,Sergey Malov,Russia,2021-10,412
Q4278094,Sergey Malov,Russia,2021-11,332
Q4278094,Sergey Malov,Russia,2021-12,306
Q4278094,Sergey Malov,Russia,2022-01,347
Q4278094,Sergey Malov,Russia,2022-02,272
Q4278094,Sergey Malov,Russia,2022-03,321
Q4278094,Sergey Malov,Russia,2022-04,353
Q4278094,Sergey Malov,Russia,2022-05,259
Q4278094,Sergey Malov,Russia,2022-06,340
Q4278094,Sergey Malov,Russia,2022-07,350
Q4278094,Sergey Malov,Russia,2022-08,235
Q4278094,Sergey Malov,Russia,2022-09,249
Q4278094,Sergey Malov,Russia,2022-10,268
Q4278094,Sergey Malov,Russia,2022-11,290
Q4278094,Sergey Malov,Russia,2022-12,231
Q4278094,Sergey Malov,Russia,2023-01,218
Q4278094,Sergey Malov,Russia,2023-02,241
Q4278094,Sergey Malov,Russia,2023-03,358
Q4278094,Sergey Malov,Russia,2023-04,291
Q4278094,Sergey Malov,Russia,2023-05,282
Q4278094,Sergey Malov,Russia,2023-06,242
Q4278094,Sergey Malov,Russia,2023-07,302
Q4278094,Sergey Malov,Russia,2023-08,229
Q4278094,Sergey Malov,Russia,2023-09,264
Q4278094,Sergey Malov,Russia,2023-10,214
Q4278094,Sergey Malov,Russia,2023-11,330
Q4278094,Sergey Malov,Russia,2023-12,418
Q824515,Lev Natochenny,Russia,2021-01,139
Q824515,Lev Natochenny,Russia,2021-02,94
Q824515,Lev Natochenny,Russia,2021-03,107
Q824515,Lev Natochenny,Russia,2021-04,143
Q824515,Lev Natochenny,Russia,2021-05,123
Q824515,Lev Natochenny,Russia,2021-06,124
Q824515,Lev Natochenny,Russia,2021-07,107
Q824515,Lev Natochenny,Russia,2021-08,160
Q824515,Lev Natochenny,Russia,2021-09,125
Q824515,Lev Natochenny,Russia,2021-10,141
Q824515,Lev Natochenny,Russia,2021-11,112
Q824515,Lev Natochenny,Russia,2021-12,75
Q824515,Lev Natochenny,Russia,2022-01,121
Q824515,Lev Natochenny,Russia,2022-02,101
Q824515,Lev Natochenny,Russia,2022-03,119
Q824515,Lev Natochenny,Russia,2022-04,138
Q824515,Lev Natochenny,Russia,2022-05,142
Q824515,Lev Natochenny,Russia,2022-06,128
Q824515,Lev Natochenny,Russia,2022-07,139
Q824515,Lev Natochenny,Russia,2022-08,143
Q824515,Lev Natochenny,Russia,2022-09,111
Q824515,Lev Natochenny,Russia,2022-10,98
Q824515,Lev Natochenny,Russia,2022-11,112
Q824515,Lev Natochenny,Russia,2022-12,116
Q824515,Lev Natochenny,Russia,2023-01,117
Q824515,Lev Natochenny,Russia,2023-02,94
Q824515,Lev Natochenny,Russia,2023-03,146
Q824515,Lev Natochenny,Russia,2023-04,131
Q824515,Lev Natochenny,Russia,2023-05,125
Q824515,Lev Natochenny,Russia,2023-06,142
Q824515,Lev Natochenny,Russia,2023-07,107
Q824515,Lev Natochenny,Russia,2023-08,128
Q824515,Lev Natochenny,Russia,2023-09,125
Q824515,Lev Natochenny,Russia,2023-10,168
Q824515,Lev Natochenny,Russia,2023-11,119
Q824515,Lev Natochenny,Russia,2023-12,133
Q739362,Vasily Solovyov-Sedoi,Russia,2021-01,13
Q739362,Vasily Solovyov-Sedoi,Russia,2021-02,17
Q739362,Vasily Solovyov-Sedoi,Russia,2021-03,10
Q739362,Vasily Solovyov-Sedoi,Russia,2021-04,15
Q739362,Vasily Solovyov-Sedoi,Russia,2021-05,13
Q739362,Vasily Solovyov-Sedoi,Russia,2021-06,19
Q739362,Vasily Solovyov-Sedoi,Russia,2021-07,17
Q739362,Vasily Solovyov-Sedoi,Russia,2021-08,14
Q739362,Vasily Solovyov-Sedoi,Russia,2021-09,9
Q739362,Vasily Solovyov-Sedoi,Russia,2021-10,12
Q739362,Vasily Solovyov-Sedoi,Russia,2021-11,8
Q739362,Vasily Solovyov-Sedoi,Russia,2021-12,8
Q739362,Vasily Solovyov-Sedoi,Russia,2022-01,12
Q739362,Vasily Solovyov-Sedoi,Russia,2022-02,20
Q739362,Vasily Solovyov-Sedoi,Russia,2022-03,19
Q739362,Vasily Solovyov-Sedoi,Russia,2022-04,20
Q739362,Vasily Solovyov-Sedoi,Russia,2022-05,10
Q739362,Vasily Solovyov-Sedoi,Russia,2022-06,18
Q739362,Vasily Solovyov-Sedoi,Russia,2022-07,14
Q739362,Vasily Solovyov-Sedoi,Russia,2022-08,20
Q739362,Vasily Solovyov-Sedoi,Russia,2022-09,13
Q739362,Vasily Solovyov-Sedoi,Russia,2022-10,25
Q739362,Vasily Solovyov-Sedoi,Russia,2022-11,14
Q739362,Vasily Solovyov-Sedoi,Russia,2022-12,15
Q739362,Vasily Solovyov-Sedoi,Russia,2023-01,11
Q739362,Vasily Solovyov-Sedoi,Russia,2023-02,13
Q739362,Vasily Solovyov-Sedoi,Russia,2023-03,15
Q739362,Vasily Solovyov-Sedoi,Russia,2023-04,25
Q739362,Vasily Solovyov-Sedoi,Russia,2023-05,28
Q739362,Vasily Solovyov-Sedoi,Russia,2023-06,14
Q739362,Vasily Solovyov-Sedoi,Russia,2023-07,22
Q739362,Vasily Solovyov-Sedoi,Russia,2023-08,23
Q739362,Vasily Solovyov-Sedoi,Russia,2023-09,9
Q739362,Vasily Solovyov-Sedoi,Russia,2023-10,11
Q739362,Vasily Solovyov-Sedoi,Russia,2023-11,9
Q739362,Vasily Solovyov-Sedoi,Russia,2023-12,8
Q3986754,Basta,Russia,2021-01,4291
Q3986754,Basta,Russia,2021-02,4056
Q3986754,Basta,Russia,2021-03,4810
Q3986754,Basta,Russia,2021-04,4671
Q3986754,Basta,Russia,2021-05,4651
Q3986754,Basta,Russia,2021-06,3462
Q3986754,Basta,Russia,2021-07,3461
Q3986754,Basta,Russia,2021-08,3311
Q3986754,Basta,Russia,2021-09,3448
Q3986754,Basta,Russia,2021-10,3891
Q3986754,Basta,Russia,2021-11,3216
Q3986754,Basta,Russia,2021-12,3363
Q3986754,Basta,Russia,2022-01,3585
Q3986754,Basta,Russia,2022-02,3343
Q3986754,Basta,Russia,2022-03,4325
Q3986754,Basta,Russia,2022-04,3889
Q3986754,Basta,Russia,2022-05,3344
Q3986754,Basta,Russia,2022-06,3145
Q3986754,Basta,Russia,2022-07,2692
Q3986754,Basta,Russia,2022-08,2672
Q3986754,Basta,Russia,2022-09,2445
Q3986754,Basta,Russia,2022-10,2583
Q3986754,Basta,Russia,2022-11,2768
Q3986754,Basta,Russia,2022-12,3041
Q3986754,Basta,Russia,2023-01,3390
Q3986754,Basta,Russia,2023-02,2894
Q3986754,Basta,Russia,2023-03,3315
Q3986754,Basta,Russia,2023-04,3136
Q3986754,Basta,Russia,2023-05,2725
Q3986754,Basta,Russia,2023-06,2853
Q3986754,Basta,Russia,2023-07,2910
Q3986754,Basta,Russia,2023-08,2989
Q3986754,Basta,Russia,2023-09,3901
Q3986754,Basta,Russia,2023-10,2827
Q3986754,Basta,Russia,2023-11,2663
Q3986754,Basta,Russia,2023-12,3958
Q767237,Armas Järnefelt,Russia,2021-01,470
Q767237,Armas Järnefelt,Russia,2021-02,447
Q767237,Armas Järnefelt,Russia,2021-03,498
Q767237,Armas Järnefelt,Russia,2021-04,451
Q767237,Armas Järnefelt,Russia,2021-05,473
Q767237,Armas Järnefelt,Russia,2021-06,410
Q767237,Armas Järnefelt,Russia,2021-07,365
Q767237,Armas Järnefelt,Russia,2021-08,445
Q767237,Armas Järnefelt,Russia,2021-09,372
Q767237,Armas Järnefelt,Russia,2021-10,443
Q767237,Armas Järnefelt,Russia,2021-11,450
Q767237,Armas Järnefelt,Russia,2021-12,398
Q767237,Armas Järnefelt,Russia,2022-01,500
Q767237,Armas Järnefelt,Russia,2022-02,459
Q767237,Armas Järnefelt,Russia,2022-03,447
Q767237,Armas Järnefelt,Russia,2022-04,508
Q767237,Armas Järnefelt,Russia,2022-05,442
Q767237,Armas Järnefelt,Russia,2022-06,781
Q767237,Armas Järnefelt,Russia,2022-07,442
Q767237,Armas Järnefelt,Russia,2022-08,483
Q767237,Armas Järnefelt,Russia,2022-09,438
Q767237,Armas Järnefelt,Russia,2022-10,492
Q767237,Armas Järnefelt,Russia,2022-11,441
Q767237,Armas Järnefelt,Russia,2022-12,448
Q767237,Armas Järnefelt,Russia,2023-01,404
Q767237,Armas Järnefelt,Russia,2023-02,337
Q767237,Armas Järnefelt,Russia,2023-03,396
Q767237,Armas Järnefelt,Russia,2023-04,517
Q767237,Armas Järnefelt,Russia,2023-05,339
Q767237,Armas Järnefelt,Russia,2023-06,364
Q767237,Armas Järnefelt,Russia,2023-07,390
Q767237,Armas Järnefelt,Russia,2023-08,476
Q767237,Armas Järnefelt,Russia,2023-09,307
Q767237,Armas Järnefelt,Russia,2023-10,363
Q767237,Armas Järnefelt,Russia,2023-11,360
Q767237,Armas Järnefelt,Russia,2023-12,513
Q620723,Alexander Malinin,Russia,2021-01,988
Q620723,Alexander Malinin,Russia,2021-02,644
Q620723,Alexander Malinin,Russia,2021-03,762
Q620723,Alexander Malinin,Russia,2021-04,746
Q620723,Alexander Malinin,Russia,2021-05,692
Q620723,Alexander Malinin,Russia,2021-06,732
Q620723,Alexander Malinin,Russia,2021-07,769
Q620723,Alexander Malinin,Russia,2021-08,840
Q620723,Alexander Malinin,Russia,2021-09,619
Q620723,Alexander Malinin,Russia,2021-10,724
Q620723,Alexander Malinin,Russia,2021-11,846
Q620723,Alexander Malinin,Russia,2021-12,836
Q620723,Alexander Malinin,Russia,2022-01,1184
Q620723,Alexander Malinin,Russia,2022-02,897
Q620723,Alexander Malinin,Russia,2022-03,20883
Q620723,Alexander Malinin,Russia,2022-04,834
Q620723,Alexander Malinin,Russia,2022-05,818
Q620723,Alexander Malinin,Russia,2022-06,720
Q620723,Alexander Malinin,Russia,2022-07,675
Q620723,Alexander Malinin,Russia,2022-08,1040
Q620723,Alexander Malinin,Russia,2022-09,881
Q620723,Alexander Malinin,Russia,2022-10,802
Q620723,Alexander Malinin,Russia,2022-11,763
Q620723,Alexander Malinin,Russia,2022-12,629
Q620723,Alexander Malinin,Russia,2023-01,694
Q620723,Alexander Malinin,Russia,2023-02,514
Q620723,Alexander Malinin,Russia,2023-03,663
Q620723,Alexander Malinin,Russia,2023-04,933
Q620723,Alexander Malinin,Russia,2023-05,759
Q620723,Alexander Malinin,Russia,2023-06,715
Q620723,Alexander Malinin,Russia,2023-07,661
Q620723,Alexander Malinin,Russia,2023-08,817
Q620723,Alexander Malinin,Russia,2023-09,686
Q620723,Alexander Malinin,Russia,2023-10,663
Q620723,Alexander Malinin,Russia,2023-11,699
Q620723,Alexander Malinin,Russia,2023-12,903
Q4289881,Mot,Russia,2023-08,348
Q4289881,Mot,Russia,2023-09,379
Q4289881,Mot,Russia,2023-10,388
Q4289881,Mot,Russia,2023-11,410
Q4289881,Mot,Russia,2023-12,451
Q473580,Sergey Bezrukov,Russia,2021-01,2566
Q473580,Sergey Bezrukov,Russia,2021-02,2476
Q473580,Sergey Bezrukov,Russia,2021-03,2509
Q473580,Sergey Bezrukov,Russia,2021-04,2191
Q473580,Sergey Bezrukov,Russia,2021-05,2211
Q473580,Sergey Bezrukov,Russia,2021-06,1680
Q473580,Sergey Bezrukov,Russia,2021-07,2838
Q473580,Sergey Bezrukov,Russia,2021-08,2233
Q473580,Sergey Bezrukov,Russia,2021-09,1722
Q473580,Sergey Bezrukov,Russia,2021-10,2155
Q473580,Sergey Bezrukov,Russia,2021-11,2180
Q473580,Sergey Bezrukov,Russia,2021-12,2434
Q473580,Sergey Bezrukov,Russia,2022-01,2728
Q473580,Sergey Bezrukov,Russia,2022-02,2044
Q473580,Sergey Bezrukov,Russia,2022-03,2915
Q473580,Sergey Bezrukov,Russia,2022-04,2903
Q473580,Sergey Bezrukov,Russia,2022-05,2176
Q473580,Sergey Bezrukov,Russia,2022-06,1887
Q473580,Sergey Bezrukov,Russia,2022-07,2436
Q473580,Sergey Bezrukov,Russia,2022-08,2219
Q473580,Sergey Bezrukov,Russia,2022-09,2026
Q473580,Sergey Bezrukov,Russia,2022-10,2363
Q473580,Sergey Bezrukov,Russia,2022-11,1777
Q473580,Sergey Bezrukov,Russia,2022-12,2687
Q473580,Sergey Bezrukov,Russia,2023-01,2271
Q473580,Sergey Bezrukov,Russia,2023-02,1834
Q473580,Sergey Bezrukov,Russia,2023-03,2314
Q473580,Sergey Bezrukov,Russia,2023-04,1824
Q473580,Sergey Bezrukov,Russia,2023-05,1569
Q473580,Sergey Bezrukov,Russia,2023-06,1684
Q473580,Sergey Bezrukov,Russia,2023-07,1746
Q473580,Sergey Bezrukov,Russia,2023-08,2337
Q473580,Sergey Bezrukov,Russia,2023-09,2023
Q473580,Sergey Bezrukov,Russia,2023-10,3229
Q473580,Sergey Bezrukov,Russia,2023-11,2445
Q473580,Sergey Bezrukov,Russia,2023-12,3102
Q921496,Sergey Shnurov,Russia,2021-01,2735
Q921496,Sergey Shnurov,Russia,2021-02,2325
Q921496,Sergey Shnurov,Russia,2021-03,3600
Q921496,Sergey Shnurov,Russia,2021-04,3342
Q921496,Sergey Shnurov,Russia,2021-05,2122
Q921496,Sergey Shnurov,Russia,2021-06,2011
Q921496,Sergey Shnurov,Russia,2021-07,1879
Q921496,Sergey Shnurov,Russia,2021-08,2008
Q921496,Sergey Shnurov,Russia,2021-09,1939
Q921496,Sergey Shnurov,Russia,2021-10,2011
Q921496,Sergey Shnurov,Russia,2021-11,1919
Q921496,Sergey Shnurov,Russia,2021-12,1949
Q921496,Sergey Shnurov,Russia,2022-01,2633
Q921496,Sergey Shnurov,Russia,2022-02,2563
Q921496,Sergey Shnurov,Russia,2022-03,5165
Q921496,Sergey Shnurov,Russia,2022-04,3113
Q921496,Sergey Shnurov,Russia,2022-05,2566
Q921496,Sergey Shnurov,Russia,2022-06,2384
Q921496,Sergey Shnurov,Russia,2022-07,1851
Q921496,Sergey Shnurov,Russia,2022-08,2129
Q921496,Sergey Shnurov,Russia,2022-09,2071
Q921496,Sergey Shnurov,Russia,2022-10,1664
Q921496,Sergey Shnurov,Russia,2022-11,1489
Q921496,Sergey Shnurov,Russia,2022-12,1557
Q921496,Sergey Shnurov,Russia,2023-01,1628
Q921496,Sergey Shnurov,Russia,2023-02,1422
Q921496,Sergey Shnurov,Russia,2023-03,1967
Q921496,Sergey Shnurov,Russia,2023-04,1746
Q921496,Sergey Shnurov,Russia,2023-05,1606
Q921496,Sergey Shnurov,Russia,2023-06,1587
Q921496,Sergey Shnurov,Russia,2023-07,1781
Q921496,Sergey Shnurov,Russia,2023-08,1545
Q921496,Sergey Shnurov,Russia,2023-09,1558
Q921496,Sergey Shnurov,Russia,2023-10,1582
Q921496,Sergey Shnurov,Russia,2023-11,1558
Q921496,Sergey Shnurov,Russia,2023-12,1684
Q4458336,Bogdan Titomir,Russia,2021-01,951
Q4458336,Bogdan Titomir,Russia,2021-02,538
Q4458336,Bogdan Titomir,Russia,2021-03,528
Q4458336,Bogdan Titomir,Russia,2021-04,645
Q4458336,Bogdan Titomir,Russia,2021-05,473
Q4458336,Bogdan Titomir,Russia,2021-06,460
Q4458336,Bogdan Titomir,Russia,2021-07,471
Q4458336,Bogdan Titomir,Russia,2021-08,605
Q4458336,Bogdan Titomir,Russia,2021-09,480
Q4458336,Bogdan Titomir,Russia,2021-10,683
Q4458336,Bogdan Titomir,Russia,2021-11,456
Q4458336,Bogdan Titomir,Russia,2021-12,867
Q4458336,Bogdan Titomir,Russia,2022-01,1657
Q4458336,Bogdan Titomir,Russia,2022-02,572
Q4458336,Bogdan Titomir,Russia,2022-03,650
Q4458336,Bogdan Titomir,Russia,2022-04,566
Q4458336,Bogdan Titomir,Russia,2022-05,534
Q4458336,Bogdan Titomir,Russia,2022-06,469
Q4458336,Bogdan Titomir,Russia,2022-07,473
Q4458336,Bogdan Titomir,Russia,2022-08,448
Q4458336,Bogdan Titomir,Russia,2022-09,429
Q4458336,Bogdan Titomir,Russia,2022-10,532
Q4458336,Bogdan Titomir,Russia,2022-11,446
Q4458336,Bogdan Titomir,Russia,2022-12,439
Q4458336,Bogdan Titomir,Russia,2023-01,626
Q4458336,Bogdan Titomir,Russia,2023-02,466
Q4458336,Bogdan Titomir,Russia,2023-03,494
Q4458336,Bogdan Titomir,Russia,2023-04,404
Q4458336,Bogdan Titomir,Russia,2023-05,481
Q4458336,Bogdan Titomir,Russia,2023-06,473
Q4458336,Bogdan Titomir,Russia,2023-07,472
Q4458336,Bogdan Titomir,Russia,2023-08,589
Q4458336,Bogdan Titomir,Russia,2023-09,440
Q4458336,Bogdan Titomir,Russia,2023-10,457
Q4458336,Bogdan Titomir,Russia,2023-11,428
Q4458336,Bogdan Titomir,Russia,2023-12,617
Q950150,Vladimir Sofronitsky,Russia,2021-01,1145
Q950150,Vladimir Sofronitsky,Russia,2021-02,992
Q950150,Vladimir Sofronitsky,Russia,2021-03,1477
Q950150,Vladimir Sofronitsky,Russia,2021-04,1014
Q950150,Vladimir Sofronitsky,Russia,2021-05,1055
Q950150,Vladimir Sofronitsky,Russia,2021-06,789
Q950150,Vladimir Sofronitsky,Russia,2021-07,756
Q950150,Vladimir Sofronitsky,Russia,2021-08,942
Q950150,Vladimir Sofronitsky,Russia,2021-09,913
Q950150,Vladimir Sofronitsky,Russia,2021-10,916
Q950150,Vladimir Sofronitsky,Russia,2021-11,890
Q950150,Vladimir Sofronitsky,Russia,2021-12,773
Q950150,Vladimir Sofronitsky,Russia,2022-01,888
Q950150,Vladimir Sofronitsky,Russia,2022-02,988
Q950150,Vladimir Sofronitsky,Russia,2022-03,1045
Q950150,Vladimir Sofronitsky,Russia,2022-04,879
Q950150,Vladimir Sofronitsky,Russia,2022-05,841
Q950150,Vladimir Sofronitsky,Russia,2022-06,827
Q950150,Vladimir Sofronitsky,Russia,2022-07,939
Q950150,Vladimir Sofronitsky,Russia,2022-08,952
Q950150,Vladimir Sofronitsky,Russia,2022-09,832
Q950150,Vladimir Sofronitsky,Russia,2022-10,1415
Q950150,Vladimir Sofronitsky,Russia,2022-11,926
Q950150,Vladimir Sofronitsky,Russia,2022-12,985
Q950150,Vladimir Sofronitsky,Russia,2023-01,801
Q950150,Vladimir Sofronitsky,Russia,2023-02,723
Q950150,Vladimir Sofronitsky,Russia,2023-03,960
Q950150,Vladimir Sofronitsky,Russia,2023-04,1107
Q950150,Vladimir Sofronitsky,Russia,2023-05,1032
Q950150,Vladimir Sofronitsky,Russia,2023-06,867
Q950150,Vladimir Sofronitsky,Russia,2023-07,840
Q950150,Vladimir Sofronitsky,Russia,2023-08,895
Q950150,Vladimir Sofronitsky,Russia,2023-09,870
Q950150,Vladimir Sofronitsky,Russia,2023-10,835
Q950150,Vladimir Sofronitsky,Russia,2023-11,750
Q950150,Vladimir Sofronitsky,Russia,2023-12,993
Q947291,Vasily Safonov,Russia,2021-01,585
Q947291,Vasily Safonov,Russia,2021-02,612
Q947291,Vasily Safonov,Russia,2021-03,743
Q947291,Vasily Safonov,Russia,2021-04,673
Q947291,Vasily Safonov,Russia,2021-05,559
Q947291,Vasily Safonov,Russia,2021-06,496
Q947291,Vasily Safonov,Russia,2021-07,498
Q947291,Vasily Safonov,Russia,2021-08,452
Q947291,Vasily Safonov,Russia,2021-09,581
Q947291,Vasily Safonov,Russia,2021-10,591
Q947291,Vasily Safonov,Russia,2021-11,524
Q947291,Vasily Safonov,Russia,2021-12,554
Q947291,Vasily Safonov,Russia,2022-01,585
Q947291,Vasily Safonov,Russia,2022-02,613
Q947291,Vasily Safonov,Russia,2022-03,638
Q947291,Vasily Safonov,Russia,2022-04,647
Q947291,Vasily Safonov,Russia,2022-05,626
Q947291,Vasily Safonov,Russia,2022-06,512
Q947291,Vasily Safonov,Russia,2022-07,514
Q947291,Vasily Safonov,Russia,2022-08,557
Q947291,Vasily Safonov,Russia,2022-09,486
Q947291,Vasily Safonov,Russia,2022-10,505
Q947291,Vasily Safonov,Russia,2022-11,504
Q947291,Vasily Safonov,Russia,2022-12,481
Q947291,Vasily Safonov,Russia,2023-01,512
Q947291,Vasily Safonov,Russia,2023-02,515
Q947291,Vasily Safonov,Russia,2023-03,609
Q947291,Vasily Safonov,Russia,2023-04,535
Q947291,Vasily Safonov,Russia,2023-05,479
Q947291,Vasily Safonov,Russia,2023-06,507
Q947291,Vasily Safonov,Russia,2023-07,520
Q947291,Vasily Safonov,Russia,2023-08,529
Q947291,Vasily Safonov,Russia,2023-09,458
Q947291,Vasily Safonov,Russia,2023-10,578
Q947291,Vasily Safonov,Russia,2023-11,543
Q947291,Vasily Safonov,Russia,2023-12,749
Q951486,Josef Lhévinne,Russia,2021-01,870
Q951486,Josef Lhévinne,Russia,2021-02,778
Q951486,Josef Lhévinne,Russia,2021-03,855
Q951486,Josef Lhévinne,Russia,2021-04,832
Q951486,Josef Lhévinne,Russia,2021-05,776
Q951486,Josef Lhévinne,Russia,2021-06,607
Q951486,Josef Lhévinne,Russia,2021-07,715
Q951486,Josef Lhévinne,Russia,2021-08,753
Q951486,Josef Lhévinne,Russia,2021-09,605
Q951486,Josef Lhévinne,Russia,2021-10,754
Q951486,Josef Lhévinne,Russia,2021-11,600
Q951486,Josef Lhévinne,Russia,2021-12,817
Q951486,Josef Lhévinne,Russia,2022-01,840
Q951486,Josef Lhévinne,Russia,2022-02,893
Q951486,Josef Lhévinne,Russia,2022-03,789
Q951486,Josef Lhévinne,Russia,2022-04,752
Q951486,Josef Lhévinne,Russia,2022-05,885
Q951486,Josef Lhévinne,Russia,2022-06,667
Q951486,Josef Lhévinne,Russia,2022-07,707
Q951486,Josef Lhévinne,Russia,2022-08,729
Q951486,Josef Lhévinne,Russia,2022-09,629
Q951486,Josef Lhévinne,Russia,2022-10,758
Q951486,Josef Lhévinne,Russia,2022-11,628
Q951486,Josef Lhévinne,Russia,2022-12,810
Q951486,Josef Lhévinne,Russia,2023-01,780
Q951486,Josef Lhévinne,Russia,2023-02,667
Q951486,Josef Lhévinne,Russia,2023-03,835
Q951486,Josef Lhévinne,Russia,2023-04,855
Q951486,Josef Lhévinne,Russia,2023-05,709
Q951486,Josef Lhévinne,Russia,2023-06,784
Q951486,Josef Lhévinne,Russia,2023-07,1018
Q951486,Josef Lhévinne,Russia,2023-08,748
Q951486,Josef Lhévinne,Russia,2023-09,746
Q951486,Josef Lhévinne,Russia,2023-10,753
Q951486,Josef Lhévinne,Russia,2023-11,739
Q951486,Josef Lhévinne,Russia,2023-12,905
Q1093093,Victor Zinchuk,Russia,2021-01,120
Q1093093,Victor Zinchuk,Russia,2021-02,117
Q1093093,Victor Zinchuk,Russia,2021-03,126
Q1093093,Victor Zinchuk,Russia,2021-04,128
Q1093093,Victor Zinchuk,Russia,2021-05,118
Q1093093,Victor Zinchuk,Russia,2021-06,177
Q1093093,Victor Zinchuk,Russia,2021-07,161
Q1093093,Victor Zinchuk,Russia,2021-08,181
Q1093093,Victor Zinchuk,Russia,2021-09,175
Q1093093,Victor Zinchuk,Russia,2021-10,166
Q1093093,Victor Zinchuk,Russia,2021-11,148
Q1093093,Victor Zinchuk,Russia,2021-12,177
Q1093093,Victor Zinchuk,Russia,2022-01,161
Q1093093,Victor Zinchuk,Russia,2022-02,185
Q1093093,Victor Zinchuk,Russia,2022-03,199
Q1093093,Victor Zinchuk,Russia,2022-04,231
Q1093093,Victor Zinchuk,Russia,2022-05,244
Q1093093,Victor Zinchuk,Russia,2022-06,175
Q1093093,Victor Zinchuk,Russia,2022-07,180
Q1093093,Victor Zinchuk,Russia,2022-08,153
Q1093093,Victor Zinchuk,Russia,2022-09,126
Q1093093,Victor Zinchuk,Russia,2022-10,108
Q1093093,Victor Zinchuk,Russia,2022-11,121
Q1093093,Victor Zinchuk,Russia,2022-12,145
Q1093093,Victor Zinchuk,Russia,2023-01,130
Q1093093,Victor Zinchuk,Russia,2023-02,96
Q1093093,Victor Zinchuk,Russia,2023-03,129
Q1093093,Victor Zinchuk,Russia,2023-04,155
Q1093093,Victor Zinchuk,Russia,2023-05,137
Q1093093,Victor Zinchuk,Russia,2023-06,118
Q1093093,Victor Zinchuk,Russia,2023-07,134
Q1093093,Victor Zinchuk,Russia,2023-08,119
Q1093093,Victor Zinchuk,Russia,2023-09,133
Q1093093,Victor Zinchuk,Russia,2023-10,132
Q1093093,Victor Zinchuk,Russia,2023-11,106
Q1093093,Victor Zinchuk,Russia,2023-12,147
Q1187114,Lev Naumov,Russia,2021-01,507
Q1187114,Lev Naumov,Russia,2021-02,552
Q1187114,Lev Naumov,Russia,2021-03,435
Q1187114,Lev Naumov,Russia,2021-04,440
Q1187114,Lev Naumov,Russia,2021-05,317
Q1187114,Lev Naumov,Russia,2021-06,259
Q1187114,Lev Naumov,Russia,2021-07,329
Q1187114,Lev Naumov,Russia,2021-08,297
Q1187114,Lev Naumov,Russia,2021-09,276
Q1187114,Lev Naumov,Russia,2021-10,473
Q1187114,Lev Naumov,Russia,2021-11,304
Q1187114,Lev Naumov,Russia,2021-12,368
Q1187114,Lev Naumov,Russia,2022-01,399
Q1187114,Lev Naumov,Russia,2022-02,338
Q1187114,Lev Naumov,Russia,2022-03,349
Q1187114,Lev Naumov,Russia,2022-04,349
Q1187114,Lev Naumov,Russia,2022-05,481
Q1187114,Lev Naumov,Russia,2022-06,492
Q1187114,Lev Naumov,Russia,2022-07,375
Q1187114,Lev Naumov,Russia,2022-08,414
Q1187114,Lev Naumov,Russia,2022-09,333
Q1187114,Lev Naumov,Russia,2022-10,336
Q1187114,Lev Naumov,Russia,2022-11,296
Q1187114,Lev Naumov,Russia,2022-12,371
Q1187114,Lev Naumov,Russia,2023-01,386
Q1187114,Lev Naumov,Russia,2023-02,320
Q1187114,Lev Naumov,Russia,2023-03,455
Q1187114,Lev Naumov,Russia,2023-04,476
Q1187114,Lev Naumov,Russia,2023-05,427
Q1187114,Lev Naumov,Russia,2023-06,448
Q1187114,Lev Naumov,Russia,2023-07,351
Q1187114,Lev Naumov,Russia,2023-08,366
Q1187114,Lev Naumov,Russia,2023-09,289
Q1187114,Lev Naumov,Russia,2023-10,307
Q1187114,Lev Naumov,Russia,2023-11,300
Q1187114,Lev Naumov,Russia,2023-12,376
Q968109,Alexandre Dubuque,Russia,2021-01,266
Q968109,Alexandre Dubuque,Russia,2021-02,243
Q968109,Alexandre Dubuque,Russia,2021-03,265
Q968109,Alexandre Dubuque,Russia,2021-04,248
Q968109,Alexandre Dubuque,Russia,2021-05,285
Q968109,Alexandre Dubuque,Russia,2021-06,237
Q968109,Alexandre Dubuque,Russia,2021-07,233
Q968109,Alexandre Dubuque,Russia,2021-08,254
Q968109,Alexandre Dubuque,Russia,2021-09,215
Q968109,Alexandre Dubuque,Russia,2021-10,261
Q968109,Alexandre Dubuque,Russia,2021-11,239
Q968109,Alexandre Dubuque,Russia,2021-12,191
Q968109,Alexandre Dubuque,Russia,2022-01,302
Q968109,Alexandre Dubuque,Russia,2022-02,262
Q968109,Alexandre Dubuque,Russia,2022-03,266
Q968109,Alexandre Dubuque,Russia,2022-04,213
Q968109,Alexandre Dubuque,Russia,2022-05,210
Q968109,Alexandre Dubuque,Russia,2022-06,235
Q968109,Alexandre Dubuque,Russia,2022-07,231
Q968109,Alexandre Dubuque,Russia,2022-08,207
Q968109,Alexandre Dubuque,Russia,2022-09,236
Q968109,Alexandre Dubuque,Russia,2022-10,202
Q968109,Alexandre Dubuque,Russia,2022-11,210
Q968109,Alexandre Dubuque,Russia,2022-12,198
Q968109,Alexandre Dubuque,Russia,2023-01,156
Q968109,Alexandre Dubuque,Russia,2023-02,174
Q968109,Alexandre Dubuque,Russia,2023-03,204
Q968109,Alexandre Dubuque,Russia,2023-04,166
Q968109,Alexandre Dubuque,Russia,2023-05,194
Q968109,Alexandre Dubuque,Russia,2023-06,194
Q968109,Alexandre Dubuque,Russia,2023-07,194
Q968109,Alexandre Dubuque,Russia,2023-08,152
Q968109,Alexandre Dubuque,Russia,2023-09,196
Q968109,Alexandre Dubuque,Russia,2023-10,171
Q968109,Alexandre Dubuque,Russia,2023-11,427
Q968109,Alexandre Dubuque,Russia,2023-12,164
Q1360764,Alexander Kobrin,Russia,2021-01,329
Q1360764,Alexander Kobrin,Russia,2021-02,299
Q1360764,Alexander Kobrin,Russia,2021-03,353
Q1360764,Alexander Kobrin,Russia,2021-04,400
Q1360764,Alexander Kobrin,Russia,2021-05,369
Q1360764,Alexander Kobrin,Russia,2021-06,295
Q1360764,Alexander Kobrin,Russia,2021-07,482
Q1360764,Alexander Kobrin,Russia,2021-08,459
Q1360764,Alexander Kobrin,Russia,2021-09,359
Q1360764,Alexander Kobrin,Russia,2021-10,912
Q1360764,Alexander Kobrin,Russia,2021-11,442
Q1360764,Alexander Kobrin,Russia,2021-12,335
Q1360764,Alexander Kobrin,Russia,2022-01,346
Q1360764,Alexander Kobrin,Russia,2022-02,388
Q1360764,Alexander Kobrin,Russia,2022-03,461
Q1360764,Alexander Kobrin,Russia,2022-04,453
Q1360764,Alexander Kobrin,Russia,2022-05,487
Q1360764,Alexander Kobrin,Russia,2022-06,1117
Q1360764,Alexander Kobrin,Russia,2022-07,530
Q1360764,Alexander Kobrin,Russia,2022-08,467
Q1360764,Alexander Kobrin,Russia,2022-09,381
Q1360764,Alexander Kobrin,Russia,2022-10,782
Q1360764,Alexander Kobrin,Russia,2022-11,519
Q1360764,Alexander Kobrin,Russia,2022-12,383
Q1360764,Alexander Kobrin,Russia,2023-01,569
Q1360764,Alexander Kobrin,Russia,2023-02,499
Q1360764,Alexander Kobrin,Russia,2023-03,780
Q1360764,Alexander Kobrin,Russia,2023-04,756
Q1360764,Alexander Kobrin,Russia,2023-05,478
Q1360764,Alexander Kobrin,Russia,2023-06,475
Q1360764,Alexander Kobrin,Russia,2023-07,551
Q1360764,Alexander Kobrin,Russia,2023-08,774
Q1360764,Alexander Kobrin,Russia,2023-09,578
Q1360764,Alexander Kobrin,Russia,2023-10,413
Q1360764,Alexander Kobrin,Russia,2023-11,513
Q1360764,Alexander Kobrin,Russia,2023-12,498
Q1187527,Grigory Leps,Russia,2021-01,5250
Q1187527,Grigory Leps,Russia,2021-02,3255
Q1187527,Grigory Leps,Russia,2021-03,3512
Q1187527,Grigory Leps,Russia,2021-04,3195
Q1187527,Grigory Leps,Russia,2021-05,2911
Q1187527,Grigory Leps,Russia,2021-06,3646
Q1187527,Grigory Leps,Russia,2021-07,3549
Q1187527,Grigory Leps,Russia,2021-08,3294
Q1187527,Grigory Leps,Russia,2021-09,2747
Q1187527,Grigory Leps,Russia,2021-10,3108
Q1187527,Grigory Leps,Russia,2021-11,3030
Q1187527,Grigory Leps,Russia,2021-12,4902
Q1187527,Grigory Leps,Russia,2022-01,4712
Q1187527,Grigory Leps,Russia,2022-02,3461
Q1187527,Grigory Leps,Russia,2022-03,4202
Q1187527,Grigory Leps,Russia,2022-04,3348
Q1187527,Grigory Leps,Russia,2022-05,3556
Q1187527,Grigory Leps,Russia,2022-06,2572
Q1187527,Grigory Leps,Russia,2022-07,3625
Q1187527,Grigory Leps,Russia,2022-08,2686
Q1187527,Grigory Leps,Russia,2022-09,2637
Q1187527,Grigory Leps,Russia,2022-10,2607
Q1187527,Grigory Leps,Russia,2022-11,3249
Q1187527,Grigory Leps,Russia,2022-12,3820
Q1187527,Grigory Leps,Russia,2023-01,3155
Q1187527,Grigory Leps,Russia,2023-02,3779
Q1187527,Grigory Leps,Russia,2023-03,3386
Q1187527,Grigory Leps,Russia,2023-04,2502
Q1187527,Grigory Leps,Russia,2023-05,2664
Q1187527,Grigory Leps,Russia,2023-06,3309
Q1187527,Grigory Leps,Russia,2023-07,3595
Q1187527,Grigory Leps,Russia,2023-08,2496
Q1187527,Grigory Leps,Russia,2023-09,2027
Q1187527,Grigory Leps,Russia,2023-10,2490
Q1187527,Grigory Leps,Russia,2023-11,2447
Q1187527,Grigory Leps,Russia,2023-12,2808
Q1226186,Dina Ugorskaja,Russia,2021-01,291
Q1226186,Dina Ugorskaja,Russia,2021-02,288
Q1226186,Dina Ugorskaja,Russia,2021-03,290
Q1226186,Dina Ugorskaja,Russia,2021-04,270
Q1226186,Dina Ugorskaja,Russia,2021-05,265
Q1226186,Dina Ugorskaja,Russia,2021-06,205
Q1226186,Dina Ugorskaja,Russia,2021-07,200
Q1226186,Dina Ugorskaja,Russia,2021-08,217
Q1226186,Dina Ugorskaja,Russia,2021-09,194
Q1226186,Dina Ugorskaja,Russia,2021-10,236
Q1226186,Dina Ugorskaja,Russia,2021-11,192
Q1226186,Dina Ugorskaja,Russia,2021-12,207
Q1226186,Dina Ugorskaja,Russia,2022-01,225
Q1226186,Dina Ugorskaja,Russia,2022-02,194
Q1226186,Dina Ugorskaja,Russia,2022-03,262
Q1226186,Dina Ugorskaja,Russia,2022-04,227
Q1226186,Dina Ugorskaja,Russia,2022-05,190
Q1226186,Dina Ugorskaja,Russia,2022-06,158
Q1226186,Dina Ugorskaja,Russia,2022-07,173
Q1226186,Dina Ugorskaja,Russia,2022-08,331
Q1226186,Dina Ugorskaja,Russia,2022-09,196
Q1226186,Dina Ugorskaja,Russia,2022-10,193
Q1226186,Dina Ugorskaja,Russia,2022-11,269
Q1226186,Dina Ugorskaja,Russia,2022-12,157
Q1226186,Dina Ugorskaja,Russia,2023-01,191
Q1226186,Dina Ugorskaja,Russia,2023-02,125
Q1226186,Dina Ugorskaja,Russia,2023-03,175
Q1226186,Dina Ugorskaja,Russia,2023-04,205
Q1226186,Dina Ugorskaja,Russia,2023-05,183
Q1226186,Dina Ugorskaja,Russia,2023-06,158
Q1226186,Dina Ugorskaja,Russia,2023-07,120
Q1226186,Dina Ugorskaja,Russia,2023-08,143
Q1226186,Dina Ugorskaja,Russia,2023-09,1535
Q1226186,Dina Ugorskaja,Russia,2023-10,270
Q1226186,Dina Ugorskaja,Russia,2023-11,220
Q1226186,Dina Ugorskaja,Russia,2023-12,207
Q7636746,Alexander Yakovlev,Russia,2021-01,1796
Q7636746,Alexander Yakovlev,Russia,2021-02,3149
Q7636746,Alexander Yakovlev,Russia,2021-03,1849
Q7636746,Alexander Yakovlev,Russia,2021-04,3470
Q7636746,Alexander Yakovlev,Russia,2021-05,1839
Q7636746,Alexander Yakovlev,Russia,2021-06,2206
Q7636746,Alexander Yakovlev,Russia,2021-07,2746
Q7636746,Alexander Yakovlev,Russia,2021-08,1568
Q7636746,Alexander Yakovlev,Russia,2021-09,1068
Q7636746,Alexander Yakovlev,Russia,2021-10,1331
Q7636746,Alexander Yakovlev,Russia,2021-11,3932
Q7636746,Alexander Yakovlev,Russia,2021-12,1339
Q7636746,Alexander Yakovlev,Russia,2022-01,1393
Q7636746,Alexander Yakovlev,Russia,2022-02,2410
Q7636746,Alexander Yakovlev,Russia,2022-03,1982
Q7636746,Alexander Yakovlev,Russia,2022-04,1751
Q7636746,Alexander Yakovlev,Russia,2022-05,1504
Q7636746,Alexander Yakovlev,Russia,2022-06,1651
Q7636746,Alexander Yakovlev,Russia,2022-07,1270
Q7636746,Alexander Yakovlev,Russia,2022-08,2194
Q7636746,Alexander Yakovlev,Russia,2022-09,849
Q7636746,Alexander Yakovlev,Russia,2022-10,821
Q7636746,Alexander Yakovlev,Russia,2022-11,788
Q7636746,Alexander Yakovlev,Russia,2022-12,1087
Q7636746,Alexander Yakovlev,Russia,2023-01,764
Q7636746,Alexander Yakovlev,Russia,2023-02,690
Q7636746,Alexander Yakovlev,Russia,2023-03,1475
Q7636746,Alexander Yakovlev,Russia,2023-04,968
Q7636746,Alexander Yakovlev,Russia,2023-05,789
Q7636746,Alexander Yakovlev,Russia,2023-06,817
Q7636746,Alexander Yakovlev,Russia,2023-07,1108
Q7636746,Alexander Yakovlev,Russia,2023-08,702
Q7636746,Alexander Yakovlev,Russia,2023-09,807
Q7636746,Alexander Yakovlev,Russia,2023-10,1227
Q7636746,Alexander Yakovlev,Russia,2023-11,803
Q7636746,Alexander Yakovlev,Russia,2023-12,822
Q1410876,Yevgeny Gunst,Russia,2021-01,94
Q1410876,Yevgeny Gunst,Russia,2021-02,91
Q1410876,Yevgeny Gunst,Russia,2021-03,113
Q1410876,Yevgeny Gunst,Russia,2021-04,131
Q1410876,Yevgeny Gunst,Russia,2021-05,177
Q1410876,Yevgeny Gunst,Russia,2021-06,144
Q1410876,Yevgeny Gunst,Russia,2021-07,158
Q1410876,Yevgeny Gunst,Russia,2021-08,108
Q1410876,Yevgeny Gunst,Russia,2021-09,110
Q1410876,Yevgeny Gunst,Russia,2021-10,82
Q1410876,Yevgeny Gunst,Russia,2021-11,80
Q1410876,Yevgeny Gunst,Russia,2021-12,84
Q1410876,Yevgeny Gunst,Russia,2022-01,92
Q1410876,Yevgeny Gunst,Russia,2022-02,98
Q1410876,Yevgeny Gunst,Russia,2022-03,95
Q1410876,Yevgeny Gunst,Russia,2022-04,72
Q1410876,Yevgeny Gunst,Russia,2022-05,78
Q1410876,Yevgeny Gunst,Russia,2022-06,66
Q1410876,Yevgeny Gunst,Russia,2022-07,90
Q1410876,Yevgeny Gunst,Russia,2022-08,88
Q1410876,Yevgeny Gunst,Russia,2022-09,85
Q1410876,Yevgeny Gunst,Russia,2022-10,96
Q1410876,Yevgeny Gunst,Russia,2022-11,89
Q1410876,Yevgeny Gunst,Russia,2022-12,94
Q1410876,Yevgeny Gunst,Russia,2023-01,78
Q1410876,Yevgeny Gunst,Russia,2023-02,60
Q1410876,Yevgeny Gunst,Russia,2023-03,64
Q1410876,Yevgeny Gunst,Russia,2023-04,62
Q1410876,Yevgeny Gunst,Russia,2023-05,57
Q1410876,Yevgeny Gunst,Russia,2023-06,71
Q1410876,Yevgeny Gunst,Russia,2023-07,77
Q1410876,Yevgeny Gunst,Russia,2023-08,54
Q1410876,Yevgeny Gunst,Russia,2023-09,70
Q1410876,Yevgeny Gunst,Russia,2023-10,76
Q1410876,Yevgeny Gunst,Russia,2023-11,67
Q1410876,Yevgeny Gunst,Russia,2023-12,78
Q1369521,Nikolai Arnoldovich Petrov,Russia,2021-01,377
Q1369521,Nikolai Arnoldovich Petrov,Russia,2021-02,426
Q1369521,Nikolai Arnoldovich Petrov,Russia,2021-03,409
Q1369521,Nikolai Arnoldovich Petrov,Russia,2021-04,422
Q1369521,Nikolai Arnoldovich Petrov,Russia,2021-05,355
Q1369521,Nikolai Arnoldovich Petrov,Russia,2021-06,349
Q1369521,Nikolai Arnoldovich Petrov,Russia,2021-07,363
Q1369521,Nikolai Arnoldovich Petrov,Russia,2021-08,399
Q1369521,Nikolai Arnoldovich Petrov,Russia,2021-09,297
Q1369521,Nikolai Arnoldovich Petrov,Russia,2021-10,348
Q1369521,Nikolai Arnoldovich Petrov,Russia,2021-11,334
Q1369521,Nikolai Arnoldovich Petrov,Russia,2021-12,318
Q1369521,Nikolai Arnoldovich Petrov,Russia,2022-01,402
Q1369521,Nikolai Arnoldovich Petrov,Russia,2022-02,377
Q1369521,Nikolai Arnoldovich Petrov,Russia,2022-03,439
Q1369521,Nikolai Arnoldovich Petrov,Russia,2022-04,398
Q1369521,Nikolai Arnoldovich Petrov,Russia,2022-05,443
Q1369521,Nikolai Arnoldovich Petrov,Russia,2022-06,484
Q1369521,Nikolai Arnoldovich Petrov,Russia,2022-07,376
Q1369521,Nikolai Arnoldovich Petrov,Russia,2022-08,384
Q1369521,Nikolai Arnoldovich Petrov,Russia,2022-09,350
Q1369521,Nikolai Arnoldovich Petrov,Russia,2022-10,422
Q1369521,Nikolai Arnoldovich Petrov,Russia,2022-11,380
Q1369521,Nikolai Arnoldovich Petrov,Russia,2022-12,338
Q1369521,Nikolai Arnoldovich Petrov,Russia,2023-01,396
Q1369521,Nikolai Arnoldovich Petrov,Russia,2023-02,299
Q1369521,Nikolai Arnoldovich Petrov,Russia,2023-03,336
Q1369521,Nikolai Arnoldovich Petrov,Russia,2023-04,370
Q1369521,Nikolai Arnoldovich Petrov,Russia,2023-05,315
Q1369521,Nikolai Arnoldovich Petrov,Russia,2023-06,372
Q1369521,Nikolai Arnoldovich Petrov,Russia,2023-07,388
Q1369521,Nikolai Arnoldovich Petrov,Russia,2023-08,434
Q1369521,Nikolai Arnoldovich Petrov,Russia,2023-09,378
Q1369521,Nikolai Arnoldovich Petrov,Russia,2023-10,338
Q1369521,Nikolai Arnoldovich Petrov,Russia,2023-11,338
Q1369521,Nikolai Arnoldovich Petrov,Russia,2023-12,358
Q1232563,Dimitri Alexeev,Russia,2021-01,317
Q1232563,Dimitri Alexeev,Russia,2021-02,307
Q1232563,Dimitri Alexeev,Russia,2021-03,341
Q1232563,Dimitri Alexeev,Russia,2021-04,246
Q1232563,Dimitri Alexeev,Russia,2021-05,302
Q1232563,Dimitri Alexeev,Russia,2021-06,256
Q1232563,Dimitri Alexeev,Russia,2021-07,447
Q1232563,Dimitri Alexeev,Russia,2021-08,296
Q1232563,Dimitri Alexeev,Russia,2021-09,328
Q1232563,Dimitri Alexeev,Russia,2021-10,743
Q1232563,Dimitri Alexeev,Russia,2021-11,383
Q1232563,Dimitri Alexeev,Russia,2021-12,389
Q1232563,Dimitri Alexeev,Russia,2022-01,415
Q1232563,Dimitri Alexeev,Russia,2022-02,384
Q1232563,Dimitri Alexeev,Russia,2022-03,402
Q1232563,Dimitri Alexeev,Russia,2022-04,414
Q1232563,Dimitri Alexeev,Russia,2022-05,338
Q1232563,Dimitri Alexeev,Russia,2022-06,312
Q1232563,Dimitri Alexeev,Russia,2022-07,381
Q1232563,Dimitri Alexeev,Russia,2022-08,388
Q1232563,Dimitri Alexeev,Russia,2022-09,384
Q1232563,Dimitri Alexeev,Russia,2022-10,377
Q1232563,Dimitri Alexeev,Russia,2022-11,408
Q1232563,Dimitri Alexeev,Russia,2022-12,321
Q1232563,Dimitri Alexeev,Russia,2023-01,350
Q1232563,Dimitri Alexeev,Russia,2023-02,367
Q1232563,Dimitri Alexeev,Russia,2023-03,437
Q1232563,Dimitri Alexeev,Russia,2023-04,511
Q1232563,Dimitri Alexeev,Russia,2023-05,375
Q1232563,Dimitri Alexeev,Russia,2023-06,381
Q1232563,Dimitri Alexeev,Russia,2023-07,398
Q1232563,Dimitri Alexeev,Russia,2023-08,444
Q1232563,Dimitri Alexeev,Russia,2023-09,457
Q1232563,Dimitri Alexeev,Russia,2023-10,361
Q1232563,Dimitri Alexeev,Russia,2023-11,343
Q1232563,Dimitri Alexeev,Russia,2023-12,415
Q1370800,Alexander Radvilovich,Russia,2021-01,53
Q1370800,Alexander Radvilovich,Russia,2021-02,55
Q1370800,Alexander Radvilovich,Russia,2021-03,56
Q1370800,Alexander Radvilovich,Russia,2021-04,62
Q1370800,Alexander Radvilovich,Russia,2021-05,63
Q1370800,Alexander Radvilovich,Russia,2021-06,70
Q1370800,Alexander Radvilovich,Russia,2021-07,55
Q1370800,Alexander Radvilovich,Russia,2021-08,57
Q1370800,Alexander Radvilovich,Russia,2021-09,61
Q1370800,Alexander Radvilovich,Russia,2021-10,51
Q1370800,Alexander Radvilovich,Russia,2021-11,73
Q1370800,Alexander Radvilovich,Russia,2021-12,51
Q1370800,Alexander Radvilovich,Russia,2022-01,75
Q1370800,Alexander Radvilovich,Russia,2022-02,97
Q1370800,Alexander Radvilovich,Russia,2022-03,55
Q1370800,Alexander Radvilovich,Russia,2022-04,73
Q1370800,Alexander Radvilovich,Russia,2022-05,97
Q1370800,Alexander Radvilovich,Russia,2022-06,69
Q1370800,Alexander Radvilovich,Russia,2022-07,60
Q1370800,Alexander Radvilovich,Russia,2022-08,73
Q1370800,Alexander Radvilovich,Russia,2022-09,84
Q1370800,Alexander Radvilovich,Russia,2022-10,75
Q1370800,Alexander Radvilovich,Russia,2022-11,61
Q1370800,Alexander Radvilovich,Russia,2022-12,62
Q1370800,Alexander Radvilovich,Russia,2023-01,51
Q1370800,Alexander Radvilovich,Russia,2023-02,60
Q1370800,Alexander Radvilovich,Russia,2023-03,75
Q1370800,Alexander Radvilovich,Russia,2023-04,86
Q1370800,Alexander Radvilovich,Russia,2023-05,111
Q1370800,Alexander Radvilovich,Russia,2023-06,78
Q1370800,Alexander Radvilovich,Russia,2023-07,60
Q1370800,Alexander Radvilovich,Russia,2023-08,66
Q1370800,Alexander Radvilovich,Russia,2023-09,91
Q1370800,Alexander Radvilovich,Russia,2023-10,76
Q1370800,Alexander Radvilovich,Russia,2023-11,89
Q1370800,Alexander Radvilovich,Russia,2023-12,117
Q2227698,Andrey Makarevich,Russia,2021-01,2197
Q2227698,Andrey Makarevich,Russia,2021-02,1411
Q2227698,Andrey Makarevich,Russia,2021-03,1737
Q2227698,Andrey Makarevich,Russia,2021-04,1453
Q2227698,Andrey Makarevich,Russia,2021-05,1541
Q2227698,Andrey Makarevich,Russia,2021-06,1223
Q2227698,Andrey Makarevich,Russia,2021-07,1355
Q2227698,Andrey Makarevich,Russia,2021-08,1350
Q2227698,Andrey Makarevich,Russia,2021-09,1507
Q2227698,Andrey Makarevich,Russia,2021-10,1490
Q2227698,Andrey Makarevich,Russia,2021-11,1422
Q2227698,Andrey Makarevich,Russia,2021-12,1938
Q2227698,Andrey Makarevich,Russia,2022-01,1924
Q2227698,Andrey Makarevich,Russia,2022-02,2709
Q2227698,Andrey Makarevich,Russia,2022-03,5807
Q2227698,Andrey Makarevich,Russia,2022-04,8489
Q2227698,Andrey Makarevich,Russia,2022-05,3407
Q2227698,Andrey Makarevich,Russia,2022-06,2184
Q2227698,Andrey Makarevich,Russia,2022-07,2361
Q2227698,Andrey Makarevich,Russia,2022-08,2079
Q2227698,Andrey Makarevich,Russia,2022-09,3416
Q2227698,Andrey Makarevich,Russia,2022-10,2457
Q2227698,Andrey Makarevich,Russia,2022-11,4588
Q2227698,Andrey Makarevich,Russia,2022-12,3850
Q2227698,Andrey Makarevich,Russia,2023-01,2474
Q2227698,Andrey Makarevich,Russia,2023-02,3247
Q2227698,Andrey Makarevich,Russia,2023-03,3481
Q2227698,Andrey Makarevich,Russia,2023-04,2267
Q2227698,Andrey Makarevich,Russia,2023-05,1840
Q2227698,Andrey Makarevich,Russia,2023-06,1476
Q2227698,Andrey Makarevich,Russia,2023-07,1845
Q2227698,Andrey Makarevich,Russia,2023-08,1829
Q2227698,Andrey Makarevich,Russia,2023-09,4452
Q2227698,Andrey Makarevich,Russia,2023-10,3916
Q2227698,Andrey Makarevich,Russia,2023-11,3460
Q2227698,Andrey Makarevich,Russia,2023-12,3533
Q1414578,Yevgeny Krylatov,Russia,2021-01,339
Q1414578,Yevgeny Krylatov,Russia,2021-02,356
Q1414578,Yevgeny Krylatov,Russia,2021-03,342
Q1414578,Yevgeny Krylatov,Russia,2021-04,286
Q1414578,Yevgeny Krylatov,Russia,2021-05,436
Q1414578,Yevgeny Krylatov,Russia,2021-06,303
Q1414578,Yevgeny Krylatov,Russia,2021-07,279
Q1414578,Yevgeny Krylatov,Russia,2021-08,313
Q1414578,Yevgeny Krylatov,Russia,2021-09,254
Q1414578,Yevgeny Krylatov,Russia,2021-10,274
Q1414578,Yevgeny Krylatov,Russia,2021-11,284
Q1414578,Yevgeny Krylatov,Russia,2021-12,379
Q1414578,Yevgeny Krylatov,Russia,2022-01,323
Q1414578,Yevgeny Krylatov,Russia,2022-02,301
Q1414578,Yevgeny Krylatov,Russia,2022-03,400
Q1414578,Yevgeny Krylatov,Russia,2022-04,374
Q1414578,Yevgeny Krylatov,Russia,2022-05,339
Q1414578,Yevgeny Krylatov,Russia,2022-06,295
Q1414578,Yevgeny Krylatov,Russia,2022-07,287
Q1414578,Yevgeny Krylatov,Russia,2022-08,323
Q1414578,Yevgeny Krylatov,Russia,2022-09,308
Q1414578,Yevgeny Krylatov,Russia,2022-10,294
Q1414578,Yevgeny Krylatov,Russia,2022-11,269
Q1414578,Yevgeny Krylatov,Russia,2022-12,384
Q1414578,Yevgeny Krylatov,Russia,2023-01,274
Q1414578,Yevgeny Krylatov,Russia,2023-02,286
Q1414578,Yevgeny Krylatov,Russia,2023-03,296
Q1414578,Yevgeny Krylatov,Russia,2023-04,255
Q1414578,Yevgeny Krylatov,Russia,2023-05,271
Q1414578,Yevgeny Krylatov,Russia,2023-06,272
Q1414578,Yevgeny Krylatov,Russia,2023-07,211
Q1414578,Yevgeny Krylatov,Russia,2023-08,261
Q1414578,Yevgeny Krylatov,Russia,2023-09,274
Q1414578,Yevgeny Krylatov,Russia,2023-10,293
Q1414578,Yevgeny Krylatov,Russia,2023-11,308
Q1414578,Yevgeny Krylatov,Russia,2023-12,368
Q343456,Georgy Guryanov,Russia,2021-01,1371
Q343456,Georgy Guryanov,Russia,2021-02,1526
Q343456,Georgy Guryanov,Russia,2021-03,1648
Q343456,Georgy Guryanov,Russia,2021-04,1518
Q343456,Georgy Guryanov,Russia,2021-05,1539
Q343456,Georgy Guryanov,Russia,2021-06,1353
Q343456,Georgy Guryanov,Russia,2021-07,1600
Q343456,Georgy Guryanov,Russia,2021-08,2110
Q343456,Georgy Guryanov,Russia,2021-09,1773
Q343456,Georgy Guryanov,Russia,2021-10,1951
Q343456,Georgy Guryanov,Russia,2021-11,1770
Q343456,Georgy Guryanov,Russia,2021-12,1959
Q343456,Georgy Guryanov,Russia,2022-01,2099
Q343456,Georgy Guryanov,Russia,2022-02,1712
Q343456,Georgy Guryanov,Russia,2022-03,2050
Q343456,Georgy Guryanov,Russia,2022-04,1687
Q343456,Georgy Guryanov,Russia,2022-05,1585
Q343456,Georgy Guryanov,Russia,2022-06,1896
Q343456,Georgy Guryanov,Russia,2022-07,1593
Q343456,Georgy Guryanov,Russia,2022-08,2046
Q343456,Georgy Guryanov,Russia,2022-09,2244
Q343456,Georgy Guryanov,Russia,2022-10,1985
Q343456,Georgy Guryanov,Russia,2022-11,1735
Q343456,Georgy Guryanov,Russia,2022-12,1733
Q343456,Georgy Guryanov,Russia,2023-01,1876
Q343456,Georgy Guryanov,Russia,2023-02,2449
Q343456,Georgy Guryanov,Russia,2023-03,2390
Q343456,Georgy Guryanov,Russia,2023-04,1794
Q343456,Georgy Guryanov,Russia,2023-05,1879
Q343456,Georgy Guryanov,Russia,2023-06,1919
Q343456,Georgy Guryanov,Russia,2023-07,2165
Q343456,Georgy Guryanov,Russia,2023-08,2122
Q343456,Georgy Guryanov,Russia,2023-09,1925
Q343456,Georgy Guryanov,Russia,2023-10,1665
Q343456,Georgy Guryanov,Russia,2023-11,1669
Q343456,Georgy Guryanov,Russia,2023-12,1821
Q3624313,Sergey Mavrin,Russia,2021-01,354
Q3624313,Sergey Mavrin,Russia,2021-02,315
Q3624313,Sergey Mavrin,Russia,2021-03,363
Q3624313,Sergey Mavrin,Russia,2021-04,331
Q3624313,Sergey Mavrin,Russia,2021-05,301
Q3624313,Sergey Mavrin,Russia,2021-06,294
Q3624313,Sergey Mavrin,Russia,2021-07,334
Q3624313,Sergey Mavrin,Russia,2021-08,374
Q3624313,Sergey Mavrin,Russia,2021-09,402
Q3624313,Sergey Mavrin,Russia,2021-10,349
Q3624313,Sergey Mavrin,Russia,2021-11,321
Q3624313,Sergey Mavrin,Russia,2021-12,306
Q3624313,Sergey Mavrin,Russia,2022-01,396
Q3624313,Sergey Mavrin,Russia,2022-02,348
Q3624313,Sergey Mavrin,Russia,2022-03,349
Q3624313,Sergey Mavrin,Russia,2022-04,377
Q3624313,Sergey Mavrin,Russia,2022-05,373
Q3624313,Sergey Mavrin,Russia,2022-06,344
Q3624313,Sergey Mavrin,Russia,2022-07,354
Q3624313,Sergey Mavrin,Russia,2022-08,363
Q3624313,Sergey Mavrin,Russia,2022-09,321
Q3624313,Sergey Mavrin,Russia,2022-10,317
Q3624313,Sergey Mavrin,Russia,2022-11,327
Q3624313,Sergey Mavrin,Russia,2022-12,319
Q3624313,Sergey Mavrin,Russia,2023-01,337
Q3624313,Sergey Mavrin,Russia,2023-02,227
Q3624313,Sergey Mavrin,Russia,2023-03,438
Q3624313,Sergey Mavrin,Russia,2023-04,304
Q3624313,Sergey Mavrin,Russia,2023-05,363
Q3624313,Sergey Mavrin,Russia,2023-06,307
Q3624313,Sergey Mavrin,Russia,2023-07,334
Q3624313,Sergey Mavrin,Russia,2023-08,355
Q3624313,Sergey Mavrin,Russia,2023-09,361
Q3624313,Sergey Mavrin,Russia,2023-10,309
Q3624313,Sergey Mavrin,Russia,2023-11,366
Q3624313,Sergey Mavrin,Russia,2023-12,297
Q15079026,Marina Simanovskaya,Russia,2023-11,159
Q15079026,Marina Simanovskaya,Russia,2023-12,94
Q1564495,Konstantin Shamray,Russia,2021-01,181
Q1564495,Konstantin Shamray,Russia,2021-02,214
Q1564495,Konstantin Shamray,Russia,2021-03,445
Q1564495,Konstantin Shamray,Russia,2021-04,315
Q1564495,Konstantin Shamray,Russia,2021-05,396
Q1564495,Konstantin Shamray,Russia,2021-06,273
Q1564495,Konstantin Shamray,Russia,2021-07,195
Q1564495,Konstantin Shamray,Russia,2021-08,247
Q1564495,Konstantin Shamray,Russia,2021-09,402
Q1564495,Konstantin Shamray,Russia,2021-10,461
Q1564495,Konstantin Shamray,Russia,2021-11,235
Q1564495,Konstantin Shamray,Russia,2021-12,206
Q1564495,Konstantin Shamray,Russia,2022-01,227
Q1564495,Konstantin Shamray,Russia,2022-02,263
Q1564495,Konstantin Shamray,Russia,2022-03,257
Q1564495,Konstantin Shamray,Russia,2022-04,319
Q1564495,Konstantin Shamray,Russia,2022-05,239
Q1564495,Konstantin Shamray,Russia,2022-06,192
Q1564495,Konstantin Shamray,Russia,2022-07,202
Q1564495,Konstantin Shamray,Russia,2022-08,243
Q1564495,Konstantin Shamray,Russia,2022-09,224
Q1564495,Konstantin Shamray,Russia,2022-10,231
Q1564495,Konstantin Shamray,Russia,2022-11,217
Q1564495,Konstantin Shamray,Russia,2022-12,153
Q1564495,Konstantin Shamray,Russia,2023-01,175
Q1564495,Konstantin Shamray,Russia,2023-02,157
Q1564495,Konstantin Shamray,Russia,2023-03,333
Q1564495,Konstantin Shamray,Russia,2023-04,310
Q1564495,Konstantin Shamray,Russia,2023-05,317
Q1564495,Konstantin Shamray,Russia,2023-06,251
Q1564495,Konstantin Shamray,Russia,2023-07,318
Q1564495,Konstantin Shamray,Russia,2023-08,290
Q1564495,Konstantin Shamray,Russia,2023-09,222
Q1564495,Konstantin Shamray,Russia,2023-10,228
Q1564495,Konstantin Shamray,Russia,2023-11,252
Q1564495,Konstantin Shamray,Russia,2023-12,257
Q1382332,Evgeni Koroliov,Russia,2021-01,446
Q1382332,Evgeni Koroliov,Russia,2021-02,361
Q1382332,Evgeni Koroliov,Russia,2021-03,369
Q1382332,Evgeni Koroliov,Russia,2021-04,336
Q1382332,Evgeni Koroliov,Russia,2021-05,260
Q1382332,Evgeni Koroliov,Russia,2021-06,269
Q1382332,Evgeni Koroliov,Russia,2021-07,253
Q1382332,Evgeni Koroliov,Russia,2021-08,261
Q1382332,Evgeni Koroliov,Russia,2021-09,238
Q1382332,Evgeni Koroliov,Russia,2021-10,335
Q1382332,Evgeni Koroliov,Russia,2021-11,271
Q1382332,Evgeni Koroliov,Russia,2021-12,335
Q1382332,Evgeni Koroliov,Russia,2022-01,354
Q1382332,Evgeni Koroliov,Russia,2022-02,321
Q1382332,Evgeni Koroliov,Russia,2022-03,347
Q1382332,Evgeni Koroliov,Russia,2022-04,329
Q1382332,Evgeni Koroliov,Russia,2022-05,325
Q1382332,Evgeni Koroliov,Russia,2022-06,412
Q1382332,Evgeni Koroliov,Russia,2022-07,631
Q1382332,Evgeni Koroliov,Russia,2022-08,457
Q1382332,Evgeni Koroliov,Russia,2022-09,599
Q1382332,Evgeni Koroliov,Russia,2022-10,535
Q1382332,Evgeni Koroliov,Russia,2022-11,379
Q1382332,Evgeni Koroliov,Russia,2022-12,322
Q1382332,Evgeni Koroliov,Russia,2023-01,420
Q1382332,Evgeni Koroliov,Russia,2023-02,364
Q1382332,Evgeni Koroliov,Russia,2023-03,521
Q1382332,Evgeni Koroliov,Russia,2023-04,398
Q1382332,Evgeni Koroliov,Russia,2023-05,431
Q1382332,Evgeni Koroliov,Russia,2023-06,511
Q1382332,Evgeni Koroliov,Russia,2023-07,416
Q1382332,Evgeni Koroliov,Russia,2023-08,405
Q1382332,Evgeni Koroliov,Russia,2023-09,414
Q1382332,Evgeni Koroliov,Russia,2023-10,436
Q1382332,Evgeni Koroliov,Russia,2023-11,460
Q1382332,Evgeni Koroliov,Russia,2023-12,583
Q1552348,Valery Afanassiev,Russia,2021-01,430
Q1552348,Valery Afanassiev,Russia,2021-02,381
Q1552348,Valery Afanassiev,Russia,2021-03,475
Q1552348,Valery Afanassiev,Russia,2021-04,438
Q1552348,Valery Afanassiev,Russia,2021-05,420
Q1552348,Valery Afanassiev,Russia,2021-06,329
Q1552348,Valery Afanassiev,Russia,2021-07,370
Q1552348,Valery Afanassiev,Russia,2021-08,424
Q1552348,Valery Afanassiev,Russia,2021-09,420
Q1552348,Valery Afanassiev,Russia,2021-10,401
Q1552348,Valery Afanassiev,Russia,2021-11,396
Q1552348,Valery Afanassiev,Russia,2021-12,359
Q1552348,Valery Afanassiev,Russia,2022-01,393
Q1552348,Valery Afanassiev,Russia,2022-02,505
Q1552348,Valery Afanassiev,Russia,2022-03,405
Q1552348,Valery Afanassiev,Russia,2022-04,429
Q1552348,Valery Afanassiev,Russia,2022-05,478
Q1552348,Valery Afanassiev,Russia,2022-06,411
Q1552348,Valery Afanassiev,Russia,2022-07,421
Q1552348,Valery Afanassiev,Russia,2022-08,405
Q1552348,Valery Afanassiev,Russia,2022-09,411
Q1552348,Valery Afanassiev,Russia,2022-10,379
Q1552348,Valery Afanassiev,Russia,2022-11,441
Q1552348,Valery Afanassiev,Russia,2022-12,349
Q1552348,Valery Afanassiev,Russia,2023-01,339
Q1552348,Valery Afanassiev,Russia,2023-02,289
Q1552348,Valery Afanassiev,Russia,2023-03,366
Q1552348,Valery Afanassiev,Russia,2023-04,327
Q1552348,Valery Afanassiev,Russia,2023-05,370
Q1552348,Valery Afanassiev,Russia,2023-06,362
Q1552348,Valery Afanassiev,Russia,2023-07,326
Q1552348,Valery Afanassiev,Russia,2023-08,346
Q1552348,Valery Afanassiev,Russia,2023-09,396
Q1552348,Valery Afanassiev,Russia,2023-10,361
Q1552348,Valery Afanassiev,Russia,2023-11,420
Q1552348,Valery Afanassiev,Russia,2023-12,490
Q4168295,Victor Drobysh,Russia,2021-01,218
Q4168295,Victor Drobysh,Russia,2021-02,222
Q4168295,Victor Drobysh,Russia,2021-03,264
Q4168295,Victor Drobysh,Russia,2021-04,261
Q4168295,Victor Drobysh,Russia,2021-05,266
Q4168295,Victor Drobysh,Russia,2021-06,412
Q4168295,Victor Drobysh,Russia,2021-07,208
Q4168295,Victor Drobysh,Russia,2021-08,228
Q4168295,Victor Drobysh,Russia,2021-09,171
Q4168295,Victor Drobysh,Russia,2021-10,197
Q4168295,Victor Drobysh,Russia,2021-11,217
Q4168295,Victor Drobysh,Russia,2021-12,576
Q4168295,Victor Drobysh,Russia,2022-01,238
Q4168295,Victor Drobysh,Russia,2022-02,274
Q4168295,Victor Drobysh,Russia,2022-03,279
Q4168295,Victor Drobysh,Russia,2022-04,308
Q4168295,Victor Drobysh,Russia,2022-05,320
Q4168295,Victor Drobysh,Russia,2022-06,228
Q4168295,Victor Drobysh,Russia,2022-07,212
Q4168295,Victor Drobysh,Russia,2022-08,282
Q4168295,Victor Drobysh,Russia,2022-09,229
Q4168295,Victor Drobysh,Russia,2022-10,261
Q4168295,Victor Drobysh,Russia,2022-11,267
Q4168295,Victor Drobysh,Russia,2022-12,241
Q4168295,Victor Drobysh,Russia,2023-01,244
Q4168295,Victor Drobysh,Russia,2023-02,177
Q4168295,Victor Drobysh,Russia,2023-03,239
Q4168295,Victor Drobysh,Russia,2023-04,227
Q4168295,Victor Drobysh,Russia,2023-05,332
Q4168295,Victor Drobysh,Russia,2023-06,297
Q4168295,Victor Drobysh,Russia,2023-07,244
Q4168295,Victor Drobysh,Russia,2023-08,238
Q4168295,Victor Drobysh,Russia,2023-09,302
Q4168295,Victor Drobysh,Russia,2023-10,301
Q4168295,Victor Drobysh,Russia,2023-11,276
Q4168295,Victor Drobysh,Russia,2023-12,357
Q4098481,Alexander Buinov,Russia,2021-01,1319
Q4098481,Alexander Buinov,Russia,2021-02,910
Q4098481,Alexander Buinov,Russia,2021-03,1065
Q4098481,Alexander Buinov,Russia,2021-04,935
Q4098481,Alexander Buinov,Russia,2021-05,966
Q4098481,Alexander Buinov,Russia,2021-06,880
Q4098481,Alexander Buinov,Russia,2021-07,2795
Q4098481,Alexander Buinov,Russia,2021-08,1310
Q4098481,Alexander Buinov,Russia,2021-09,1004
Q4098481,Alexander Buinov,Russia,2021-10,846
Q4098481,Alexander Buinov,Russia,2021-11,828
Q4098481,Alexander Buinov,Russia,2021-12,993
Q4098481,Alexander Buinov,Russia,2022-01,1142
Q4098481,Alexander Buinov,Russia,2022-02,1560
Q4098481,Alexander Buinov,Russia,2022-03,12551
Q4098481,Alexander Buinov,Russia,2022-04,3855
Q4098481,Alexander Buinov,Russia,2022-05,2012
Q4098481,Alexander Buinov,Russia,2022-06,1019
Q4098481,Alexander Buinov,Russia,2022-07,868
Q4098481,Alexander Buinov,Russia,2022-08,1061
Q4098481,Alexander Buinov,Russia,2022-09,1514
Q4098481,Alexander Buinov,Russia,2022-10,1193
Q4098481,Alexander Buinov,Russia,2022-11,863
Q4098481,Alexander Buinov,Russia,2022-12,878
Q4098481,Alexander Buinov,Russia,2023-01,962
Q4098481,Alexander Buinov,Russia,2023-02,1016
Q4098481,Alexander Buinov,Russia,2023-03,1147
Q4098481,Alexander Buinov,Russia,2023-04,1111
Q4098481,Alexander Buinov,Russia,2023-05,1356
Q4098481,Alexander Buinov,Russia,2023-06,1359
Q4098481,Alexander Buinov,Russia,2023-07,1541
Q4098481,Alexander Buinov,Russia,2023-08,1157
Q4098481,Alexander Buinov,Russia,2023-09,1541
Q4098481,Alexander Buinov,Russia,2023-10,1350
Q4098481,Alexander Buinov,Russia,2023-11,1349
Q4098481,Alexander Buinov,Russia,2023-12,1772
Q4257946,Sergey Lemokh,Russia,2021-01,182
Q4257946,Sergey Lemokh,Russia,2021-02,124
Q4257946,Sergey Lemokh,Russia,2021-03,149
Q4257946,Sergey Lemokh,Russia,2021-04,144
Q4257946,Sergey Lemokh,Russia,2021-05,133
Q4257946,Sergey Lemokh,Russia,2021-06,127
Q4257946,Sergey Lemokh,Russia,2021-07,150
Q4257946,Sergey Lemokh,Russia,2021-08,162
Q4257946,Sergey Lemokh,Russia,2021-09,127
Q4257946,Sergey Lemokh,Russia,2021-10,158
Q4257946,Sergey Lemokh,Russia,2021-11,131
Q4257946,Sergey Lemokh,Russia,2021-12,186
Q4257946,Sergey Lemokh,Russia,2022-01,238
Q4257946,Sergey Lemokh,Russia,2022-02,128
Q4257946,Sergey Lemokh,Russia,2022-03,182
Q4257946,Sergey Lemokh,Russia,2022-04,157
Q4257946,Sergey Lemokh,Russia,2022-05,191
Q4257946,Sergey Lemokh,Russia,2022-06,168
Q4257946,Sergey Lemokh,Russia,2022-07,211
Q4257946,Sergey Lemokh,Russia,2022-08,232
Q4257946,Sergey Lemokh,Russia,2022-09,186
Q4257946,Sergey Lemokh,Russia,2022-10,165
Q4257946,Sergey Lemokh,Russia,2022-11,173
Q4257946,Sergey Lemokh,Russia,2022-12,585
Q4257946,Sergey Lemokh,Russia,2023-01,474
Q4257946,Sergey Lemokh,Russia,2023-02,157
Q4257946,Sergey Lemokh,Russia,2023-03,194
Q4257946,Sergey Lemokh,Russia,2023-04,147
Q4257946,Sergey Lemokh,Russia,2023-05,159
Q4257946,Sergey Lemokh,Russia,2023-06,170
Q4257946,Sergey Lemokh,Russia,2023-07,161
Q4257946,Sergey Lemokh,Russia,2023-08,174
Q4257946,Sergey Lemokh,Russia,2023-09,165
Q4257946,Sergey Lemokh,Russia,2023-10,169
Q4257946,Sergey Lemokh,Russia,2023-11,199
Q4257946,Sergey Lemokh,Russia,2023-12,209
Q1974797,Igor Nikolayev,Russia,2021-01,2277
Q1974797,Igor Nikolayev,Russia,2021-02,1097
Q1974797,Igor Nikolayev,Russia,2021-03,1029
Q1974797,Igor Nikolayev,Russia,2021-04,1148
Q1974797,Igor Nikolayev,Russia,2021-05,1386
Q1974797,Igor Nikolayev,Russia,2021-06,1092
Q1974797,Igor Nikolayev,Russia,2021-07,969
Q1974797,Igor Nikolayev,Russia,2021-08,1522
Q1974797,Igor Nikolayev,Russia,2021-09,1051
Q1974797,Igor Nikolayev,Russia,2021-10,1102
Q1974797,Igor Nikolayev,Russia,2021-11,1004
Q1974797,Igor Nikolayev,Russia,2021-12,1078
Q1974797,Igor Nikolayev,Russia,2022-01,1398
Q1974797,Igor Nikolayev,Russia,2022-02,825
Q1974797,Igor Nikolayev,Russia,2022-03,1151
Q1974797,Igor Nikolayev,Russia,2022-04,1030
Q1974797,Igor Nikolayev,Russia,2022-05,958
Q1974797,Igor Nikolayev,Russia,2022-06,934
Q1974797,Igor Nikolayev,Russia,2022-07,1017
Q1974797,Igor Nikolayev,Russia,2022-08,796
Q1974797,Igor Nikolayev,Russia,2022-09,859
Q1974797,Igor Nikolayev,Russia,2022-10,809
Q1974797,Igor Nikolayev,Russia,2022-11,775
Q1974797,Igor Nikolayev,Russia,2022-12,890
Q1974797,Igor Nikolayev,Russia,2023-01,4239
Q1974797,Igor Nikolayev,Russia,2023-02,920
Q1974797,Igor Nikolayev,Russia,2023-03,962
Q1974797,Igor Nikolayev,Russia,2023-04,865
Q1974797,Igor Nikolayev,Russia,2023-05,750
Q1974797,Igor Nikolayev,Russia,2023-06,783
Q1974797,Igor Nikolayev,Russia,2023-07,848
Q1974797,Igor Nikolayev,Russia,2023-08,944
Q1974797,Igor Nikolayev,Russia,2023-09,1622
Q1974797,Igor Nikolayev,Russia,2023-10,1115
Q1974797,Igor Nikolayev,Russia,2023-11,976
Q1974797,Igor Nikolayev,Russia,2023-12,1206
Q1964606,Vyacheslav Dobrynin,Russia,2021-01,1749
Q1964606,Vyacheslav Dobrynin,Russia,2021-02,509
Q1964606,Vyacheslav Dobrynin,Russia,2021-03,613
Q1964606,Vyacheslav Dobrynin,Russia,2021-04,588
Q1964606,Vyacheslav Dobrynin,Russia,2021-05,652
Q1964606,Vyacheslav Dobrynin,Russia,2021-06,335
Q1964606,Vyacheslav Dobrynin,Russia,2021-07,408
Q1964606,Vyacheslav Dobrynin,Russia,2021-08,416
Q1964606,Vyacheslav Dobrynin,Russia,2021-09,405
Q1964606,Vyacheslav Dobrynin,Russia,2021-10,313
Q1964606,Vyacheslav Dobrynin,Russia,2021-11,374
Q1964606,Vyacheslav Dobrynin,Russia,2021-12,854
Q1964606,Vyacheslav Dobrynin,Russia,2022-01,565
Q1964606,Vyacheslav Dobrynin,Russia,2022-02,805
Q1964606,Vyacheslav Dobrynin,Russia,2022-03,513
Q1964606,Vyacheslav Dobrynin,Russia,2022-04,520
Q1964606,Vyacheslav Dobrynin,Russia,2022-05,554
Q1964606,Vyacheslav Dobrynin,Russia,2022-06,525
Q1964606,Vyacheslav Dobrynin,Russia,2022-07,425
Q1964606,Vyacheslav Dobrynin,Russia,2022-08,424
Q1964606,Vyacheslav Dobrynin,Russia,2022-09,441
Q1964606,Vyacheslav Dobrynin,Russia,2022-10,699
Q1964606,Vyacheslav Dobrynin,Russia,2022-11,456
Q1964606,Vyacheslav Dobrynin,Russia,2022-12,446
Q1964606,Vyacheslav Dobrynin,Russia,2023-01,619
Q1964606,Vyacheslav Dobrynin,Russia,2023-02,379
Q1964606,Vyacheslav Dobrynin,Russia,2023-03,380
Q1964606,Vyacheslav Dobrynin,Russia,2023-04,395
Q1964606,Vyacheslav Dobrynin,Russia,2023-05,428
Q1964606,Vyacheslav Dobrynin,Russia,2023-06,404
Q1964606,Vyacheslav Dobrynin,Russia,2023-07,526
Q1964606,Vyacheslav Dobrynin,Russia,2023-08,537
Q1964606,Vyacheslav Dobrynin,Russia,2023-09,527
Q1964606,Vyacheslav Dobrynin,Russia,2023-10,800
Q1964606,Vyacheslav Dobrynin,Russia,2023-11,1239
Q1964606,Vyacheslav Dobrynin,Russia,2023-12,1223
Q1961524,Oleg Mityaev,Russia,2021-01,214
Q1961524,Oleg Mityaev,Russia,2021-02,220
Q1961524,Oleg Mityaev,Russia,2021-03,204
Q1961524,Oleg Mityaev,Russia,2021-04,228
Q1961524,Oleg Mityaev,Russia,2021-05,205
Q1961524,Oleg Mityaev,Russia,2021-06,167
Q1961524,Oleg Mityaev,Russia,2021-07,203
Q1961524,Oleg Mityaev,Russia,2021-08,199
Q1961524,Oleg Mityaev,Russia,2021-09,223
Q1961524,Oleg Mityaev,Russia,2021-10,178
Q1961524,Oleg Mityaev,Russia,2021-11,228
Q1961524,Oleg Mityaev,Russia,2021-12,243
Q1961524,Oleg Mityaev,Russia,2022-01,305
Q1961524,Oleg Mityaev,Russia,2022-02,223
Q1961524,Oleg Mityaev,Russia,2022-03,12403
Q1961524,Oleg Mityaev,Russia,2022-04,498
Q1961524,Oleg Mityaev,Russia,2022-05,420
Q1961524,Oleg Mityaev,Russia,2022-06,411
Q1961524,Oleg Mityaev,Russia,2022-07,265
Q1961524,Oleg Mityaev,Russia,2022-08,272
Q1961524,Oleg Mityaev,Russia,2022-09,275
Q1961524,Oleg Mityaev,Russia,2022-10,324
Q1961524,Oleg Mityaev,Russia,2022-11,482
Q1961524,Oleg Mityaev,Russia,2022-12,345
Q1961524,Oleg Mityaev,Russia,2023-01,346
Q1961524,Oleg Mityaev,Russia,2023-02,300
Q1961524,Oleg Mityaev,Russia,2023-03,361
Q1961524,Oleg Mityaev,Russia,2023-04,212
Q1961524,Oleg Mityaev,Russia,2023-05,342
Q1961524,Oleg Mityaev,Russia,2023-06,330
Q1961524,Oleg Mityaev,Russia,2023-07,372
Q1961524,Oleg Mityaev,Russia,2023-08,282
Q1961524,Oleg Mityaev,Russia,2023-09,291
Q1961524,Oleg Mityaev,Russia,2023-10,302
Q1961524,Oleg Mityaev,Russia,2023-11,249
Q1961524,Oleg Mityaev,Russia,2023-12,201
Q4307871,Ruslan Muratov,Russia,2021-01,62
Q4307871,Ruslan Muratov,Russia,2021-02,57
Q4307871,Ruslan Muratov,Russia,2021-03,59
Q4307871,Ruslan Muratov,Russia,2021-04,106
Q4307871,Ruslan Muratov,Russia,2021-05,108
Q4307871,Ruslan Muratov,Russia,2021-06,81
Q4307871,Ruslan Muratov,Russia,2021-07,77
Q4307871,Ruslan Muratov,Russia,2021-08,85
Q4307871,Ruslan Muratov,Russia,2021-09,60
Q4307871,Ruslan Muratov,Russia,2021-10,55
Q4307871,Ruslan Muratov,Russia,2021-11,50
Q4307871,Ruslan Muratov,Russia,2021-12,63
Q4307871,Ruslan Muratov,Russia,2022-01,61
Q4307871,Ruslan Muratov,Russia,2022-02,92
Q4307871,Ruslan Muratov,Russia,2022-03,96
Q4307871,Ruslan Muratov,Russia,2022-04,85
Q4307871,Ruslan Muratov,Russia,2022-05,100
Q4307871,Ruslan Muratov,Russia,2022-06,78
Q4307871,Ruslan Muratov,Russia,2022-07,91
Q4307871,Ruslan Muratov,Russia,2022-08,85
Q4307871,Ruslan Muratov,Russia,2022-09,80
Q4307871,Ruslan Muratov,Russia,2022-10,65
Q4307871,Ruslan Muratov,Russia,2022-11,85
Q4307871,Ruslan Muratov,Russia,2022-12,88
Q4307871,Ruslan Muratov,Russia,2023-01,102
Q4307871,Ruslan Muratov,Russia,2023-02,63
Q4307871,Ruslan Muratov,Russia,2023-03,71
Q4307871,Ruslan Muratov,Russia,2023-04,72
Q4307871,Ruslan Muratov,Russia,2023-05,60
Q4307871,Ruslan Muratov,Russia,2023-06,67
Q4307871,Ruslan Muratov,Russia,2023-07,55
Q4307871,Ruslan Muratov,Russia,2023-08,69
Q4307871,Ruslan Muratov,Russia,2023-09,75
Q4307871,Ruslan Muratov,Russia,2023-10,73
Q4307871,Ruslan Muratov,Russia,2023-11,68
Q4307871,Ruslan Muratov,Russia,2023-12,92
Q4367407,Pyotr Podgorodetsky,Russia,2021-01,164
Q4367407,Pyotr Podgorodetsky,Russia,2021-02,111
Q4367407,Pyotr Podgorodetsky,Russia,2021-03,138
Q4367407,Pyotr Podgorodetsky,Russia,2021-04,150
Q4367407,Pyotr Podgorodetsky,Russia,2021-05,144
Q4367407,Pyotr Podgorodetsky,Russia,2021-06,135
Q4367407,Pyotr Podgorodetsky,Russia,2021-07,132
Q4367407,Pyotr Podgorodetsky,Russia,2021-08,135
Q4367407,Pyotr Podgorodetsky,Russia,2021-09,135
Q4367407,Pyotr Podgorodetsky,Russia,2021-10,105
Q4367407,Pyotr Podgorodetsky,Russia,2021-11,92
Q4367407,Pyotr Podgorodetsky,Russia,2021-12,98
Q4367407,Pyotr Podgorodetsky,Russia,2022-01,129
Q4367407,Pyotr Podgorodetsky,Russia,2022-02,112
Q4367407,Pyotr Podgorodetsky,Russia,2022-03,127
Q4367407,Pyotr Podgorodetsky,Russia,2022-04,133
Q4367407,Pyotr Podgorodetsky,Russia,2022-05,154
Q4367407,Pyotr Podgorodetsky,Russia,2022-06,118
Q4367407,Pyotr Podgorodetsky,Russia,2022-07,134
Q4367407,Pyotr Podgorodetsky,Russia,2022-08,126
Q4367407,Pyotr Podgorodetsky,Russia,2022-09,108
Q4367407,Pyotr Podgorodetsky,Russia,2022-10,147
Q4367407,Pyotr Podgorodetsky,Russia,2022-11,121
Q4367407,Pyotr Podgorodetsky,Russia,2022-12,132
Q4367407,Pyotr Podgorodetsky,Russia,2023-01,115
Q4367407,Pyotr Podgorodetsky,Russia,2023-02,168
Q4367407,Pyotr Podgorodetsky,Russia,2023-03,191
Q4367407,Pyotr Podgorodetsky,Russia,2023-04,151
Q4367407,Pyotr Podgorodetsky,Russia,2023-05,138
Q4367407,Pyotr Podgorodetsky,Russia,2023-06,135
Q4367407,Pyotr Podgorodetsky,Russia,2023-07,114
Q4367407,Pyotr Podgorodetsky,Russia,2023-08,156
Q4367407,Pyotr Podgorodetsky,Russia,2023-09,173
Q4367407,Pyotr Podgorodetsky,Russia,2023-10,182
Q4367407,Pyotr Podgorodetsky,Russia,2023-11,134
Q4367407,Pyotr Podgorodetsky,Russia,2023-12,170
Q4377453,Vladimir Presnyakov Jr,Russia,2021-01,1949
Q4377453,Vladimir Presnyakov Jr,Russia,2021-02,784
Q4377453,Vladimir Presnyakov Jr,Russia,2021-03,1136
Q4377453,Vladimir Presnyakov Jr,Russia,2021-04,942
Q4377453,Vladimir Presnyakov Jr,Russia,2021-05,1023
Q4377453,Vladimir Presnyakov Jr,Russia,2021-06,701
Q4377453,Vladimir Presnyakov Jr,Russia,2021-07,668
Q4377453,Vladimir Presnyakov Jr,Russia,2021-08,695
Q4377453,Vladimir Presnyakov Jr,Russia,2021-09,663
Q4377453,Vladimir Presnyakov Jr,Russia,2021-10,720
Q4377453,Vladimir Presnyakov Jr,Russia,2021-11,706
Q4377453,Vladimir Presnyakov Jr,Russia,2021-12,1230
Q4377453,Vladimir Presnyakov Jr,Russia,2022-01,1523
Q4377453,Vladimir Presnyakov Jr,Russia,2022-02,846
Q4377453,Vladimir Presnyakov Jr,Russia,2022-03,981
Q4377453,Vladimir Presnyakov Jr,Russia,2022-04,996
Q4377453,Vladimir Presnyakov Jr,Russia,2022-05,875
Q4377453,Vladimir Presnyakov Jr,Russia,2022-06,728
Q4377453,Vladimir Presnyakov Jr,Russia,2022-07,665
Q4377453,Vladimir Presnyakov Jr,Russia,2022-08,951
Q4377453,Vladimir Presnyakov Jr,Russia,2022-09,1193
Q4377453,Vladimir Presnyakov Jr,Russia,2022-10,1214
Q4377453,Vladimir Presnyakov Jr,Russia,2022-11,893
Q4377453,Vladimir Presnyakov Jr,Russia,2022-12,981
Q4377453,Vladimir Presnyakov Jr,Russia,2023-01,1259
Q4377453,Vladimir Presnyakov Jr,Russia,2023-02,900
Q4377453,Vladimir Presnyakov Jr,Russia,2023-03,1422
Q4377453,Vladimir Presnyakov Jr,Russia,2023-04,1461
Q4377453,Vladimir Presnyakov Jr,Russia,2023-05,1121
Q4377453,Vladimir Presnyakov Jr,Russia,2023-06,956
Q4377453,Vladimir Presnyakov Jr,Russia,2023-07,1452
Q4377453,Vladimir Presnyakov Jr,Russia,2023-08,1201
Q4377453,Vladimir Presnyakov Jr,Russia,2023-09,1020
Q4377453,Vladimir Presnyakov Jr,Russia,2023-10,1260
Q4377453,Vladimir Presnyakov Jr,Russia,2023-11,1242
Q4377453,Vladimir Presnyakov Jr,Russia,2023-12,1459
Q2038724,Vyacheslav Ganelin,Russia,2021-01,271
Q2038724,Vyacheslav Ganelin,Russia,2021-02,233
Q2038724,Vyacheslav Ganelin,Russia,2021-03,267
Q2038724,Vyacheslav Ganelin,Russia,2021-04,327
Q2038724,Vyacheslav Ganelin,Russia,2021-05,297
Q2038724,Vyacheslav Ganelin,Russia,2021-06,247
Q2038724,Vyacheslav Ganelin,Russia,2021-07,305
Q2038724,Vyacheslav Ganelin,Russia,2021-08,402
Q2038724,Vyacheslav Ganelin,Russia,2021-09,351
Q2038724,Vyacheslav Ganelin,Russia,2021-10,380
Q2038724,Vyacheslav Ganelin,Russia,2021-11,415
Q2038724,Vyacheslav Ganelin,Russia,2021-12,400
Q2038724,Vyacheslav Ganelin,Russia,2022-01,430
Q2038724,Vyacheslav Ganelin,Russia,2022-02,327
Q2038724,Vyacheslav Ganelin,Russia,2022-03,343
Q2038724,Vyacheslav Ganelin,Russia,2022-04,287
Q2038724,Vyacheslav Ganelin,Russia,2022-05,310
Q2038724,Vyacheslav Ganelin,Russia,2022-06,328
Q2038724,Vyacheslav Ganelin,Russia,2022-07,285
Q2038724,Vyacheslav Ganelin,Russia,2022-08,284
Q2038724,Vyacheslav Ganelin,Russia,2022-09,279
Q2038724,Vyacheslav Ganelin,Russia,2022-10,288
Q2038724,Vyacheslav Ganelin,Russia,2022-11,281
Q2038724,Vyacheslav Ganelin,Russia,2022-12,325
Q2038724,Vyacheslav Ganelin,Russia,2023-01,312
Q2038724,Vyacheslav Ganelin,Russia,2023-02,277
Q2038724,Vyacheslav Ganelin,Russia,2023-03,280
Q2038724,Vyacheslav Ganelin,Russia,2023-04,267
Q2038724,Vyacheslav Ganelin,Russia,2023-05,326
Q2038724,Vyacheslav Ganelin,Russia,2023-06,307
Q2038724,Vyacheslav Ganelin,Russia,2023-07,307
Q2038724,Vyacheslav Ganelin,Russia,2023-08,306
Q2038724,Vyacheslav Ganelin,Russia,2023-09,316
Q2038724,Vyacheslav Ganelin,Russia,2023-10,307
Q2038724,Vyacheslav Ganelin,Russia,2023-11,315
Q2038724,Vyacheslav Ganelin,Russia,2023-12,387
Q2037002,Alexander Satz,Russia,2021-01,134
Q2037002,Alexander Satz,Russia,2021-02,100
Q2037002,Alexander Satz,Russia,2021-03,108
Q2037002,Alexander Satz,Russia,2021-04,111
Q2037002,Alexander Satz,Russia,2021-05,116
Q2037002,Alexander Satz,Russia,2021-06,122
Q2037002,Alexander Satz,Russia,2021-07,117
Q2037002,Alexander Satz,Russia,2021-08,126
Q2037002,Alexander Satz,Russia,2021-09,113
Q2037002,Alexander Satz,Russia,2021-10,123
Q2037002,Alexander Satz,Russia,2021-11,101
Q2037002,Alexander Satz,Russia,2021-12,95
Q2037002,Alexander Satz,Russia,2022-01,122
Q2037002,Alexander Satz,Russia,2022-02,102
Q2037002,Alexander Satz,Russia,2022-03,173
Q2037002,Alexander Satz,Russia,2022-04,103
Q2037002,Alexander Satz,Russia,2022-05,121
Q2037002,Alexander Satz,Russia,2022-06,119
Q2037002,Alexander Satz,Russia,2022-07,122
Q2037002,Alexander Satz,Russia,2022-08,130
Q2037002,Alexander Satz,Russia,2022-09,97
Q2037002,Alexander Satz,Russia,2022-10,112
Q2037002,Alexander Satz,Russia,2022-11,100
Q2037002,Alexander Satz,Russia,2022-12,102
Q2037002,Alexander Satz,Russia,2023-01,118
Q2037002,Alexander Satz,Russia,2023-02,81
Q2037002,Alexander Satz,Russia,2023-03,138
Q2037002,Alexander Satz,Russia,2023-04,83
Q2037002,Alexander Satz,Russia,2023-05,121
Q2037002,Alexander Satz,Russia,2023-06,123
Q2037002,Alexander Satz,Russia,2023-07,100
Q2037002,Alexander Satz,Russia,2023-08,245
Q2037002,Alexander Satz,Russia,2023-09,107
Q2037002,Alexander Satz,Russia,2023-10,102
Q2037002,Alexander Satz,Russia,2023-11,118
Q2037002,Alexander Satz,Russia,2023-12,145
Q2019718,Olga Scheps,Russia,2021-01,3581
Q2019718,Olga Scheps,Russia,2021-02,2851
Q2019718,Olga Scheps,Russia,2021-03,2904
Q2019718,Olga Scheps,Russia,2021-04,2794
Q2019718,Olga Scheps,Russia,2021-05,2021
Q2019718,Olga Scheps,Russia,2021-06,1841
Q2019718,Olga Scheps,Russia,2021-07,1769
Q2019718,Olga Scheps,Russia,2021-08,1809
Q2019718,Olga Scheps,Russia,2021-09,1860
Q2019718,Olga Scheps,Russia,2021-10,2072
Q2019718,Olga Scheps,Russia,2021-11,2088
Q2019718,Olga Scheps,Russia,2021-12,2144
Q2019718,Olga Scheps,Russia,2022-01,2425
Q2019718,Olga Scheps,Russia,2022-02,1765
Q2019718,Olga Scheps,Russia,2022-03,2040
Q2019718,Olga Scheps,Russia,2022-04,1979
Q2019718,Olga Scheps,Russia,2022-05,2199
Q2019718,Olga Scheps,Russia,2022-06,1739
Q2019718,Olga Scheps,Russia,2022-07,1663
Q2019718,Olga Scheps,Russia,2022-08,1808
Q2019718,Olga Scheps,Russia,2022-09,1880
Q2019718,Olga Scheps,Russia,2022-10,2066
Q2019718,Olga Scheps,Russia,2022-11,1723
Q2019718,Olga Scheps,Russia,2022-12,1777
Q2019718,Olga Scheps,Russia,2023-01,2084
Q2019718,Olga Scheps,Russia,2023-02,2897
Q2019718,Olga Scheps,Russia,2023-03,2781
Q2019718,Olga Scheps,Russia,2023-04,1900
Q2019718,Olga Scheps,Russia,2023-05,2841
Q2019718,Olga Scheps,Russia,2023-06,2065
Q2019718,Olga Scheps,Russia,2023-07,1805
Q2019718,Olga Scheps,Russia,2023-08,1878
Q2019718,Olga Scheps,Russia,2023-09,2303
Q2019718,Olga Scheps,Russia,2023-10,2176
Q2019718,Olga Scheps,Russia,2023-11,1782
Q2019718,Olga Scheps,Russia,2023-12,1756
Q1713879,Yuri Rozum,Russia,2021-01,162
Q1713879,Yuri Rozum,Russia,2021-02,114
Q1713879,Yuri Rozum,Russia,2021-03,137
Q1713879,Yuri Rozum,Russia,2021-04,170
Q1713879,Yuri Rozum,Russia,2021-05,161
Q1713879,Yuri Rozum,Russia,2021-06,136
Q1713879,Yuri Rozum,Russia,2021-07,123
Q1713879,Yuri Rozum,Russia,2021-08,123
Q1713879,Yuri Rozum,Russia,2021-09,171
Q1713879,Yuri Rozum,Russia,2021-10,117
Q1713879,Yuri Rozum,Russia,2021-11,143
Q1713879,Yuri Rozum,Russia,2021-12,127
Q1713879,Yuri Rozum,Russia,2022-01,135
Q1713879,Yuri Rozum,Russia,2022-02,117
Q1713879,Yuri Rozum,Russia,2022-03,171
Q1713879,Yuri Rozum,Russia,2022-04,157
Q1713879,Yuri Rozum,Russia,2022-05,145
Q1713879,Yuri Rozum,Russia,2022-06,133
Q1713879,Yuri Rozum,Russia,2022-07,154
Q1713879,Yuri Rozum,Russia,2022-08,150
Q1713879,Yuri Rozum,Russia,2022-09,130
Q1713879,Yuri Rozum,Russia,2022-10,123
Q1713879,Yuri Rozum,Russia,2022-11,105
Q1713879,Yuri Rozum,Russia,2022-12,124
Q1713879,Yuri Rozum,Russia,2023-01,84
Q1713879,Yuri Rozum,Russia,2023-02,69
Q1713879,Yuri Rozum,Russia,2023-03,103
Q1713879,Yuri Rozum,Russia,2023-04,114
Q1713879,Yuri Rozum,Russia,2023-05,93
Q1713879,Yuri Rozum,Russia,2023-06,92
Q1713879,Yuri Rozum,Russia,2023-07,83
Q1713879,Yuri Rozum,Russia,2023-08,91
Q1713879,Yuri Rozum,Russia,2023-09,85
Q1713879,Yuri Rozum,Russia,2023-10,68
Q1713879,Yuri Rozum,Russia,2023-11,84
Q1713879,Yuri Rozum,Russia,2023-12,82
Q1713908,Yuri Khanon,Russia,2021-01,255
Q1713908,Yuri Khanon,Russia,2021-02,208
Q1713908,Yuri Khanon,Russia,2021-03,226
Q1713908,Yuri Khanon,Russia,2021-04,376
Q1713908,Yuri Khanon,Russia,2021-05,273
Q1713908,Yuri Khanon,Russia,2021-06,182
Q1713908,Yuri Khanon,Russia,2021-07,190
Q1713908,Yuri Khanon,Russia,2021-08,206
Q1713908,Yuri Khanon,Russia,2021-09,171
Q1713908,Yuri Khanon,Russia,2021-10,943
Q1713908,Yuri Khanon,Russia,2021-11,309
Q1713908,Yuri Khanon,Russia,2021-12,225
Q1713908,Yuri Khanon,Russia,2022-01,283
Q1713908,Yuri Khanon,Russia,2022-02,245
Q1713908,Yuri Khanon,Russia,2022-03,289
Q1713908,Yuri Khanon,Russia,2022-04,216
Q1713908,Yuri Khanon,Russia,2022-05,209
Q1713908,Yuri Khanon,Russia,2022-06,208
Q1713908,Yuri Khanon,Russia,2022-07,239
Q1713908,Yuri Khanon,Russia,2022-08,228
Q1713908,Yuri Khanon,Russia,2022-09,254
Q1713908,Yuri Khanon,Russia,2022-10,225
Q1713908,Yuri Khanon,Russia,2022-11,189
Q1713908,Yuri Khanon,Russia,2022-12,195
Q1713908,Yuri Khanon,Russia,2023-01,240
Q1713908,Yuri Khanon,Russia,2023-02,171
Q1713908,Yuri Khanon,Russia,2023-03,201
Q1713908,Yuri Khanon,Russia,2023-04,201
Q1713908,Yuri Khanon,Russia,2023-05,182
Q1713908,Yuri Khanon,Russia,2023-06,189
Q1713908,Yuri Khanon,Russia,2023-07,190
Q1713908,Yuri Khanon,Russia,2023-08,220
Q1713908,Yuri Khanon,Russia,2023-09,213
Q1713908,Yuri Khanon,Russia,2023-10,211
Q1713908,Yuri Khanon,Russia,2023-11,214
Q1713908,Yuri Khanon,Russia,2023-12,357
Q4318596,Masa Niemi,Russia,2021-01,213
Q4318596,Masa Niemi,Russia,2021-02,187
Q4318596,Masa Niemi,Russia,2021-03,202
Q4318596,Masa Niemi,Russia,2021-04,260
Q4318596,Masa Niemi,Russia,2021-05,207
Q4318596,Masa Niemi,Russia,2021-06,222
Q4318596,Masa Niemi,Russia,2021-07,240
Q4318596,Masa Niemi,Russia,2021-08,166
Q4318596,Masa Niemi,Russia,2021-09,244
Q4318596,Masa Niemi,Russia,2021-10,206
Q4318596,Masa Niemi,Russia,2021-11,156
Q4318596,Masa Niemi,Russia,2021-12,251
Q4318596,Masa Niemi,Russia,2022-01,155
Q4318596,Masa Niemi,Russia,2022-02,212
Q4318596,Masa Niemi,Russia,2022-03,205
Q4318596,Masa Niemi,Russia,2022-04,217
Q4318596,Masa Niemi,Russia,2022-05,209
Q4318596,Masa Niemi,Russia,2022-06,206
Q4318596,Masa Niemi,Russia,2022-07,308
Q4318596,Masa Niemi,Russia,2022-08,232
Q4318596,Masa Niemi,Russia,2022-09,217
Q4318596,Masa Niemi,Russia,2022-10,183
Q4318596,Masa Niemi,Russia,2022-11,151
Q4318596,Masa Niemi,Russia,2022-12,173
Q4318596,Masa Niemi,Russia,2023-01,236
Q4318596,Masa Niemi,Russia,2023-02,158
Q4318596,Masa Niemi,Russia,2023-03,150
Q4318596,Masa Niemi,Russia,2023-04,169
Q4318596,Masa Niemi,Russia,2023-05,175
Q4318596,Masa Niemi,Russia,2023-06,175
Q4318596,Masa Niemi,Russia,2023-07,179
Q4318596,Masa Niemi,Russia,2023-08,165
Q4318596,Masa Niemi,Russia,2023-09,161
Q4318596,Masa Niemi,Russia,2023-10,204
Q4318596,Masa Niemi,Russia,2023-11,182
Q4318596,Masa Niemi,Russia,2023-12,180
Q24010620,Oleg Yemirov,Russia,2021-12,3463
Q24010620,Oleg Yemirov,Russia,2022-01,1896
Q24010620,Oleg Yemirov,Russia,2022-02,104
Q24010620,Oleg Yemirov,Russia,2022-03,111
Q24010620,Oleg Yemirov,Russia,2022-04,76
Q24010620,Oleg Yemirov,Russia,2022-05,75
Q24010620,Oleg Yemirov,Russia,2022-06,73
Q24010620,Oleg Yemirov,Russia,2022-07,75
Q24010620,Oleg Yemirov,Russia,2022-08,78
Q24010620,Oleg Yemirov,Russia,2022-09,78
Q24010620,Oleg Yemirov,Russia,2022-10,100
Q24010620,Oleg Yemirov,Russia,2022-11,102
Q24010620,Oleg Yemirov,Russia,2022-12,102
Q24010620,Oleg Yemirov,Russia,2023-01,199
Q24010620,Oleg Yemirov,Russia,2023-02,122
Q24010620,Oleg Yemirov,Russia,2023-03,220
Q24010620,Oleg Yemirov,Russia,2023-04,79
Q24010620,Oleg Yemirov,Russia,2023-05,77
Q24010620,Oleg Yemirov,Russia,2023-06,84
Q24010620,Oleg Yemirov,Russia,2023-07,67
Q24010620,Oleg Yemirov,Russia,2023-08,77
Q24010620,Oleg Yemirov,Russia,2023-09,91
Q24010620,Oleg Yemirov,Russia,2023-10,67
Q24010620,Oleg Yemirov,Russia,2023-11,74
Q24010620,Oleg Yemirov,Russia,2023-12,71
Q1885948,Vladimir Ovchinnikov,Russia,2021-01,379
Q1885948,Vladimir Ovchinnikov,Russia,2021-02,334
Q1885948,Vladimir Ovchinnikov,Russia,2021-03,378
Q1885948,Vladimir Ovchinnikov,Russia,2021-04,402
Q1885948,Vladimir Ovchinnikov,Russia,2021-05,426
Q1885948,Vladimir Ovchinnikov,Russia,2021-06,328
Q1885948,Vladimir Ovchinnikov,Russia,2021-07,385
Q1885948,Vladimir Ovchinnikov,Russia,2021-08,438
Q1885948,Vladimir Ovchinnikov,Russia,2021-09,367
Q1885948,Vladimir Ovchinnikov,Russia,2021-10,583
Q1885948,Vladimir Ovchinnikov,Russia,2021-11,358
Q1885948,Vladimir Ovchinnikov,Russia,2021-12,328
Q1885948,Vladimir Ovchinnikov,Russia,2022-01,399
Q1885948,Vladimir Ovchinnikov,Russia,2022-02,369
Q1885948,Vladimir Ovchinnikov,Russia,2022-03,353
Q1885948,Vladimir Ovchinnikov,Russia,2022-04,379
Q1885948,Vladimir Ovchinnikov,Russia,2022-05,364
Q1885948,Vladimir Ovchinnikov,Russia,2022-06,402
Q1885948,Vladimir Ovchinnikov,Russia,2022-07,333
Q1885948,Vladimir Ovchinnikov,Russia,2022-08,352
Q1885948,Vladimir Ovchinnikov,Russia,2022-09,291
Q1885948,Vladimir Ovchinnikov,Russia,2022-10,313
Q1885948,Vladimir Ovchinnikov,Russia,2022-11,319
Q1885948,Vladimir Ovchinnikov,Russia,2022-12,330
Q1885948,Vladimir Ovchinnikov,Russia,2023-01,352
Q1885948,Vladimir Ovchinnikov,Russia,2023-02,310
Q1885948,Vladimir Ovchinnikov,Russia,2023-03,271
Q1885948,Vladimir Ovchinnikov,Russia,2023-04,260
Q1885948,Vladimir Ovchinnikov,Russia,2023-05,322
Q1885948,Vladimir Ovchinnikov,Russia,2023-06,367
Q1885948,Vladimir Ovchinnikov,Russia,2023-07,271
Q1885948,Vladimir Ovchinnikov,Russia,2023-08,264
Q1885948,Vladimir Ovchinnikov,Russia,2023-09,248
Q1885948,Vladimir Ovchinnikov,Russia,2023-10,238
Q1885948,Vladimir Ovchinnikov,Russia,2023-11,226
Q1885948,Vladimir Ovchinnikov,Russia,2023-12,261
Q4383737,Oleg Pungin,Russia,2021-01,56
Q4383737,Oleg Pungin,Russia,2021-02,70
Q4383737,Oleg Pungin,Russia,2021-03,76
Q4383737,Oleg Pungin,Russia,2021-04,60
Q4383737,Oleg Pungin,Russia,2021-05,61
Q4383737,Oleg Pungin,Russia,2021-06,74
Q4383737,Oleg Pungin,Russia,2021-07,64
Q4383737,Oleg Pungin,Russia,2021-08,96
Q4383737,Oleg Pungin,Russia,2021-09,73
Q4383737,Oleg Pungin,Russia,2021-10,63
Q4383737,Oleg Pungin,Russia,2021-11,72
Q4383737,Oleg Pungin,Russia,2021-12,121
Q4383737,Oleg Pungin,Russia,2022-01,114
Q4383737,Oleg Pungin,Russia,2022-02,128
Q4383737,Oleg Pungin,Russia,2022-03,117
Q4383737,Oleg Pungin,Russia,2022-04,72
Q4383737,Oleg Pungin,Russia,2022-05,85
Q4383737,Oleg Pungin,Russia,2022-06,73
Q4383737,Oleg Pungin,Russia,2022-07,77
Q4383737,Oleg Pungin,Russia,2022-08,124
Q4383737,Oleg Pungin,Russia,2022-09,70
Q4383737,Oleg Pungin,Russia,2022-10,62
Q4383737,Oleg Pungin,Russia,2022-11,85
Q4383737,Oleg Pungin,Russia,2022-12,91
Q4383737,Oleg Pungin,Russia,2023-01,81
Q4383737,Oleg Pungin,Russia,2023-02,77
Q4383737,Oleg Pungin,Russia,2023-03,68
Q4383737,Oleg Pungin,Russia,2023-04,57
Q4383737,Oleg Pungin,Russia,2023-05,78
Q4383737,Oleg Pungin,Russia,2023-06,75
Q4383737,Oleg Pungin,Russia,2023-07,75
Q4383737,Oleg Pungin,Russia,2023-08,79
Q4383737,Oleg Pungin,Russia,2023-09,85
Q4383737,Oleg Pungin,Russia,2023-10,95
Q4383737,Oleg Pungin,Russia,2023-11,124
Q4383737,Oleg Pungin,Russia,2023-12,185
Q1900092,Mark Hambourg,Russia,2021-01,591
Q1900092,Mark Hambourg,Russia,2021-02,342
Q1900092,Mark Hambourg,Russia,2021-03,320
Q1900092,Mark Hambourg,Russia,2021-04,357
Q1900092,Mark Hambourg,Russia,2021-05,430
Q1900092,Mark Hambourg,Russia,2021-06,241
Q1900092,Mark Hambourg,Russia,2021-07,375
Q1900092,Mark Hambourg,Russia,2021-08,406
Q1900092,Mark Hambourg,Russia,2021-09,378
Q1900092,Mark Hambourg,Russia,2021-10,384
Q1900092,Mark Hambourg,Russia,2021-11,277
Q1900092,Mark Hambourg,Russia,2021-12,273
Q1900092,Mark Hambourg,Russia,2022-01,554
Q1900092,Mark Hambourg,Russia,2022-02,569
Q1900092,Mark Hambourg,Russia,2022-03,401
Q1900092,Mark Hambourg,Russia,2022-04,384
Q1900092,Mark Hambourg,Russia,2022-05,597
Q1900092,Mark Hambourg,Russia,2022-06,379
Q1900092,Mark Hambourg,Russia,2022-07,584
Q1900092,Mark Hambourg,Russia,2022-08,475
Q1900092,Mark Hambourg,Russia,2022-09,343
Q1900092,Mark Hambourg,Russia,2022-10,514
Q1900092,Mark Hambourg,Russia,2022-11,463
Q1900092,Mark Hambourg,Russia,2022-12,373
Q1900092,Mark Hambourg,Russia,2023-01,372
Q1900092,Mark Hambourg,Russia,2023-02,355
Q1900092,Mark Hambourg,Russia,2023-03,455
Q1900092,Mark Hambourg,Russia,2023-04,388
Q1900092,Mark Hambourg,Russia,2023-05,401
Q1900092,Mark Hambourg,Russia,2023-06,456
Q1900092,Mark Hambourg,Russia,2023-07,343
Q1900092,Mark Hambourg,Russia,2023-08,630
Q1900092,Mark Hambourg,Russia,2023-09,410
Q1900092,Mark Hambourg,Russia,2023-10,404
Q1900092,Mark Hambourg,Russia,2023-11,379
Q1900092,Mark Hambourg,Russia,2023-12,508
Q2024466,Yulia Chicherina,Russia,2021-01,543
Q2024466,Yulia Chicherina,Russia,2021-02,355
Q2024466,Yulia Chicherina,Russia,2021-03,456
Q2024466,Yulia Chicherina,Russia,2021-04,426
Q2024466,Yulia Chicherina,Russia,2021-05,400
Q2024466,Yulia Chicherina,Russia,2021-06,442
Q2024466,Yulia Chicherina,Russia,2021-07,320
Q2024466,Yulia Chicherina,Russia,2021-08,373
Q2024466,Yulia Chicherina,Russia,2021-09,345
Q2024466,Yulia Chicherina,Russia,2021-10,393
Q2024466,Yulia Chicherina,Russia,2021-11,354
Q2024466,Yulia Chicherina,Russia,2021-12,320
Q2024466,Yulia Chicherina,Russia,2022-01,437
Q2024466,Yulia Chicherina,Russia,2022-02,884
Q2024466,Yulia Chicherina,Russia,2022-03,7727
Q2024466,Yulia Chicherina,Russia,2022-04,2790
Q2024466,Yulia Chicherina,Russia,2022-05,2330
Q2024466,Yulia Chicherina,Russia,2022-06,1210
Q2024466,Yulia Chicherina,Russia,2022-07,702
Q2024466,Yulia Chicherina,Russia,2022-08,765
Q2024466,Yulia Chicherina,Russia,2022-09,1292
Q2024466,Yulia Chicherina,Russia,2022-10,2244
Q2024466,Yulia Chicherina,Russia,2022-11,892
Q2024466,Yulia Chicherina,Russia,2022-12,787
Q2024466,Yulia Chicherina,Russia,2023-01,9985
Q2024466,Yulia Chicherina,Russia,2023-02,2005
Q2024466,Yulia Chicherina,Russia,2023-03,1503
Q2024466,Yulia Chicherina,Russia,2023-04,945
Q2024466,Yulia Chicherina,Russia,2023-05,750
Q2024466,Yulia Chicherina,Russia,2023-06,766
Q2024466,Yulia Chicherina,Russia,2023-07,808
Q2024466,Yulia Chicherina,Russia,2023-08,1502
Q2024466,Yulia Chicherina,Russia,2023-09,1190
Q2024466,Yulia Chicherina,Russia,2023-10,985
Q2024466,Yulia Chicherina,Russia,2023-11,982
Q2024466,Yulia Chicherina,Russia,2023-12,833
Q2003255,Igor Sklyar,Russia,2021-01,979
Q2003255,Igor Sklyar,Russia,2021-02,865
Q2003255,Igor Sklyar,Russia,2021-03,982
Q2003255,Igor Sklyar,Russia,2021-04,916
Q2003255,Igor Sklyar,Russia,2021-05,828
Q2003255,Igor Sklyar,Russia,2021-06,892
Q2003255,Igor Sklyar,Russia,2021-07,981
Q2003255,Igor Sklyar,Russia,2021-08,835
Q2003255,Igor Sklyar,Russia,2021-09,896
Q2003255,Igor Sklyar,Russia,2021-10,885
Q2003255,Igor Sklyar,Russia,2021-11,890
Q2003255,Igor Sklyar,Russia,2021-12,856
Q2003255,Igor Sklyar,Russia,2022-01,917
Q2003255,Igor Sklyar,Russia,2022-02,696
Q2003255,Igor Sklyar,Russia,2022-03,728
Q2003255,Igor Sklyar,Russia,2022-04,706
Q2003255,Igor Sklyar,Russia,2022-05,704
Q2003255,Igor Sklyar,Russia,2022-06,635
Q2003255,Igor Sklyar,Russia,2022-07,683
Q2003255,Igor Sklyar,Russia,2022-08,696
Q2003255,Igor Sklyar,Russia,2022-09,1157
Q2003255,Igor Sklyar,Russia,2022-10,815
Q2003255,Igor Sklyar,Russia,2022-11,680
Q2003255,Igor Sklyar,Russia,2022-12,733
Q2003255,Igor Sklyar,Russia,2023-01,684
Q2003255,Igor Sklyar,Russia,2023-02,994
Q2003255,Igor Sklyar,Russia,2023-03,2092
Q2003255,Igor Sklyar,Russia,2023-04,1391
Q2003255,Igor Sklyar,Russia,2023-05,1141
Q2003255,Igor Sklyar,Russia,2023-06,900
Q2003255,Igor Sklyar,Russia,2023-07,1090
Q2003255,Igor Sklyar,Russia,2023-08,972
Q2003255,Igor Sklyar,Russia,2023-09,873
Q2003255,Igor Sklyar,Russia,2023-10,844
Q2003255,Igor Sklyar,Russia,2023-11,836
Q2003255,Igor Sklyar,Russia,2023-12,887
Q1991887,Salix Säydäşef,Russia,2021-01,64
Q1991887,Salix Säydäşef,Russia,2021-02,54
Q1991887,Salix Säydäşef,Russia,2021-03,61
Q1991887,Salix Säydäşef,Russia,2021-04,89
Q1991887,Salix Säydäşef,Russia,2021-05,86
Q1991887,Salix Säydäşef,Russia,2021-06,123
Q1991887,Salix Säydäşef,Russia,2021-07,96
Q1991887,Salix Säydäşef,Russia,2021-08,118
Q1991887,Salix Säydäşef,Russia,2021-09,101
Q1991887,Salix Säydäşef,Russia,2021-10,130
Q1991887,Salix Säydäşef,Russia,2021-11,111
Q1991887,Salix Säydäşef,Russia,2021-12,80
Q1991887,Salix Säydäşef,Russia,2022-01,126
Q1991887,Salix Säydäşef,Russia,2022-02,99
Q1991887,Salix Säydäşef,Russia,2022-03,96
Q1991887,Salix Säydäşef,Russia,2022-04,106
Q1991887,Salix Säydäşef,Russia,2022-05,101
Q1991887,Salix Säydäşef,Russia,2022-06,103
Q1991887,Salix Säydäşef,Russia,2022-07,109
Q1991887,Salix Säydäşef,Russia,2022-08,113
Q1991887,Salix Säydäşef,Russia,2022-09,93
Q1991887,Salix Säydäşef,Russia,2022-10,94
Q1991887,Salix Säydäşef,Russia,2022-11,103
Q1991887,Salix Säydäşef,Russia,2022-12,96
Q1991887,Salix Säydäşef,Russia,2023-01,65
Q1991887,Salix Säydäşef,Russia,2023-02,78
Q1991887,Salix Säydäşef,Russia,2023-03,109
Q1991887,Salix Säydäşef,Russia,2023-04,77
Q1991887,Salix Säydäşef,Russia,2023-05,122
Q1991887,Salix Säydäşef,Russia,2023-06,101
Q1991887,Salix Säydäşef,Russia,2023-07,137
Q1991887,Salix Säydäşef,Russia,2023-08,139
Q1991887,Salix Säydäşef,Russia,2023-09,117
Q1991887,Salix Säydäşef,Russia,2023-10,137
Q1991887,Salix Säydäşef,Russia,2023-11,143
Q1991887,Salix Säydäşef,Russia,2023-12,134
Q1990709,Nikolaj Tokarev,Russia,2021-01,138
Q1990709,Nikolaj Tokarev,Russia,2021-02,94
Q1990709,Nikolaj Tokarev,Russia,2021-03,95
Q1990709,Nikolaj Tokarev,Russia,2021-04,99
Q1990709,Nikolaj Tokarev,Russia,2021-05,124
Q1990709,Nikolaj Tokarev,Russia,2021-06,111
Q1990709,Nikolaj Tokarev,Russia,2021-07,103
Q1990709,Nikolaj Tokarev,Russia,2021-08,113
Q1990709,Nikolaj Tokarev,Russia,2021-09,109
Q1990709,Nikolaj Tokarev,Russia,2021-10,101
Q1990709,Nikolaj Tokarev,Russia,2021-11,118
Q1990709,Nikolaj Tokarev,Russia,2021-12,108
Q1990709,Nikolaj Tokarev,Russia,2022-01,172
Q1990709,Nikolaj Tokarev,Russia,2022-02,178
Q1990709,Nikolaj Tokarev,Russia,2022-03,548
Q1990709,Nikolaj Tokarev,Russia,2022-04,135
Q1990709,Nikolaj Tokarev,Russia,2022-05,120
Q1990709,Nikolaj Tokarev,Russia,2022-06,140
Q1990709,Nikolaj Tokarev,Russia,2022-07,218
Q1990709,Nikolaj Tokarev,Russia,2022-08,124
Q1990709,Nikolaj Tokarev,Russia,2022-09,106
Q1990709,Nikolaj Tokarev,Russia,2022-10,90
Q1990709,Nikolaj Tokarev,Russia,2022-11,92
Q1990709,Nikolaj Tokarev,Russia,2022-12,100
Q1990709,Nikolaj Tokarev,Russia,2023-01,94
Q1990709,Nikolaj Tokarev,Russia,2023-02,74
Q1990709,Nikolaj Tokarev,Russia,2023-03,81
Q1990709,Nikolaj Tokarev,Russia,2023-04,98
Q1990709,Nikolaj Tokarev,Russia,2023-05,87
Q1990709,Nikolaj Tokarev,Russia,2023-06,86
Q1990709,Nikolaj Tokarev,Russia,2023-07,70
Q1990709,Nikolaj Tokarev,Russia,2023-08,58
Q1990709,Nikolaj Tokarev,Russia,2023-09,94
Q1990709,Nikolaj Tokarev,Russia,2023-10,92
Q1990709,Nikolaj Tokarev,Russia,2023-11,106
Q1990709,Nikolaj Tokarev,Russia,2023-12,93
Q1998204,Ekaterina Novitskaya,Russia,2022-05,742
Q1998204,Ekaterina Novitskaya,Russia,2022-06,440
Q1998204,Ekaterina Novitskaya,Russia,2022-07,8014
Q1998204,Ekaterina Novitskaya,Russia,2022-08,268
Q1998204,Ekaterina Novitskaya,Russia,2022-09,180
Q1998204,Ekaterina Novitskaya,Russia,2022-10,165
Q1998204,Ekaterina Novitskaya,Russia,2022-11,229
Q1998204,Ekaterina Novitskaya,Russia,2022-12,149
Q1998204,Ekaterina Novitskaya,Russia,2023-01,180
Q1998204,Ekaterina Novitskaya,Russia,2023-02,134
Q1998204,Ekaterina Novitskaya,Russia,2023-03,151
Q1998204,Ekaterina Novitskaya,Russia,2023-04,149
Q1998204,Ekaterina Novitskaya,Russia,2023-05,260
Q1998204,Ekaterina Novitskaya,Russia,2023-06,159
Q1998204,Ekaterina Novitskaya,Russia,2023-07,164
Q1998204,Ekaterina Novitskaya,Russia,2023-08,141
Q1998204,Ekaterina Novitskaya,Russia,2023-09,288
Q1998204,Ekaterina Novitskaya,Russia,2023-10,128
Q1998204,Ekaterina Novitskaya,Russia,2023-11,130
Q1998204,Ekaterina Novitskaya,Russia,2023-12,176
Q1998172,Julia Lezhneva,Russia,2021-01,1578
Q1998172,Julia Lezhneva,Russia,2021-02,1420
Q1998172,Julia Lezhneva,Russia,2021-03,1570
Q1998172,Julia Lezhneva,Russia,2021-04,1373
Q1998172,Julia Lezhneva,Russia,2021-05,1672
Q1998172,Julia Lezhneva,Russia,2021-06,1084
Q1998172,Julia Lezhneva,Russia,2021-07,1154
Q1998172,Julia Lezhneva,Russia,2021-08,1115
Q1998172,Julia Lezhneva,Russia,2021-09,1231
Q1998172,Julia Lezhneva,Russia,2021-10,1211
Q1998172,Julia Lezhneva,Russia,2021-11,1158
Q1998172,Julia Lezhneva,Russia,2021-12,1004
Q1998172,Julia Lezhneva,Russia,2022-01,1182
Q1998172,Julia Lezhneva,Russia,2022-02,1112
Q1998172,Julia Lezhneva,Russia,2022-03,1362
Q1998172,Julia Lezhneva,Russia,2022-04,1703
Q1998172,Julia Lezhneva,Russia,2022-05,1550
Q1998172,Julia Lezhneva,Russia,2022-06,1073
Q1998172,Julia Lezhneva,Russia,2022-07,946
Q1998172,Julia Lezhneva,Russia,2022-08,1103
Q1998172,Julia Lezhneva,Russia,2022-09,1240
Q1998172,Julia Lezhneva,Russia,2022-10,1279
Q1998172,Julia Lezhneva,Russia,2022-11,1418
Q1998172,Julia Lezhneva,Russia,2022-12,1269
Q1998172,Julia Lezhneva,Russia,2023-01,1311
Q1998172,Julia Lezhneva,Russia,2023-02,1011
Q1998172,Julia Lezhneva,Russia,2023-03,1466
Q1998172,Julia Lezhneva,Russia,2023-04,1512
Q1998172,Julia Lezhneva,Russia,2023-05,1388
Q1998172,Julia Lezhneva,Russia,2023-06,1030
Q1998172,Julia Lezhneva,Russia,2023-07,976
Q1998172,Julia Lezhneva,Russia,2023-08,850
Q1998172,Julia Lezhneva,Russia,2023-09,968
Q1998172,Julia Lezhneva,Russia,2023-10,1110
Q1998172,Julia Lezhneva,Russia,2023-11,1079
Q1998172,Julia Lezhneva,Russia,2023-12,1040
Q1989101,Dmitry Malikov,Russia,2021-01,1551
Q1989101,Dmitry Malikov,Russia,2021-02,949
Q1989101,Dmitry Malikov,Russia,2021-03,822
Q1989101,Dmitry Malikov,Russia,2021-04,794
Q1989101,Dmitry Malikov,Russia,2021-05,904
Q1989101,Dmitry Malikov,Russia,2021-06,825
Q1989101,Dmitry Malikov,Russia,2021-07,1198
Q1989101,Dmitry Malikov,Russia,2021-08,969
Q1989101,Dmitry Malikov,Russia,2021-09,564
Q1989101,Dmitry Malikov,Russia,2021-10,628
Q1989101,Dmitry Malikov,Russia,2021-11,672
Q1989101,Dmitry Malikov,Russia,2021-12,1115
Q1989101,Dmitry Malikov,Russia,2022-01,1146
Q1989101,Dmitry Malikov,Russia,2022-02,814
Q1989101,Dmitry Malikov,Russia,2022-03,628
Q1989101,Dmitry Malikov,Russia,2022-04,550
Q1989101,Dmitry Malikov,Russia,2022-05,536
Q1989101,Dmitry Malikov,Russia,2022-06,618
Q1989101,Dmitry Malikov,Russia,2022-07,580
Q1989101,Dmitry Malikov,Russia,2022-08,674
Q1989101,Dmitry Malikov,Russia,2022-09,649
Q1989101,Dmitry Malikov,Russia,2022-10,692
Q1989101,Dmitry Malikov,Russia,2022-11,707
Q1989101,Dmitry Malikov,Russia,2022-12,1886
Q1989101,Dmitry Malikov,Russia,2023-01,1206
Q1989101,Dmitry Malikov,Russia,2023-02,1197
Q1989101,Dmitry Malikov,Russia,2023-03,826
Q1989101,Dmitry Malikov,Russia,2023-04,1092
Q1989101,Dmitry Malikov,Russia,2023-05,962
Q1989101,Dmitry Malikov,Russia,2023-06,1035
Q1989101,Dmitry Malikov,Russia,2023-07,1309
Q1989101,Dmitry Malikov,Russia,2023-08,1039
Q1989101,Dmitry Malikov,Russia,2023-09,897
Q1989101,Dmitry Malikov,Russia,2023-10,1025
Q1989101,Dmitry Malikov,Russia,2023-11,935
Q1989101,Dmitry Malikov,Russia,2023-12,1036
Q2625789,Igor Talkov,Russia,2021-01,1825
Q2625789,Igor Talkov,Russia,2021-02,1452
Q2625789,Igor Talkov,Russia,2021-03,1717
Q2625789,Igor Talkov,Russia,2021-04,1495
Q2625789,Igor Talkov,Russia,2021-05,1603
Q2625789,Igor Talkov,Russia,2021-06,1386
Q2625789,Igor Talkov,Russia,2021-07,1499
Q2625789,Igor Talkov,Russia,2021-08,1731
Q2625789,Igor Talkov,Russia,2021-09,1490
Q2625789,Igor Talkov,Russia,2021-10,4175
Q2625789,Igor Talkov,Russia,2021-11,2691
Q2625789,Igor Talkov,Russia,2021-12,1997
Q2625789,Igor Talkov,Russia,2022-01,2408
Q2625789,Igor Talkov,Russia,2022-02,1630
Q2625789,Igor Talkov,Russia,2022-03,4345
Q2625789,Igor Talkov,Russia,2022-04,3237
Q2625789,Igor Talkov,Russia,2022-05,2282
Q2625789,Igor Talkov,Russia,2022-06,2544
Q2625789,Igor Talkov,Russia,2022-07,2635
Q2625789,Igor Talkov,Russia,2022-08,2506
Q2625789,Igor Talkov,Russia,2022-09,2186
Q2625789,Igor Talkov,Russia,2022-10,2802
Q2625789,Igor Talkov,Russia,2022-11,2227
Q2625789,Igor Talkov,Russia,2022-12,1555
Q2625789,Igor Talkov,Russia,2023-01,1652
Q2625789,Igor Talkov,Russia,2023-02,1826
Q2625789,Igor Talkov,Russia,2023-03,1806
Q2625789,Igor Talkov,Russia,2023-04,1420
Q2625789,Igor Talkov,Russia,2023-05,1455
Q2625789,Igor Talkov,Russia,2023-06,1384
Q2625789,Igor Talkov,Russia,2023-07,1651
Q2625789,Igor Talkov,Russia,2023-08,1799
Q2625789,Igor Talkov,Russia,2023-09,1809
Q2625789,Igor Talkov,Russia,2023-10,1935
Q2625789,Igor Talkov,Russia,2023-11,1738
Q2625789,Igor Talkov,Russia,2023-12,2163
Q2665390,Alexander Barykin,Russia,2021-01,469
Q2665390,Alexander Barykin,Russia,2021-02,380
Q2665390,Alexander Barykin,Russia,2021-03,364
Q2665390,Alexander Barykin,Russia,2021-04,417
Q2665390,Alexander Barykin,Russia,2021-05,420
Q2665390,Alexander Barykin,Russia,2021-06,444
Q2665390,Alexander Barykin,Russia,2021-07,353
Q2665390,Alexander Barykin,Russia,2021-08,524
Q2665390,Alexander Barykin,Russia,2021-09,359
Q2665390,Alexander Barykin,Russia,2021-10,431
Q2665390,Alexander Barykin,Russia,2021-11,472
Q2665390,Alexander Barykin,Russia,2021-12,422
Q2665390,Alexander Barykin,Russia,2022-01,507
Q2665390,Alexander Barykin,Russia,2022-02,567
Q2665390,Alexander Barykin,Russia,2022-03,459
Q2665390,Alexander Barykin,Russia,2022-04,505
Q2665390,Alexander Barykin,Russia,2022-05,422
Q2665390,Alexander Barykin,Russia,2022-06,444
Q2665390,Alexander Barykin,Russia,2022-07,406
Q2665390,Alexander Barykin,Russia,2022-08,510
Q2665390,Alexander Barykin,Russia,2022-09,422
Q2665390,Alexander Barykin,Russia,2022-10,552
Q2665390,Alexander Barykin,Russia,2022-11,359
Q2665390,Alexander Barykin,Russia,2022-12,391
Q2665390,Alexander Barykin,Russia,2023-01,408
Q2665390,Alexander Barykin,Russia,2023-02,340
Q2665390,Alexander Barykin,Russia,2023-03,424
Q2665390,Alexander Barykin,Russia,2023-04,388
Q2665390,Alexander Barykin,Russia,2023-05,426
Q2665390,Alexander Barykin,Russia,2023-06,356
Q2665390,Alexander Barykin,Russia,2023-07,472
Q2665390,Alexander Barykin,Russia,2023-08,402
Q2665390,Alexander Barykin,Russia,2023-09,389
Q2665390,Alexander Barykin,Russia,2023-10,469
Q2665390,Alexander Barykin,Russia,2023-11,450
Q2665390,Alexander Barykin,Russia,2023-12,528
Q24350516,Pharaoh,Russia,2023-12,819
Q16488720,Artemiy Artemiev,Russia,2021-01,124
Q16488720,Artemiy Artemiev,Russia,2021-02,168
Q16488720,Artemiy Artemiev,Russia,2021-03,134
Q16488720,Artemiy Artemiev,Russia,2021-04,124
Q16488720,Artemiy Artemiev,Russia,2021-05,111
Q16488720,Artemiy Artemiev,Russia,2021-06,81
Q16488720,Artemiy Artemiev,Russia,2021-07,99
Q16488720,Artemiy Artemiev,Russia,2021-08,275
Q16488720,Artemiy Artemiev,Russia,2021-09,127
Q16488720,Artemiy Artemiev,Russia,2021-10,87
Q16488720,Artemiy Artemiev,Russia,2021-11,98
Q16488720,Artemiy Artemiev,Russia,2021-12,90
Q16488720,Artemiy Artemiev,Russia,2022-01,113
Q16488720,Artemiy Artemiev,Russia,2022-02,90
Q16488720,Artemiy Artemiev,Russia,2022-03,114
Q16488720,Artemiy Artemiev,Russia,2022-04,115
Q16488720,Artemiy Artemiev,Russia,2022-05,125
Q16488720,Artemiy Artemiev,Russia,2022-06,111
Q16488720,Artemiy Artemiev,Russia,2022-07,124
Q16488720,Artemiy Artemiev,Russia,2022-08,116
Q16488720,Artemiy Artemiev,Russia,2022-09,88
Q16488720,Artemiy Artemiev,Russia,2022-10,100
Q16488720,Artemiy Artemiev,Russia,2022-11,129
Q16488720,Artemiy Artemiev,Russia,2022-12,259
Q16488720,Artemiy Artemiev,Russia,2023-01,301
Q16488720,Artemiy Artemiev,Russia,2023-02,102
Q16488720,Artemiy Artemiev,Russia,2023-03,188
Q16488720,Artemiy Artemiev,Russia,2023-04,105
Q16488720,Artemiy Artemiev,Russia,2023-05,137
Q16488720,Artemiy Artemiev,Russia,2023-06,143
Q16488720,Artemiy Artemiev,Russia,2023-07,118
Q16488720,Artemiy Artemiev,Russia,2023-08,141
Q16488720,Artemiy Artemiev,Russia,2023-09,146
Q16488720,Artemiy Artemiev,Russia,2023-10,153
Q16488720,Artemiy Artemiev,Russia,2023-11,117
Q16488720,Artemiy Artemiev,Russia,2023-12,146
Q1862092,Vyacheslav Butusov,Russia,2021-01,1074
Q1862092,Vyacheslav Butusov,Russia,2021-02,1145
Q1862092,Vyacheslav Butusov,Russia,2021-03,1136
Q1862092,Vyacheslav Butusov,Russia,2021-04,1629
Q1862092,Vyacheslav Butusov,Russia,2021-05,1100
Q1862092,Vyacheslav Butusov,Russia,2021-06,1019
Q1862092,Vyacheslav Butusov,Russia,2021-07,1041
Q1862092,Vyacheslav Butusov,Russia,2021-08,1170
Q1862092,Vyacheslav Butusov,Russia,2021-09,1185
Q1862092,Vyacheslav Butusov,Russia,2021-10,1970
Q1862092,Vyacheslav Butusov,Russia,2021-11,1258
Q1862092,Vyacheslav Butusov,Russia,2021-12,1079
Q1862092,Vyacheslav Butusov,Russia,2022-01,1390
Q1862092,Vyacheslav Butusov,Russia,2022-02,1816
Q1862092,Vyacheslav Butusov,Russia,2022-03,2056
Q1862092,Vyacheslav Butusov,Russia,2022-04,1640
Q1862092,Vyacheslav Butusov,Russia,2022-05,1537
Q1862092,Vyacheslav Butusov,Russia,2022-06,1456
Q1862092,Vyacheslav Butusov,Russia,2022-07,1504
Q1862092,Vyacheslav Butusov,Russia,2022-08,1340
Q1862092,Vyacheslav Butusov,Russia,2022-09,1456
Q1862092,Vyacheslav Butusov,Russia,2022-10,1395
Q1862092,Vyacheslav Butusov,Russia,2022-11,1283
Q1862092,Vyacheslav Butusov,Russia,2022-12,1276
Q1862092,Vyacheslav Butusov,Russia,2023-01,1378
Q1862092,Vyacheslav Butusov,Russia,2023-02,1212
Q1862092,Vyacheslav Butusov,Russia,2023-03,1348
Q1862092,Vyacheslav Butusov,Russia,2023-04,1914
Q1862092,Vyacheslav Butusov,Russia,2023-05,1772
Q1862092,Vyacheslav Butusov,Russia,2023-06,1360
Q1862092,Vyacheslav Butusov,Russia,2023-07,1164
Q1862092,Vyacheslav Butusov,Russia,2023-08,1536
Q1862092,Vyacheslav Butusov,Russia,2023-09,1337
Q1862092,Vyacheslav Butusov,Russia,2023-10,1457
Q1862092,Vyacheslav Butusov,Russia,2023-11,1241
Q1862092,Vyacheslav Butusov,Russia,2023-12,1581
Q21079382,Kristina Si,Russia,2023-05,266
Q21079382,Kristina Si,Russia,2023-06,234
Q21079382,Kristina Si,Russia,2023-07,293
Q21079382,Kristina Si,Russia,2023-08,307
Q21079382,Kristina Si,Russia,2023-09,302
Q21079382,Kristina Si,Russia,2023-10,426
Q21079382,Kristina Si,Russia,2023-11,477
Q21079382,Kristina Si,Russia,2023-12,468
Q2380843,Vladimir Kuzmin,Russia,2021-01,1529
Q2380843,Vladimir Kuzmin,Russia,2021-02,710
Q2380843,Vladimir Kuzmin,Russia,2021-03,777
Q2380843,Vladimir Kuzmin,Russia,2021-04,1199
Q2380843,Vladimir Kuzmin,Russia,2021-05,1251
Q2380843,Vladimir Kuzmin,Russia,2021-06,734
Q2380843,Vladimir Kuzmin,Russia,2021-07,862
Q2380843,Vladimir Kuzmin,Russia,2021-08,779
Q2380843,Vladimir Kuzmin,Russia,2021-09,876
Q2380843,Vladimir Kuzmin,Russia,2021-10,700
Q2380843,Vladimir Kuzmin,Russia,2021-11,631
Q2380843,Vladimir Kuzmin,Russia,2021-12,720
Q2380843,Vladimir Kuzmin,Russia,2022-01,978
Q2380843,Vladimir Kuzmin,Russia,2022-02,1050
Q2380843,Vladimir Kuzmin,Russia,2022-03,1109
Q2380843,Vladimir Kuzmin,Russia,2022-04,954
Q2380843,Vladimir Kuzmin,Russia,2022-05,824
Q2380843,Vladimir Kuzmin,Russia,2022-06,742
Q2380843,Vladimir Kuzmin,Russia,2022-07,773
Q2380843,Vladimir Kuzmin,Russia,2022-08,693
Q2380843,Vladimir Kuzmin,Russia,2022-09,1546
Q2380843,Vladimir Kuzmin,Russia,2022-10,1027
Q2380843,Vladimir Kuzmin,Russia,2022-11,777
Q2380843,Vladimir Kuzmin,Russia,2022-12,656
Q2380843,Vladimir Kuzmin,Russia,2023-01,658
Q2380843,Vladimir Kuzmin,Russia,2023-02,482
Q2380843,Vladimir Kuzmin,Russia,2023-03,536
Q2380843,Vladimir Kuzmin,Russia,2023-04,620
Q2380843,Vladimir Kuzmin,Russia,2023-05,524
Q2380843,Vladimir Kuzmin,Russia,2023-06,514
Q2380843,Vladimir Kuzmin,Russia,2023-07,692
Q2380843,Vladimir Kuzmin,Russia,2023-08,757
Q2380843,Vladimir Kuzmin,Russia,2023-09,648
Q2380843,Vladimir Kuzmin,Russia,2023-10,618
Q2380843,Vladimir Kuzmin,Russia,2023-11,784
Q2380843,Vladimir Kuzmin,Russia,2023-12,666
Q2343970,Albert Kuvezin,Russia,2021-01,463
Q2343970,Albert Kuvezin,Russia,2021-02,398
Q2343970,Albert Kuvezin,Russia,2021-03,610
Q2343970,Albert Kuvezin,Russia,2021-04,691
Q2343970,Albert Kuvezin,Russia,2021-05,639
Q2343970,Albert Kuvezin,Russia,2021-06,620
Q2343970,Albert Kuvezin,Russia,2021-07,668
Q2343970,Albert Kuvezin,Russia,2021-08,643
Q2343970,Albert Kuvezin,Russia,2021-09,619
Q2343970,Albert Kuvezin,Russia,2021-10,644
Q2343970,Albert Kuvezin,Russia,2021-11,553
Q2343970,Albert Kuvezin,Russia,2021-12,578
Q2343970,Albert Kuvezin,Russia,2022-01,612
Q2343970,Albert Kuvezin,Russia,2022-02,909
Q2343970,Albert Kuvezin,Russia,2022-03,1437
Q2343970,Albert Kuvezin,Russia,2022-04,836
Q2343970,Albert Kuvezin,Russia,2022-05,700
Q2343970,Albert Kuvezin,Russia,2022-06,589
Q2343970,Albert Kuvezin,Russia,2022-07,579
Q2343970,Albert Kuvezin,Russia,2022-08,659
Q2343970,Albert Kuvezin,Russia,2022-09,719
Q2343970,Albert Kuvezin,Russia,2022-10,709
Q2343970,Albert Kuvezin,Russia,2022-11,654
Q2343970,Albert Kuvezin,Russia,2022-12,616
Q2343970,Albert Kuvezin,Russia,2023-01,592
Q2343970,Albert Kuvezin,Russia,2023-02,545
Q2343970,Albert Kuvezin,Russia,2023-03,544
Q2343970,Albert Kuvezin,Russia,2023-04,553
Q2343970,Albert Kuvezin,Russia,2023-05,666
Q2343970,Albert Kuvezin,Russia,2023-06,1053
Q2343970,Albert Kuvezin,Russia,2023-07,689
Q2343970,Albert Kuvezin,Russia,2023-08,583
Q2343970,Albert Kuvezin,Russia,2023-09,1012
Q2343970,Albert Kuvezin,Russia,2023-10,2235
Q2343970,Albert Kuvezin,Russia,2023-11,1181
Q2343970,Albert Kuvezin,Russia,2023-12,723
Q2365826,Nikolai Karachentsov,Russia,2021-01,1039
Q2365826,Nikolai Karachentsov,Russia,2021-02,776
Q2365826,Nikolai Karachentsov,Russia,2021-03,928
Q2365826,Nikolai Karachentsov,Russia,2021-04,1051
Q2365826,Nikolai Karachentsov,Russia,2021-05,893
Q2365826,Nikolai Karachentsov,Russia,2021-06,712
Q2365826,Nikolai Karachentsov,Russia,2021-07,801
Q2365826,Nikolai Karachentsov,Russia,2021-08,962
Q2365826,Nikolai Karachentsov,Russia,2021-09,853
Q2365826,Nikolai Karachentsov,Russia,2021-10,966
Q2365826,Nikolai Karachentsov,Russia,2021-11,800
Q2365826,Nikolai Karachentsov,Russia,2021-12,1021
Q2365826,Nikolai Karachentsov,Russia,2022-01,1283
Q2365826,Nikolai Karachentsov,Russia,2022-02,1135
Q2365826,Nikolai Karachentsov,Russia,2022-03,1701
Q2365826,Nikolai Karachentsov,Russia,2022-04,2493
Q2365826,Nikolai Karachentsov,Russia,2022-05,1748
Q2365826,Nikolai Karachentsov,Russia,2022-06,1788
Q2365826,Nikolai Karachentsov,Russia,2022-07,887
Q2365826,Nikolai Karachentsov,Russia,2022-08,848
Q2365826,Nikolai Karachentsov,Russia,2022-09,865
Q2365826,Nikolai Karachentsov,Russia,2022-10,1021
Q2365826,Nikolai Karachentsov,Russia,2022-11,815
Q2365826,Nikolai Karachentsov,Russia,2022-12,778
Q2365826,Nikolai Karachentsov,Russia,2023-01,1022
Q2365826,Nikolai Karachentsov,Russia,2023-02,799
Q2365826,Nikolai Karachentsov,Russia,2023-03,880
Q2365826,Nikolai Karachentsov,Russia,2023-04,851
Q2365826,Nikolai Karachentsov,Russia,2023-05,766
Q2365826,Nikolai Karachentsov,Russia,2023-06,915
Q2365826,Nikolai Karachentsov,Russia,2023-07,1042
Q2365826,Nikolai Karachentsov,Russia,2023-08,970
Q2365826,Nikolai Karachentsov,Russia,2023-09,951
Q2365826,Nikolai Karachentsov,Russia,2023-10,1473
Q2365826,Nikolai Karachentsov,Russia,2023-11,1070
Q2365826,Nikolai Karachentsov,Russia,2023-12,1193
Q97211859,Alyona Shvets,Russia,2023-01,465
Q97211859,Alyona Shvets,Russia,2023-02,580
Q97211859,Alyona Shvets,Russia,2023-03,694
Q97211859,Alyona Shvets,Russia,2023-04,612
Q97211859,Alyona Shvets,Russia,2023-05,660
Q97211859,Alyona Shvets,Russia,2023-06,762
Q97211859,Alyona Shvets,Russia,2023-07,682
Q97211859,Alyona Shvets,Russia,2023-08,646
Q97211859,Alyona Shvets,Russia,2023-09,540
Q97211859,Alyona Shvets,Russia,2023-10,581
Q97211859,Alyona Shvets,Russia,2023-11,628
Q97211859,Alyona Shvets,Russia,2023-12,648
Q2074455,David Ashkenazi,Russia,2021-01,383
Q2074455,David Ashkenazi,Russia,2021-02,277
Q2074455,David Ashkenazi,Russia,2021-03,342
Q2074455,David Ashkenazi,Russia,2021-04,301
Q2074455,David Ashkenazi,Russia,2021-05,305
Q2074455,David Ashkenazi,Russia,2021-06,329
Q2074455,David Ashkenazi,Russia,2021-07,321
Q2074455,David Ashkenazi,Russia,2021-08,305
Q2074455,David Ashkenazi,Russia,2021-09,290
Q2074455,David Ashkenazi,Russia,2021-10,362
Q2074455,David Ashkenazi,Russia,2021-11,284
Q2074455,David Ashkenazi,Russia,2021-12,312
Q2074455,David Ashkenazi,Russia,2022-01,342
Q2074455,David Ashkenazi,Russia,2022-02,276
Q2074455,David Ashkenazi,Russia,2022-03,345
Q2074455,David Ashkenazi,Russia,2022-04,332
Q2074455,David Ashkenazi,Russia,2022-05,288
Q2074455,David Ashkenazi,Russia,2022-06,265
Q2074455,David Ashkenazi,Russia,2022-07,319
Q2074455,David Ashkenazi,Russia,2022-08,323
Q2074455,David Ashkenazi,Russia,2022-09,276
Q2074455,David Ashkenazi,Russia,2022-10,317
Q2074455,David Ashkenazi,Russia,2022-11,394
Q2074455,David Ashkenazi,Russia,2022-12,326
Q2074455,David Ashkenazi,Russia,2023-01,389
Q2074455,David Ashkenazi,Russia,2023-02,325
Q2074455,David Ashkenazi,Russia,2023-03,317
Q2074455,David Ashkenazi,Russia,2023-04,318
Q2074455,David Ashkenazi,Russia,2023-05,300
Q2074455,David Ashkenazi,Russia,2023-06,308
Q2074455,David Ashkenazi,Russia,2023-07,310
Q2074455,David Ashkenazi,Russia,2023-08,301
Q2074455,David Ashkenazi,Russia,2023-09,275
Q2074455,David Ashkenazi,Russia,2023-10,327
Q2074455,David Ashkenazi,Russia,2023-11,295
Q2074455,David Ashkenazi,Russia,2023-12,333
Q2074401,Konstantin Orbelyan,Russia,2021-01,219
Q2074401,Konstantin Orbelyan,Russia,2021-02,199
Q2074401,Konstantin Orbelyan,Russia,2021-03,224
Q2074401,Konstantin Orbelyan,Russia,2021-04,216
Q2074401,Konstantin Orbelyan,Russia,2021-05,194
Q2074401,Konstantin Orbelyan,Russia,2021-06,494
Q2074401,Konstantin Orbelyan,Russia,2021-07,252
Q2074401,Konstantin Orbelyan,Russia,2021-08,274
Q2074401,Konstantin Orbelyan,Russia,2021-09,266
Q2074401,Konstantin Orbelyan,Russia,2021-10,286
Q2074401,Konstantin Orbelyan,Russia,2021-11,199
Q2074401,Konstantin Orbelyan,Russia,2021-12,221
Q2074401,Konstantin Orbelyan,Russia,2022-01,189
Q2074401,Konstantin Orbelyan,Russia,2022-02,189
Q2074401,Konstantin Orbelyan,Russia,2022-03,225
Q2074401,Konstantin Orbelyan,Russia,2022-04,175
Q2074401,Konstantin Orbelyan,Russia,2022-05,212
Q2074401,Konstantin Orbelyan,Russia,2022-06,241
Q2074401,Konstantin Orbelyan,Russia,2022-07,236
Q2074401,Konstantin Orbelyan,Russia,2022-08,242
Q2074401,Konstantin Orbelyan,Russia,2022-09,239
Q2074401,Konstantin Orbelyan,Russia,2022-10,248
Q2074401,Konstantin Orbelyan,Russia,2022-11,239
Q2074401,Konstantin Orbelyan,Russia,2022-12,222
Q2074401,Konstantin Orbelyan,Russia,2023-01,252
Q2074401,Konstantin Orbelyan,Russia,2023-02,227
Q2074401,Konstantin Orbelyan,Russia,2023-03,245
Q2074401,Konstantin Orbelyan,Russia,2023-04,209
Q2074401,Konstantin Orbelyan,Russia,2023-05,209
Q2074401,Konstantin Orbelyan,Russia,2023-06,256
Q2074401,Konstantin Orbelyan,Russia,2023-07,262
Q2074401,Konstantin Orbelyan,Russia,2023-08,225
Q2074401,Konstantin Orbelyan,Russia,2023-09,223
Q2074401,Konstantin Orbelyan,Russia,2023-10,275
Q2074401,Konstantin Orbelyan,Russia,2023-11,266
Q2074401,Konstantin Orbelyan,Russia,2023-12,277
Q5846421,Rinat Ibragimov,Russia,2021-01,933
Q5846421,Rinat Ibragimov,Russia,2021-02,642
Q5846421,Rinat Ibragimov,Russia,2021-03,652
Q5846421,Rinat Ibragimov,Russia,2021-04,602
Q5846421,Rinat Ibragimov,Russia,2021-05,642
Q5846421,Rinat Ibragimov,Russia,2021-06,406
Q5846421,Rinat Ibragimov,Russia,2021-07,402
Q5846421,Rinat Ibragimov,Russia,2021-08,499
Q5846421,Rinat Ibragimov,Russia,2021-09,573
Q5846421,Rinat Ibragimov,Russia,2021-10,523
Q5846421,Rinat Ibragimov,Russia,2021-11,509
Q5846421,Rinat Ibragimov,Russia,2021-12,456
Q5846421,Rinat Ibragimov,Russia,2022-01,517
Q5846421,Rinat Ibragimov,Russia,2022-02,427
Q5846421,Rinat Ibragimov,Russia,2022-03,481
Q5846421,Rinat Ibragimov,Russia,2022-04,500
Q5846421,Rinat Ibragimov,Russia,2022-05,1195
Q5846421,Rinat Ibragimov,Russia,2022-06,526
Q5846421,Rinat Ibragimov,Russia,2022-07,545
Q5846421,Rinat Ibragimov,Russia,2022-08,546
Q5846421,Rinat Ibragimov,Russia,2022-09,478
Q5846421,Rinat Ibragimov,Russia,2022-10,701
Q5846421,Rinat Ibragimov,Russia,2022-11,695
Q5846421,Rinat Ibragimov,Russia,2022-12,579
Q5846421,Rinat Ibragimov,Russia,2023-01,589
Q5846421,Rinat Ibragimov,Russia,2023-02,558
Q5846421,Rinat Ibragimov,Russia,2023-03,672
Q5846421,Rinat Ibragimov,Russia,2023-04,646
Q5846421,Rinat Ibragimov,Russia,2023-05,611
Q5846421,Rinat Ibragimov,Russia,2023-06,506
Q5846421,Rinat Ibragimov,Russia,2023-07,535
Q5846421,Rinat Ibragimov,Russia,2023-08,630
Q5846421,Rinat Ibragimov,Russia,2023-09,579
Q5846421,Rinat Ibragimov,Russia,2023-10,579
Q5846421,Rinat Ibragimov,Russia,2023-11,531
Q5846421,Rinat Ibragimov,Russia,2023-12,546
Q20483301,Egor Kreed,Russia,2021-01,9154
Q20483301,Egor Kreed,Russia,2021-02,7124
Q20483301,Egor Kreed,Russia,2021-03,9110
Q20483301,Egor Kreed,Russia,2021-04,8030
Q20483301,Egor Kreed,Russia,2021-05,6873
Q20483301,Egor Kreed,Russia,2021-06,5685
Q20483301,Egor Kreed,Russia,2021-07,8828
Q20483301,Egor Kreed,Russia,2021-08,5711
Q20483301,Egor Kreed,Russia,2021-09,4685
Q20483301,Egor Kreed,Russia,2021-10,6299
Q20483301,Egor Kreed,Russia,2021-11,4905
Q20483301,Egor Kreed,Russia,2021-12,4635
Q20483301,Egor Kreed,Russia,2022-01,5044
Q20483301,Egor Kreed,Russia,2022-02,5684
Q20483301,Egor Kreed,Russia,2022-03,6920
Q20483301,Egor Kreed,Russia,2022-04,5591
Q20483301,Egor Kreed,Russia,2022-05,5360
Q20483301,Egor Kreed,Russia,2022-06,4486
Q20483301,Egor Kreed,Russia,2022-07,4616
Q20483301,Egor Kreed,Russia,2022-08,4881
Q20483301,Egor Kreed,Russia,2022-09,5364
Q20483301,Egor Kreed,Russia,2022-10,6381
Q20483301,Egor Kreed,Russia,2022-11,4948
Q20483301,Egor Kreed,Russia,2022-12,4093
Q20483301,Egor Kreed,Russia,2023-01,4792
Q20483301,Egor Kreed,Russia,2023-02,4645
Q20483301,Egor Kreed,Russia,2023-03,5228
Q20483301,Egor Kreed,Russia,2023-04,4111
Q20483301,Egor Kreed,Russia,2023-05,4436
Q20483301,Egor Kreed,Russia,2023-06,3597
Q20483301,Egor Kreed,Russia,2023-07,3725
Q20483301,Egor Kreed,Russia,2023-08,4000
Q20483301,Egor Kreed,Russia,2023-09,4471
Q20483301,Egor Kreed,Russia,2023-10,6274
Q20483301,Egor Kreed,Russia,2023-11,4596
Q20483301,Egor Kreed,Russia,2023-12,4030
Q2272649,Serge Conus,Russia,2021-01,76
Q2272649,Serge Conus,Russia,2021-02,108
Q2272649,Serge Conus,Russia,2021-03,93
Q2272649,Serge Conus,Russia,2021-04,95
Q2272649,Serge Conus,Russia,2021-05,114
Q2272649,Serge Conus,Russia,2021-06,82
Q2272649,Serge Conus,Russia,2021-07,87
Q2272649,Serge Conus,Russia,2021-08,71
Q2272649,Serge Conus,Russia,2021-09,88
Q2272649,Serge Conus,Russia,2021-10,70
Q2272649,Serge Conus,Russia,2021-11,72
Q2272649,Serge Conus,Russia,2021-12,68
Q2272649,Serge Conus,Russia,2022-01,74
Q2272649,Serge Conus,Russia,2022-02,67
Q2272649,Serge Conus,Russia,2022-03,75
Q2272649,Serge Conus,Russia,2022-04,74
Q2272649,Serge Conus,Russia,2022-05,121
Q2272649,Serge Conus,Russia,2022-06,90
Q2272649,Serge Conus,Russia,2022-07,113
Q2272649,Serge Conus,Russia,2022-08,98
Q2272649,Serge Conus,Russia,2022-09,118
Q2272649,Serge Conus,Russia,2022-10,99
Q2272649,Serge Conus,Russia,2022-11,106
Q2272649,Serge Conus,Russia,2022-12,73
Q2272649,Serge Conus,Russia,2023-01,100
Q2272649,Serge Conus,Russia,2023-02,53
Q2272649,Serge Conus,Russia,2023-03,85
Q2272649,Serge Conus,Russia,2023-04,74
Q2272649,Serge Conus,Russia,2023-05,61
Q2272649,Serge Conus,Russia,2023-06,83
Q2272649,Serge Conus,Russia,2023-07,77
Q2272649,Serge Conus,Russia,2023-08,83
Q2272649,Serge Conus,Russia,2023-09,89
Q2272649,Serge Conus,Russia,2023-10,83
Q2272649,Serge Conus,Russia,2023-11,77
Q2272649,Serge Conus,Russia,2023-12,92
Q4459467,Willi Tokarev,Russia,2021-01,738
Q4459467,Willi Tokarev,Russia,2021-02,723
Q4459467,Willi Tokarev,Russia,2021-03,1498
Q4459467,Willi Tokarev,Russia,2021-04,897
Q4459467,Willi Tokarev,Russia,2021-05,778
Q4459467,Willi Tokarev,Russia,2021-06,783
Q4459467,Willi Tokarev,Russia,2021-07,706
Q4459467,Willi Tokarev,Russia,2021-08,808
Q4459467,Willi Tokarev,Russia,2021-09,715
Q4459467,Willi Tokarev,Russia,2021-10,641
Q4459467,Willi Tokarev,Russia,2021-11,739
Q4459467,Willi Tokarev,Russia,2021-12,783
Q4459467,Willi Tokarev,Russia,2022-01,967
Q4459467,Willi Tokarev,Russia,2022-02,752
Q4459467,Willi Tokarev,Russia,2022-03,847
Q4459467,Willi Tokarev,Russia,2022-04,780
Q4459467,Willi Tokarev,Russia,2022-05,681
Q4459467,Willi Tokarev,Russia,2022-06,776
Q4459467,Willi Tokarev,Russia,2022-07,863
Q4459467,Willi Tokarev,Russia,2022-08,833
Q4459467,Willi Tokarev,Russia,2022-09,842
Q4459467,Willi Tokarev,Russia,2022-10,1079
Q4459467,Willi Tokarev,Russia,2022-11,811
Q4459467,Willi Tokarev,Russia,2022-12,686
Q4459467,Willi Tokarev,Russia,2023-01,761
Q4459467,Willi Tokarev,Russia,2023-02,610
Q4459467,Willi Tokarev,Russia,2023-03,673
Q4459467,Willi Tokarev,Russia,2023-04,719
Q4459467,Willi Tokarev,Russia,2023-05,723
Q4459467,Willi Tokarev,Russia,2023-06,644
Q4459467,Willi Tokarev,Russia,2023-07,723
Q4459467,Willi Tokarev,Russia,2023-08,869
Q4459467,Willi Tokarev,Russia,2023-09,884
Q4459467,Willi Tokarev,Russia,2023-10,773
Q4459467,Willi Tokarev,Russia,2023-11,857
Q4459467,Willi Tokarev,Russia,2023-12,779
Q2628478,Victor Merzhanov,Russia,2021-01,209
Q2628478,Victor Merzhanov,Russia,2021-02,248
Q2628478,Victor Merzhanov,Russia,2021-03,241
Q2628478,Victor Merzhanov,Russia,2021-04,236
Q2628478,Victor Merzhanov,Russia,2021-05,229
Q2628478,Victor Merzhanov,Russia,2021-06,178
Q2628478,Victor Merzhanov,Russia,2021-07,187
Q2628478,Victor Merzhanov,Russia,2021-08,234
Q2628478,Victor Merzhanov,Russia,2021-09,198
Q2628478,Victor Merzhanov,Russia,2021-10,267
Q2628478,Victor Merzhanov,Russia,2021-11,201
Q2628478,Victor Merzhanov,Russia,2021-12,218
Q2628478,Victor Merzhanov,Russia,2022-01,190
Q2628478,Victor Merzhanov,Russia,2022-02,247
Q2628478,Victor Merzhanov,Russia,2022-03,207
Q2628478,Victor Merzhanov,Russia,2022-04,201
Q2628478,Victor Merzhanov,Russia,2022-05,378
Q2628478,Victor Merzhanov,Russia,2022-06,229
Q2628478,Victor Merzhanov,Russia,2022-07,234
Q2628478,Victor Merzhanov,Russia,2022-08,251
Q2628478,Victor Merzhanov,Russia,2022-09,181
Q2628478,Victor Merzhanov,Russia,2022-10,183
Q2628478,Victor Merzhanov,Russia,2022-11,228
Q2628478,Victor Merzhanov,Russia,2022-12,235
Q2628478,Victor Merzhanov,Russia,2023-01,238
Q2628478,Victor Merzhanov,Russia,2023-02,164
Q2628478,Victor Merzhanov,Russia,2023-03,257
Q2628478,Victor Merzhanov,Russia,2023-04,274
Q2628478,Victor Merzhanov,Russia,2023-05,191
Q2628478,Victor Merzhanov,Russia,2023-06,201
Q2628478,Victor Merzhanov,Russia,2023-07,167
Q2628478,Victor Merzhanov,Russia,2023-08,168
Q2628478,Victor Merzhanov,Russia,2023-09,213
Q2628478,Victor Merzhanov,Russia,2023-10,211
Q2628478,Victor Merzhanov,Russia,2023-11,235
Q2628478,Victor Merzhanov,Russia,2023-12,309
Q2619428,Valentina Igoshina,Russia,2021-01,402
Q2619428,Valentina Igoshina,Russia,2021-02,394
Q2619428,Valentina Igoshina,Russia,2021-03,493
Q2619428,Valentina Igoshina,Russia,2021-04,402
Q2619428,Valentina Igoshina,Russia,2021-05,456
Q2619428,Valentina Igoshina,Russia,2021-06,360
Q2619428,Valentina Igoshina,Russia,2021-07,331
Q2619428,Valentina Igoshina,Russia,2021-08,284
Q2619428,Valentina Igoshina,Russia,2021-09,302
Q2619428,Valentina Igoshina,Russia,2021-10,398
Q2619428,Valentina Igoshina,Russia,2021-11,333
Q2619428,Valentina Igoshina,Russia,2021-12,380
Q2619428,Valentina Igoshina,Russia,2022-01,332
Q2619428,Valentina Igoshina,Russia,2022-02,381
Q2619428,Valentina Igoshina,Russia,2022-03,373
Q2619428,Valentina Igoshina,Russia,2022-04,333
Q2619428,Valentina Igoshina,Russia,2022-05,380
Q2619428,Valentina Igoshina,Russia,2022-06,369
Q2619428,Valentina Igoshina,Russia,2022-07,350
Q2619428,Valentina Igoshina,Russia,2022-08,341
Q2619428,Valentina Igoshina,Russia,2022-09,338
Q2619428,Valentina Igoshina,Russia,2022-10,423
Q2619428,Valentina Igoshina,Russia,2022-11,306
Q2619428,Valentina Igoshina,Russia,2022-12,326
Q2619428,Valentina Igoshina,Russia,2023-01,306
Q2619428,Valentina Igoshina,Russia,2023-02,225
Q2619428,Valentina Igoshina,Russia,2023-03,315
Q2619428,Valentina Igoshina,Russia,2023-04,329
Q2619428,Valentina Igoshina,Russia,2023-05,316
Q2619428,Valentina Igoshina,Russia,2023-06,299
Q2619428,Valentina Igoshina,Russia,2023-07,318
Q2619428,Valentina Igoshina,Russia,2023-08,339
Q2619428,Valentina Igoshina,Russia,2023-09,287
Q2619428,Valentina Igoshina,Russia,2023-10,326
Q2619428,Valentina Igoshina,Russia,2023-11,344
Q2619428,Valentina Igoshina,Russia,2023-12,266
Q2603997,Youri Egorov,Russia,2021-01,931
Q2603997,Youri Egorov,Russia,2021-02,1145
Q2603997,Youri Egorov,Russia,2021-03,871
Q2603997,Youri Egorov,Russia,2021-04,886
Q2603997,Youri Egorov,Russia,2021-05,1041
Q2603997,Youri Egorov,Russia,2021-06,875
Q2603997,Youri Egorov,Russia,2021-07,740
Q2603997,Youri Egorov,Russia,2021-08,708
Q2603997,Youri Egorov,Russia,2021-09,610
Q2603997,Youri Egorov,Russia,2021-10,713
Q2603997,Youri Egorov,Russia,2021-11,699
Q2603997,Youri Egorov,Russia,2021-12,718
Q2603997,Youri Egorov,Russia,2022-01,941
Q2603997,Youri Egorov,Russia,2022-02,809
Q2603997,Youri Egorov,Russia,2022-03,870
Q2603997,Youri Egorov,Russia,2022-04,736
Q2603997,Youri Egorov,Russia,2022-05,835
Q2603997,Youri Egorov,Russia,2022-06,928
Q2603997,Youri Egorov,Russia,2022-07,830
Q2603997,Youri Egorov,Russia,2022-08,856
Q2603997,Youri Egorov,Russia,2022-09,957
Q2603997,Youri Egorov,Russia,2022-10,969
Q2603997,Youri Egorov,Russia,2022-11,1013
Q2603997,Youri Egorov,Russia,2022-12,816
Q2603997,Youri Egorov,Russia,2023-01,756
Q2603997,Youri Egorov,Russia,2023-02,638
Q2603997,Youri Egorov,Russia,2023-03,685
Q2603997,Youri Egorov,Russia,2023-04,994
Q2603997,Youri Egorov,Russia,2023-05,748
Q2603997,Youri Egorov,Russia,2023-06,692
Q2603997,Youri Egorov,Russia,2023-07,643
Q2603997,Youri Egorov,Russia,2023-08,724
Q2603997,Youri Egorov,Russia,2023-09,866
Q2603997,Youri Egorov,Russia,2023-10,656
Q2603997,Youri Egorov,Russia,2023-11,615
Q2603997,Youri Egorov,Russia,2023-12,672
Q39382321,Husky,Russia,2021-02,494
Q39382321,Husky,Russia,2021-03,1359
Q39382321,Husky,Russia,2021-04,2203
Q39382321,Husky,Russia,2021-05,1413
Q39382321,Husky,Russia,2021-06,1432
Q39382321,Husky,Russia,2021-07,1318
Q39382321,Husky,Russia,2021-08,1123
Q39382321,Husky,Russia,2021-09,1313
Q39382321,Husky,Russia,2021-10,1508
Q39382321,Husky,Russia,2021-11,1258
Q39382321,Husky,Russia,2021-12,1335
Q39382321,Husky,Russia,2022-01,1431
Q39382321,Husky,Russia,2022-02,1942
Q39382321,Husky,Russia,2022-03,2232
Q39382321,Husky,Russia,2022-04,1706
Q39382321,Husky,Russia,2022-05,1572
Q39382321,Husky,Russia,2022-06,1332
Q39382321,Husky,Russia,2022-07,1203
Q39382321,Husky,Russia,2022-08,1254
Q39382321,Husky,Russia,2022-09,1145
Q39382321,Husky,Russia,2022-10,1582
Q39382321,Husky,Russia,2022-11,1142
Q39382321,Husky,Russia,2022-12,1112
Q39382321,Husky,Russia,2023-01,1158
Q39382321,Husky,Russia,2023-02,1070
Q39382321,Husky,Russia,2023-03,1196
Q39382321,Husky,Russia,2023-04,1089
Q39382321,Husky,Russia,2023-05,1204
Q39382321,Husky,Russia,2023-06,1101
Q39382321,Husky,Russia,2023-07,1209
Q39382321,Husky,Russia,2023-08,1160
Q39382321,Husky,Russia,2023-09,1005
Q39382321,Husky,Russia,2023-10,1048
Q39382321,Husky,Russia,2023-11,1053
Q39382321,Husky,Russia,2023-12,1056
Q2445254,Sofya Gulyak,Russia,2021-01,262
Q2445254,Sofya Gulyak,Russia,2021-02,207
Q2445254,Sofya Gulyak,Russia,2021-03,230
Q2445254,Sofya Gulyak,Russia,2021-04,209
Q2445254,Sofya Gulyak,Russia,2021-05,399
Q2445254,Sofya Gulyak,Russia,2021-06,218
Q2445254,Sofya Gulyak,Russia,2021-07,252
Q2445254,Sofya Gulyak,Russia,2021-08,280
Q2445254,Sofya Gulyak,Russia,2021-09,296
Q2445254,Sofya Gulyak,Russia,2021-10,294
Q2445254,Sofya Gulyak,Russia,2021-11,253
Q2445254,Sofya Gulyak,Russia,2021-12,250
Q2445254,Sofya Gulyak,Russia,2022-01,244
Q2445254,Sofya Gulyak,Russia,2022-02,442
Q2445254,Sofya Gulyak,Russia,2022-03,400
Q2445254,Sofya Gulyak,Russia,2022-04,282
Q2445254,Sofya Gulyak,Russia,2022-05,250
Q2445254,Sofya Gulyak,Russia,2022-06,237
Q2445254,Sofya Gulyak,Russia,2022-07,249
Q2445254,Sofya Gulyak,Russia,2022-08,230
Q2445254,Sofya Gulyak,Russia,2022-09,240
Q2445254,Sofya Gulyak,Russia,2022-10,238
Q2445254,Sofya Gulyak,Russia,2022-11,252
Q2445254,Sofya Gulyak,Russia,2022-12,325
Q2445254,Sofya Gulyak,Russia,2023-01,349
Q2445254,Sofya Gulyak,Russia,2023-02,466
Q2445254,Sofya Gulyak,Russia,2023-03,490
Q2445254,Sofya Gulyak,Russia,2023-04,341
Q2445254,Sofya Gulyak,Russia,2023-05,261
Q2445254,Sofya Gulyak,Russia,2023-06,274
Q2445254,Sofya Gulyak,Russia,2023-07,286
Q2445254,Sofya Gulyak,Russia,2023-08,265
Q2445254,Sofya Gulyak,Russia,2023-09,284
Q2445254,Sofya Gulyak,Russia,2023-10,259
Q2445254,Sofya Gulyak,Russia,2023-11,318
Q2445254,Sofya Gulyak,Russia,2023-12,289
Q36817579,Slava KPSS,Russia,2021-06,717
Q36817579,Slava KPSS,Russia,2021-07,477
Q36817579,Slava KPSS,Russia,2021-08,395
Q36817579,Slava KPSS,Russia,2021-09,512
Q36817579,Slava KPSS,Russia,2021-10,516
Q36817579,Slava KPSS,Russia,2021-11,1171
Q36817579,Slava KPSS,Russia,2021-12,940
Q36817579,Slava KPSS,Russia,2022-01,638
Q36817579,Slava KPSS,Russia,2022-02,853
Q36817579,Slava KPSS,Russia,2022-03,1070
Q36817579,Slava KPSS,Russia,2022-04,950
Q36817579,Slava KPSS,Russia,2022-05,795
Q36817579,Slava KPSS,Russia,2022-06,693
Q36817579,Slava KPSS,Russia,2022-07,691
Q36817579,Slava KPSS,Russia,2022-08,826
Q36817579,Slava KPSS,Russia,2022-09,862
Q36817579,Slava KPSS,Russia,2022-10,927
Q36817579,Slava KPSS,Russia,2022-11,933
Q36817579,Slava KPSS,Russia,2022-12,1069
Q36817579,Slava KPSS,Russia,2023-01,912
Q36817579,Slava KPSS,Russia,2023-02,690
Q36817579,Slava KPSS,Russia,2023-03,764
Q36817579,Slava KPSS,Russia,2023-04,756
Q36817579,Slava KPSS,Russia,2023-05,724
Q36817579,Slava KPSS,Russia,2023-06,924
Q36817579,Slava KPSS,Russia,2023-07,964
Q36817579,Slava KPSS,Russia,2023-08,1003
Q36817579,Slava KPSS,Russia,2023-09,918
Q36817579,Slava KPSS,Russia,2023-10,1344
Q36817579,Slava KPSS,Russia,2023-11,775
Q36817579,Slava KPSS,Russia,2023-12,913
Q2445365,Arkady Ostrovsky,Russia,2021-01,457
Q2445365,Arkady Ostrovsky,Russia,2021-02,492
Q2445365,Arkady Ostrovsky,Russia,2021-03,457
Q2445365,Arkady Ostrovsky,Russia,2021-04,624
Q2445365,Arkady Ostrovsky,Russia,2021-05,534
Q2445365,Arkady Ostrovsky,Russia,2021-06,502
Q2445365,Arkady Ostrovsky,Russia,2021-07,443
Q2445365,Arkady Ostrovsky,Russia,2021-08,366
Q2445365,Arkady Ostrovsky,Russia,2021-09,526
Q2445365,Arkady Ostrovsky,Russia,2021-10,407
Q2445365,Arkady Ostrovsky,Russia,2021-11,391
Q2445365,Arkady Ostrovsky,Russia,2021-12,463
Q2445365,Arkady Ostrovsky,Russia,2022-01,459
Q2445365,Arkady Ostrovsky,Russia,2022-02,776
Q2445365,Arkady Ostrovsky,Russia,2022-03,1221
Q2445365,Arkady Ostrovsky,Russia,2022-04,838
Q2445365,Arkady Ostrovsky,Russia,2022-05,632
Q2445365,Arkady Ostrovsky,Russia,2022-06,477
Q2445365,Arkady Ostrovsky,Russia,2022-07,524
Q2445365,Arkady Ostrovsky,Russia,2022-08,511
Q2445365,Arkady Ostrovsky,Russia,2022-09,527
Q2445365,Arkady Ostrovsky,Russia,2022-10,562
Q2445365,Arkady Ostrovsky,Russia,2022-11,504
Q2445365,Arkady Ostrovsky,Russia,2022-12,689
Q2445365,Arkady Ostrovsky,Russia,2023-01,556
Q2445365,Arkady Ostrovsky,Russia,2023-02,618
Q2445365,Arkady Ostrovsky,Russia,2023-03,914
Q2445365,Arkady Ostrovsky,Russia,2023-04,871
Q2445365,Arkady Ostrovsky,Russia,2023-05,651
Q2445365,Arkady Ostrovsky,Russia,2023-06,589
Q2445365,Arkady Ostrovsky,Russia,2023-07,520
Q2445365,Arkady Ostrovsky,Russia,2023-08,635
Q2445365,Arkady Ostrovsky,Russia,2023-09,472
Q2445365,Arkady Ostrovsky,Russia,2023-10,437
Q2445365,Arkady Ostrovsky,Russia,2023-11,480
Q2445365,Arkady Ostrovsky,Russia,2023-12,503
Q32361736,Tatarka,Russia,2021-01,3131
Q32361736,Tatarka,Russia,2021-02,2644
Q32361736,Tatarka,Russia,2021-03,4397
Q32361736,Tatarka,Russia,2021-04,2445
Q32361736,Tatarka,Russia,2021-05,3170
Q32361736,Tatarka,Russia,2021-06,4767
Q32361736,Tatarka,Russia,2021-07,2806
Q32361736,Tatarka,Russia,2021-08,2780
Q32361736,Tatarka,Russia,2021-09,3536
Q32361736,Tatarka,Russia,2021-10,3093
Q32361736,Tatarka,Russia,2021-11,2203
Q32361736,Tatarka,Russia,2021-12,1950
Q32361736,Tatarka,Russia,2022-01,2191
Q32361736,Tatarka,Russia,2022-02,1927
Q32361736,Tatarka,Russia,2022-03,2661
Q32361736,Tatarka,Russia,2022-04,3847
Q32361736,Tatarka,Russia,2022-05,3622
Q32361736,Tatarka,Russia,2022-06,2890
Q32361736,Tatarka,Russia,2022-07,2582
Q32361736,Tatarka,Russia,2022-08,1992
Q32361736,Tatarka,Russia,2022-09,2046
Q32361736,Tatarka,Russia,2022-10,2078
Q32361736,Tatarka,Russia,2022-11,2629
Q32361736,Tatarka,Russia,2022-12,1676
Q32361736,Tatarka,Russia,2023-01,2068
Q32361736,Tatarka,Russia,2023-02,1559
Q32361736,Tatarka,Russia,2023-03,1949
Q32361736,Tatarka,Russia,2023-04,1746
Q32361736,Tatarka,Russia,2023-05,1864
Q32361736,Tatarka,Russia,2023-06,1631
Q32361736,Tatarka,Russia,2023-07,1895
Q32361736,Tatarka,Russia,2023-08,1653
Q32361736,Tatarka,Russia,2023-09,1609
Q32361736,Tatarka,Russia,2023-10,1851
Q32361736,Tatarka,Russia,2023-11,1578
Q32361736,Tatarka,Russia,2023-12,1707
Q42296351,Face,Russia,2021-01,3101
Q42296351,Face,Russia,2021-02,2392
Q42296351,Face,Russia,2021-03,3272
Q42296351,Face,Russia,2021-04,2420
Q42296351,Face,Russia,2021-05,1978
Q42296351,Face,Russia,2021-06,2381
Q42296351,Face,Russia,2021-07,2131
Q42296351,Face,Russia,2021-08,2004
Q42296351,Face,Russia,2021-09,2783
Q42296351,Face,Russia,2021-10,2421
Q42296351,Face,Russia,2021-11,1792
Q42296351,Face,Russia,2021-12,1725
Q42296351,Face,Russia,2022-01,1893
Q42296351,Face,Russia,2022-02,3317
Q42296351,Face,Russia,2022-03,11136
Q42296351,Face,Russia,2022-04,10104
Q42296351,Face,Russia,2022-05,3337
Q42296351,Face,Russia,2022-06,2478
Q42296351,Face,Russia,2022-07,2082
Q42296351,Face,Russia,2022-08,2383
Q42296351,Face,Russia,2022-09,2647
Q42296351,Face,Russia,2022-10,2693
Q42296351,Face,Russia,2022-11,2412
Q42296351,Face,Russia,2022-12,1841
Q42296351,Face,Russia,2023-01,2305
Q42296351,Face,Russia,2023-02,3069
Q42296351,Face,Russia,2023-03,2367
Q42296351,Face,Russia,2023-04,1815
Q42296351,Face,Russia,2023-05,1982
Q42296351,Face,Russia,2023-06,1812
Q42296351,Face,Russia,2023-07,1945
Q42296351,Face,Russia,2023-08,2213
Q42296351,Face,Russia,2023-09,2819
Q42296351,Face,Russia,2023-10,2347
Q42296351,Face,Russia,2023-11,2227
Q42296351,Face,Russia,2023-12,2604
Q28532113,Yury Khovansky,Russia,2021-01,339
Q28532113,Yury Khovansky,Russia,2021-02,358
Q28532113,Yury Khovansky,Russia,2021-03,294
Q28532113,Yury Khovansky,Russia,2021-04,258
Q28532113,Yury Khovansky,Russia,2021-05,233
Q28532113,Yury Khovansky,Russia,2021-06,2392
Q28532113,Yury Khovansky,Russia,2021-07,853
Q28532113,Yury Khovansky,Russia,2021-08,1327
Q28532113,Yury Khovansky,Russia,2021-09,1257
Q28532113,Yury Khovansky,Russia,2021-10,1264
Q28532113,Yury Khovansky,Russia,2021-11,1635
Q28532113,Yury Khovansky,Russia,2021-12,1853
Q28532113,Yury Khovansky,Russia,2022-01,876
Q28532113,Yury Khovansky,Russia,2022-02,585
Q28532113,Yury Khovansky,Russia,2022-03,779
Q28532113,Yury Khovansky,Russia,2022-04,1102
Q28532113,Yury Khovansky,Russia,2022-05,741
Q28532113,Yury Khovansky,Russia,2022-06,604
Q28532113,Yury Khovansky,Russia,2022-07,714
Q28532113,Yury Khovansky,Russia,2022-08,685
Q28532113,Yury Khovansky,Russia,2022-09,1168
Q28532113,Yury Khovansky,Russia,2022-10,639
Q28532113,Yury Khovansky,Russia,2022-11,541
Q28532113,Yury Khovansky,Russia,2022-12,450
Q28532113,Yury Khovansky,Russia,2023-01,394
Q28532113,Yury Khovansky,Russia,2023-02,321
Q28532113,Yury Khovansky,Russia,2023-03,588
Q28532113,Yury Khovansky,Russia,2023-04,665
Q28532113,Yury Khovansky,Russia,2023-05,702
Q28532113,Yury Khovansky,Russia,2023-06,501
Q28532113,Yury Khovansky,Russia,2023-07,567
Q28532113,Yury Khovansky,Russia,2023-08,593
Q28532113,Yury Khovansky,Russia,2023-09,489
Q28532113,Yury Khovansky,Russia,2023-10,446
Q28532113,Yury Khovansky,Russia,2023-11,465
Q28532113,Yury Khovansky,Russia,2023-12,503
Q2856993,Anton Batagov,Russia,2021-01,345
Q2856993,Anton Batagov,Russia,2021-02,281
Q2856993,Anton Batagov,Russia,2021-03,416
Q2856993,Anton Batagov,Russia,2021-04,358
Q2856993,Anton Batagov,Russia,2021-05,309
Q2856993,Anton Batagov,Russia,2021-06,285
Q2856993,Anton Batagov,Russia,2021-07,671
Q2856993,Anton Batagov,Russia,2021-08,287
Q2856993,Anton Batagov,Russia,2021-09,278
Q2856993,Anton Batagov,Russia,2021-10,274
Q2856993,Anton Batagov,Russia,2021-11,266
Q2856993,Anton Batagov,Russia,2021-12,252
Q2856993,Anton Batagov,Russia,2022-01,269
Q2856993,Anton Batagov,Russia,2022-02,285
Q2856993,Anton Batagov,Russia,2022-03,380
Q2856993,Anton Batagov,Russia,2022-04,281
Q2856993,Anton Batagov,Russia,2022-05,323
Q2856993,Anton Batagov,Russia,2022-06,274
Q2856993,Anton Batagov,Russia,2022-07,334
Q2856993,Anton Batagov,Russia,2022-08,367
Q2856993,Anton Batagov,Russia,2022-09,244
Q2856993,Anton Batagov,Russia,2022-10,383
Q2856993,Anton Batagov,Russia,2022-11,301
Q2856993,Anton Batagov,Russia,2022-12,494
Q2856993,Anton Batagov,Russia,2023-01,396
Q2856993,Anton Batagov,Russia,2023-02,258
Q2856993,Anton Batagov,Russia,2023-03,266
Q2856993,Anton Batagov,Russia,2023-04,311
Q2856993,Anton Batagov,Russia,2023-05,375
Q2856993,Anton Batagov,Russia,2023-06,287
Q2856993,Anton Batagov,Russia,2023-07,334
Q2856993,Anton Batagov,Russia,2023-08,264
Q2856993,Anton Batagov,Russia,2023-09,323
Q2856993,Anton Batagov,Russia,2023-10,371
Q2856993,Anton Batagov,Russia,2023-11,358
Q2856993,Anton Batagov,Russia,2023-12,338
Q2794422,Olga Pashchenko,Russia,2021-01,240
Q2794422,Olga Pashchenko,Russia,2021-02,194
Q2794422,Olga Pashchenko,Russia,2021-03,174
Q2794422,Olga Pashchenko,Russia,2021-04,150
Q2794422,Olga Pashchenko,Russia,2021-05,152
Q2794422,Olga Pashchenko,Russia,2021-06,264
Q2794422,Olga Pashchenko,Russia,2021-07,235
Q2794422,Olga Pashchenko,Russia,2021-08,174
Q2794422,Olga Pashchenko,Russia,2021-09,498
Q2794422,Olga Pashchenko,Russia,2021-10,217
Q2794422,Olga Pashchenko,Russia,2021-11,175
Q2794422,Olga Pashchenko,Russia,2021-12,103
Q2794422,Olga Pashchenko,Russia,2022-01,167
Q2794422,Olga Pashchenko,Russia,2022-02,186
Q2794422,Olga Pashchenko,Russia,2022-03,242
Q2794422,Olga Pashchenko,Russia,2022-04,229
Q2794422,Olga Pashchenko,Russia,2022-05,214
Q2794422,Olga Pashchenko,Russia,2022-06,155
Q2794422,Olga Pashchenko,Russia,2022-07,182
Q2794422,Olga Pashchenko,Russia,2022-08,135
Q2794422,Olga Pashchenko,Russia,2022-09,202
Q2794422,Olga Pashchenko,Russia,2022-10,193
Q2794422,Olga Pashchenko,Russia,2022-11,207
Q2794422,Olga Pashchenko,Russia,2022-12,166
Q2794422,Olga Pashchenko,Russia,2023-01,154
Q2794422,Olga Pashchenko,Russia,2023-02,153
Q2794422,Olga Pashchenko,Russia,2023-03,175
Q2794422,Olga Pashchenko,Russia,2023-04,183
Q2794422,Olga Pashchenko,Russia,2023-05,320
Q2794422,Olga Pashchenko,Russia,2023-06,414
Q2794422,Olga Pashchenko,Russia,2023-07,186
Q2794422,Olga Pashchenko,Russia,2023-08,234
Q2794422,Olga Pashchenko,Russia,2023-09,163
Q2794422,Olga Pashchenko,Russia,2023-10,247
Q2794422,Olga Pashchenko,Russia,2023-11,223
Q2794422,Olga Pashchenko,Russia,2023-12,192
Q3656891,Pavel Maykov,Russia,2021-12,454
Q3656891,Pavel Maykov,Russia,2022-01,711
Q3656891,Pavel Maykov,Russia,2022-02,751
Q3656891,Pavel Maykov,Russia,2022-03,575
Q3656891,Pavel Maykov,Russia,2022-04,589
Q3656891,Pavel Maykov,Russia,2022-05,999
Q3656891,Pavel Maykov,Russia,2022-06,611
Q3656891,Pavel Maykov,Russia,2022-07,469
Q3656891,Pavel Maykov,Russia,2022-08,523
Q3656891,Pavel Maykov,Russia,2022-09,593
Q3656891,Pavel Maykov,Russia,2022-10,894
Q3656891,Pavel Maykov,Russia,2022-11,1402
Q3656891,Pavel Maykov,Russia,2022-12,1081
Q3656891,Pavel Maykov,Russia,2023-01,1006
Q3656891,Pavel Maykov,Russia,2023-02,652
Q3656891,Pavel Maykov,Russia,2023-03,743
Q3656891,Pavel Maykov,Russia,2023-04,580
Q3656891,Pavel Maykov,Russia,2023-05,674
Q3656891,Pavel Maykov,Russia,2023-06,611
Q3656891,Pavel Maykov,Russia,2023-07,645
Q3656891,Pavel Maykov,Russia,2023-08,763
Q3656891,Pavel Maykov,Russia,2023-09,988
Q3656891,Pavel Maykov,Russia,2023-10,870
Q3656891,Pavel Maykov,Russia,2023-11,891
Q3656891,Pavel Maykov,Russia,2023-12,1221
Q47037314,Eldzhey,Russia,2021-09,966
Q47037314,Eldzhey,Russia,2021-10,1168
Q47037314,Eldzhey,Russia,2021-11,963
Q47037314,Eldzhey,Russia,2021-12,1147
Q47037314,Eldzhey,Russia,2022-01,2098
Q47037314,Eldzhey,Russia,2022-02,1475
Q47037314,Eldzhey,Russia,2022-03,1660
Q47037314,Eldzhey,Russia,2022-04,1433
Q47037314,Eldzhey,Russia,2022-05,1362
Q47037314,Eldzhey,Russia,2022-06,1256
Q47037314,Eldzhey,Russia,2022-07,1319
Q47037314,Eldzhey,Russia,2022-08,1325
Q47037314,Eldzhey,Russia,2022-09,1356
Q47037314,Eldzhey,Russia,2022-10,1283
Q47037314,Eldzhey,Russia,2022-11,9492
Q47037314,Eldzhey,Russia,2022-12,1392
Q47037314,Eldzhey,Russia,2023-01,2081
Q47037314,Eldzhey,Russia,2023-02,1319
Q47037314,Eldzhey,Russia,2023-03,2024
Q47037314,Eldzhey,Russia,2023-04,1589
Q47037314,Eldzhey,Russia,2023-05,1356
Q47037314,Eldzhey,Russia,2023-06,1215
Q47037314,Eldzhey,Russia,2023-07,1307
Q47037314,Eldzhey,Russia,2023-08,1313
Q47037314,Eldzhey,Russia,2023-09,1208
Q47037314,Eldzhey,Russia,2023-10,1236
Q47037314,Eldzhey,Russia,2023-11,1345
Q47037314,Eldzhey,Russia,2023-12,5758
Q3195885,Aleksandr Novikov,Russia,2021-01,316
Q3195885,Aleksandr Novikov,Russia,2021-02,233
Q3195885,Aleksandr Novikov,Russia,2021-03,252
Q3195885,Aleksandr Novikov,Russia,2021-04,210
Q3195885,Aleksandr Novikov,Russia,2021-05,348
Q3195885,Aleksandr Novikov,Russia,2021-06,354
Q3195885,Aleksandr Novikov,Russia,2021-07,445
Q3195885,Aleksandr Novikov,Russia,2021-08,475
Q3195885,Aleksandr Novikov,Russia,2021-09,526
Q3195885,Aleksandr Novikov,Russia,2021-10,409
Q3195885,Aleksandr Novikov,Russia,2021-11,347
Q3195885,Aleksandr Novikov,Russia,2021-12,292
Q3195885,Aleksandr Novikov,Russia,2022-01,503
Q3195885,Aleksandr Novikov,Russia,2022-02,637
Q3195885,Aleksandr Novikov,Russia,2022-03,480
Q3195885,Aleksandr Novikov,Russia,2022-04,806
Q3195885,Aleksandr Novikov,Russia,2022-05,1022
Q3195885,Aleksandr Novikov,Russia,2022-06,710
Q3195885,Aleksandr Novikov,Russia,2022-07,637
Q3195885,Aleksandr Novikov,Russia,2022-08,530
Q3195885,Aleksandr Novikov,Russia,2022-09,293
Q3195885,Aleksandr Novikov,Russia,2022-10,374
Q3195885,Aleksandr Novikov,Russia,2022-11,224
Q3195885,Aleksandr Novikov,Russia,2022-12,228
Q3195885,Aleksandr Novikov,Russia,2023-01,562
Q3195885,Aleksandr Novikov,Russia,2023-02,800
Q3195885,Aleksandr Novikov,Russia,2023-03,466
Q3195885,Aleksandr Novikov,Russia,2023-04,416
Q3195885,Aleksandr Novikov,Russia,2023-05,285
Q3195885,Aleksandr Novikov,Russia,2023-06,293
Q3195885,Aleksandr Novikov,Russia,2023-07,420
Q3195885,Aleksandr Novikov,Russia,2023-08,353
Q3195885,Aleksandr Novikov,Russia,2023-09,276
Q3195885,Aleksandr Novikov,Russia,2023-10,314
Q3195885,Aleksandr Novikov,Russia,2023-11,305
Q3195885,Aleksandr Novikov,Russia,2023-12,619
Q59194713,Morgenshtern,Russia,2021-01,31741
Q59194713,Morgenshtern,Russia,2021-02,18677
Q59194713,Morgenshtern,Russia,2021-03,24900
Q59194713,Morgenshtern,Russia,2021-04,17916
Q59194713,Morgenshtern,Russia,2021-05,22764
Q59194713,Morgenshtern,Russia,2021-06,28341
Q59194713,Morgenshtern,Russia,2021-07,17858
Q59194713,Morgenshtern,Russia,2021-08,14414
Q59194713,Morgenshtern,Russia,2021-09,18950
Q59194713,Morgenshtern,Russia,2021-10,16802
Q59194713,Morgenshtern,Russia,2021-11,15021
Q59194713,Morgenshtern,Russia,2021-12,16783
Q59194713,Morgenshtern,Russia,2022-01,16060
Q59194713,Morgenshtern,Russia,2022-02,12493
Q59194713,Morgenshtern,Russia,2022-03,24601
Q59194713,Morgenshtern,Russia,2022-04,14908
Q59194713,Morgenshtern,Russia,2022-05,11615
Q59194713,Morgenshtern,Russia,2022-06,9602
Q59194713,Morgenshtern,Russia,2022-07,9524
Q59194713,Morgenshtern,Russia,2022-08,8719
Q59194713,Morgenshtern,Russia,2022-09,9991
Q59194713,Morgenshtern,Russia,2022-10,11722
Q59194713,Morgenshtern,Russia,2022-11,9682
Q59194713,Morgenshtern,Russia,2022-12,10008
Q59194713,Morgenshtern,Russia,2023-01,8372
Q59194713,Morgenshtern,Russia,2023-02,8973
Q59194713,Morgenshtern,Russia,2023-03,11205
Q59194713,Morgenshtern,Russia,2023-04,6951
Q59194713,Morgenshtern,Russia,2023-05,7699
Q59194713,Morgenshtern,Russia,2023-06,7520
Q59194713,Morgenshtern,Russia,2023-07,6484
Q59194713,Morgenshtern,Russia,2023-08,7622
Q59194713,Morgenshtern,Russia,2023-09,7622
Q59194713,Morgenshtern,Russia,2023-10,6361
Q59194713,Morgenshtern,Russia,2023-11,9322
Q59194713,Morgenshtern,Russia,2023-12,7243
Q315181,Alexey Vorobyov,Russia,2021-01,5063
Q315181,Alexey Vorobyov,Russia,2021-02,2926
Q315181,Alexey Vorobyov,Russia,2021-03,3358
Q315181,Alexey Vorobyov,Russia,2021-04,3195
Q315181,Alexey Vorobyov,Russia,2021-05,3347
Q315181,Alexey Vorobyov,Russia,2021-06,2978
Q315181,Alexey Vorobyov,Russia,2021-07,3212
Q315181,Alexey Vorobyov,Russia,2021-08,2992
Q315181,Alexey Vorobyov,Russia,2021-09,3018
Q315181,Alexey Vorobyov,Russia,2021-10,2984
Q315181,Alexey Vorobyov,Russia,2021-11,2355
Q315181,Alexey Vorobyov,Russia,2021-12,2606
Q315181,Alexey Vorobyov,Russia,2022-01,4075
Q315181,Alexey Vorobyov,Russia,2022-02,6561
Q315181,Alexey Vorobyov,Russia,2022-03,3867
Q315181,Alexey Vorobyov,Russia,2022-04,2820
Q315181,Alexey Vorobyov,Russia,2022-05,3221
Q315181,Alexey Vorobyov,Russia,2022-06,2480
Q315181,Alexey Vorobyov,Russia,2022-07,2177
Q315181,Alexey Vorobyov,Russia,2022-08,2410
Q315181,Alexey Vorobyov,Russia,2022-09,2160
Q315181,Alexey Vorobyov,Russia,2022-10,2116
Q315181,Alexey Vorobyov,Russia,2022-11,2154
Q315181,Alexey Vorobyov,Russia,2022-12,1778
Q315181,Alexey Vorobyov,Russia,2023-01,1998
Q315181,Alexey Vorobyov,Russia,2023-02,2056
Q315181,Alexey Vorobyov,Russia,2023-03,2247
Q315181,Alexey Vorobyov,Russia,2023-04,2113
Q315181,Alexey Vorobyov,Russia,2023-05,2352
Q315181,Alexey Vorobyov,Russia,2023-06,1950
Q315181,Alexey Vorobyov,Russia,2023-07,1971
Q315181,Alexey Vorobyov,Russia,2023-08,1971
Q315181,Alexey Vorobyov,Russia,2023-09,1995
Q315181,Alexey Vorobyov,Russia,2023-10,3244
Q315181,Alexey Vorobyov,Russia,2023-11,1922
Q315181,Alexey Vorobyov,Russia,2023-12,2801
Q18533426,Viktor Scholz,Russia,2021-09,94
Q18533426,Viktor Scholz,Russia,2021-10,33
Q18533426,Viktor Scholz,Russia,2021-11,19
Q18533426,Viktor Scholz,Russia,2021-12,40
Q18533426,Viktor Scholz,Russia,2022-01,18
Q18533426,Viktor Scholz,Russia,2022-02,16
Q18533426,Viktor Scholz,Russia,2022-03,17
Q18533426,Viktor Scholz,Russia,2022-04,18
Q18533426,Viktor Scholz,Russia,2022-05,47
Q18533426,Viktor Scholz,Russia,2022-06,32
Q18533426,Viktor Scholz,Russia,2022-07,46
Q18533426,Viktor Scholz,Russia,2022-08,150
Q18533426,Viktor Scholz,Russia,2022-09,43
Q18533426,Viktor Scholz,Russia,2022-10,29
Q18533426,Viktor Scholz,Russia,2022-11,28
Q18533426,Viktor Scholz,Russia,2022-12,32
Q18533426,Viktor Scholz,Russia,2023-01,32
Q18533426,Viktor Scholz,Russia,2023-02,19
Q18533426,Viktor Scholz,Russia,2023-03,27
Q18533426,Viktor Scholz,Russia,2023-04,973
Q18533426,Viktor Scholz,Russia,2023-05,500
Q18533426,Viktor Scholz,Russia,2023-06,74
Q18533426,Viktor Scholz,Russia,2023-07,51
Q18533426,Viktor Scholz,Russia,2023-08,47
Q18533426,Viktor Scholz,Russia,2023-09,62
Q18533426,Viktor Scholz,Russia,2023-10,46
Q18533426,Viktor Scholz,Russia,2023-11,62
Q18533426,Viktor Scholz,Russia,2023-12,58
Q4188790,Lyubov Zakharchenko,Russia,2021-01,98
Q4188790,Lyubov Zakharchenko,Russia,2021-02,51
Q4188790,Lyubov Zakharchenko,Russia,2021-03,59
Q4188790,Lyubov Zakharchenko,Russia,2021-04,73
Q4188790,Lyubov Zakharchenko,Russia,2021-05,52
Q4188790,Lyubov Zakharchenko,Russia,2021-06,52
Q4188790,Lyubov Zakharchenko,Russia,2021-07,67
Q4188790,Lyubov Zakharchenko,Russia,2021-08,57
Q4188790,Lyubov Zakharchenko,Russia,2021-09,67
Q4188790,Lyubov Zakharchenko,Russia,2021-10,47
Q4188790,Lyubov Zakharchenko,Russia,2021-11,55
Q4188790,Lyubov Zakharchenko,Russia,2021-12,44
Q4188790,Lyubov Zakharchenko,Russia,2022-01,92
Q4188790,Lyubov Zakharchenko,Russia,2022-02,47
Q4188790,Lyubov Zakharchenko,Russia,2022-03,59
Q4188790,Lyubov Zakharchenko,Russia,2022-04,69
Q4188790,Lyubov Zakharchenko,Russia,2022-05,72
Q4188790,Lyubov Zakharchenko,Russia,2022-06,65
Q4188790,Lyubov Zakharchenko,Russia,2022-07,62
Q4188790,Lyubov Zakharchenko,Russia,2022-08,79
Q4188790,Lyubov Zakharchenko,Russia,2022-09,65
Q4188790,Lyubov Zakharchenko,Russia,2022-10,140
Q4188790,Lyubov Zakharchenko,Russia,2022-11,51
Q4188790,Lyubov Zakharchenko,Russia,2022-12,62
Q4188790,Lyubov Zakharchenko,Russia,2023-01,61
Q4188790,Lyubov Zakharchenko,Russia,2023-02,31
Q4188790,Lyubov Zakharchenko,Russia,2023-03,53
Q4188790,Lyubov Zakharchenko,Russia,2023-04,107
Q4188790,Lyubov Zakharchenko,Russia,2023-05,59
Q4188790,Lyubov Zakharchenko,Russia,2023-06,45
Q4188790,Lyubov Zakharchenko,Russia,2023-07,77
Q4188790,Lyubov Zakharchenko,Russia,2023-08,65
Q4188790,Lyubov Zakharchenko,Russia,2023-09,36
Q4188790,Lyubov Zakharchenko,Russia,2023-10,59
Q4188790,Lyubov Zakharchenko,Russia,2023-11,73
Q4188790,Lyubov Zakharchenko,Russia,2023-12,66
Q3571367,Yakov Kasman,Russia,2021-01,150
Q3571367,Yakov Kasman,Russia,2021-02,179
Q3571367,Yakov Kasman,Russia,2021-03,144
Q3571367,Yakov Kasman,Russia,2021-04,137
Q3571367,Yakov Kasman,Russia,2021-05,105
Q3571367,Yakov Kasman,Russia,2021-06,121
Q3571367,Yakov Kasman,Russia,2021-07,131
Q3571367,Yakov Kasman,Russia,2021-08,125
Q3571367,Yakov Kasman,Russia,2021-09,121
Q3571367,Yakov Kasman,Russia,2021-10,163
Q3571367,Yakov Kasman,Russia,2021-11,126
Q3571367,Yakov Kasman,Russia,2021-12,110
Q3571367,Yakov Kasman,Russia,2022-01,155
Q3571367,Yakov Kasman,Russia,2022-02,162
Q3571367,Yakov Kasman,Russia,2022-03,170
Q3571367,Yakov Kasman,Russia,2022-04,182
Q3571367,Yakov Kasman,Russia,2022-05,218
Q3571367,Yakov Kasman,Russia,2022-06,252
Q3571367,Yakov Kasman,Russia,2022-07,185
Q3571367,Yakov Kasman,Russia,2022-08,185
Q3571367,Yakov Kasman,Russia,2022-09,169
Q3571367,Yakov Kasman,Russia,2022-10,174
Q3571367,Yakov Kasman,Russia,2022-11,140
Q3571367,Yakov Kasman,Russia,2022-12,158
Q3571367,Yakov Kasman,Russia,2023-01,192
Q3571367,Yakov Kasman,Russia,2023-02,179
Q3571367,Yakov Kasman,Russia,2023-03,171
Q3571367,Yakov Kasman,Russia,2023-04,200
Q3571367,Yakov Kasman,Russia,2023-05,271
Q3571367,Yakov Kasman,Russia,2023-06,225
Q3571367,Yakov Kasman,Russia,2023-07,148
Q3571367,Yakov Kasman,Russia,2023-08,178
Q3571367,Yakov Kasman,Russia,2023-09,151
Q3571367,Yakov Kasman,Russia,2023-10,177
Q3571367,Yakov Kasman,Russia,2023-11,135
Q3571367,Yakov Kasman,Russia,2023-12,133
Q4210394,Sergey Kalugin,Russia,2021-01,161
Q4210394,Sergey Kalugin,Russia,2021-02,138
Q4210394,Sergey Kalugin,Russia,2021-03,125
Q4210394,Sergey Kalugin,Russia,2021-04,144
Q4210394,Sergey Kalugin,Russia,2021-05,148
Q4210394,Sergey Kalugin,Russia,2021-06,108
Q4210394,Sergey Kalugin,Russia,2021-07,125
Q4210394,Sergey Kalugin,Russia,2021-08,190
Q4210394,Sergey Kalugin,Russia,2021-09,133
Q4210394,Sergey Kalugin,Russia,2021-10,120
Q4210394,Sergey Kalugin,Russia,2021-11,131
Q4210394,Sergey Kalugin,Russia,2021-12,130
Q4210394,Sergey Kalugin,Russia,2022-01,137
Q4210394,Sergey Kalugin,Russia,2022-02,176
Q4210394,Sergey Kalugin,Russia,2022-03,181
Q4210394,Sergey Kalugin,Russia,2022-04,229
Q4210394,Sergey Kalugin,Russia,2022-05,176
Q4210394,Sergey Kalugin,Russia,2022-06,169
Q4210394,Sergey Kalugin,Russia,2022-07,137
Q4210394,Sergey Kalugin,Russia,2022-08,132
Q4210394,Sergey Kalugin,Russia,2022-09,113
Q4210394,Sergey Kalugin,Russia,2022-10,187
Q4210394,Sergey Kalugin,Russia,2022-11,136
Q4210394,Sergey Kalugin,Russia,2022-12,147
Q4210394,Sergey Kalugin,Russia,2023-01,196
Q4210394,Sergey Kalugin,Russia,2023-02,106
Q4210394,Sergey Kalugin,Russia,2023-03,185
Q4210394,Sergey Kalugin,Russia,2023-04,173
Q4210394,Sergey Kalugin,Russia,2023-05,207
Q4210394,Sergey Kalugin,Russia,2023-06,184
Q4210394,Sergey Kalugin,Russia,2023-07,213
Q4210394,Sergey Kalugin,Russia,2023-08,163
Q4210394,Sergey Kalugin,Russia,2023-09,171
Q4210394,Sergey Kalugin,Russia,2023-10,188
Q4210394,Sergey Kalugin,Russia,2023-11,163
Q4210394,Sergey Kalugin,Russia,2023-12,174
Q3388951,Pyotr Dranga,Russia,2021-01,187
Q3388951,Pyotr Dranga,Russia,2021-02,146
Q3388951,Pyotr Dranga,Russia,2021-03,167
Q3388951,Pyotr Dranga,Russia,2021-04,194
Q3388951,Pyotr Dranga,Russia,2021-05,158
Q3388951,Pyotr Dranga,Russia,2021-06,140
Q3388951,Pyotr Dranga,Russia,2021-07,140
Q3388951,Pyotr Dranga,Russia,2021-08,135
Q3388951,Pyotr Dranga,Russia,2021-09,145
Q3388951,Pyotr Dranga,Russia,2021-10,132
Q3388951,Pyotr Dranga,Russia,2021-11,165
Q3388951,Pyotr Dranga,Russia,2021-12,163
Q3388951,Pyotr Dranga,Russia,2022-01,227
Q3388951,Pyotr Dranga,Russia,2022-02,169
Q3388951,Pyotr Dranga,Russia,2022-03,149
Q3388951,Pyotr Dranga,Russia,2022-04,184
Q3388951,Pyotr Dranga,Russia,2022-05,209
Q3388951,Pyotr Dranga,Russia,2022-06,164
Q3388951,Pyotr Dranga,Russia,2022-07,153
Q3388951,Pyotr Dranga,Russia,2022-08,156
Q3388951,Pyotr Dranga,Russia,2022-09,126
Q3388951,Pyotr Dranga,Russia,2022-10,147
Q3388951,Pyotr Dranga,Russia,2022-11,132
Q3388951,Pyotr Dranga,Russia,2022-12,147
Q3388951,Pyotr Dranga,Russia,2023-01,204
Q3388951,Pyotr Dranga,Russia,2023-02,257
Q3388951,Pyotr Dranga,Russia,2023-03,191
Q3388951,Pyotr Dranga,Russia,2023-04,156
Q3388951,Pyotr Dranga,Russia,2023-05,191
Q3388951,Pyotr Dranga,Russia,2023-06,191
Q3388951,Pyotr Dranga,Russia,2023-07,151
Q3388951,Pyotr Dranga,Russia,2023-08,136
Q3388951,Pyotr Dranga,Russia,2023-09,219
Q3388951,Pyotr Dranga,Russia,2023-10,262
Q3388951,Pyotr Dranga,Russia,2023-11,223
Q3388951,Pyotr Dranga,Russia,2023-12,243
Q4059501,Alex Feather Akimov,Russia,2021-01,200
Q4059501,Alex Feather Akimov,Russia,2021-02,145
Q4059501,Alex Feather Akimov,Russia,2021-03,176
Q4059501,Alex Feather Akimov,Russia,2021-04,191
Q4059501,Alex Feather Akimov,Russia,2021-05,199
Q4059501,Alex Feather Akimov,Russia,2021-06,149
Q4059501,Alex Feather Akimov,Russia,2021-07,138
Q4059501,Alex Feather Akimov,Russia,2021-08,170
Q4059501,Alex Feather Akimov,Russia,2021-09,146
Q4059501,Alex Feather Akimov,Russia,2021-10,177
Q4059501,Alex Feather Akimov,Russia,2021-11,158
Q4059501,Alex Feather Akimov,Russia,2021-12,130
Q4059501,Alex Feather Akimov,Russia,2022-01,141
Q4059501,Alex Feather Akimov,Russia,2022-02,168
Q4059501,Alex Feather Akimov,Russia,2022-03,146
Q4059501,Alex Feather Akimov,Russia,2022-04,149
Q4059501,Alex Feather Akimov,Russia,2022-05,298
Q4059501,Alex Feather Akimov,Russia,2022-06,166
Q4059501,Alex Feather Akimov,Russia,2022-07,203
Q4059501,Alex Feather Akimov,Russia,2022-08,199
Q4059501,Alex Feather Akimov,Russia,2022-09,162
Q4059501,Alex Feather Akimov,Russia,2022-10,181
Q4059501,Alex Feather Akimov,Russia,2022-11,189
Q4059501,Alex Feather Akimov,Russia,2022-12,1078
Q4059501,Alex Feather Akimov,Russia,2023-01,172
Q4059501,Alex Feather Akimov,Russia,2023-02,133
Q4059501,Alex Feather Akimov,Russia,2023-03,176
Q4059501,Alex Feather Akimov,Russia,2023-04,158
Q4059501,Alex Feather Akimov,Russia,2023-05,165
Q4059501,Alex Feather Akimov,Russia,2023-06,204
Q4059501,Alex Feather Akimov,Russia,2023-07,157
Q4059501,Alex Feather Akimov,Russia,2023-08,130
Q4059501,Alex Feather Akimov,Russia,2023-09,245
Q4059501,Alex Feather Akimov,Russia,2023-10,228
Q4059501,Alex Feather Akimov,Russia,2023-11,131
Q4059501,Alex Feather Akimov,Russia,2023-12,162
Q60969745,Kizaru,Russia,2021-01,291
Q60969745,Kizaru,Russia,2021-02,273
Q60969745,Kizaru,Russia,2021-03,322
Q60969745,Kizaru,Russia,2021-04,255
Q60969745,Kizaru,Russia,2021-05,331
Q60969745,Kizaru,Russia,2021-06,306
Q60969745,Kizaru,Russia,2021-07,268
Q60969745,Kizaru,Russia,2021-08,274
Q60969745,Kizaru,Russia,2021-09,242
Q60969745,Kizaru,Russia,2021-10,247
Q60969745,Kizaru,Russia,2021-11,254
Q60969745,Kizaru,Russia,2021-12,313
Q60969745,Kizaru,Russia,2022-01,394
Q60969745,Kizaru,Russia,2022-02,184
Q60969745,Kizaru,Russia,2022-03,324
Q60969745,Kizaru,Russia,2022-04,365
Q60969745,Kizaru,Russia,2022-05,367
Q60969745,Kizaru,Russia,2022-06,258
Q60969745,Kizaru,Russia,2022-07,298
Q60969745,Kizaru,Russia,2022-08,256
Q60969745,Kizaru,Russia,2022-09,437
Q60969745,Kizaru,Russia,2022-10,230
Q60969745,Kizaru,Russia,2022-11,374
Q60969745,Kizaru,Russia,2022-12,417
Q60969745,Kizaru,Russia,2023-01,335
Q60969745,Kizaru,Russia,2023-02,559
Q60969745,Kizaru,Russia,2023-03,334
Q60969745,Kizaru,Russia,2023-04,417
Q60969745,Kizaru,Russia,2023-05,598
Q60969745,Kizaru,Russia,2023-06,1447
Q60969745,Kizaru,Russia,2023-07,2568
Q60969745,Kizaru,Russia,2023-08,4065
Q60969745,Kizaru,Russia,2023-09,2224
Q60969745,Kizaru,Russia,2023-10,2010
Q60969745,Kizaru,Russia,2023-11,1935
Q60969745,Kizaru,Russia,2023-12,1911
Q4062196,Yuz Aleshkovsky,Russia,2021-01,383
Q4062196,Yuz Aleshkovsky,Russia,2021-02,279
Q4062196,Yuz Aleshkovsky,Russia,2021-03,230
Q4062196,Yuz Aleshkovsky,Russia,2021-04,319
Q4062196,Yuz Aleshkovsky,Russia,2021-05,268
Q4062196,Yuz Aleshkovsky,Russia,2021-06,242
Q4062196,Yuz Aleshkovsky,Russia,2021-07,289
Q4062196,Yuz Aleshkovsky,Russia,2021-08,244
Q4062196,Yuz Aleshkovsky,Russia,2021-09,287
Q4062196,Yuz Aleshkovsky,Russia,2021-10,242
Q4062196,Yuz Aleshkovsky,Russia,2021-11,284
Q4062196,Yuz Aleshkovsky,Russia,2021-12,284
Q4062196,Yuz Aleshkovsky,Russia,2022-01,350
Q4062196,Yuz Aleshkovsky,Russia,2022-02,325
Q4062196,Yuz Aleshkovsky,Russia,2022-03,7245
Q4062196,Yuz Aleshkovsky,Russia,2022-04,3076
Q4062196,Yuz Aleshkovsky,Russia,2022-05,1168
Q4062196,Yuz Aleshkovsky,Russia,2022-06,526
Q4062196,Yuz Aleshkovsky,Russia,2022-07,441
Q4062196,Yuz Aleshkovsky,Russia,2022-08,516
Q4062196,Yuz Aleshkovsky,Russia,2022-09,533
Q4062196,Yuz Aleshkovsky,Russia,2022-10,440
Q4062196,Yuz Aleshkovsky,Russia,2022-11,453
Q4062196,Yuz Aleshkovsky,Russia,2022-12,376
Q4062196,Yuz Aleshkovsky,Russia,2023-01,365
Q4062196,Yuz Aleshkovsky,Russia,2023-02,318
Q4062196,Yuz Aleshkovsky,Russia,2023-03,426
Q4062196,Yuz Aleshkovsky,Russia,2023-04,305
Q4062196,Yuz Aleshkovsky,Russia,2023-05,307
Q4062196,Yuz Aleshkovsky,Russia,2023-06,274
Q4062196,Yuz Aleshkovsky,Russia,2023-07,306
Q4062196,Yuz Aleshkovsky,Russia,2023-08,366
Q4062196,Yuz Aleshkovsky,Russia,2023-09,335
Q4062196,Yuz Aleshkovsky,Russia,2023-10,356
Q4062196,Yuz Aleshkovsky,Russia,2023-11,338
Q4062196,Yuz Aleshkovsky,Russia,2023-12,295
Q3516038,Tatiana Shebanova,Russia,2021-01,237
Q3516038,Tatiana Shebanova,Russia,2021-02,186
Q3516038,Tatiana Shebanova,Russia,2021-03,229
Q3516038,Tatiana Shebanova,Russia,2021-04,293
Q3516038,Tatiana Shebanova,Russia,2021-05,323
Q3516038,Tatiana Shebanova,Russia,2021-06,246
Q3516038,Tatiana Shebanova,Russia,2021-07,263
Q3516038,Tatiana Shebanova,Russia,2021-08,252
Q3516038,Tatiana Shebanova,Russia,2021-09,262
Q3516038,Tatiana Shebanova,Russia,2021-10,780
Q3516038,Tatiana Shebanova,Russia,2021-11,287
Q3516038,Tatiana Shebanova,Russia,2021-12,220
Q3516038,Tatiana Shebanova,Russia,2022-01,241
Q3516038,Tatiana Shebanova,Russia,2022-02,237
Q3516038,Tatiana Shebanova,Russia,2022-03,231
Q3516038,Tatiana Shebanova,Russia,2022-04,208
Q3516038,Tatiana Shebanova,Russia,2022-05,158
Q3516038,Tatiana Shebanova,Russia,2022-06,171
Q3516038,Tatiana Shebanova,Russia,2022-07,208
Q3516038,Tatiana Shebanova,Russia,2022-08,243
Q3516038,Tatiana Shebanova,Russia,2022-09,154
Q3516038,Tatiana Shebanova,Russia,2022-10,192
Q3516038,Tatiana Shebanova,Russia,2022-11,162
Q3516038,Tatiana Shebanova,Russia,2022-12,203
Q3516038,Tatiana Shebanova,Russia,2023-01,706
Q3516038,Tatiana Shebanova,Russia,2023-02,198
Q3516038,Tatiana Shebanova,Russia,2023-03,231
Q3516038,Tatiana Shebanova,Russia,2023-04,199
Q3516038,Tatiana Shebanova,Russia,2023-05,162
Q3516038,Tatiana Shebanova,Russia,2023-06,209
Q3516038,Tatiana Shebanova,Russia,2023-07,187
Q3516038,Tatiana Shebanova,Russia,2023-08,163
Q3516038,Tatiana Shebanova,Russia,2023-09,189
Q3516038,Tatiana Shebanova,Russia,2023-10,198
Q3516038,Tatiana Shebanova,Russia,2023-11,193
Q3516038,Tatiana Shebanova,Russia,2023-12,184
Q4277625,Vyacheslav Malezhik,Russia,2021-01,129
Q4277625,Vyacheslav Malezhik,Russia,2021-02,132
Q4277625,Vyacheslav Malezhik,Russia,2021-03,110
Q4277625,Vyacheslav Malezhik,Russia,2021-04,165
Q4277625,Vyacheslav Malezhik,Russia,2021-05,288
Q4277625,Vyacheslav Malezhik,Russia,2021-06,102
Q4277625,Vyacheslav Malezhik,Russia,2021-07,90
Q4277625,Vyacheslav Malezhik,Russia,2021-08,162
Q4277625,Vyacheslav Malezhik,Russia,2021-09,91
Q4277625,Vyacheslav Malezhik,Russia,2021-10,107
Q4277625,Vyacheslav Malezhik,Russia,2021-11,93
Q4277625,Vyacheslav Malezhik,Russia,2021-12,128
Q4277625,Vyacheslav Malezhik,Russia,2022-01,117
Q4277625,Vyacheslav Malezhik,Russia,2022-02,136
Q4277625,Vyacheslav Malezhik,Russia,2022-03,126
Q4277625,Vyacheslav Malezhik,Russia,2022-04,146
Q4277625,Vyacheslav Malezhik,Russia,2022-05,160
Q4277625,Vyacheslav Malezhik,Russia,2022-06,128
Q4277625,Vyacheslav Malezhik,Russia,2022-07,139
Q4277625,Vyacheslav Malezhik,Russia,2022-08,138
Q4277625,Vyacheslav Malezhik,Russia,2022-09,142
Q4277625,Vyacheslav Malezhik,Russia,2022-10,223
Q4277625,Vyacheslav Malezhik,Russia,2022-11,426
Q4277625,Vyacheslav Malezhik,Russia,2022-12,283
Q4277625,Vyacheslav Malezhik,Russia,2023-01,170
Q4277625,Vyacheslav Malezhik,Russia,2023-02,219
Q4277625,Vyacheslav Malezhik,Russia,2023-03,189
Q4277625,Vyacheslav Malezhik,Russia,2023-04,178
Q4277625,Vyacheslav Malezhik,Russia,2023-05,123
Q4277625,Vyacheslav Malezhik,Russia,2023-06,139
Q4277625,Vyacheslav Malezhik,Russia,2023-07,154
Q4277625,Vyacheslav Malezhik,Russia,2023-08,148
Q4277625,Vyacheslav Malezhik,Russia,2023-09,165
Q4277625,Vyacheslav Malezhik,Russia,2023-10,156
Q4277625,Vyacheslav Malezhik,Russia,2023-11,152
Q4277625,Vyacheslav Malezhik,Russia,2023-12,166
Q4281952,Vladimir Markin,Russia,2021-01,177
Q4281952,Vladimir Markin,Russia,2021-02,145
Q4281952,Vladimir Markin,Russia,2021-03,127
Q4281952,Vladimir Markin,Russia,2021-04,136
Q4281952,Vladimir Markin,Russia,2021-05,174
Q4281952,Vladimir Markin,Russia,2021-06,184
Q4281952,Vladimir Markin,Russia,2021-07,116
Q4281952,Vladimir Markin,Russia,2021-08,156
Q4281952,Vladimir Markin,Russia,2021-09,146
Q4281952,Vladimir Markin,Russia,2021-10,749
Q4281952,Vladimir Markin,Russia,2021-11,170
Q4281952,Vladimir Markin,Russia,2021-12,161
Q4281952,Vladimir Markin,Russia,2022-01,177
Q4281952,Vladimir Markin,Russia,2022-02,142
Q4281952,Vladimir Markin,Russia,2022-03,138
Q4281952,Vladimir Markin,Russia,2022-04,145
Q4281952,Vladimir Markin,Russia,2022-05,162
Q4281952,Vladimir Markin,Russia,2022-06,166
Q4281952,Vladimir Markin,Russia,2022-07,153
Q4281952,Vladimir Markin,Russia,2022-08,167
Q4281952,Vladimir Markin,Russia,2022-09,165
Q4281952,Vladimir Markin,Russia,2022-10,223
Q4281952,Vladimir Markin,Russia,2022-11,122
Q4281952,Vladimir Markin,Russia,2022-12,121
Q4281952,Vladimir Markin,Russia,2023-01,157
Q4281952,Vladimir Markin,Russia,2023-02,119
Q4281952,Vladimir Markin,Russia,2023-03,138
Q4281952,Vladimir Markin,Russia,2023-04,125
Q4281952,Vladimir Markin,Russia,2023-05,154
Q4281952,Vladimir Markin,Russia,2023-06,138
Q4281952,Vladimir Markin,Russia,2023-07,154
Q4281952,Vladimir Markin,Russia,2023-08,149
Q4281952,Vladimir Markin,Russia,2023-09,173
Q4281952,Vladimir Markin,Russia,2023-10,202
Q4281952,Vladimir Markin,Russia,2023-11,173
Q4281952,Vladimir Markin,Russia,2023-12,263
Q4264597,Igor Lobanov,Russia,2021-01,179
Q4264597,Igor Lobanov,Russia,2021-02,174
Q4264597,Igor Lobanov,Russia,2021-03,172
Q4264597,Igor Lobanov,Russia,2021-04,251
Q4264597,Igor Lobanov,Russia,2021-05,206
Q4264597,Igor Lobanov,Russia,2021-06,194
Q4264597,Igor Lobanov,Russia,2021-07,203
Q4264597,Igor Lobanov,Russia,2021-08,234
Q4264597,Igor Lobanov,Russia,2021-09,219
Q4264597,Igor Lobanov,Russia,2021-10,195
Q4264597,Igor Lobanov,Russia,2021-11,215
Q4264597,Igor Lobanov,Russia,2021-12,123
Q4264597,Igor Lobanov,Russia,2022-01,175
Q4264597,Igor Lobanov,Russia,2022-02,235
Q4264597,Igor Lobanov,Russia,2022-03,196
Q4264597,Igor Lobanov,Russia,2022-04,163
Q4264597,Igor Lobanov,Russia,2022-05,179
Q4264597,Igor Lobanov,Russia,2022-06,147
Q4264597,Igor Lobanov,Russia,2022-07,141
Q4264597,Igor Lobanov,Russia,2022-08,167
Q4264597,Igor Lobanov,Russia,2022-09,185
Q4264597,Igor Lobanov,Russia,2022-10,132
Q4264597,Igor Lobanov,Russia,2022-11,140
Q4264597,Igor Lobanov,Russia,2022-12,140
Q4264597,Igor Lobanov,Russia,2023-01,153
Q4264597,Igor Lobanov,Russia,2023-02,119
Q4264597,Igor Lobanov,Russia,2023-03,150
Q4264597,Igor Lobanov,Russia,2023-04,148
Q4264597,Igor Lobanov,Russia,2023-05,154
Q4264597,Igor Lobanov,Russia,2023-06,179
Q4264597,Igor Lobanov,Russia,2023-07,210
Q4264597,Igor Lobanov,Russia,2023-08,178
Q4264597,Igor Lobanov,Russia,2023-09,202
Q4264597,Igor Lobanov,Russia,2023-10,163
Q4264597,Igor Lobanov,Russia,2023-11,172
Q4264597,Igor Lobanov,Russia,2023-12,141
Q4421947,Alexander F. Sklyar,Russia,2021-01,174
Q4421947,Alexander F. Sklyar,Russia,2021-02,140
Q4421947,Alexander F. Sklyar,Russia,2021-03,133
Q4421947,Alexander F. Sklyar,Russia,2021-04,130
Q4421947,Alexander F. Sklyar,Russia,2021-05,201
Q4421947,Alexander F. Sklyar,Russia,2021-06,173
Q4421947,Alexander F. Sklyar,Russia,2021-07,190
Q4421947,Alexander F. Sklyar,Russia,2021-08,185
Q4421947,Alexander F. Sklyar,Russia,2021-09,153
Q4421947,Alexander F. Sklyar,Russia,2021-10,144
Q4421947,Alexander F. Sklyar,Russia,2021-11,168
Q4421947,Alexander F. Sklyar,Russia,2021-12,238
Q4421947,Alexander F. Sklyar,Russia,2022-01,226
Q4421947,Alexander F. Sklyar,Russia,2022-02,180
Q4421947,Alexander F. Sklyar,Russia,2022-03,291
Q4421947,Alexander F. Sklyar,Russia,2022-04,348
Q4421947,Alexander F. Sklyar,Russia,2022-05,324
Q4421947,Alexander F. Sklyar,Russia,2022-06,265
Q4421947,Alexander F. Sklyar,Russia,2022-07,295
Q4421947,Alexander F. Sklyar,Russia,2022-08,282
Q4421947,Alexander F. Sklyar,Russia,2022-09,251
Q4421947,Alexander F. Sklyar,Russia,2022-10,186
Q4421947,Alexander F. Sklyar,Russia,2022-11,263
Q4421947,Alexander F. Sklyar,Russia,2022-12,221
Q4421947,Alexander F. Sklyar,Russia,2023-01,228
Q4421947,Alexander F. Sklyar,Russia,2023-02,267
Q4421947,Alexander F. Sklyar,Russia,2023-03,226
Q4421947,Alexander F. Sklyar,Russia,2023-04,210
Q4421947,Alexander F. Sklyar,Russia,2023-05,281
Q4421947,Alexander F. Sklyar,Russia,2023-06,233
Q4421947,Alexander F. Sklyar,Russia,2023-07,193
Q4421947,Alexander F. Sklyar,Russia,2023-08,235
Q4421947,Alexander F. Sklyar,Russia,2023-09,281
Q4421947,Alexander F. Sklyar,Russia,2023-10,290
Q4421947,Alexander F. Sklyar,Russia,2023-11,260
Q4421947,Alexander F. Sklyar,Russia,2023-12,225
Q4441223,Stas Namin,Russia,2021-01,949
Q4441223,Stas Namin,Russia,2021-02,1042
Q4441223,Stas Namin,Russia,2021-03,869
Q4441223,Stas Namin,Russia,2021-04,858
Q4441223,Stas Namin,Russia,2021-05,956
Q4441223,Stas Namin,Russia,2021-06,717
Q4441223,Stas Namin,Russia,2021-07,854
Q4441223,Stas Namin,Russia,2021-08,1132
Q4441223,Stas Namin,Russia,2021-09,2511
Q4441223,Stas Namin,Russia,2021-10,1267
Q4441223,Stas Namin,Russia,2021-11,1987
Q4441223,Stas Namin,Russia,2021-12,927
Q4441223,Stas Namin,Russia,2022-01,901
Q4441223,Stas Namin,Russia,2022-02,948
Q4441223,Stas Namin,Russia,2022-03,1180
Q4441223,Stas Namin,Russia,2022-04,796
Q4441223,Stas Namin,Russia,2022-05,851
Q4441223,Stas Namin,Russia,2022-06,785
Q4441223,Stas Namin,Russia,2022-07,761
Q4441223,Stas Namin,Russia,2022-08,888
Q4441223,Stas Namin,Russia,2022-09,742
Q4441223,Stas Namin,Russia,2022-10,1307
Q4441223,Stas Namin,Russia,2022-11,788
Q4441223,Stas Namin,Russia,2022-12,628
Q4441223,Stas Namin,Russia,2023-01,809
Q4441223,Stas Namin,Russia,2023-02,759
Q4441223,Stas Namin,Russia,2023-03,992
Q4441223,Stas Namin,Russia,2023-04,919
Q4441223,Stas Namin,Russia,2023-05,958
Q4441223,Stas Namin,Russia,2023-06,818
Q4441223,Stas Namin,Russia,2023-07,837
Q4441223,Stas Namin,Russia,2023-08,958
Q4441223,Stas Namin,Russia,2023-09,915
Q4441223,Stas Namin,Russia,2023-10,4644
Q4441223,Stas Namin,Russia,2023-11,954
Q4441223,Stas Namin,Russia,2023-12,889
Q4413688,Dmitry Selivanov,Russia,2021-01,301
Q4413688,Dmitry Selivanov,Russia,2021-02,237
Q4413688,Dmitry Selivanov,Russia,2021-03,232
Q4413688,Dmitry Selivanov,Russia,2021-04,345
Q4413688,Dmitry Selivanov,Russia,2021-05,310
Q4413688,Dmitry Selivanov,Russia,2021-06,238
Q4413688,Dmitry Selivanov,Russia,2021-07,204
Q4413688,Dmitry Selivanov,Russia,2021-08,223
Q4413688,Dmitry Selivanov,Russia,2021-09,219
Q4413688,Dmitry Selivanov,Russia,2021-10,194
Q4413688,Dmitry Selivanov,Russia,2021-11,243
Q4413688,Dmitry Selivanov,Russia,2021-12,559
Q4413688,Dmitry Selivanov,Russia,2022-01,414
Q4413688,Dmitry Selivanov,Russia,2022-02,343
Q4413688,Dmitry Selivanov,Russia,2022-03,327
Q4413688,Dmitry Selivanov,Russia,2022-04,485
Q4413688,Dmitry Selivanov,Russia,2022-05,386
Q4413688,Dmitry Selivanov,Russia,2022-06,325
Q4413688,Dmitry Selivanov,Russia,2022-07,345
Q4413688,Dmitry Selivanov,Russia,2022-08,264
Q4413688,Dmitry Selivanov,Russia,2022-09,390
Q4413688,Dmitry Selivanov,Russia,2022-10,222
Q4413688,Dmitry Selivanov,Russia,2022-11,211
Q4413688,Dmitry Selivanov,Russia,2022-12,238
Q4413688,Dmitry Selivanov,Russia,2023-01,241
Q4413688,Dmitry Selivanov,Russia,2023-02,158
Q4413688,Dmitry Selivanov,Russia,2023-03,240
Q4413688,Dmitry Selivanov,Russia,2023-04,208
Q4413688,Dmitry Selivanov,Russia,2023-05,303
Q4413688,Dmitry Selivanov,Russia,2023-06,223
Q4413688,Dmitry Selivanov,Russia,2023-07,236
Q4413688,Dmitry Selivanov,Russia,2023-08,188
Q4413688,Dmitry Selivanov,Russia,2023-09,195
Q4413688,Dmitry Selivanov,Russia,2023-10,238
Q4413688,Dmitry Selivanov,Russia,2023-11,173
Q4413688,Dmitry Selivanov,Russia,2023-12,226
Q4446873,Alexander Sukhanov,Russia,2021-01,97
Q4446873,Alexander Sukhanov,Russia,2021-02,98
Q4446873,Alexander Sukhanov,Russia,2021-03,108
Q4446873,Alexander Sukhanov,Russia,2021-04,121
Q4446873,Alexander Sukhanov,Russia,2021-05,83
Q4446873,Alexander Sukhanov,Russia,2021-06,65
Q4446873,Alexander Sukhanov,Russia,2021-07,106
Q4446873,Alexander Sukhanov,Russia,2021-08,100
Q4446873,Alexander Sukhanov,Russia,2021-09,92
Q4446873,Alexander Sukhanov,Russia,2021-10,103
Q4446873,Alexander Sukhanov,Russia,2021-11,78
Q4446873,Alexander Sukhanov,Russia,2021-12,89
Q4446873,Alexander Sukhanov,Russia,2022-01,85
Q4446873,Alexander Sukhanov,Russia,2022-02,92
Q4446873,Alexander Sukhanov,Russia,2022-03,131
Q4446873,Alexander Sukhanov,Russia,2022-04,116
Q4446873,Alexander Sukhanov,Russia,2022-05,142
Q4446873,Alexander Sukhanov,Russia,2022-06,113
Q4446873,Alexander Sukhanov,Russia,2022-07,119
Q4446873,Alexander Sukhanov,Russia,2022-08,138
Q4446873,Alexander Sukhanov,Russia,2022-09,134
Q4446873,Alexander Sukhanov,Russia,2022-10,155
Q4446873,Alexander Sukhanov,Russia,2022-11,93
Q4446873,Alexander Sukhanov,Russia,2022-12,144
Q4446873,Alexander Sukhanov,Russia,2023-01,141
Q4446873,Alexander Sukhanov,Russia,2023-02,81
Q4446873,Alexander Sukhanov,Russia,2023-03,107
Q4446873,Alexander Sukhanov,Russia,2023-04,116
Q4446873,Alexander Sukhanov,Russia,2023-05,104
Q4446873,Alexander Sukhanov,Russia,2023-06,115
Q4446873,Alexander Sukhanov,Russia,2023-07,113
Q4446873,Alexander Sukhanov,Russia,2023-08,87
Q4446873,Alexander Sukhanov,Russia,2023-09,95
Q4446873,Alexander Sukhanov,Russia,2023-10,91
Q4446873,Alexander Sukhanov,Russia,2023-11,93
Q4446873,Alexander Sukhanov,Russia,2023-12,107
Q4287293,Kirill Medvedev,Russia,2021-01,157
Q4287293,Kirill Medvedev,Russia,2021-02,146
Q4287293,Kirill Medvedev,Russia,2021-03,114
Q4287293,Kirill Medvedev,Russia,2021-04,95
Q4287293,Kirill Medvedev,Russia,2021-05,119
Q4287293,Kirill Medvedev,Russia,2021-06,71
Q4287293,Kirill Medvedev,Russia,2021-07,102
Q4287293,Kirill Medvedev,Russia,2021-08,96
Q4287293,Kirill Medvedev,Russia,2021-09,143
Q4287293,Kirill Medvedev,Russia,2021-10,361
Q4287293,Kirill Medvedev,Russia,2021-11,214
Q4287293,Kirill Medvedev,Russia,2021-12,178
Q4287293,Kirill Medvedev,Russia,2022-01,129
Q4287293,Kirill Medvedev,Russia,2022-02,181
Q4287293,Kirill Medvedev,Russia,2022-03,300
Q4287293,Kirill Medvedev,Russia,2022-04,153
Q4287293,Kirill Medvedev,Russia,2022-05,189
Q4287293,Kirill Medvedev,Russia,2022-06,160
Q4287293,Kirill Medvedev,Russia,2022-07,182
Q4287293,Kirill Medvedev,Russia,2022-08,132
Q4287293,Kirill Medvedev,Russia,2022-09,135
Q4287293,Kirill Medvedev,Russia,2022-10,155
Q4287293,Kirill Medvedev,Russia,2022-11,164
Q4287293,Kirill Medvedev,Russia,2022-12,131
Q4287293,Kirill Medvedev,Russia,2023-01,172
Q4287293,Kirill Medvedev,Russia,2023-02,152
Q4287293,Kirill Medvedev,Russia,2023-03,165
Q4287293,Kirill Medvedev,Russia,2023-04,138
Q4287293,Kirill Medvedev,Russia,2023-05,162
Q4287293,Kirill Medvedev,Russia,2023-06,122
Q4287293,Kirill Medvedev,Russia,2023-07,112
Q4287293,Kirill Medvedev,Russia,2023-08,112
Q4287293,Kirill Medvedev,Russia,2023-09,111
Q4287293,Kirill Medvedev,Russia,2023-10,118
Q4287293,Kirill Medvedev,Russia,2023-11,143
Q4287293,Kirill Medvedev,Russia,2023-12,175
Q3479110,Serafim Tulikov,Russia,2021-01,139
Q3479110,Serafim Tulikov,Russia,2021-02,123
Q3479110,Serafim Tulikov,Russia,2021-03,151
Q3479110,Serafim Tulikov,Russia,2021-04,153
Q3479110,Serafim Tulikov,Russia,2021-05,169
Q3479110,Serafim Tulikov,Russia,2021-06,138
Q3479110,Serafim Tulikov,Russia,2021-07,133
Q3479110,Serafim Tulikov,Russia,2021-08,132
Q3479110,Serafim Tulikov,Russia,2021-09,99
Q3479110,Serafim Tulikov,Russia,2021-10,131
Q3479110,Serafim Tulikov,Russia,2021-11,111
Q3479110,Serafim Tulikov,Russia,2021-12,103
Q3479110,Serafim Tulikov,Russia,2022-01,152
Q3479110,Serafim Tulikov,Russia,2022-02,127
Q3479110,Serafim Tulikov,Russia,2022-03,152
Q3479110,Serafim Tulikov,Russia,2022-04,116
Q3479110,Serafim Tulikov,Russia,2022-05,156
Q3479110,Serafim Tulikov,Russia,2022-06,151
Q3479110,Serafim Tulikov,Russia,2022-07,141
Q3479110,Serafim Tulikov,Russia,2022-08,130
Q3479110,Serafim Tulikov,Russia,2022-09,109
Q3479110,Serafim Tulikov,Russia,2022-10,164
Q3479110,Serafim Tulikov,Russia,2022-11,97
Q3479110,Serafim Tulikov,Russia,2022-12,126
Q3479110,Serafim Tulikov,Russia,2023-01,114
Q3479110,Serafim Tulikov,Russia,2023-02,98
Q3479110,Serafim Tulikov,Russia,2023-03,108
Q3479110,Serafim Tulikov,Russia,2023-04,115
Q3479110,Serafim Tulikov,Russia,2023-05,119
Q3479110,Serafim Tulikov,Russia,2023-06,112
Q3479110,Serafim Tulikov,Russia,2023-07,121
Q3479110,Serafim Tulikov,Russia,2023-08,97
Q3479110,Serafim Tulikov,Russia,2023-09,119
Q3479110,Serafim Tulikov,Russia,2023-10,115
Q3479110,Serafim Tulikov,Russia,2023-11,115
Q3479110,Serafim Tulikov,Russia,2023-12,172
Q80331200,Niletto,Russia,2022-09,94
Q80331200,Niletto,Russia,2023-05,332
Q80331200,Niletto,Russia,2023-06,1107
Q80331200,Niletto,Russia,2023-07,1320
Q80331200,Niletto,Russia,2023-08,1476
Q80331200,Niletto,Russia,2023-09,1095
Q80331200,Niletto,Russia,2023-10,1143
Q80331200,Niletto,Russia,2023-11,1405
Q80331200,Niletto,Russia,2023-12,1541
Q4099545,Nikolay Burenin,Russia,2021-01,129
Q4099545,Nikolay Burenin,Russia,2021-02,143
Q4099545,Nikolay Burenin,Russia,2021-03,121
Q4099545,Nikolay Burenin,Russia,2021-04,117
Q4099545,Nikolay Burenin,Russia,2021-05,107
Q4099545,Nikolay Burenin,Russia,2021-06,104
Q4099545,Nikolay Burenin,Russia,2021-07,142
Q4099545,Nikolay Burenin,Russia,2021-08,127
Q4099545,Nikolay Burenin,Russia,2021-09,157
Q4099545,Nikolay Burenin,Russia,2021-10,106
Q4099545,Nikolay Burenin,Russia,2021-11,96
Q4099545,Nikolay Burenin,Russia,2021-12,86
Q4099545,Nikolay Burenin,Russia,2022-01,87
Q4099545,Nikolay Burenin,Russia,2022-02,92
Q4099545,Nikolay Burenin,Russia,2022-03,99
Q4099545,Nikolay Burenin,Russia,2022-04,97
Q4099545,Nikolay Burenin,Russia,2022-05,198
Q4099545,Nikolay Burenin,Russia,2022-06,118
Q4099545,Nikolay Burenin,Russia,2022-07,81
Q4099545,Nikolay Burenin,Russia,2022-08,105
Q4099545,Nikolay Burenin,Russia,2022-09,70
Q4099545,Nikolay Burenin,Russia,2022-10,97
Q4099545,Nikolay Burenin,Russia,2022-11,95
Q4099545,Nikolay Burenin,Russia,2022-12,123
Q4099545,Nikolay Burenin,Russia,2023-01,106
Q4099545,Nikolay Burenin,Russia,2023-02,72
Q4099545,Nikolay Burenin,Russia,2023-03,86
Q4099545,Nikolay Burenin,Russia,2023-04,88
Q4099545,Nikolay Burenin,Russia,2023-05,80
Q4099545,Nikolay Burenin,Russia,2023-06,103
Q4099545,Nikolay Burenin,Russia,2023-07,109
Q4099545,Nikolay Burenin,Russia,2023-08,93
Q4099545,Nikolay Burenin,Russia,2023-09,106
Q4099545,Nikolay Burenin,Russia,2023-10,73
Q4099545,Nikolay Burenin,Russia,2023-11,80
Q4099545,Nikolay Burenin,Russia,2023-12,119
Q4113428,Natasha Vlassenko,Russia,2021-01,119
Q4113428,Natasha Vlassenko,Russia,2021-02,111
Q4113428,Natasha Vlassenko,Russia,2021-03,123
Q4113428,Natasha Vlassenko,Russia,2021-04,137
Q4113428,Natasha Vlassenko,Russia,2021-05,147
Q4113428,Natasha Vlassenko,Russia,2021-06,156
Q4113428,Natasha Vlassenko,Russia,2021-07,149
Q4113428,Natasha Vlassenko,Russia,2021-08,139
Q4113428,Natasha Vlassenko,Russia,2021-09,145
Q4113428,Natasha Vlassenko,Russia,2021-10,123
Q4113428,Natasha Vlassenko,Russia,2021-11,124
Q4113428,Natasha Vlassenko,Russia,2021-12,95
Q4113428,Natasha Vlassenko,Russia,2022-01,128
Q4113428,Natasha Vlassenko,Russia,2022-02,138
Q4113428,Natasha Vlassenko,Russia,2022-03,135
Q4113428,Natasha Vlassenko,Russia,2022-04,130
Q4113428,Natasha Vlassenko,Russia,2022-05,281
Q4113428,Natasha Vlassenko,Russia,2022-06,165
Q4113428,Natasha Vlassenko,Russia,2022-07,169
Q4113428,Natasha Vlassenko,Russia,2022-08,165
Q4113428,Natasha Vlassenko,Russia,2022-09,208
Q4113428,Natasha Vlassenko,Russia,2022-10,155
Q4113428,Natasha Vlassenko,Russia,2022-11,161
Q4113428,Natasha Vlassenko,Russia,2022-12,117
Q4113428,Natasha Vlassenko,Russia,2023-01,203
Q4113428,Natasha Vlassenko,Russia,2023-02,115
Q4113428,Natasha Vlassenko,Russia,2023-03,141
Q4113428,Natasha Vlassenko,Russia,2023-04,136
Q4113428,Natasha Vlassenko,Russia,2023-05,123
Q4113428,Natasha Vlassenko,Russia,2023-06,126
Q4113428,Natasha Vlassenko,Russia,2023-07,122
Q4113428,Natasha Vlassenko,Russia,2023-08,129
Q4113428,Natasha Vlassenko,Russia,2023-09,131
Q4113428,Natasha Vlassenko,Russia,2023-10,106
Q4113428,Natasha Vlassenko,Russia,2023-11,117
Q4113428,Natasha Vlassenko,Russia,2023-12,121
Q4111876,Lev Vinocour,Russia,2021-01,97
Q4111876,Lev Vinocour,Russia,2021-02,65
Q4111876,Lev Vinocour,Russia,2021-03,82
Q4111876,Lev Vinocour,Russia,2021-04,90
Q4111876,Lev Vinocour,Russia,2021-05,79
Q4111876,Lev Vinocour,Russia,2021-06,81
Q4111876,Lev Vinocour,Russia,2021-07,84
Q4111876,Lev Vinocour,Russia,2021-08,91
Q4111876,Lev Vinocour,Russia,2021-09,97
Q4111876,Lev Vinocour,Russia,2021-10,84
Q4111876,Lev Vinocour,Russia,2021-11,69
Q4111876,Lev Vinocour,Russia,2021-12,56
Q4111876,Lev Vinocour,Russia,2022-01,72
Q4111876,Lev Vinocour,Russia,2022-02,83
Q4111876,Lev Vinocour,Russia,2022-03,68
Q4111876,Lev Vinocour,Russia,2022-04,108
Q4111876,Lev Vinocour,Russia,2022-05,114
Q4111876,Lev Vinocour,Russia,2022-06,197
Q4111876,Lev Vinocour,Russia,2022-07,118
Q4111876,Lev Vinocour,Russia,2022-08,99
Q4111876,Lev Vinocour,Russia,2022-09,95
Q4111876,Lev Vinocour,Russia,2022-10,77
Q4111876,Lev Vinocour,Russia,2022-11,104
Q4111876,Lev Vinocour,Russia,2022-12,76
Q4111876,Lev Vinocour,Russia,2023-01,76
Q4111876,Lev Vinocour,Russia,2023-02,67
Q4111876,Lev Vinocour,Russia,2023-03,96
Q4111876,Lev Vinocour,Russia,2023-04,96
Q4111876,Lev Vinocour,Russia,2023-05,81
Q4111876,Lev Vinocour,Russia,2023-06,82
Q4111876,Lev Vinocour,Russia,2023-07,62
Q4111876,Lev Vinocour,Russia,2023-08,69
Q4111876,Lev Vinocour,Russia,2023-09,76
Q4111876,Lev Vinocour,Russia,2023-10,55
Q4111876,Lev Vinocour,Russia,2023-11,61
Q4111876,Lev Vinocour,Russia,2023-12,72
Q4515701,Sergey Chigrakov,Russia,2021-01,378
Q4515701,Sergey Chigrakov,Russia,2021-02,444
Q4515701,Sergey Chigrakov,Russia,2021-03,401
Q4515701,Sergey Chigrakov,Russia,2021-04,412
Q4515701,Sergey Chigrakov,Russia,2021-05,364
Q4515701,Sergey Chigrakov,Russia,2021-06,368
Q4515701,Sergey Chigrakov,Russia,2021-07,362
Q4515701,Sergey Chigrakov,Russia,2021-08,367
Q4515701,Sergey Chigrakov,Russia,2021-09,436
Q4515701,Sergey Chigrakov,Russia,2021-10,377
Q4515701,Sergey Chigrakov,Russia,2021-11,398
Q4515701,Sergey Chigrakov,Russia,2021-12,345
Q4515701,Sergey Chigrakov,Russia,2022-01,396
Q4515701,Sergey Chigrakov,Russia,2022-02,411
Q4515701,Sergey Chigrakov,Russia,2022-03,465
Q4515701,Sergey Chigrakov,Russia,2022-04,465
Q4515701,Sergey Chigrakov,Russia,2022-05,406
Q4515701,Sergey Chigrakov,Russia,2022-06,421
Q4515701,Sergey Chigrakov,Russia,2022-07,431
Q4515701,Sergey Chigrakov,Russia,2022-08,372
Q4515701,Sergey Chigrakov,Russia,2022-09,397
Q4515701,Sergey Chigrakov,Russia,2022-10,353
Q4515701,Sergey Chigrakov,Russia,2022-11,391
Q4515701,Sergey Chigrakov,Russia,2022-12,311
Q4515701,Sergey Chigrakov,Russia,2023-01,274
Q4515701,Sergey Chigrakov,Russia,2023-02,274
Q4515701,Sergey Chigrakov,Russia,2023-03,287
Q4515701,Sergey Chigrakov,Russia,2023-04,261
Q4515701,Sergey Chigrakov,Russia,2023-05,310
Q4515701,Sergey Chigrakov,Russia,2023-06,300
Q4515701,Sergey Chigrakov,Russia,2023-07,308
Q4515701,Sergey Chigrakov,Russia,2023-08,311
Q4515701,Sergey Chigrakov,Russia,2023-09,352
Q4515701,Sergey Chigrakov,Russia,2023-10,271
Q4515701,Sergey Chigrakov,Russia,2023-11,294
Q4515701,Sergey Chigrakov,Russia,2023-12,328
Q4314388,Yuri Naumov,Russia,2021-01,129
Q4314388,Yuri Naumov,Russia,2021-02,100
Q4314388,Yuri Naumov,Russia,2021-03,137
Q4314388,Yuri Naumov,Russia,2021-04,130
Q4314388,Yuri Naumov,Russia,2021-05,245
Q4314388,Yuri Naumov,Russia,2021-06,156
Q4314388,Yuri Naumov,Russia,2021-07,162
Q4314388,Yuri Naumov,Russia,2021-08,158
Q4314388,Yuri Naumov,Russia,2021-09,208
Q4314388,Yuri Naumov,Russia,2021-10,387
Q4314388,Yuri Naumov,Russia,2021-11,196
Q4314388,Yuri Naumov,Russia,2021-12,172
Q4314388,Yuri Naumov,Russia,2022-01,145
Q4314388,Yuri Naumov,Russia,2022-02,168
Q4314388,Yuri Naumov,Russia,2022-03,145
Q4314388,Yuri Naumov,Russia,2022-04,135
Q4314388,Yuri Naumov,Russia,2022-05,145
Q4314388,Yuri Naumov,Russia,2022-06,131
Q4314388,Yuri Naumov,Russia,2022-07,141
Q4314388,Yuri Naumov,Russia,2022-08,153
Q4314388,Yuri Naumov,Russia,2022-09,191
Q4314388,Yuri Naumov,Russia,2022-10,174
Q4314388,Yuri Naumov,Russia,2022-11,229
Q4314388,Yuri Naumov,Russia,2022-12,143
Q4314388,Yuri Naumov,Russia,2023-01,101
Q4314388,Yuri Naumov,Russia,2023-02,74
Q4314388,Yuri Naumov,Russia,2023-03,97
Q4314388,Yuri Naumov,Russia,2023-04,198
Q4314388,Yuri Naumov,Russia,2023-05,156
Q4314388,Yuri Naumov,Russia,2023-06,130
Q4314388,Yuri Naumov,Russia,2023-07,108
Q4314388,Yuri Naumov,Russia,2023-08,100
Q4314388,Yuri Naumov,Russia,2023-09,166
Q4314388,Yuri Naumov,Russia,2023-10,225
Q4314388,Yuri Naumov,Russia,2023-11,119
Q4314388,Yuri Naumov,Russia,2023-12,95
Q4308167,Mikhail Muromov,Russia,2021-01,358
Q4308167,Mikhail Muromov,Russia,2021-02,170
Q4308167,Mikhail Muromov,Russia,2021-03,184
Q4308167,Mikhail Muromov,Russia,2021-04,152
Q4308167,Mikhail Muromov,Russia,2021-05,132
Q4308167,Mikhail Muromov,Russia,2021-06,122
Q4308167,Mikhail Muromov,Russia,2021-07,226
Q4308167,Mikhail Muromov,Russia,2021-08,170
Q4308167,Mikhail Muromov,Russia,2021-09,186
Q4308167,Mikhail Muromov,Russia,2021-10,146
Q4308167,Mikhail Muromov,Russia,2021-11,157
Q4308167,Mikhail Muromov,Russia,2021-12,129
Q4308167,Mikhail Muromov,Russia,2022-01,178
Q4308167,Mikhail Muromov,Russia,2022-02,184
Q4308167,Mikhail Muromov,Russia,2022-03,180
Q4308167,Mikhail Muromov,Russia,2022-04,187
Q4308167,Mikhail Muromov,Russia,2022-05,177
Q4308167,Mikhail Muromov,Russia,2022-06,163
Q4308167,Mikhail Muromov,Russia,2022-07,181
Q4308167,Mikhail Muromov,Russia,2022-08,184
Q4308167,Mikhail Muromov,Russia,2022-09,135
Q4308167,Mikhail Muromov,Russia,2022-10,178
Q4308167,Mikhail Muromov,Russia,2022-11,152
Q4308167,Mikhail Muromov,Russia,2022-12,147
Q4308167,Mikhail Muromov,Russia,2023-01,144
Q4308167,Mikhail Muromov,Russia,2023-02,179
Q4308167,Mikhail Muromov,Russia,2023-03,181
Q4308167,Mikhail Muromov,Russia,2023-04,115
Q4308167,Mikhail Muromov,Russia,2023-05,131
Q4308167,Mikhail Muromov,Russia,2023-06,98
Q4308167,Mikhail Muromov,Russia,2023-07,110
Q4308167,Mikhail Muromov,Russia,2023-08,130
Q4308167,Mikhail Muromov,Russia,2023-09,130
Q4308167,Mikhail Muromov,Russia,2023-10,200
Q4308167,Mikhail Muromov,Russia,2023-11,151
Q4308167,Mikhail Muromov,Russia,2023-12,170
Q4234841,Viktor Kosenko,Russia,2021-01,347
Q4234841,Viktor Kosenko,Russia,2021-02,349
Q4234841,Viktor Kosenko,Russia,2021-03,318
Q4234841,Viktor Kosenko,Russia,2021-04,410
Q4234841,Viktor Kosenko,Russia,2021-05,448
Q4234841,Viktor Kosenko,Russia,2021-06,251
Q4234841,Viktor Kosenko,Russia,2021-07,233
Q4234841,Viktor Kosenko,Russia,2021-08,393
Q4234841,Viktor Kosenko,Russia,2021-09,347
Q4234841,Viktor Kosenko,Russia,2021-10,306
Q4234841,Viktor Kosenko,Russia,2021-11,335
Q4234841,Viktor Kosenko,Russia,2021-12,291
Q4234841,Viktor Kosenko,Russia,2022-01,325
Q4234841,Viktor Kosenko,Russia,2022-02,722
Q4234841,Viktor Kosenko,Russia,2022-03,1749
Q4234841,Viktor Kosenko,Russia,2022-04,985
Q4234841,Viktor Kosenko,Russia,2022-05,781
Q4234841,Viktor Kosenko,Russia,2022-06,611
Q4234841,Viktor Kosenko,Russia,2022-07,565
Q4234841,Viktor Kosenko,Russia,2022-08,457
Q4234841,Viktor Kosenko,Russia,2022-09,537
Q4234841,Viktor Kosenko,Russia,2022-10,584
Q4234841,Viktor Kosenko,Russia,2022-11,568
Q4234841,Viktor Kosenko,Russia,2022-12,472
Q4234841,Viktor Kosenko,Russia,2023-01,630
Q4234841,Viktor Kosenko,Russia,2023-02,603
Q4234841,Viktor Kosenko,Russia,2023-03,720
Q4234841,Viktor Kosenko,Russia,2023-04,523
Q4234841,Viktor Kosenko,Russia,2023-05,514
Q4234841,Viktor Kosenko,Russia,2023-06,586
Q4234841,Viktor Kosenko,Russia,2023-07,617
Q4234841,Viktor Kosenko,Russia,2023-08,734
Q4234841,Viktor Kosenko,Russia,2023-09,904
Q4234841,Viktor Kosenko,Russia,2023-10,679
Q4234841,Viktor Kosenko,Russia,2023-11,796
Q4234841,Viktor Kosenko,Russia,2023-12,628
Q4228031,Mikhail Kollontay,Russia,2021-01,135
Q4228031,Mikhail Kollontay,Russia,2021-02,135
Q4228031,Mikhail Kollontay,Russia,2021-03,151
Q4228031,Mikhail Kollontay,Russia,2021-04,150
Q4228031,Mikhail Kollontay,Russia,2021-05,190
Q4228031,Mikhail Kollontay,Russia,2021-06,120
Q4228031,Mikhail Kollontay,Russia,2021-07,148
Q4228031,Mikhail Kollontay,Russia,2021-08,143
Q4228031,Mikhail Kollontay,Russia,2021-09,140
Q4228031,Mikhail Kollontay,Russia,2021-10,100
Q4228031,Mikhail Kollontay,Russia,2021-11,118
Q4228031,Mikhail Kollontay,Russia,2021-12,112
Q4228031,Mikhail Kollontay,Russia,2022-01,118
Q4228031,Mikhail Kollontay,Russia,2022-02,110
Q4228031,Mikhail Kollontay,Russia,2022-03,146
Q4228031,Mikhail Kollontay,Russia,2022-04,130
Q4228031,Mikhail Kollontay,Russia,2022-05,386
Q4228031,Mikhail Kollontay,Russia,2022-06,170
Q4228031,Mikhail Kollontay,Russia,2022-07,157
Q4228031,Mikhail Kollontay,Russia,2022-08,126
Q4228031,Mikhail Kollontay,Russia,2022-09,130
Q4228031,Mikhail Kollontay,Russia,2022-10,144
Q4228031,Mikhail Kollontay,Russia,2022-11,160
Q4228031,Mikhail Kollontay,Russia,2022-12,104
Q4228031,Mikhail Kollontay,Russia,2023-01,114
Q4228031,Mikhail Kollontay,Russia,2023-02,106
Q4228031,Mikhail Kollontay,Russia,2023-03,134
Q4228031,Mikhail Kollontay,Russia,2023-04,114
Q4228031,Mikhail Kollontay,Russia,2023-05,113
Q4228031,Mikhail Kollontay,Russia,2023-06,101
Q4228031,Mikhail Kollontay,Russia,2023-07,107
Q4228031,Mikhail Kollontay,Russia,2023-08,163
Q4228031,Mikhail Kollontay,Russia,2023-09,120
Q4228031,Mikhail Kollontay,Russia,2023-10,126
Q4228031,Mikhail Kollontay,Russia,2023-11,108
Q4228031,Mikhail Kollontay,Russia,2023-12,165
Q4232057,Lev Conus,Russia,2021-01,146
Q4232057,Lev Conus,Russia,2021-02,112
Q4232057,Lev Conus,Russia,2021-03,152
Q4232057,Lev Conus,Russia,2021-04,166
Q4232057,Lev Conus,Russia,2021-05,155
Q4232057,Lev Conus,Russia,2021-06,141
Q4232057,Lev Conus,Russia,2021-07,138
Q4232057,Lev Conus,Russia,2021-08,106
Q4232057,Lev Conus,Russia,2021-09,126
Q4232057,Lev Conus,Russia,2021-10,143
Q4232057,Lev Conus,Russia,2021-11,110
Q4232057,Lev Conus,Russia,2021-12,141
Q4232057,Lev Conus,Russia,2022-01,154
Q4232057,Lev Conus,Russia,2022-02,142
Q4232057,Lev Conus,Russia,2022-03,142
Q4232057,Lev Conus,Russia,2022-04,143
Q4232057,Lev Conus,Russia,2022-05,192
Q4232057,Lev Conus,Russia,2022-06,135
Q4232057,Lev Conus,Russia,2022-07,154
Q4232057,Lev Conus,Russia,2022-08,185
Q4232057,Lev Conus,Russia,2022-09,184
Q4232057,Lev Conus,Russia,2022-10,158
Q4232057,Lev Conus,Russia,2022-11,173
Q4232057,Lev Conus,Russia,2022-12,172
Q4232057,Lev Conus,Russia,2023-01,144
Q4232057,Lev Conus,Russia,2023-02,117
Q4232057,Lev Conus,Russia,2023-03,166
Q4232057,Lev Conus,Russia,2023-04,132
Q4232057,Lev Conus,Russia,2023-05,106
Q4232057,Lev Conus,Russia,2023-06,127
Q4232057,Lev Conus,Russia,2023-07,121
Q4232057,Lev Conus,Russia,2023-08,128
Q4232057,Lev Conus,Russia,2023-09,168
Q4232057,Lev Conus,Russia,2023-10,131
Q4232057,Lev Conus,Russia,2023-11,150
Q4232057,Lev Conus,Russia,2023-12,107
Q4140477,Aleksey Glyzin,Russia,2021-01,732
Q4140477,Aleksey Glyzin,Russia,2021-02,332
Q4140477,Aleksey Glyzin,Russia,2021-03,298
Q4140477,Aleksey Glyzin,Russia,2021-04,250
Q4140477,Aleksey Glyzin,Russia,2021-05,298
Q4140477,Aleksey Glyzin,Russia,2021-06,181
Q4140477,Aleksey Glyzin,Russia,2021-07,228
Q4140477,Aleksey Glyzin,Russia,2021-08,189
Q4140477,Aleksey Glyzin,Russia,2021-09,193
Q4140477,Aleksey Glyzin,Russia,2021-10,183
Q4140477,Aleksey Glyzin,Russia,2021-11,188
Q4140477,Aleksey Glyzin,Russia,2021-12,197
Q4140477,Aleksey Glyzin,Russia,2022-01,240
Q4140477,Aleksey Glyzin,Russia,2022-02,233
Q4140477,Aleksey Glyzin,Russia,2022-03,213
Q4140477,Aleksey Glyzin,Russia,2022-04,233
Q4140477,Aleksey Glyzin,Russia,2022-05,249
Q4140477,Aleksey Glyzin,Russia,2022-06,240
Q4140477,Aleksey Glyzin,Russia,2022-07,257
Q4140477,Aleksey Glyzin,Russia,2022-08,237
Q4140477,Aleksey Glyzin,Russia,2022-09,226
Q4140477,Aleksey Glyzin,Russia,2022-10,206
Q4140477,Aleksey Glyzin,Russia,2022-11,246
Q4140477,Aleksey Glyzin,Russia,2022-12,260
Q4140477,Aleksey Glyzin,Russia,2023-01,270
Q4140477,Aleksey Glyzin,Russia,2023-02,217
Q4140477,Aleksey Glyzin,Russia,2023-03,357
Q4140477,Aleksey Glyzin,Russia,2023-04,208
Q4140477,Aleksey Glyzin,Russia,2023-05,289
Q4140477,Aleksey Glyzin,Russia,2023-06,222
Q4140477,Aleksey Glyzin,Russia,2023-07,201
Q4140477,Aleksey Glyzin,Russia,2023-08,251
Q4140477,Aleksey Glyzin,Russia,2023-09,276
Q4140477,Aleksey Glyzin,Russia,2023-10,306
Q4140477,Aleksey Glyzin,Russia,2023-11,688
Q4140477,Aleksey Glyzin,Russia,2023-12,860
Q4173776,Pavel Egorov,Russia,2021-01,184
Q4173776,Pavel Egorov,Russia,2021-02,148
Q4173776,Pavel Egorov,Russia,2021-03,180
Q4173776,Pavel Egorov,Russia,2021-04,142
Q4173776,Pavel Egorov,Russia,2021-05,157
Q4173776,Pavel Egorov,Russia,2021-06,156
Q4173776,Pavel Egorov,Russia,2021-07,178
Q4173776,Pavel Egorov,Russia,2021-08,195
Q4173776,Pavel Egorov,Russia,2021-09,155
Q4173776,Pavel Egorov,Russia,2021-10,147
Q4173776,Pavel Egorov,Russia,2021-11,137
Q4173776,Pavel Egorov,Russia,2021-12,133
Q4173776,Pavel Egorov,Russia,2022-01,167
Q4173776,Pavel Egorov,Russia,2022-02,128
Q4173776,Pavel Egorov,Russia,2022-03,142
Q4173776,Pavel Egorov,Russia,2022-04,111
Q4173776,Pavel Egorov,Russia,2022-05,161
Q4173776,Pavel Egorov,Russia,2022-06,139
Q4173776,Pavel Egorov,Russia,2022-07,154
Q4173776,Pavel Egorov,Russia,2022-08,150
Q4173776,Pavel Egorov,Russia,2022-09,173
Q4173776,Pavel Egorov,Russia,2022-10,134
Q4173776,Pavel Egorov,Russia,2022-11,124
Q4173776,Pavel Egorov,Russia,2022-12,195
Q4173776,Pavel Egorov,Russia,2023-01,149
Q4173776,Pavel Egorov,Russia,2023-02,69
Q4173776,Pavel Egorov,Russia,2023-03,85
Q4173776,Pavel Egorov,Russia,2023-04,74
Q4173776,Pavel Egorov,Russia,2023-05,90
Q4173776,Pavel Egorov,Russia,2023-06,91
Q4173776,Pavel Egorov,Russia,2023-07,94
Q4173776,Pavel Egorov,Russia,2023-08,88
Q4173776,Pavel Egorov,Russia,2023-09,91
Q4173776,Pavel Egorov,Russia,2023-10,87
Q4173776,Pavel Egorov,Russia,2023-11,56
Q4173776,Pavel Egorov,Russia,2023-12,83
Q4141134,George de Godzinsky,Russia,2021-01,260
Q4141134,George de Godzinsky,Russia,2021-02,286
Q4141134,George de Godzinsky,Russia,2021-03,258
Q4141134,George de Godzinsky,Russia,2021-04,307
Q4141134,George de Godzinsky,Russia,2021-05,370
Q4141134,George de Godzinsky,Russia,2021-06,291
Q4141134,George de Godzinsky,Russia,2021-07,288
Q4141134,George de Godzinsky,Russia,2021-08,314
Q4141134,George de Godzinsky,Russia,2021-09,279
Q4141134,George de Godzinsky,Russia,2021-10,291
Q4141134,George de Godzinsky,Russia,2021-11,258
Q4141134,George de Godzinsky,Russia,2021-12,245
Q4141134,George de Godzinsky,Russia,2022-01,317
Q4141134,George de Godzinsky,Russia,2022-02,300
Q4141134,George de Godzinsky,Russia,2022-03,343
Q4141134,George de Godzinsky,Russia,2022-04,302
Q4141134,George de Godzinsky,Russia,2022-05,340
Q4141134,George de Godzinsky,Russia,2022-06,272
Q4141134,George de Godzinsky,Russia,2022-07,281
Q4141134,George de Godzinsky,Russia,2022-08,258
Q4141134,George de Godzinsky,Russia,2022-09,265
Q4141134,George de Godzinsky,Russia,2022-10,348
Q4141134,George de Godzinsky,Russia,2022-11,271
Q4141134,George de Godzinsky,Russia,2022-12,264
Q4141134,George de Godzinsky,Russia,2023-01,242
Q4141134,George de Godzinsky,Russia,2023-02,193
Q4141134,George de Godzinsky,Russia,2023-03,234
Q4141134,George de Godzinsky,Russia,2023-04,204
Q4141134,George de Godzinsky,Russia,2023-05,312
Q4141134,George de Godzinsky,Russia,2023-06,231
Q4141134,George de Godzinsky,Russia,2023-07,200
Q4141134,George de Godzinsky,Russia,2023-08,176
Q4141134,George de Godzinsky,Russia,2023-09,186
Q4141134,George de Godzinsky,Russia,2023-10,221
Q4141134,George de Godzinsky,Russia,2023-11,216
Q4141134,George de Godzinsky,Russia,2023-12,228
Q4156369,Nikolai Devitte,Russia,2021-01,94
Q4156369,Nikolai Devitte,Russia,2021-02,89
Q4156369,Nikolai Devitte,Russia,2021-03,94
Q4156369,Nikolai Devitte,Russia,2021-04,122
Q4156369,Nikolai Devitte,Russia,2021-05,120
Q4156369,Nikolai Devitte,Russia,2021-06,92
Q4156369,Nikolai Devitte,Russia,2021-07,105
Q4156369,Nikolai Devitte,Russia,2021-08,97
Q4156369,Nikolai Devitte,Russia,2021-09,101
Q4156369,Nikolai Devitte,Russia,2021-10,99
Q4156369,Nikolai Devitte,Russia,2021-11,79
Q4156369,Nikolai Devitte,Russia,2021-12,66
Q4156369,Nikolai Devitte,Russia,2022-01,137
Q4156369,Nikolai Devitte,Russia,2022-02,110
Q4156369,Nikolai Devitte,Russia,2022-03,130
Q4156369,Nikolai Devitte,Russia,2022-04,86
Q4156369,Nikolai Devitte,Russia,2022-05,80
Q4156369,Nikolai Devitte,Russia,2022-06,78
Q4156369,Nikolai Devitte,Russia,2022-07,95
Q4156369,Nikolai Devitte,Russia,2022-08,85
Q4156369,Nikolai Devitte,Russia,2022-09,104
Q4156369,Nikolai Devitte,Russia,2022-10,81
Q4156369,Nikolai Devitte,Russia,2022-11,67
Q4156369,Nikolai Devitte,Russia,2022-12,94
Q4156369,Nikolai Devitte,Russia,2023-01,82
Q4156369,Nikolai Devitte,Russia,2023-02,97
Q4156369,Nikolai Devitte,Russia,2023-03,126
Q4156369,Nikolai Devitte,Russia,2023-04,79
Q4156369,Nikolai Devitte,Russia,2023-05,88
Q4156369,Nikolai Devitte,Russia,2023-06,81
Q4156369,Nikolai Devitte,Russia,2023-07,108
Q4156369,Nikolai Devitte,Russia,2023-08,94
Q4156369,Nikolai Devitte,Russia,2023-09,86
Q4156369,Nikolai Devitte,Russia,2023-10,99
Q4156369,Nikolai Devitte,Russia,2023-11,83
Q4156369,Nikolai Devitte,Russia,2023-12,105
Q4401512,Aleksei Rybin,Russia,2021-01,107
Q4401512,Aleksei Rybin,Russia,2021-02,72
Q4401512,Aleksei Rybin,Russia,2021-03,71
Q4401512,Aleksei Rybin,Russia,2021-04,59
Q4401512,Aleksei Rybin,Russia,2021-05,39
Q4401512,Aleksei Rybin,Russia,2021-06,66
Q4401512,Aleksei Rybin,Russia,2021-07,45
Q4401512,Aleksei Rybin,Russia,2021-08,98
Q4401512,Aleksei Rybin,Russia,2021-09,63
Q4401512,Aleksei Rybin,Russia,2021-10,55
Q4401512,Aleksei Rybin,Russia,2021-11,91
Q4401512,Aleksei Rybin,Russia,2021-12,118
Q4401512,Aleksei Rybin,Russia,2022-01,77
Q4401512,Aleksei Rybin,Russia,2022-02,82
Q4401512,Aleksei Rybin,Russia,2022-03,347
Q4401512,Aleksei Rybin,Russia,2022-04,485
Q4401512,Aleksei Rybin,Russia,2022-05,96
Q4401512,Aleksei Rybin,Russia,2022-06,68
Q4401512,Aleksei Rybin,Russia,2022-07,68
Q4401512,Aleksei Rybin,Russia,2022-08,87
Q4401512,Aleksei Rybin,Russia,2022-09,11
Q4401512,Aleksei Rybin,Russia,2022-10,17
Q4401512,Aleksei Rybin,Russia,2022-11,16
Q4401512,Aleksei Rybin,Russia,2022-12,23
Q4401512,Aleksei Rybin,Russia,2023-01,9
Q4401512,Aleksei Rybin,Russia,2023-02,16
Q4401512,Aleksei Rybin,Russia,2023-03,13
Q4401512,Aleksei Rybin,Russia,2023-04,15
Q4401512,Aleksei Rybin,Russia,2023-05,8
Q4401512,Aleksei Rybin,Russia,2023-06,10
Q4401512,Aleksei Rybin,Russia,2023-07,13
Q4401512,Aleksei Rybin,Russia,2023-08,8
Q4401512,Aleksei Rybin,Russia,2023-09,12
Q4401512,Aleksei Rybin,Russia,2023-10,7
Q4401512,Aleksei Rybin,Russia,2023-11,3
Q4401512,Aleksei Rybin,Russia,2023-12,4
Q4366928,Oleg Pogudin,Russia,2021-01,255
Q4366928,Oleg Pogudin,Russia,2021-02,341
Q4366928,Oleg Pogudin,Russia,2021-03,349
Q4366928,Oleg Pogudin,Russia,2021-04,297
Q4366928,Oleg Pogudin,Russia,2021-05,264
Q4366928,Oleg Pogudin,Russia,2021-06,319
Q4366928,Oleg Pogudin,Russia,2021-07,299
Q4366928,Oleg Pogudin,Russia,2021-08,383
Q4366928,Oleg Pogudin,Russia,2021-09,451
Q4366928,Oleg Pogudin,Russia,2021-10,405
Q4366928,Oleg Pogudin,Russia,2021-11,352
Q4366928,Oleg Pogudin,Russia,2021-12,470
Q4366928,Oleg Pogudin,Russia,2022-01,493
Q4366928,Oleg Pogudin,Russia,2022-02,375
Q4366928,Oleg Pogudin,Russia,2022-03,526
Q4366928,Oleg Pogudin,Russia,2022-04,535
Q4366928,Oleg Pogudin,Russia,2022-05,393
Q4366928,Oleg Pogudin,Russia,2022-06,464
Q4366928,Oleg Pogudin,Russia,2022-07,283
Q4366928,Oleg Pogudin,Russia,2022-08,281
Q4366928,Oleg Pogudin,Russia,2022-09,288
Q4366928,Oleg Pogudin,Russia,2022-10,331
Q4366928,Oleg Pogudin,Russia,2022-11,308
Q4366928,Oleg Pogudin,Russia,2022-12,279
Q4366928,Oleg Pogudin,Russia,2023-01,297
Q4366928,Oleg Pogudin,Russia,2023-02,222
Q4366928,Oleg Pogudin,Russia,2023-03,385
Q4366928,Oleg Pogudin,Russia,2023-04,355
Q4366928,Oleg Pogudin,Russia,2023-05,267
Q4366928,Oleg Pogudin,Russia,2023-06,312
Q4366928,Oleg Pogudin,Russia,2023-07,290
Q4366928,Oleg Pogudin,Russia,2023-08,305
Q4366928,Oleg Pogudin,Russia,2023-09,311
Q4366928,Oleg Pogudin,Russia,2023-10,239
Q4366928,Oleg Pogudin,Russia,2023-11,291
Q4366928,Oleg Pogudin,Russia,2023-12,261
Q4364916,Anna Pletnyova,Russia,2021-01,2276
Q4364916,Anna Pletnyova,Russia,2021-02,979
Q4364916,Anna Pletnyova,Russia,2021-03,852
Q4364916,Anna Pletnyova,Russia,2021-04,1112
Q4364916,Anna Pletnyova,Russia,2021-05,1078
Q4364916,Anna Pletnyova,Russia,2021-06,801
Q4364916,Anna Pletnyova,Russia,2021-07,885
Q4364916,Anna Pletnyova,Russia,2021-08,808
Q4364916,Anna Pletnyova,Russia,2021-09,709
Q4364916,Anna Pletnyova,Russia,2021-10,863
Q4364916,Anna Pletnyova,Russia,2021-11,855
Q4364916,Anna Pletnyova,Russia,2021-12,850
Q4364916,Anna Pletnyova,Russia,2022-01,1079
Q4364916,Anna Pletnyova,Russia,2022-02,761
Q4364916,Anna Pletnyova,Russia,2022-03,933
Q4364916,Anna Pletnyova,Russia,2022-04,795
Q4364916,Anna Pletnyova,Russia,2022-05,736
Q4364916,Anna Pletnyova,Russia,2022-06,736
Q4364916,Anna Pletnyova,Russia,2022-07,713
Q4364916,Anna Pletnyova,Russia,2022-08,749
Q4364916,Anna Pletnyova,Russia,2022-09,712
Q4364916,Anna Pletnyova,Russia,2022-10,690
Q4364916,Anna Pletnyova,Russia,2022-11,638
Q4364916,Anna Pletnyova,Russia,2022-12,885
Q4364916,Anna Pletnyova,Russia,2023-01,824
Q4364916,Anna Pletnyova,Russia,2023-02,915
Q4364916,Anna Pletnyova,Russia,2023-03,670
Q4364916,Anna Pletnyova,Russia,2023-04,605
Q4364916,Anna Pletnyova,Russia,2023-05,627
Q4364916,Anna Pletnyova,Russia,2023-06,696
Q4364916,Anna Pletnyova,Russia,2023-07,724
Q4364916,Anna Pletnyova,Russia,2023-08,963
Q4364916,Anna Pletnyova,Russia,2023-09,971
Q4364916,Anna Pletnyova,Russia,2023-10,933
Q4364916,Anna Pletnyova,Russia,2023-11,815
Q4364916,Anna Pletnyova,Russia,2023-12,973
Q99472082,Danya Milokhin,Russia,2022-04,562
Q99472082,Danya Milokhin,Russia,2022-05,967
Q99472082,Danya Milokhin,Russia,2022-06,1058
Q99472082,Danya Milokhin,Russia,2022-07,991
Q99472082,Danya Milokhin,Russia,2022-08,1007
Q99472082,Danya Milokhin,Russia,2022-09,1209
Q99472082,Danya Milokhin,Russia,2022-10,1892
Q99472082,Danya Milokhin,Russia,2022-11,1873
Q99472082,Danya Milokhin,Russia,2022-12,1298
Q99472082,Danya Milokhin,Russia,2023-01,129
Q99472082,Danya Milokhin,Russia,2023-08,685
Q99472082,Danya Milokhin,Russia,2023-09,3461
Q99472082,Danya Milokhin,Russia,2023-10,1400
Q99472082,Danya Milokhin,Russia,2023-11,1770
Q99472082,Danya Milokhin,Russia,2023-12,1297
Q4480384,Yury Favorin,Russia,2021-01,106
Q4480384,Yury Favorin,Russia,2021-02,116
Q4480384,Yury Favorin,Russia,2021-03,97
Q4480384,Yury Favorin,Russia,2021-04,118
Q4480384,Yury Favorin,Russia,2021-05,140
Q4480384,Yury Favorin,Russia,2021-06,106
Q4480384,Yury Favorin,Russia,2021-07,81
Q4480384,Yury Favorin,Russia,2021-08,94
Q4480384,Yury Favorin,Russia,2021-09,129
Q4480384,Yury Favorin,Russia,2021-10,92
Q4480384,Yury Favorin,Russia,2021-11,91
Q4480384,Yury Favorin,Russia,2021-12,79
Q4480384,Yury Favorin,Russia,2022-01,87
Q4480384,Yury Favorin,Russia,2022-02,113
Q4480384,Yury Favorin,Russia,2022-03,111
Q4480384,Yury Favorin,Russia,2022-04,93
Q4480384,Yury Favorin,Russia,2022-05,101
Q4480384,Yury Favorin,Russia,2022-06,96
Q4480384,Yury Favorin,Russia,2022-07,123
Q4480384,Yury Favorin,Russia,2022-08,118
Q4480384,Yury Favorin,Russia,2022-09,93
Q4480384,Yury Favorin,Russia,2022-10,115
Q4480384,Yury Favorin,Russia,2022-11,152
Q4480384,Yury Favorin,Russia,2022-12,89
Q4480384,Yury Favorin,Russia,2023-01,87
Q4480384,Yury Favorin,Russia,2023-02,90
Q4480384,Yury Favorin,Russia,2023-03,87
Q4480384,Yury Favorin,Russia,2023-04,112
Q4480384,Yury Favorin,Russia,2023-05,99
Q4480384,Yury Favorin,Russia,2023-06,87
Q4480384,Yury Favorin,Russia,2023-07,90
Q4480384,Yury Favorin,Russia,2023-08,79
Q4480384,Yury Favorin,Russia,2023-09,111
Q4480384,Yury Favorin,Russia,2023-10,84
Q4480384,Yury Favorin,Russia,2023-11,70
Q4480384,Yury Favorin,Russia,2023-12,117
Q4482551,Vladimir Feltsman,Russia,2021-01,645
Q4482551,Vladimir Feltsman,Russia,2021-02,570
Q4482551,Vladimir Feltsman,Russia,2021-03,588
Q4482551,Vladimir Feltsman,Russia,2021-04,601
Q4482551,Vladimir Feltsman,Russia,2021-05,562
Q4482551,Vladimir Feltsman,Russia,2021-06,469
Q4482551,Vladimir Feltsman,Russia,2021-07,530
Q4482551,Vladimir Feltsman,Russia,2021-08,579
Q4482551,Vladimir Feltsman,Russia,2021-09,443
Q4482551,Vladimir Feltsman,Russia,2021-10,465
Q4482551,Vladimir Feltsman,Russia,2021-11,471
Q4482551,Vladimir Feltsman,Russia,2021-12,453
Q4482551,Vladimir Feltsman,Russia,2022-01,750
Q4482551,Vladimir Feltsman,Russia,2022-02,617
Q4482551,Vladimir Feltsman,Russia,2022-03,580
Q4482551,Vladimir Feltsman,Russia,2022-04,487
Q4482551,Vladimir Feltsman,Russia,2022-05,642
Q4482551,Vladimir Feltsman,Russia,2022-06,552
Q4482551,Vladimir Feltsman,Russia,2022-07,545
Q4482551,Vladimir Feltsman,Russia,2022-08,611
Q4482551,Vladimir Feltsman,Russia,2022-09,591
Q4482551,Vladimir Feltsman,Russia,2022-10,590
Q4482551,Vladimir Feltsman,Russia,2022-11,553
Q4482551,Vladimir Feltsman,Russia,2022-12,487
Q4482551,Vladimir Feltsman,Russia,2023-01,628
Q4482551,Vladimir Feltsman,Russia,2023-02,500
Q4482551,Vladimir Feltsman,Russia,2023-03,600
Q4482551,Vladimir Feltsman,Russia,2023-04,654
Q4482551,Vladimir Feltsman,Russia,2023-05,631
Q4482551,Vladimir Feltsman,Russia,2023-06,483
Q4482551,Vladimir Feltsman,Russia,2023-07,597
Q4482551,Vladimir Feltsman,Russia,2023-08,477
Q4482551,Vladimir Feltsman,Russia,2023-09,456
Q4482551,Vladimir Feltsman,Russia,2023-10,447
Q4482551,Vladimir Feltsman,Russia,2023-11,435
Q4482551,Vladimir Feltsman,Russia,2023-12,517
Q4312162,Viatcheslav Nazarov,Russia,2021-01,47
Q4312162,Viatcheslav Nazarov,Russia,2021-02,88
Q4312162,Viatcheslav Nazarov,Russia,2021-03,71
Q4312162,Viatcheslav Nazarov,Russia,2021-04,64
Q4312162,Viatcheslav Nazarov,Russia,2021-05,111
Q4312162,Viatcheslav Nazarov,Russia,2021-06,77
Q4312162,Viatcheslav Nazarov,Russia,2021-07,72
Q4312162,Viatcheslav Nazarov,Russia,2021-08,77
Q4312162,Viatcheslav Nazarov,Russia,2021-09,81
Q4312162,Viatcheslav Nazarov,Russia,2021-10,70
Q4312162,Viatcheslav Nazarov,Russia,2021-11,86
Q4312162,Viatcheslav Nazarov,Russia,2021-12,71
Q4312162,Viatcheslav Nazarov,Russia,2022-01,85
Q4312162,Viatcheslav Nazarov,Russia,2022-02,76
Q4312162,Viatcheslav Nazarov,Russia,2022-03,120
Q4312162,Viatcheslav Nazarov,Russia,2022-04,72
Q4312162,Viatcheslav Nazarov,Russia,2022-05,87
Q4312162,Viatcheslav Nazarov,Russia,2022-06,94
Q4312162,Viatcheslav Nazarov,Russia,2022-07,97
Q4312162,Viatcheslav Nazarov,Russia,2022-08,89
Q4312162,Viatcheslav Nazarov,Russia,2022-09,112
Q4312162,Viatcheslav Nazarov,Russia,2022-10,100
Q4312162,Viatcheslav Nazarov,Russia,2022-11,86
Q4312162,Viatcheslav Nazarov,Russia,2022-12,88
Q4312162,Viatcheslav Nazarov,Russia,2023-01,66
Q4312162,Viatcheslav Nazarov,Russia,2023-02,77
Q4312162,Viatcheslav Nazarov,Russia,2023-03,79
Q4312162,Viatcheslav Nazarov,Russia,2023-04,74
Q4312162,Viatcheslav Nazarov,Russia,2023-05,89
Q4312162,Viatcheslav Nazarov,Russia,2023-06,74
Q4312162,Viatcheslav Nazarov,Russia,2023-07,93
Q4312162,Viatcheslav Nazarov,Russia,2023-08,94
Q4312162,Viatcheslav Nazarov,Russia,2023-09,106
Q4312162,Viatcheslav Nazarov,Russia,2023-10,108
Q4312162,Viatcheslav Nazarov,Russia,2023-11,100
Q4312162,Viatcheslav Nazarov,Russia,2023-12,139
Q4365389,Irina Plotnikova,Russia,2021-01,74
Q4365389,Irina Plotnikova,Russia,2021-02,88
Q4365389,Irina Plotnikova,Russia,2021-03,108
Q4365389,Irina Plotnikova,Russia,2021-04,81
Q4365389,Irina Plotnikova,Russia,2021-05,103
Q4365389,Irina Plotnikova,Russia,2021-06,74
Q4365389,Irina Plotnikova,Russia,2021-07,98
Q4365389,Irina Plotnikova,Russia,2021-08,79
Q4365389,Irina Plotnikova,Russia,2021-09,68
Q4365389,Irina Plotnikova,Russia,2021-10,87
Q4365389,Irina Plotnikova,Russia,2021-11,78
Q4365389,Irina Plotnikova,Russia,2021-12,82
Q4365389,Irina Plotnikova,Russia,2022-01,92
Q4365389,Irina Plotnikova,Russia,2022-02,76
Q4365389,Irina Plotnikova,Russia,2022-03,150
Q4365389,Irina Plotnikova,Russia,2022-04,90
Q4365389,Irina Plotnikova,Russia,2022-05,83
Q4365389,Irina Plotnikova,Russia,2022-06,112
Q4365389,Irina Plotnikova,Russia,2022-07,120
Q4365389,Irina Plotnikova,Russia,2022-08,108
Q4365389,Irina Plotnikova,Russia,2022-09,99
Q4365389,Irina Plotnikova,Russia,2022-10,69
Q4365389,Irina Plotnikova,Russia,2022-11,93
Q4365389,Irina Plotnikova,Russia,2022-12,82
Q4365389,Irina Plotnikova,Russia,2023-01,80
Q4365389,Irina Plotnikova,Russia,2023-02,92
Q4365389,Irina Plotnikova,Russia,2023-03,82
Q4365389,Irina Plotnikova,Russia,2023-04,75
Q4365389,Irina Plotnikova,Russia,2023-05,110
Q4365389,Irina Plotnikova,Russia,2023-06,114
Q4365389,Irina Plotnikova,Russia,2023-07,117
Q4365389,Irina Plotnikova,Russia,2023-08,101
Q4365389,Irina Plotnikova,Russia,2023-09,79
Q4365389,Irina Plotnikova,Russia,2023-10,104
Q4365389,Irina Plotnikova,Russia,2023-11,88
Q4365389,Irina Plotnikova,Russia,2023-12,62
Q4330891,Peter Ovtcharov,Russia,2021-01,67
Q4330891,Peter Ovtcharov,Russia,2021-02,63
Q4330891,Peter Ovtcharov,Russia,2021-03,76
Q4330891,Peter Ovtcharov,Russia,2021-04,52
Q4330891,Peter Ovtcharov,Russia,2021-05,238
Q4330891,Peter Ovtcharov,Russia,2021-06,81
Q4330891,Peter Ovtcharov,Russia,2021-07,94
Q4330891,Peter Ovtcharov,Russia,2021-08,88
Q4330891,Peter Ovtcharov,Russia,2021-09,83
Q4330891,Peter Ovtcharov,Russia,2021-10,72
Q4330891,Peter Ovtcharov,Russia,2021-11,82
Q4330891,Peter Ovtcharov,Russia,2021-12,92
Q4330891,Peter Ovtcharov,Russia,2022-01,75
Q4330891,Peter Ovtcharov,Russia,2022-02,77
Q4330891,Peter Ovtcharov,Russia,2022-03,142
Q4330891,Peter Ovtcharov,Russia,2022-04,117
Q4330891,Peter Ovtcharov,Russia,2022-05,59
Q4330891,Peter Ovtcharov,Russia,2022-06,85
Q4330891,Peter Ovtcharov,Russia,2022-07,102
Q4330891,Peter Ovtcharov,Russia,2022-08,84
Q4330891,Peter Ovtcharov,Russia,2022-09,82
Q4330891,Peter Ovtcharov,Russia,2022-10,99
Q4330891,Peter Ovtcharov,Russia,2022-11,103
Q4330891,Peter Ovtcharov,Russia,2022-12,68
Q4330891,Peter Ovtcharov,Russia,2023-01,106
Q4330891,Peter Ovtcharov,Russia,2023-02,66
Q4330891,Peter Ovtcharov,Russia,2023-03,107
Q4330891,Peter Ovtcharov,Russia,2023-04,108
Q4330891,Peter Ovtcharov,Russia,2023-05,108
Q4330891,Peter Ovtcharov,Russia,2023-06,81
Q4330891,Peter Ovtcharov,Russia,2023-07,76
Q4330891,Peter Ovtcharov,Russia,2023-08,128
Q4330891,Peter Ovtcharov,Russia,2023-09,73
Q4330891,Peter Ovtcharov,Russia,2023-10,71
Q4330891,Peter Ovtcharov,Russia,2023-11,69
Q4330891,Peter Ovtcharov,Russia,2023-12,91
Q4241732,Gustav Kross,Russia,2021-01,93
Q4241732,Gustav Kross,Russia,2021-02,88
Q4241732,Gustav Kross,Russia,2021-03,96
Q4241732,Gustav Kross,Russia,2021-04,123
Q4241732,Gustav Kross,Russia,2021-05,93
Q4241732,Gustav Kross,Russia,2021-06,87
Q4241732,Gustav Kross,Russia,2021-07,96
Q4241732,Gustav Kross,Russia,2021-08,104
Q4241732,Gustav Kross,Russia,2021-09,90
Q4241732,Gustav Kross,Russia,2021-10,105
Q4241732,Gustav Kross,Russia,2021-11,81
Q4241732,Gustav Kross,Russia,2021-12,85
Q4241732,Gustav Kross,Russia,2022-01,99
Q4241732,Gustav Kross,Russia,2022-02,85
Q4241732,Gustav Kross,Russia,2022-03,76
Q4241732,Gustav Kross,Russia,2022-04,78
Q4241732,Gustav Kross,Russia,2022-05,74
Q4241732,Gustav Kross,Russia,2022-06,79
Q4241732,Gustav Kross,Russia,2022-07,81
Q4241732,Gustav Kross,Russia,2022-08,80
Q4241732,Gustav Kross,Russia,2022-09,93
Q4241732,Gustav Kross,Russia,2022-10,78
Q4241732,Gustav Kross,Russia,2022-11,79
Q4241732,Gustav Kross,Russia,2022-12,79
Q4241732,Gustav Kross,Russia,2023-01,98
Q4241732,Gustav Kross,Russia,2023-02,94
Q4241732,Gustav Kross,Russia,2023-03,125
Q4241732,Gustav Kross,Russia,2023-04,91
Q4241732,Gustav Kross,Russia,2023-05,82
Q4241732,Gustav Kross,Russia,2023-06,117
Q4241732,Gustav Kross,Russia,2023-07,116
Q4241732,Gustav Kross,Russia,2023-08,85
Q4241732,Gustav Kross,Russia,2023-09,89
Q4241732,Gustav Kross,Russia,2023-10,85
Q4241732,Gustav Kross,Russia,2023-11,78
Q4241732,Gustav Kross,Russia,2023-12,87
Q4059880,Gleb Axelrod,Russia,2021-01,99
Q4059880,Gleb Axelrod,Russia,2021-02,108
Q4059880,Gleb Axelrod,Russia,2021-03,79
Q4059880,Gleb Axelrod,Russia,2021-04,80
Q4059880,Gleb Axelrod,Russia,2021-05,101
Q4059880,Gleb Axelrod,Russia,2021-06,81
Q4059880,Gleb Axelrod,Russia,2021-07,73
Q4059880,Gleb Axelrod,Russia,2021-08,75
Q4059880,Gleb Axelrod,Russia,2021-09,81
Q4059880,Gleb Axelrod,Russia,2021-10,79
Q4059880,Gleb Axelrod,Russia,2021-11,71
Q4059880,Gleb Axelrod,Russia,2021-12,84
Q4059880,Gleb Axelrod,Russia,2022-01,89
Q4059880,Gleb Axelrod,Russia,2022-02,60
Q4059880,Gleb Axelrod,Russia,2022-03,105
Q4059880,Gleb Axelrod,Russia,2022-04,79
Q4059880,Gleb Axelrod,Russia,2022-05,108
Q4059880,Gleb Axelrod,Russia,2022-06,86
Q4059880,Gleb Axelrod,Russia,2022-07,84
Q4059880,Gleb Axelrod,Russia,2022-08,97
Q4059880,Gleb Axelrod,Russia,2022-09,95
Q4059880,Gleb Axelrod,Russia,2022-10,99
Q4059880,Gleb Axelrod,Russia,2022-11,91
Q4059880,Gleb Axelrod,Russia,2022-12,253
Q4059880,Gleb Axelrod,Russia,2023-01,107
Q4059880,Gleb Axelrod,Russia,2023-02,75
Q4059880,Gleb Axelrod,Russia,2023-03,90
Q4059880,Gleb Axelrod,Russia,2023-04,79
Q4059880,Gleb Axelrod,Russia,2023-05,72
Q4059880,Gleb Axelrod,Russia,2023-06,105
Q4059880,Gleb Axelrod,Russia,2023-07,95
Q4059880,Gleb Axelrod,Russia,2023-08,90
Q4059880,Gleb Axelrod,Russia,2023-09,104
Q4059880,Gleb Axelrod,Russia,2023-10,75
Q4059880,Gleb Axelrod,Russia,2023-11,102
Q4059880,Gleb Axelrod,Russia,2023-12,99
Q4067997,Alena Apina,Russia,2021-01,647
Q4067997,Alena Apina,Russia,2021-02,674
Q4067997,Alena Apina,Russia,2021-03,513
Q4067997,Alena Apina,Russia,2021-04,455
Q4067997,Alena Apina,Russia,2021-05,478
Q4067997,Alena Apina,Russia,2021-06,395
Q4067997,Alena Apina,Russia,2021-07,429
Q4067997,Alena Apina,Russia,2021-08,493
Q4067997,Alena Apina,Russia,2021-09,535
Q4067997,Alena Apina,Russia,2021-10,499
Q4067997,Alena Apina,Russia,2021-11,676
Q4067997,Alena Apina,Russia,2021-12,498
Q4067997,Alena Apina,Russia,2022-01,658
Q4067997,Alena Apina,Russia,2022-02,490
Q4067997,Alena Apina,Russia,2022-03,518
Q4067997,Alena Apina,Russia,2022-04,412
Q4067997,Alena Apina,Russia,2022-05,377
Q4067997,Alena Apina,Russia,2022-06,406
Q4067997,Alena Apina,Russia,2022-07,452
Q4067997,Alena Apina,Russia,2022-08,590
Q4067997,Alena Apina,Russia,2022-09,516
Q4067997,Alena Apina,Russia,2022-10,557
Q4067997,Alena Apina,Russia,2022-11,581
Q4067997,Alena Apina,Russia,2022-12,412
Q4067997,Alena Apina,Russia,2023-01,422
Q4067997,Alena Apina,Russia,2023-02,359
Q4067997,Alena Apina,Russia,2023-03,476
Q4067997,Alena Apina,Russia,2023-04,401
Q4067997,Alena Apina,Russia,2023-05,453
Q4067997,Alena Apina,Russia,2023-06,453
Q4067997,Alena Apina,Russia,2023-07,464
Q4067997,Alena Apina,Russia,2023-08,427
Q4067997,Alena Apina,Russia,2023-09,437
Q4067997,Alena Apina,Russia,2023-10,493
Q4067997,Alena Apina,Russia,2023-11,652
Q4067997,Alena Apina,Russia,2023-12,607
Q4277788,Yevgeny Malinin,Russia,2021-01,141
Q4277788,Yevgeny Malinin,Russia,2021-02,102
Q4277788,Yevgeny Malinin,Russia,2021-03,134
Q4277788,Yevgeny Malinin,Russia,2021-04,126
Q4277788,Yevgeny Malinin,Russia,2021-05,127
Q4277788,Yevgeny Malinin,Russia,2021-06,125
Q4277788,Yevgeny Malinin,Russia,2021-07,151
Q4277788,Yevgeny Malinin,Russia,2021-08,155
Q4277788,Yevgeny Malinin,Russia,2021-09,114
Q4277788,Yevgeny Malinin,Russia,2021-10,185
Q4277788,Yevgeny Malinin,Russia,2021-11,104
Q4277788,Yevgeny Malinin,Russia,2021-12,142
Q4277788,Yevgeny Malinin,Russia,2022-01,244
Q4277788,Yevgeny Malinin,Russia,2022-02,160
Q4277788,Yevgeny Malinin,Russia,2022-03,150
Q4277788,Yevgeny Malinin,Russia,2022-04,170
Q4277788,Yevgeny Malinin,Russia,2022-05,123
Q4277788,Yevgeny Malinin,Russia,2022-06,150
Q4277788,Yevgeny Malinin,Russia,2022-07,129
Q4277788,Yevgeny Malinin,Russia,2022-08,171
Q4277788,Yevgeny Malinin,Russia,2022-09,134
Q4277788,Yevgeny Malinin,Russia,2022-10,140
Q4277788,Yevgeny Malinin,Russia,2022-11,131
Q4277788,Yevgeny Malinin,Russia,2022-12,99
Q4277788,Yevgeny Malinin,Russia,2023-01,164
Q4277788,Yevgeny Malinin,Russia,2023-02,113
Q4277788,Yevgeny Malinin,Russia,2023-03,153
Q4277788,Yevgeny Malinin,Russia,2023-04,146
Q4277788,Yevgeny Malinin,Russia,2023-05,149
Q4277788,Yevgeny Malinin,Russia,2023-06,187
Q4277788,Yevgeny Malinin,Russia,2023-07,180
Q4277788,Yevgeny Malinin,Russia,2023-08,159
Q4277788,Yevgeny Malinin,Russia,2023-09,166
Q4277788,Yevgeny Malinin,Russia,2023-10,145
Q4277788,Yevgeny Malinin,Russia,2023-11,140
Q4277788,Yevgeny Malinin,Russia,2023-12,161
Q4272526,Viktor Lyadov,Russia,2021-01,73
Q4272526,Viktor Lyadov,Russia,2021-02,75
Q4272526,Viktor Lyadov,Russia,2021-03,86
Q4272526,Viktor Lyadov,Russia,2021-04,87
Q4272526,Viktor Lyadov,Russia,2021-05,89
Q4272526,Viktor Lyadov,Russia,2021-06,92
Q4272526,Viktor Lyadov,Russia,2021-07,84
Q4272526,Viktor Lyadov,Russia,2021-08,97
Q4272526,Viktor Lyadov,Russia,2021-09,98
Q4272526,Viktor Lyadov,Russia,2021-10,91
Q4272526,Viktor Lyadov,Russia,2021-11,94
Q4272526,Viktor Lyadov,Russia,2021-12,86
Q4272526,Viktor Lyadov,Russia,2022-01,89
Q4272526,Viktor Lyadov,Russia,2022-02,96
Q4272526,Viktor Lyadov,Russia,2022-03,84
Q4272526,Viktor Lyadov,Russia,2022-04,85
Q4272526,Viktor Lyadov,Russia,2022-05,84
Q4272526,Viktor Lyadov,Russia,2022-06,94
Q4272526,Viktor Lyadov,Russia,2022-07,83
Q4272526,Viktor Lyadov,Russia,2022-08,111
Q4272526,Viktor Lyadov,Russia,2022-09,97
Q4272526,Viktor Lyadov,Russia,2022-10,78
Q4272526,Viktor Lyadov,Russia,2022-11,87
Q4272526,Viktor Lyadov,Russia,2022-12,77
Q4272526,Viktor Lyadov,Russia,2023-01,61
Q4272526,Viktor Lyadov,Russia,2023-02,35
Q4272526,Viktor Lyadov,Russia,2023-03,49
Q4272526,Viktor Lyadov,Russia,2023-04,53
Q4272526,Viktor Lyadov,Russia,2023-05,59
Q4272526,Viktor Lyadov,Russia,2023-06,55
Q4272526,Viktor Lyadov,Russia,2023-07,49
Q4272526,Viktor Lyadov,Russia,2023-08,50
Q4272526,Viktor Lyadov,Russia,2023-09,59
Q4272526,Viktor Lyadov,Russia,2023-10,44
Q4272526,Viktor Lyadov,Russia,2023-11,60
Q4272526,Viktor Lyadov,Russia,2023-12,57
Q4298566,Vladimir Mischouk,Russia,2021-01,70
Q4298566,Vladimir Mischouk,Russia,2021-02,56
Q4298566,Vladimir Mischouk,Russia,2021-03,75
Q4298566,Vladimir Mischouk,Russia,2021-04,121
Q4298566,Vladimir Mischouk,Russia,2021-05,88
Q4298566,Vladimir Mischouk,Russia,2021-06,81
Q4298566,Vladimir Mischouk,Russia,2021-07,83
Q4298566,Vladimir Mischouk,Russia,2021-08,77
Q4298566,Vladimir Mischouk,Russia,2021-09,89
Q4298566,Vladimir Mischouk,Russia,2021-10,100
Q4298566,Vladimir Mischouk,Russia,2021-11,73
Q4298566,Vladimir Mischouk,Russia,2021-12,65
Q4298566,Vladimir Mischouk,Russia,2022-01,62
Q4298566,Vladimir Mischouk,Russia,2022-02,68
Q4298566,Vladimir Mischouk,Russia,2022-03,86
Q4298566,Vladimir Mischouk,Russia,2022-04,97
Q4298566,Vladimir Mischouk,Russia,2022-05,68
Q4298566,Vladimir Mischouk,Russia,2022-06,85
Q4298566,Vladimir Mischouk,Russia,2022-07,89
Q4298566,Vladimir Mischouk,Russia,2022-08,82
Q4298566,Vladimir Mischouk,Russia,2022-09,91
Q4298566,Vladimir Mischouk,Russia,2022-10,56
Q4298566,Vladimir Mischouk,Russia,2022-11,63
Q4298566,Vladimir Mischouk,Russia,2022-12,66
Q4298566,Vladimir Mischouk,Russia,2023-01,65
Q4298566,Vladimir Mischouk,Russia,2023-02,54
Q4298566,Vladimir Mischouk,Russia,2023-03,69
Q4298566,Vladimir Mischouk,Russia,2023-04,66
Q4298566,Vladimir Mischouk,Russia,2023-05,64
Q4298566,Vladimir Mischouk,Russia,2023-06,95
Q4298566,Vladimir Mischouk,Russia,2023-07,189
Q4298566,Vladimir Mischouk,Russia,2023-08,72
Q4298566,Vladimir Mischouk,Russia,2023-09,54
Q4298566,Vladimir Mischouk,Russia,2023-10,57
Q4298566,Vladimir Mischouk,Russia,2023-11,61
Q4298566,Vladimir Mischouk,Russia,2023-12,79
Q4427177,Ivan Sokolov,Russia,2021-01,171
Q4427177,Ivan Sokolov,Russia,2021-02,137
Q4427177,Ivan Sokolov,Russia,2021-03,138
Q4427177,Ivan Sokolov,Russia,2021-04,181
Q4427177,Ivan Sokolov,Russia,2021-05,136
Q4427177,Ivan Sokolov,Russia,2021-06,119
Q4427177,Ivan Sokolov,Russia,2021-07,130
Q4427177,Ivan Sokolov,Russia,2021-08,146
Q4427177,Ivan Sokolov,Russia,2021-09,164
Q4427177,Ivan Sokolov,Russia,2021-10,141
Q4427177,Ivan Sokolov,Russia,2021-11,162
Q4427177,Ivan Sokolov,Russia,2021-12,130
Q4427177,Ivan Sokolov,Russia,2022-01,157
Q4427177,Ivan Sokolov,Russia,2022-02,183
Q4427177,Ivan Sokolov,Russia,2022-03,155
Q4427177,Ivan Sokolov,Russia,2022-04,242
Q4427177,Ivan Sokolov,Russia,2022-05,147
Q4427177,Ivan Sokolov,Russia,2022-06,148
Q4427177,Ivan Sokolov,Russia,2022-07,182
Q4427177,Ivan Sokolov,Russia,2022-08,242
Q4427177,Ivan Sokolov,Russia,2022-09,149
Q4427177,Ivan Sokolov,Russia,2022-10,160
Q4427177,Ivan Sokolov,Russia,2022-11,160
Q4427177,Ivan Sokolov,Russia,2022-12,143
Q4427177,Ivan Sokolov,Russia,2023-01,163
Q4427177,Ivan Sokolov,Russia,2023-02,145
Q4427177,Ivan Sokolov,Russia,2023-03,184
Q4427177,Ivan Sokolov,Russia,2023-04,136
Q4427177,Ivan Sokolov,Russia,2023-05,203
Q4427177,Ivan Sokolov,Russia,2023-06,164
Q4427177,Ivan Sokolov,Russia,2023-07,157
Q4427177,Ivan Sokolov,Russia,2023-08,137
Q4427177,Ivan Sokolov,Russia,2023-09,156
Q4427177,Ivan Sokolov,Russia,2023-10,150
Q4427177,Ivan Sokolov,Russia,2023-11,181
Q4427177,Ivan Sokolov,Russia,2023-12,159
Q4417338,Pavel Serebryakov,Russia,2021-01,97
Q4417338,Pavel Serebryakov,Russia,2021-02,107
Q4417338,Pavel Serebryakov,Russia,2021-03,98
Q4417338,Pavel Serebryakov,Russia,2021-04,93
Q4417338,Pavel Serebryakov,Russia,2021-05,96
Q4417338,Pavel Serebryakov,Russia,2021-06,96
Q4417338,Pavel Serebryakov,Russia,2021-07,109
Q4417338,Pavel Serebryakov,Russia,2021-08,133
Q4417338,Pavel Serebryakov,Russia,2021-09,81
Q4417338,Pavel Serebryakov,Russia,2021-10,98
Q4417338,Pavel Serebryakov,Russia,2021-11,120
Q4417338,Pavel Serebryakov,Russia,2021-12,88
Q4417338,Pavel Serebryakov,Russia,2022-01,94
Q4417338,Pavel Serebryakov,Russia,2022-02,94
Q4417338,Pavel Serebryakov,Russia,2022-03,142
Q4417338,Pavel Serebryakov,Russia,2022-04,98
Q4417338,Pavel Serebryakov,Russia,2022-05,114
Q4417338,Pavel Serebryakov,Russia,2022-06,120
Q4417338,Pavel Serebryakov,Russia,2022-07,115
Q4417338,Pavel Serebryakov,Russia,2022-08,105
Q4417338,Pavel Serebryakov,Russia,2022-09,112
Q4417338,Pavel Serebryakov,Russia,2022-10,92
Q4417338,Pavel Serebryakov,Russia,2022-11,90
Q4417338,Pavel Serebryakov,Russia,2022-12,112
Q4417338,Pavel Serebryakov,Russia,2023-01,100
Q4417338,Pavel Serebryakov,Russia,2023-02,83
Q4417338,Pavel Serebryakov,Russia,2023-03,95
Q4417338,Pavel Serebryakov,Russia,2023-04,80
Q4417338,Pavel Serebryakov,Russia,2023-05,225
Q4417338,Pavel Serebryakov,Russia,2023-06,82
Q4417338,Pavel Serebryakov,Russia,2023-07,98
Q4417338,Pavel Serebryakov,Russia,2023-08,81
Q4417338,Pavel Serebryakov,Russia,2023-09,111
Q4417338,Pavel Serebryakov,Russia,2023-10,98
Q4417338,Pavel Serebryakov,Russia,2023-11,90
Q4417338,Pavel Serebryakov,Russia,2023-12,95
Q4427696,Ignat Solzhenitsyn,Russia,2021-01,2467
Q4427696,Ignat Solzhenitsyn,Russia,2021-02,2301
Q4427696,Ignat Solzhenitsyn,Russia,2021-03,2023
Q4427696,Ignat Solzhenitsyn,Russia,2021-04,1822
Q4427696,Ignat Solzhenitsyn,Russia,2021-05,2167
Q4427696,Ignat Solzhenitsyn,Russia,2021-06,1638
Q4427696,Ignat Solzhenitsyn,Russia,2021-07,2086
Q4427696,Ignat Solzhenitsyn,Russia,2021-08,1927
Q4427696,Ignat Solzhenitsyn,Russia,2021-09,1745
Q4427696,Ignat Solzhenitsyn,Russia,2021-10,2228
Q4427696,Ignat Solzhenitsyn,Russia,2021-11,1788
Q4427696,Ignat Solzhenitsyn,Russia,2021-12,2035
Q4427696,Ignat Solzhenitsyn,Russia,2022-01,2559
Q4427696,Ignat Solzhenitsyn,Russia,2022-02,2717
Q4427696,Ignat Solzhenitsyn,Russia,2022-03,3504
Q4427696,Ignat Solzhenitsyn,Russia,2022-04,2558
Q4427696,Ignat Solzhenitsyn,Russia,2022-05,1820
Q4427696,Ignat Solzhenitsyn,Russia,2022-06,1705
Q4427696,Ignat Solzhenitsyn,Russia,2022-07,1729
Q4427696,Ignat Solzhenitsyn,Russia,2022-08,1954
Q4427696,Ignat Solzhenitsyn,Russia,2022-09,1730
Q4427696,Ignat Solzhenitsyn,Russia,2022-10,1895
Q4427696,Ignat Solzhenitsyn,Russia,2022-11,1773
Q4427696,Ignat Solzhenitsyn,Russia,2022-12,2113
Q4427696,Ignat Solzhenitsyn,Russia,2023-01,2116
Q4427696,Ignat Solzhenitsyn,Russia,2023-02,1831
Q4427696,Ignat Solzhenitsyn,Russia,2023-03,1875
Q4427696,Ignat Solzhenitsyn,Russia,2023-04,1766
Q4427696,Ignat Solzhenitsyn,Russia,2023-05,2112
Q4427696,Ignat Solzhenitsyn,Russia,2023-06,1753
Q4427696,Ignat Solzhenitsyn,Russia,2023-07,1897
Q4427696,Ignat Solzhenitsyn,Russia,2023-08,1916
Q4427696,Ignat Solzhenitsyn,Russia,2023-09,1852
Q4427696,Ignat Solzhenitsyn,Russia,2023-10,2217
Q4427696,Ignat Solzhenitsyn,Russia,2023-11,1614
Q4427696,Ignat Solzhenitsyn,Russia,2023-12,2124
Q4443017,Roman Stolyar,Russia,2021-01,77
Q4443017,Roman Stolyar,Russia,2021-02,91
Q4443017,Roman Stolyar,Russia,2021-03,90
Q4443017,Roman Stolyar,Russia,2021-04,99
Q4443017,Roman Stolyar,Russia,2021-05,121
Q4443017,Roman Stolyar,Russia,2021-06,101
Q4443017,Roman Stolyar,Russia,2021-07,90
Q4443017,Roman Stolyar,Russia,2021-08,104
Q4443017,Roman Stolyar,Russia,2021-09,88
Q4443017,Roman Stolyar,Russia,2021-10,84
Q4443017,Roman Stolyar,Russia,2021-11,90
Q4443017,Roman Stolyar,Russia,2021-12,65
Q4443017,Roman Stolyar,Russia,2022-01,75
Q4443017,Roman Stolyar,Russia,2022-02,93
Q4443017,Roman Stolyar,Russia,2022-03,109
Q4443017,Roman Stolyar,Russia,2022-04,96
Q4443017,Roman Stolyar,Russia,2022-05,76
Q4443017,Roman Stolyar,Russia,2022-06,112
Q4443017,Roman Stolyar,Russia,2022-07,86
Q4443017,Roman Stolyar,Russia,2022-08,96
Q4443017,Roman Stolyar,Russia,2022-09,92
Q4443017,Roman Stolyar,Russia,2022-10,97
Q4443017,Roman Stolyar,Russia,2022-11,77
Q4443017,Roman Stolyar,Russia,2022-12,79
Q4443017,Roman Stolyar,Russia,2023-01,87
Q4443017,Roman Stolyar,Russia,2023-02,217
Q4443017,Roman Stolyar,Russia,2023-03,96
Q4443017,Roman Stolyar,Russia,2023-04,120
Q4443017,Roman Stolyar,Russia,2023-05,133
Q4443017,Roman Stolyar,Russia,2023-06,196
Q4443017,Roman Stolyar,Russia,2023-07,101
Q4443017,Roman Stolyar,Russia,2023-08,95
Q4443017,Roman Stolyar,Russia,2023-09,106
Q4443017,Roman Stolyar,Russia,2023-10,126
Q4443017,Roman Stolyar,Russia,2023-11,102
Q4443017,Roman Stolyar,Russia,2023-12,139
Q104772431,Slame,Russia,2023-12,123
Q4746644,Amir Tebenikhin,Russia,2021-01,88
Q4746644,Amir Tebenikhin,Russia,2021-02,65
Q4746644,Amir Tebenikhin,Russia,2021-03,68
Q4746644,Amir Tebenikhin,Russia,2021-04,85
Q4746644,Amir Tebenikhin,Russia,2021-05,85
Q4746644,Amir Tebenikhin,Russia,2021-06,88
Q4746644,Amir Tebenikhin,Russia,2021-07,80
Q4746644,Amir Tebenikhin,Russia,2021-08,112
Q4746644,Amir Tebenikhin,Russia,2021-09,88
Q4746644,Amir Tebenikhin,Russia,2021-10,88
Q4746644,Amir Tebenikhin,Russia,2021-11,73
Q4746644,Amir Tebenikhin,Russia,2021-12,81
Q4746644,Amir Tebenikhin,Russia,2022-01,85
Q4746644,Amir Tebenikhin,Russia,2022-02,68
Q4746644,Amir Tebenikhin,Russia,2022-03,72
Q4746644,Amir Tebenikhin,Russia,2022-04,81
Q4746644,Amir Tebenikhin,Russia,2022-05,100
Q4746644,Amir Tebenikhin,Russia,2022-06,78
Q4746644,Amir Tebenikhin,Russia,2022-07,95
Q4746644,Amir Tebenikhin,Russia,2022-08,102
Q4746644,Amir Tebenikhin,Russia,2022-09,93
Q4746644,Amir Tebenikhin,Russia,2022-10,82
Q4746644,Amir Tebenikhin,Russia,2022-11,109
Q4746644,Amir Tebenikhin,Russia,2022-12,91
Q4746644,Amir Tebenikhin,Russia,2023-01,118
Q4746644,Amir Tebenikhin,Russia,2023-02,57
Q4746644,Amir Tebenikhin,Russia,2023-03,81
Q4746644,Amir Tebenikhin,Russia,2023-04,72
Q4746644,Amir Tebenikhin,Russia,2023-05,77
Q4746644,Amir Tebenikhin,Russia,2023-06,79
Q4746644,Amir Tebenikhin,Russia,2023-07,79
Q4746644,Amir Tebenikhin,Russia,2023-08,66
Q4746644,Amir Tebenikhin,Russia,2023-09,84
Q4746644,Amir Tebenikhin,Russia,2023-10,94
Q4746644,Amir Tebenikhin,Russia,2023-11,139
Q4746644,Amir Tebenikhin,Russia,2023-12,92
Q104904112,Artyom Kacher,Russia,2023-05,278
Q104904112,Artyom Kacher,Russia,2023-06,171
Q104904112,Artyom Kacher,Russia,2023-07,241
Q104904112,Artyom Kacher,Russia,2023-08,316
Q104904112,Artyom Kacher,Russia,2023-09,387
Q104904112,Artyom Kacher,Russia,2023-10,354
Q104904112,Artyom Kacher,Russia,2023-11,416
Q104904112,Artyom Kacher,Russia,2023-12,575
Q4721452,Alexis Golovin,Russia,2021-01,127
Q4721452,Alexis Golovin,Russia,2021-02,89
Q4721452,Alexis Golovin,Russia,2021-03,94
Q4721452,Alexis Golovin,Russia,2021-04,107
Q4721452,Alexis Golovin,Russia,2021-05,130
Q4721452,Alexis Golovin,Russia,2021-06,112
Q4721452,Alexis Golovin,Russia,2021-07,77
Q4721452,Alexis Golovin,Russia,2021-08,87
Q4721452,Alexis Golovin,Russia,2021-09,85
Q4721452,Alexis Golovin,Russia,2021-10,68
Q4721452,Alexis Golovin,Russia,2021-11,67
Q4721452,Alexis Golovin,Russia,2021-12,57
Q4721452,Alexis Golovin,Russia,2022-01,102
Q4721452,Alexis Golovin,Russia,2022-02,64
Q4721452,Alexis Golovin,Russia,2022-03,97
Q4721452,Alexis Golovin,Russia,2022-04,79
Q4721452,Alexis Golovin,Russia,2022-05,112
Q4721452,Alexis Golovin,Russia,2022-06,84
Q4721452,Alexis Golovin,Russia,2022-07,125
Q4721452,Alexis Golovin,Russia,2022-08,113
Q4721452,Alexis Golovin,Russia,2022-09,128
Q4721452,Alexis Golovin,Russia,2022-10,104
Q4721452,Alexis Golovin,Russia,2022-11,100
Q4721452,Alexis Golovin,Russia,2022-12,77
Q4721452,Alexis Golovin,Russia,2023-01,97
Q4721452,Alexis Golovin,Russia,2023-02,87
Q4721452,Alexis Golovin,Russia,2023-03,99
Q4721452,Alexis Golovin,Russia,2023-04,88
Q4721452,Alexis Golovin,Russia,2023-05,90
Q4721452,Alexis Golovin,Russia,2023-06,98
Q4721452,Alexis Golovin,Russia,2023-07,243
Q4721452,Alexis Golovin,Russia,2023-08,109
Q4721452,Alexis Golovin,Russia,2023-09,110
Q4721452,Alexis Golovin,Russia,2023-10,89
Q4721452,Alexis Golovin,Russia,2023-11,84
Q4721452,Alexis Golovin,Russia,2023-12,71
Q4718248,Alexander Ardakov,Russia,2021-01,63
Q4718248,Alexander Ardakov,Russia,2021-02,54
Q4718248,Alexander Ardakov,Russia,2021-03,52
Q4718248,Alexander Ardakov,Russia,2021-04,50
Q4718248,Alexander Ardakov,Russia,2021-05,81
Q4718248,Alexander Ardakov,Russia,2021-06,59
Q4718248,Alexander Ardakov,Russia,2021-07,60
Q4718248,Alexander Ardakov,Russia,2021-08,78
Q4718248,Alexander Ardakov,Russia,2021-09,124
Q4718248,Alexander Ardakov,Russia,2021-10,82
Q4718248,Alexander Ardakov,Russia,2021-11,94
Q4718248,Alexander Ardakov,Russia,2021-12,59
Q4718248,Alexander Ardakov,Russia,2022-01,41
Q4718248,Alexander Ardakov,Russia,2022-02,62
Q4718248,Alexander Ardakov,Russia,2022-03,66
Q4718248,Alexander Ardakov,Russia,2022-04,63
Q4718248,Alexander Ardakov,Russia,2022-05,76
Q4718248,Alexander Ardakov,Russia,2022-06,79
Q4718248,Alexander Ardakov,Russia,2022-07,84
Q4718248,Alexander Ardakov,Russia,2022-08,99
Q4718248,Alexander Ardakov,Russia,2022-09,101
Q4718248,Alexander Ardakov,Russia,2022-10,84
Q4718248,Alexander Ardakov,Russia,2022-11,72
Q4718248,Alexander Ardakov,Russia,2022-12,68
Q4718248,Alexander Ardakov,Russia,2023-01,50
Q4718248,Alexander Ardakov,Russia,2023-02,82
Q4718248,Alexander Ardakov,Russia,2023-03,61
Q4718248,Alexander Ardakov,Russia,2023-04,63
Q4718248,Alexander Ardakov,Russia,2023-05,77
Q4718248,Alexander Ardakov,Russia,2023-06,84
Q4718248,Alexander Ardakov,Russia,2023-07,65
Q4718248,Alexander Ardakov,Russia,2023-08,65
Q4718248,Alexander Ardakov,Russia,2023-09,61
Q4718248,Alexander Ardakov,Russia,2023-10,69
Q4718248,Alexander Ardakov,Russia,2023-11,79
Q4718248,Alexander Ardakov,Russia,2023-12,82
Q4528911,Nikolai Shcherbachov,Russia,2021-01,71
Q4528911,Nikolai Shcherbachov,Russia,2021-02,59
Q4528911,Nikolai Shcherbachov,Russia,2021-03,72
Q4528911,Nikolai Shcherbachov,Russia,2021-04,76
Q4528911,Nikolai Shcherbachov,Russia,2021-05,95
Q4528911,Nikolai Shcherbachov,Russia,2021-06,63
Q4528911,Nikolai Shcherbachov,Russia,2021-07,85
Q4528911,Nikolai Shcherbachov,Russia,2021-08,68
Q4528911,Nikolai Shcherbachov,Russia,2021-09,63
Q4528911,Nikolai Shcherbachov,Russia,2021-10,59
Q4528911,Nikolai Shcherbachov,Russia,2021-11,63
Q4528911,Nikolai Shcherbachov,Russia,2021-12,44
Q4528911,Nikolai Shcherbachov,Russia,2022-01,61
Q4528911,Nikolai Shcherbachov,Russia,2022-02,53
Q4528911,Nikolai Shcherbachov,Russia,2022-03,74
Q4528911,Nikolai Shcherbachov,Russia,2022-04,79
Q4528911,Nikolai Shcherbachov,Russia,2022-05,93
Q4528911,Nikolai Shcherbachov,Russia,2022-06,65
Q4528911,Nikolai Shcherbachov,Russia,2022-07,93
Q4528911,Nikolai Shcherbachov,Russia,2022-08,129
Q4528911,Nikolai Shcherbachov,Russia,2022-09,76
Q4528911,Nikolai Shcherbachov,Russia,2022-10,71
Q4528911,Nikolai Shcherbachov,Russia,2022-11,83
Q4528911,Nikolai Shcherbachov,Russia,2022-12,128
Q4528911,Nikolai Shcherbachov,Russia,2023-01,95
Q4528911,Nikolai Shcherbachov,Russia,2023-02,60
Q4528911,Nikolai Shcherbachov,Russia,2023-03,84
Q4528911,Nikolai Shcherbachov,Russia,2023-04,107
Q4528911,Nikolai Shcherbachov,Russia,2023-05,76
Q4528911,Nikolai Shcherbachov,Russia,2023-06,68
Q4528911,Nikolai Shcherbachov,Russia,2023-07,61
Q4528911,Nikolai Shcherbachov,Russia,2023-08,74
Q4528911,Nikolai Shcherbachov,Russia,2023-09,79
Q4528911,Nikolai Shcherbachov,Russia,2023-10,103
Q4528911,Nikolai Shcherbachov,Russia,2023-11,62
Q4528911,Nikolai Shcherbachov,Russia,2023-12,71
Q4727244,Alissa Firsova,Russia,2021-01,271
Q4727244,Alissa Firsova,Russia,2021-02,245
Q4727244,Alissa Firsova,Russia,2021-03,326
Q4727244,Alissa Firsova,Russia,2021-04,300
Q4727244,Alissa Firsova,Russia,2021-05,282
Q4727244,Alissa Firsova,Russia,2021-06,264
Q4727244,Alissa Firsova,Russia,2021-07,286
Q4727244,Alissa Firsova,Russia,2021-08,245
Q4727244,Alissa Firsova,Russia,2021-09,236
Q4727244,Alissa Firsova,Russia,2021-10,225
Q4727244,Alissa Firsova,Russia,2021-11,279
Q4727244,Alissa Firsova,Russia,2021-12,199
Q4727244,Alissa Firsova,Russia,2022-01,280
Q4727244,Alissa Firsova,Russia,2022-02,299
Q4727244,Alissa Firsova,Russia,2022-03,277
Q4727244,Alissa Firsova,Russia,2022-04,341
Q4727244,Alissa Firsova,Russia,2022-05,299
Q4727244,Alissa Firsova,Russia,2022-06,361
Q4727244,Alissa Firsova,Russia,2022-07,384
Q4727244,Alissa Firsova,Russia,2022-08,258
Q4727244,Alissa Firsova,Russia,2022-09,266
Q4727244,Alissa Firsova,Russia,2022-10,301
Q4727244,Alissa Firsova,Russia,2022-11,234
Q4727244,Alissa Firsova,Russia,2022-12,238
Q4727244,Alissa Firsova,Russia,2023-01,294
Q4727244,Alissa Firsova,Russia,2023-02,185
Q4727244,Alissa Firsova,Russia,2023-03,211
Q4727244,Alissa Firsova,Russia,2023-04,223
Q4727244,Alissa Firsova,Russia,2023-05,171
Q4727244,Alissa Firsova,Russia,2023-06,168
Q4727244,Alissa Firsova,Russia,2023-07,291
Q4727244,Alissa Firsova,Russia,2023-08,160
Q4727244,Alissa Firsova,Russia,2023-09,203
Q4727244,Alissa Firsova,Russia,2023-10,201
Q4727244,Alissa Firsova,Russia,2023-11,168
Q4727244,Alissa Firsova,Russia,2023-12,162
Q4726727,Alina Smith,Russia,2021-01,522
Q4726727,Alina Smith,Russia,2021-02,460
Q4726727,Alina Smith,Russia,2021-03,433
Q4726727,Alina Smith,Russia,2021-04,1030
Q4726727,Alina Smith,Russia,2021-05,838
Q4726727,Alina Smith,Russia,2021-06,702
Q4726727,Alina Smith,Russia,2021-07,682
Q4726727,Alina Smith,Russia,2021-08,582
Q4726727,Alina Smith,Russia,2021-09,706
Q4726727,Alina Smith,Russia,2021-10,469
Q4726727,Alina Smith,Russia,2021-11,432
Q4726727,Alina Smith,Russia,2021-12,388
Q4726727,Alina Smith,Russia,2022-01,645
Q4726727,Alina Smith,Russia,2022-02,628
Q4726727,Alina Smith,Russia,2022-03,686
Q4726727,Alina Smith,Russia,2022-04,616
Q4726727,Alina Smith,Russia,2022-05,487
Q4726727,Alina Smith,Russia,2022-06,492
Q4726727,Alina Smith,Russia,2022-07,649
Q4726727,Alina Smith,Russia,2022-08,843
Q4726727,Alina Smith,Russia,2022-09,707
Q4726727,Alina Smith,Russia,2022-10,2251
Q4726727,Alina Smith,Russia,2022-11,967
Q4726727,Alina Smith,Russia,2022-12,954
Q4726727,Alina Smith,Russia,2023-01,1139
Q4726727,Alina Smith,Russia,2023-02,1568
Q4726727,Alina Smith,Russia,2023-03,1149
Q4726727,Alina Smith,Russia,2023-04,1280
Q4726727,Alina Smith,Russia,2023-05,1513
Q4726727,Alina Smith,Russia,2023-06,947
Q4726727,Alina Smith,Russia,2023-07,1061
Q4726727,Alina Smith,Russia,2023-08,1530
Q4726727,Alina Smith,Russia,2023-09,970
Q4726727,Alina Smith,Russia,2023-10,973
Q4726727,Alina Smith,Russia,2023-11,1356
Q4726727,Alina Smith,Russia,2023-12,1224
Q4388420,Zlata Razdolina,Russia,2021-01,137
Q4388420,Zlata Razdolina,Russia,2021-02,148
Q4388420,Zlata Razdolina,Russia,2021-03,133
Q4388420,Zlata Razdolina,Russia,2021-04,231
Q4388420,Zlata Razdolina,Russia,2021-05,293
Q4388420,Zlata Razdolina,Russia,2021-06,122
Q4388420,Zlata Razdolina,Russia,2021-07,457
Q4388420,Zlata Razdolina,Russia,2021-08,113
Q4388420,Zlata Razdolina,Russia,2021-09,131
Q4388420,Zlata Razdolina,Russia,2021-10,144
Q4388420,Zlata Razdolina,Russia,2021-11,124
Q4388420,Zlata Razdolina,Russia,2021-12,125
Q4388420,Zlata Razdolina,Russia,2022-01,134
Q4388420,Zlata Razdolina,Russia,2022-02,100
Q4388420,Zlata Razdolina,Russia,2022-03,106
Q4388420,Zlata Razdolina,Russia,2022-04,100
Q4388420,Zlata Razdolina,Russia,2022-05,96
Q4388420,Zlata Razdolina,Russia,2022-06,117
Q4388420,Zlata Razdolina,Russia,2022-07,106
Q4388420,Zlata Razdolina,Russia,2022-08,108
Q4388420,Zlata Razdolina,Russia,2022-09,114
Q4388420,Zlata Razdolina,Russia,2022-10,175
Q4388420,Zlata Razdolina,Russia,2022-11,133
Q4388420,Zlata Razdolina,Russia,2022-12,116
Q4388420,Zlata Razdolina,Russia,2023-01,128
Q4388420,Zlata Razdolina,Russia,2023-02,102
Q4388420,Zlata Razdolina,Russia,2023-03,101
Q4388420,Zlata Razdolina,Russia,2023-04,123
Q4388420,Zlata Razdolina,Russia,2023-05,113
Q4388420,Zlata Razdolina,Russia,2023-06,145
Q4388420,Zlata Razdolina,Russia,2023-07,187
Q4388420,Zlata Razdolina,Russia,2023-08,122
Q4388420,Zlata Razdolina,Russia,2023-09,113
Q4388420,Zlata Razdolina,Russia,2023-10,151
Q4388420,Zlata Razdolina,Russia,2023-11,108
Q4388420,Zlata Razdolina,Russia,2023-12,127
Q5358977,Elena Braslavsky,Russia,2021-01,92
Q5358977,Elena Braslavsky,Russia,2021-02,104
Q5358977,Elena Braslavsky,Russia,2021-03,140
Q5358977,Elena Braslavsky,Russia,2021-04,156
Q5358977,Elena Braslavsky,Russia,2021-05,123
Q5358977,Elena Braslavsky,Russia,2021-06,110
Q5358977,Elena Braslavsky,Russia,2021-07,116
Q5358977,Elena Braslavsky,Russia,2021-08,137
Q5358977,Elena Braslavsky,Russia,2021-09,103
Q5358977,Elena Braslavsky,Russia,2021-10,90
Q5358977,Elena Braslavsky,Russia,2021-11,101
Q5358977,Elena Braslavsky,Russia,2021-12,96
Q5358977,Elena Braslavsky,Russia,2022-01,94
Q5358977,Elena Braslavsky,Russia,2022-02,81
Q5358977,Elena Braslavsky,Russia,2022-03,97
Q5358977,Elena Braslavsky,Russia,2022-04,90
Q5358977,Elena Braslavsky,Russia,2022-05,118
Q5358977,Elena Braslavsky,Russia,2022-06,118
Q5358977,Elena Braslavsky,Russia,2022-07,97
Q5358977,Elena Braslavsky,Russia,2022-08,111
Q5358977,Elena Braslavsky,Russia,2022-09,85
Q5358977,Elena Braslavsky,Russia,2022-10,88
Q5358977,Elena Braslavsky,Russia,2022-11,83
Q5358977,Elena Braslavsky,Russia,2022-12,77
Q5358977,Elena Braslavsky,Russia,2023-01,83
Q5358977,Elena Braslavsky,Russia,2023-02,102
Q5358977,Elena Braslavsky,Russia,2023-03,165
Q5358977,Elena Braslavsky,Russia,2023-04,85
Q5358977,Elena Braslavsky,Russia,2023-05,70
Q5358977,Elena Braslavsky,Russia,2023-06,81
Q5358977,Elena Braslavsky,Russia,2023-07,82
Q5358977,Elena Braslavsky,Russia,2023-08,73
Q5358977,Elena Braslavsky,Russia,2023-09,90
Q5358977,Elena Braslavsky,Russia,2023-10,103
Q5358977,Elena Braslavsky,Russia,2023-11,92
Q5358977,Elena Braslavsky,Russia,2023-12,127
