artist,country,song_title,lyrics,compound,positive,negative,neutral
Jamala,Ukraine,1944,"[Verse 1]
When strangers are coming
They come to your house
They kill you all
And say
We’re not guilty
Not guilty

[Pre-Chorus]
Where is your mind?
Humanity cries
You think you are gods
But everyone dies
Don't swallow my soul
Our souls

[Chorus]
Yaşlığıma toyalmadım
Men bu yerde yaşalmadım
Yaşlığıma toyalmadım
Men bu yerde yaşalmadım

[Verse 2]
We could build a future
Where people are free
To live and love
The happiest time
Hard time

[Pre-Chorus]
Where is your heart?
Humanity rise
You think you are gods
But everyone dies
Don't swallow my soul
Our souls

[Chorus]
Yaşlığıma toyalmadım, ooh
Men bu yerde yaşalmadım, aah
Yaşlığıma toyalmadım, ooh
Men bu yerde yaşalmadım, ooh
Aman, aman

[Bridge]
Aah....
Aah....

[Chorus]
(Yaşlığıma toyalmadım)
Aah...
Men bu yerde yaşalmadım
Aah...
(Yaşlığıma toyalmadım, ooh)
Aah...
Vatanıma toyalmadım",0.9686,0.152,0.05,0.798
Jamala,Ukraine,Крила (Wings),"[Текст пісні «Крила»]

[Куплет 1]
Я вмію літати, але хочу його крила
І в темряві сяють ,але він для мене світило
Я вільна мов птаха ,але хочу його небо
З усіх скарбів світу мені лише його дотик треба

[Приспів]
Чому ти обрав мене?
І цей дивний шлях зі мною
На ньому багато каміння є
На ньому гора за горою
Чому ти несеш мене?
Коли далі йти не сила
Коли я в обіймах зневіри
Знімаєш для мене ти крила

[Постприспів]
У-уууу Крила
У-уууу Крила
У-уууу Крила
У-уууу Крила

[Куплет 2]
Я довго шукала у темряві у небі по хвилях
Повірила в себе, але хочу лише його крила

[Приспів]
Чому ти обрав мене?
І цей дивний шлях зі мною
На ньому багато каміння є
На ньому гора за горою
Чому ти несеш мене?
Коли далі йти не сила
Коли я в обіймах зневіри
Знімаєш для мене ти крила

[Бридж]
І вчиш не зупинятись ніколи
Хоча через каміння та гори йти
На ньому так важко втрачати
Бувають злі люди, байдужі
А ти кажеш треба вибачати
Несеш мене через калюжі
А я сама вже вмію літати
Але хочу лише його крила
А я давно вже вмію кохати
Але ніколи так не любила

[Приспів]
Чому ти обрав мене?
І цей дивний шлях зі мною
На ньому багато каміння є
На ньому гора за горою
Чому ти несеш мене?
Коли далі йти не сила
Коли я в обіймах зневіри
Знімаєш для мене ти крила

[Аутро]
У-уууу Крила
У-уууу Крила",0.0,0.0,0.0,1.0
Jamala,Ukraine,Обещание (Promise),"[Verse 1]
Вновь разлука или ноль?
Ты сыграй Шопена
Forte - радость, piano - боль
Чтоб душа запела
И летело, и неслось
Ритмом, полутоном
Чтоб исполнилось, сбылось
Мир над нашим домом

[Chorus]
Ты вернёшься, обещай, мне играть Шопена
Ты вернёшься, обещай, мне играть...

[Verse 2]
А в окне лишь пустота
Клавиши разбиты
Но запретная любовь
Мною не забыта
Пусть лишь сердце, пусть едва
Как детская обида

Ты вернёшься, обещай, мне сыграть...

[Chorus]
Ты вернёшься, обещай, мне играть Шопена
Ты вернёшься, обещай, мне играть...
Ты вернёшься, обещай, мне играть Шопена
Ты вернёшься, обещай, мне играть...

[Outro]
Вновь разлука или ноль?
Ты сыграй...",0.0,0.0,0.0,1.0
Kalush Orchestra,Ukraine,Ushme Uturbe,"[Інтро: KALUSH]
Ushme uturbe

[Передриспів: bbno$ & KALUSH]
Crash, bang, boom
I say crash, bang, boom
Crash, bang, boom
I say crash, bang, Uturbe
Everytime I'm in a room I make a hit like boom
Crash, bang, boom
I say-
Ushme uturbe

[Приспів: bbno$ & KALUSH]
Uturbe
Ushme uturbe
Crash, bang, boom
I say crash, bang, boom
Crash, bang, boom
I say crash, bang, Uturbe
Everytime I'm in a room I make a hit like boom
Crash, bang, boom
I say-
Ushme uturbe

[Куплет 1: bbno$]
Boom (Boom), fireworks (Yeah)
I knew I would blow up (Huh?)
Found a lining (Zoom), I just gotta show up
Get that bag (Bag), green (Green)
Watch my money grow up
Every day I brush my teeth, they're getting dirty from the soda
Nice to meet you, my money Machu Picchu
Make waves, I'm on the ski, dude
Big splash, she call on me too
Yeah, wet my top, it see-through
Have once, I need a re-do
Have twice, I think I need you
Have thrice, I think I'll leave you
I think I'll leave you (Leave you, leave you)
I think I'll leave you, if you ain't got money (Ooh)
Yeah, she love my body (Ay)
And she clean it for me (Ah)
I can make it groovy (Yeah)
We can make a movie
Up in the club we can film that shit
Step on stage in a brand new fit
Honeys on me, let's spend bucks

[Брейк: bbno$ & KALUSH]
Shh, rizz
Ushme uturbe

[Приспів: bbno$ & KALUSH]
Uturbe
Ushme uturbe
Crash, bang, boom
I say crash, bang, boom
Crash, bang, boom
I say crash, bang, Uturbe
Everytime I'm in a room I make a hit like boom
Crash, bang, boom
I say-
Ushme uturbe

[Куплет 2: KALUSH, & Тимофій Музичук]
Що би не робили люди з дуру
Щоби не давали мені даром
Може навіть dolla дали фуру
Щоби не базарили, не буду
В Калуші не хавали Ред Була
Тебе не лякатиме акулу
Спати вже не вийде, вийди з гула
Я не перейматимусь по факту
Факти, де всі ці тіпи, це пахне ніби пахва
Попахуй, є тільки доки паля ніби факи фокус
Доведе, доведе доля мене, як би там не було, вирулю
Завжди буде саме так, як треба
Адже дуже вправно я рулю

[Рефрен: Тимофій Музичук]

[Приспів: bbno$, KALUSH]
Ushme uturbe
Crash, bang, boom
I say crash, bang, boom
Crash, bang, boom
I say crash, bang, Uturbe
Everytime I'm in a room I make a hit like oh
Crash, bang, boom
I say-
Ushme uturbe

[Рефрен: Тимофій Музичук]

[Аутро: KALUSH]
Ushme uturbe",-0.9812,0.067,0.136,0.797
Kalush Orchestra,Ukraine,Нумо козаки (Numo Kozaky),"[Текст пісні «Нумо, козаки» ft. KOZAK SIROMAHA]

[Куплет 1: KOZAK SIROMAHA]
Ширше, ширше, ширше крок
Звідсіля та й до зірок!
Ширше, швидше, козаки
Звідсіля та й до мети!
Щоб в дорозі не сумувати
Козак має заспівати!
Щоб в дорозі не сумувати
Козак має заспівати!

[Приспів: KOZAK SIROMAHA]
(Гей!) Нумо, козаки, по конях!
(Нумо, козаки, гей!)
Крадуть русаки наш сонях
(Крадуть русаки)
Нумо, козаки, по конях!
(Нумо, козаки, гей!)
Крадуть русаки наш сонях
(Крадуть русаки)

[Куплет 2: KALUSH]
Біля джерела, шо манило здалека
Шо поїло козака, написали вилами
Я не буду лопати кидати по черепах тих
Поки плі, тільки так, шоб нашу ціль не налякати
Ми своє заберем, ми берем, все ще попереду
Я вірю, шо за берег заженем, це палюбе!
А з нами буде сонце, а небо, ніби концерт!
На феєрверк гонцем (Полетіли, плі)

[Передприспів: KOZAK SIROMAHA]
Щоб в дорозі не сумувати
Козак має заспівати!

[Приспів: KOZAK SIROMAHA]
(Гей!) Нумо, козаки, по конях!
(Нумо, козаки, гей!)
Крадуть русаки наш сонях
(Крадуть русаки)
Нумо, козаки, по конях!
(Нумо, козаки, гей!)
Крадуть русаки наш сонях
(Крадуть русаки)

[Куплет 3: KOZAK SIROMAHA]
Козаки йдуть від Сяну до Дону!
Козаки несуть звитягу додому!
Козаки будуть в серці повсяк час!
Козаки живуть в кожному із нас!
Козаки йдуть від Сяну до Дону!
Козаки несуть звитягу додому!
Козаки будуть в серці повсяк час!
Козаки живуть в кожному із нас!",0.0,0.0,0.0,1.0
Kalush Orchestra,Ukraine,Коли (When),"Колись будемо сивими
Стояти вдвох над схилами
Я все іще закоханим
Ти все іще красивою

Колись будемо сивими
Стояти вдвох над схилами
Я все іще закоханим
Ти все іще красивою

І скільки б вокзал не завадив нам
І не була ти в мережі, в мережі
Лиш твої обійми для мене храм
Я в них бачу світло вночі, уночі

Так в нас давно з тобою повелося
Було різне з одних помилок
У сварках всі образи на волоссі
Мотала, я розплутав клубок

Плакати ніяк наодинці
І сміятися – то завжди удвох
Бо так кохають лиш одиниці
Як ми любим, то знає лиш Бог

Колись будемо сивими
Стояти вдвох над схилами
Я все іще закоханим
Ти все іще красивою

Колись будемо сивими
Стояти вдвох над схилами
Я все іще закоханим
Ти все іще красивою

І скільки б вокзал не завадив нам
І не була ти в мережі, в мережі
Лиш твої обійми для мене храм
Я в них бачу світло вночі, уночі

І скільки б вокзал не завадив нам
І не була ти в мережі, в мережі
Лиш твої обійми для мене храм
Я в них бачу світло вночі, уночі

Хто продав любов
Я знаю точно
Той товар ніщо (і ще тупа ціна)
Обіймаю, окситоцинових піків скільки знову (знаю я)

В будні дні любов
Провіряє почуття
Знаю я, шо той, хто пройде тест
Пройде рівень, де ти ще не був",0.0,0.0,0.0,1.0
Okean Elzy,Ukraine,Обійми (Hug),"[Куплет 1]
Коли настане день
Закінчиться війна
Там загубив себе
Побачив аж до дна

[Приспiв]
Обійми мене, обійми мене, обійми
Так лагідно і не пускай
Обійми мене, обійми мене, обійми
Твоя весна прийде нехай

[Куплет 2]
І от моя душа
Складає зброю вниз
Невже таки вона
Так хоче теплих сліз?

[Приспiв]
Обійми мене, обійми мене, обійми
Так лагідно і не пускай
Обійми мене, обійми мене, обійми
Твоя весна прийде нехай
Об-об-обійми
Обійми мене
Обійми мене, обійми мене, обійми
I бiлше так не вiдпускай
Обійми мене, обійми мене, обійми
Твоя весна прийде нехай",0.0,0.0,0.0,1.0
Okean Elzy,Ukraine,Без бою (Without a Fight),"[Текст пісні «Без бою»]

[Куплет 1]
Що ж це я, що ж це я не зумів
Зупинитися вчасно, все ясно
Зі мною тепер і назавжди, пізно не йти
Не йди від мене
Ран-вап-па-ру-рі бам-бай

[Брідж]
Я налию собі, я налию тобі вина
А хочеш із медом

[Передприспів]
Хто ти є? Ти взяла моє життя
І не віддала
Хто ти є? Ти випила мою кров
І п'яною впала
Твої очі, кличуть, хочуть мене
Ведуть за собою
Хто ти є? Ким би не була ти

[Приспів]
Я не здамся без бою!
Я не здамся без бою!

[Куплет 2]
Що ж це я, що ж це я не зумів
Зупинити себе, тебе, сьогодні
Сьогодні так дує, без тебе сумую
Сумую без тебе, накинь щось на себе
Ран-вап-па-ру-рі бам-бай

[Брідж]
Я налию собі, я налию тобі вина
А хочеш із медом

[Передприспів]
Хто ти є? Ти взяла моє життя
І не віддала
Хто ти є? Ти випила мою кров
І п'яною впала
Твої очі, кличуть, хочуть мене
Ведуть за собою
Хто ти є? Ким би не була ти

[Приспів]
Я не здамся без бою!
Я не здамся без бою!

[Брідж]
Я налию собі, я налию тобі вина
А хочеш із медом

[Передприспів]
Хто ти є? Ти взяла моє життя
І не віддала
Хто ти є? Ти випила мою кров
І п'яною впала
Твої очі, кличуть, хочуть мене
Ведуть за собою
Хто ти є? Ким би не була ти

[Приспів]
Я не здамся без бою!
Я не здамся без бою!
Я не здамся без бою!",0.0,0.0,0.0,1.0
Okean Elzy,Ukraine,На небі (In the sky),"[Текст пісні «На небі»]

[Куплет 1]
Там, де для когось тільки лютий за вікном
На моїй вулиці давно уже весна
І дух захоплює, немов від висоти
Бо так живу немов літаю я
Так, немов літаю я
Кожну мить, коли зі мною ти

[Приспів]
І я на небі
Мила моя, на небі
Зоре моя, на небі
Відколи тебе знайшов
І я на небі
Мов на земному небі
Мила, коли з тобою
Літаю і знов, і знов

[Куплет 2]
І я не знаю, як світанок настає
І як закінчився улюблений альбом
Бо не бажаю ні хвилини самоти
І так живу, немов літаю я
Так, немов літаю я
Кожну мить, коли зі мною ти

[Приспів]
І я на небі
Мила моя, на небі
Зоре моя, на небі
Відколи тебе знайшов
І я на небі
Мов на земному небі
Мила, коли з тобою
Літаю і знов, і знов

[Брідж]
А часом коли я сам не свій
І в голові дивні думки
І на душі сумно
Згадую я очі твої
І все стає мов навпаки
Теплим таким

[Приспів]
І я на небі
Мила моя, на небі
Зоре моя, на небі
Відколи тебе знайшов
І я на небі
Мов на земному небі
Мила, коли з тобою
Літаю і знов, і знов
І я на небі
Мила моя, на небі
Зоре моя, на небі
Відколи тебе знайшов
І я на небі
Мов на земному небі
Мила, коли з тобою
Літаю і знов, і знов
Літаю і знов, і знов
Літаю і знов, і знов",0.0,0.0,0.0,1.0
Antytila,Ukraine,TDME,"[Verse 1]
Тихо тихо, стоп марафон
Ти прокидаєшся, це був лиш сон
Немає фейків, лукавих слів
Чистий розум замість голів
Хто малював на екрані фільм?
Хто давав ролі і наносив грим?
Хто лише лялька, а хто Карабас?
Зрозуміти саме час

[Pre-Chorus]
У-у-у
Часом виє вітер і човен на воді гойдає
У-у-у
Нічого не бійся, в кінці сценарію happy end

[Chorus]
Там, де ми є!
Там, де ми є!
Там, де ми є!
Там, де ми є!

На стороні екрану
На тій стороні екрану
На стороні екрану
На тій стороні екрану

[Verse 2]
Люби вільно, цілуй поволі
Прощай швидко, або ніколи
Часу мало, маєш дійти
Хочеш правди? Мусиш знайти
Люди далі прокидаються
Люди далі не ховаються
Нова глибина напроти нас
Ось такий цікавий час...

[Pre-Chorus]
У-у-у
Часом виє вітер і човен на воді гойдає
У-у-у
Нічого не бійся, в кінці сценарію happy end

[Chorus]
Там, де ми є!
Там, де ми є!
Там, де ми є!
Там, де ми є!

На стороні екрану
На тій стороні екрану
На стороні екрану
На тій стороні екрану

(У-у-у
У-у-у)",0.8892,0.052,0.0,0.948
Antytila,Ukraine,Фортеця Бахмут (Bakhmut Fortress),"[Текст пісні «Фортеця Бахмут»]

[Приспів]
Фортеця Бахмут
Всі молитви наші тут
І сердець сталевий дух
І Герої незламних Крут
З неба нам сил дають
Волю, вогонь і лють!
Стіни горять в бою
Мамо, а я стою
Мамо, а я в строю
Нене, я борюсь!
Знищу і повернусь

[Куплет 1]
Зараз буде база
Вимикаєм біль, старі образи
Ось моє плече, я поруч, brother
Ось вона напроти суне, зараза
Ось заходить з флангу — нова фаза
Працюєм спокійно, як того вчили нас
Там наше завтра, за нашими спинами
І наші діти, батьки, родини там
І ті, що пішли «на щиті», побратими
Також за нашими спинами
Нехай стрибає щур, загнаний у кут
І палає заревом наш маршрут
Значить, є робота для наших рук
Тут, тут

[Приспів]
Фортеця Бахмут
Всі молитви наші тут
І сердець сталевий дух
І Герої незламних Крут
З неба нам сил дають
Волю, вогонь і лють!
Стіни горять в бою
Мамо, а я стою
Мамо, а я в строю
Нене, я борюсь!
Знищу і повернусь

[Куплет 2]
Зараз стане темно
І впаде в агонії кривавий демон
Значить, ми боролись недаремно
Значить, ми дотисли, так шалено
Значить, все за планом, далі ранок
А з ним перемога. Наостанок…
Скажу лиш одне: боятись не гріх
Гріх — зрадити своїх

[Приспів]
Фортеця Бахмут
Всі молитви наші тут
І сердець сталевий дух
І Герої незламних Крут
З неба нам сил дають
Волю, вогонь і лють!
Стіни горять в бою
Мамо, а я стою
Фортеця Бахмут
Всі молитви наші тут
І сердець сталевий дух
І Герої незламних Крут
З неба нам сил дають
Волю, вогонь і лють!
Стіни горять в бою
Мамо, а я стою
Мамо, а я в строю
Нене, я борюсь!
Знищу і повернусь",0.0,0.0,0.0,1.0
Antytila,Ukraine,Лови момент (Catch the moment),"[Текст пісні «Лови момент»]

[Куплет 1]
Заглядай у очі
Лови на телефон
Ці миті, коли нам добре
Все, що з нами досі
Сталося разом
Пригоди зі смаком
Коли
[Приспів]
Зніми цю мить
На ній ми такі класні
Життя летить
Екрани старі гаснуть
Лови момент
Ці кадри такі шалені
Це наше місце, це наше небо
[Постприспів]
Малюй собі, малюй собі мрії
Малюй собі, без ламаних ліній
Де соловей, де соловей лине
Де соловей, де соловей лине
Де соловей, де соловей лине
Де соловей, де соловей лине
[Рефрен]
Все буде так, як треба нам
Кожен атом має план

[Куплет 2]
Заглядай у очі
Там немає меж
Там шукає дім світло
Збережи ці ночі
У пам'яті мереж
Силуетами міста

[Приспів]
Зніми цю мить
На ній ми такі класні
Життя летить
Екрани старі гаснуть
Лови момент
Ці кадри такі шалені
Це наше місце, це наше небо

[Постприспів]
Де соловей, де соловей лине
Де соловей, де соловей лине
Де соловей, де соловей лине
Де соловей, де соловей лине

[Рефрен]
Все буде так, як треба нам
Кожен атом має план",0.0,0.0,0.0,1.0
Boombox,Ukraine,Moon Love,"[Intro]
She's not of this earth
Diving head first, oh yeah
She's thick like my syrup
She's my dessert, mm, yeah

[Chorus]
Crash land on the moon
Make love on the moon
Bring life to the moon, yeah
Bring life to the moon
Bring life to the night
Come alive in the night
Do you have any visitors?
I wanna visit you
I flip you around and I finish
Have any visitors?
I wanna visit you
I wanna visit you

[Verse 1]
And I travel like Elon
'Cause it took me eons to see you
18, low key
Ain't gotta put my feet on it either
Heard there was hating on me
How do they see me from those seats
Police on my tail give me scoliosis

[Pre-Break]
Bring life to the moon
Make love on the moon
Bring life to the moon

[Break]
Bring life to the--

[Chorus]
Crash land on the moon
Make love on the moon
Bring life to the moon, yeah
Bring life to the moon
Bring life to the night
Come alive in the night
Do you have any visitors?
I wanna visit you
I flip you around and I finish
Have any visitors?
I wanna visit you
I wanna visit you, yeah

[Verse 2]
She take [?]
She walk barefoot in my castle
I told her the bitches are guarded
From there she take one bite from my apple
She want me to like her the way that she like me
It's more likely she win a raffle
Her heart broke beyond repair
I dive in from the air

[Pre-Break]
Bring life to the moon
Make love on the moon
Bring life to the moon

[Break]
Bring life to the--

[Outro]
Crash land on the moon
Crash land on the moon
Make love on the moon
Make life on the moon",0.9874,0.164,0.063,0.773
Boombox,Ukraine,Whisper,"[Verse 1]
All around me smoke is heavy
Going down deep, I'm not ready
The world is burning but I don't even care
I'm just waiting for you to be there
Sirens are screaming, I just can't relax (just can't relax)
Currents are strong and you're pulling me back

[Pre-Chorus]
'Cause when I fall and hit the wall
The only escape is your voice in the rain
And that's when you whisper

[Chorus]
And that's when you whisper
And that's when you whisper

[Verse 2]
Used to be so insecure
Always drowning in the storm
The sky is falling but you held up the air
Now I'm feeling you everywhere
Sirens are screaming, I just can't relax (just can't relax)
Currents are strong and you're pulling me back

[Pre-Chorus]
'Cause when I fall and hit the wall
The only escape is your voice in the rain
And that's when you whisper

[Chorus]
And that's when you whisper
And that's when you whisper",-0.946,0.077,0.161,0.762
Boombox,Ukraine,People I Know,"[Verse 1]
I was searching in the cloud
We were looking for a way out
Sometimes it's hard to tell is that
This sort of problems that won't quit

[Pre-Chorus]
How far we've gone
Together away from the city we're living
How far we've gone
It all began to change
How far we've gone
Together away from this hell and losin'
How far we've gone

[Chorus]
And all the people that I know
Tryna get high to survive the summer
And all the people that I know
Just tryna get high when the world is playing
And all the people that I know
Tryna get high to survive the summer
And all the people that I know

[Verse 2]
And I just wanna stay positive
Living easy in a place that've been
I love to go out, it's warm it's better
One man leaves and joins us to stay

[Pre-Chorus]
How far we've gone
Together away from the city we're living
How far we've gone
It all began to change
How far we've gone
Together away from this hell and losin'
How far we've gone

[Chorus]
And all the people that I know
Tryna get high to survive the summer
And all the people that I know
Just tryna get high when the world is playing
And all the people that I know
Tryna get high to survive the summer
And all the people that I know

[Bridge]
Oh-oh-oh, oh-oh-oh
Just tryna get high to survive the summer
Just tryna get high when the world is playing
Just tryna get high to survive the summer

[Chorus]
And all the people that I know
Tryna get high to survive the summer
And all the people that I know
Just tryna get high when the world is playing
And all the people that I know
Tryna get high to survive the summer
And all the people that I know
All the people that I know

[Outro]
Oh-oh-oh, oh-oh-oh
Oh-oh-oh, oh-oh-oh
All the people that I know
Oh-oh-oh, oh-oh-oh
Oh-oh-oh, oh-oh-oh",0.5118,0.063,0.042,0.895
Alyona Alyona,Ukraine,Teresa & Maria,"[Текст пісні «Teresa & Maria»]

[Інтро: Jerry Heil]
У-у-у, у-у-у-у-у, у-у-у, у-у-у-у-у
У-у-у, у-у-у-у-у, у-у-у, у-у-у-у-у
Джере-джере-джерело пробива собі шлях
Що би, що би не було, світ на її плечах
Мані-мані-манівці звивисті, скелясті
Але знай: в твоїй руці твоє власне щастя

[Бридж: Jerry Heil]
У-у-у-у-у
Давай, мала, палай
У-у-у-у-у
I'm not holy, I'm alive

[Приспів: ⁣alyona alyona & Jerry Heil]
З нами мама Тереза й Діва Марія
Босі, ніби по лезу, йшли по землі
With us mama Teresa, Diva Maria
All the divas were born as the human beings
З нами мама Тереза й Діва Марія
Босі, ніби по лезу, йшли по землі
With us mama Teresa, Diva Maria
All the divas were born as the human beings

[Куплет: ⁣alyona alyona]
Навіть ще змаля ми шукали шлях
Та життя — петля, ніби для тих, хто падає
На своїх плечах ще мале дівча
Несе з болю чан і вбача, що то вада є
Знову не така, то надто м’яка
Одяг на кістках, голяка чи то під вінець
Де твоє дитя? Що твоє життя?
Та роки ж летять; і затям: скоро вже кінець
І хай хтось хоче, аби ми зламались
Хай бува в тобі заряду не по лікоть, а по палець
І хай хтось хова за посмішкою ненависть і заздрість
Коли ти пускаєш в серце гнів, добра й любові замість
Але в небі є святі: їх ноги бачили цю землю
Знаєш, твій тернистий шлях саме тому є не даремно
І хай буде дуже страшно й темно і часом нелегко
Та з тобою завжди будуть з неба слідувати предки

[Приспів: ⁣alyona alyona & Jerry Heil]
З нами мама Тереза й Діва Марія
Босі, ніби по лезу, йшли по землі
With us mama Teresa, Diva Maria
All the divas were born as the human beings
З нами мама Тереза й Діва Марія
Босі, ніби по лезу, йшли по землі
With us mama Teresa, Diva Maria
All the divas were born as the human beings

[Аутро: Jerry Heil]
У-у-у, у-у-у-у-у, у-у-у, у-у-у-у-у
У-у-у, у-у-у-у-у, у-у-у, у-у-у-у-у",-0.3703,0.0,0.008,0.992
Alyona Alyona,Ukraine,ПОДОЛЯНОЧКА (GET UP),"[Текст пісні «Подоляночка (Get Up)»]

[Куплет 1: Jerry Heil]
В най, в наймах у долі, додолу
Покотом котиться ртуть замість сліз
Вий, вийми щемливий осколок
Най з рани витече вчорашня злість
Хай, хай поболить ще сьогодні
Завтра загоїть усе новий день
Ви, випливем разом з безодні
Голос-маяк до землі поведе

[Приспів: Jerry Heil, Jerry Heil & alyona alyona]
Just get up get up, Podolyanochka
Just get up get up, molodesenka
Wash off your make up
You don't need to fake up
Take a step and break up
It's a time to wake up
Just get up get up, Podolyanochka
Just get up get up, molodesenka
Wash off your make up
You don't need to fake up
Take a step and break up
It's a time to wake up

[Куплет 2: alyona alyona]
Хай ламають світ твій і гасне світло ватри
Хай по тілу струмом валять, валять кіловати
Плакати — це вихід, адже далі жити варто
Ти себе наповниш, коли будеш віддавати
А далі будуть теплі й сонячні дні
Навіть, якщо з неба падає сніг
Хай грімучі змії навколо ніг
Ти спокусі можеш мовити — ні
В тобі так багато сил, безумовної краси
В світ тепло своє неси, вже від завтра

[Бридж: Jerry Heil]
Лий дощами, сестро моя
Вилий душу зливою в заплакані моря
Лий дощами, сестро моя
Тільки не згуби очима вдалині маяк

[Приспів: Jerry Heil & alyona alyona]
Just get up get up, Podolyanochka
Just get up get up, molodesenka
Wash off your make up
You don't need to fake up
Take a step and break up
It's a time to wake up
Just get up get up, Podolyanochka
Just get up get up, molodesenka
Wash off your make up
You don't need to fake up
Take a step and break up
It's a time to wake up

[Аутро: alyona alyona]
Just get up get up, just get up get up
Just get up get up, just get up get up
Just get up get up, just get up just get up
Just get up get up, just get up get up
Just get up get up, just get up get up
Just get up get up, just get up just get up
Just get up get up, just get up get up
Just get up get up, just get up get up",0.8487,0.026,0.0,0.974
Alyona Alyona,Ukraine,Пушка (Bomb),"[Текст пісні «Пушка»]

[Приспів]
Тату на обличчі — не моя фішка
Я просто пишка (Пушка) пишка
Дивна для всіх непрочитана книжка
Я просто пишка (Пушка) пишка
Тату на обличчі — не моя фішка
Я просто пишка (Пушка) пишка
Дивна для всіх непрочитана книжка
Я просто пишка (Пушка) пишка

[Куплет 1]
Забираю геть усіх під свої крила
Ви — море, я як човен, що розправляє вітрила
Я розхитаю світ, щоб він нарешті нас не втримав
Така я не одна, а хто всі інші — то інтрига
Я ляжу на біт, я дуже давуча
Я всім покажу, хто тут леді, хто — сучки
Я бачу наосліп, як хтось за мною скучив
Від звуків таких вуха в трубочку скручені
З середини нас розрива на шмаття
За те, які ми є, нас не хвалять і нам не платять
І кожному своє, але в кожному є багаття
Палає так яскраво, що зовні не видно статі
Ходитиму білими, словом наділена
Грала тоді, колі інші осіли
Ми з новими цілями гори осилимо
Музика в нас, а ми в ній аж до сивини

[Предприспів]
Я просто пишка (Пушка) пишка
Дивна на вид непрочитана книжка
Я просто пишка (Пушка) пишка
Тату на обличчі — не моя фішка
Я просто пишка (Пушка) пишка
Дивна для всіх непрочитана книжка
Я просто пишка

[Приспів]
Тату на обличчі — не моя фішка
Я просто пишка (Пушка) пишка
Дивна для всіх непрочитана книжка
Я просто пишка (Пушка) пишка
Тату на обличчі — не моя фішка
Я просто пишка (Пушка) пишка
Дивна для всіх непрочитана книжка
Я просто пишка (Пушка) пишка

[Куплет 2]
Знайдем місце між усіх сцен
Кожен викупає чого вартий саме твій цент
Кожен з нас шука собі до пари, щоби свій сенс
Кожен піднімався, кожен падав, аби вмів все
Ти не бійся... пишки прокладуть дорогу самі собі
Стрінемось візаві, почуття змішані
Всередині мов краплі анісові
Ніби із лісу, ми з новими рішеннями
Погляд свіжій маєм на все просто
Кличуть болем в оці, та не кличуть в гості
Швидше вже на острів, щось по типу Спарти
Маєш жити як усі, або помирати
Хочеш — лусни від злості
Не лоскоче твій лоскіт (Не лоскоче)
Слова знаємо гострі (Знаємо)
Та не ділимо простір

[Предприспів]
Тату на обличчі — не моя фішка
Я просто пишка (Пушка) пишка
Дивна для всіх непрочитана книжка
Я просто пишка (Пушка) пишка
Тату на обличчі — не моя фішка
Я просто пишка (Пушка) пишка
Дивна для всіх непрочитана книжка
Я просто пишка

[Приспів]
Тату на обличчі — не моя фішка
Я просто пишка (Пушка) пишка
Дивна для всіх непрочитана книжка
Я просто пишка (Пушка) пишка
Тату на обличчі — не моя фішка
Я просто пишка (Пушка) пишка
Дивна для всіх непрочитана книжка
Я просто пишка (Пушка) пишка

[Аутро]
Я просто пишка
Ти чуєш? Я — пишка
Пушка, пишка",0.0,0.0,0.0,1.0
Jerry Heil,Ukraine,Додай гучності (12 points),"[Текст пісні «Додай гучності (12 points)»]

[Куплет 1]
Прожену утому й біль, розжену автомобіль
Моя мила, ти достойна обирати кращий шлях!
Повернула блиск очей, хоч у грудях ще пече
Рани зализала, встала і пішла-пішла
У-уу

[Приспів]
Ууу, додам гучності своєму мейку
Ууу, мій денспол — автомобіль
Oooh, Imma volume up my voice and make up
Oooh, when the skies cry Imma be a rainbow

[Постприспів]
Ту-ру-ру-ру-ру-ру-ру-ру-ру-ру-ру
Ту-ру-ру-ру-ру-ру-ру-ру-ру-ру-ру
Ту-ру-ру-ру-ру-ру-ру-ру-ру-ру-ру
Ту-ру-ру-ру-ру-ру-ру-ру-ру-ру-ру
Ту-ру-ру-ру-ру-ру-ру-ру-ру-ру-ру
Ту-ру-ру-ру-ру-ру-ру-ру-ру-ру-ру
Ту-ру-ру-ру-ру-ру-ру-ру-ру-ру-ру
Ту-ру-ру-ру-ру-ру-ру-ру-ру-ру

[Бридж]
Ту-ту-ру
Ту-ру-ру-ту
Ту-ту-ру
Ту-ру-ру-ту

[Куплет 2]
Will you judge me?
Will you vote for my soul in every note?
No rehearsal — just one chance!
Life's a dancer, so I'll make you dance!
Car's my Eurovision club
Making music = making love
Singing like I own this mic
Will you give 12 points to me tonight?
Oh-ooh

[Приспів]
Ууу, додам гучності своєму мейку
Ууу, мій денспол — автомобіль
Oooh, Imma volume up my voice and make up
Oooh, when the skies cry Imma be a rainbow

[Постприспів]
Ту-ру-ру-ру-ру-ру-ру-ру-ру-ру-ру
Ту-ру-ру-ру-ру-ру-ру-ру-ру-ру-ру
Ту-ру-ру-ру-ру-ру-ру-ру-ру-ру-ру
Ту-ру-ру-ру-ру-ру-ру-ру-ру-ру-ру
Ту-ру-ру-ру-ру-ру-ру-ру-ру-ру-ру
Ту-ру-ру-ру-ру-ру-ру-ру-ру-ру-ру
Ту-ру-ру-ру-ру-ру-ру-ру-ру-ру-ру
Ту-ру-ру-ру-ру-ру-ру-ру-ру-ру",0.4051,0.056,0.046,0.898
Jerry Heil,Ukraine,CATHARTICUS (prayer),"[Chorus]
Domine Deus, Rex coelestis
Spiritus Sanctus, Filius Patris
I pray for those who don't wanna see
Heaven is on Earth
Mmm… Catharticus
Domine Deus, Rex coelestis
Spiritus Sanctus, Filius Patris
I pray for those who don't wanna see
Heaven is on Earth
Mmm… Catharticus

[Verse 1]
Господи, Господи, Господи Боже
Ти один нам допоможеш
Господи, Господи, Отче наш, Боже
Я на колінах день кожен
Потай до Тебе приходжу
Якщо на Тебе я схожа
Значить, пробачити зможеш
Господи Боже, Господи Боже
Господи, Господи, Господи Боже
Ти один нам допоможеш
Господи, Господи, Отче наш, Боже
Я на колінах день кожен
Потай до Тебе приходжу
Якщо на Тебе я схожа
Значить, пробачити зможеш
Господи Боже, Господи Боже

[Chorus]
Domine Deus, Rex coelestis
Spiritus Sanctus, Filius Patris
I pray for those who don't wanna see
Heaven is on Earth
Mmm… Catharticus

[Verse 2]
Blessed are those
Who lost themselves in the darkness
For they shall be found in the light
Maybe what you are feeling isn't darkness
But just a shadow
It's there to help you see the light
The moment you don't break, you transcend
That's Catharticus

[Chorus]
Domine Deus, Rex coelestis
Spiritus Sanctus, Filius Patris
I pray for those who don't wanna see
Heaven is on Earth
Mmm… Catharticus",0.5047,0.074,0.055,0.871
Jerry Heil,Ukraine,ВИМОЛИВ (PRAYED FOR YOU),"[Текст пісні «ВИМОЛИВ»]

[Куплет 1: Monatik & Jerry Heil]
Пам'ять дощами вимило
Розум вітрами вимело
Хто тебе, мила, вимолив?
Хто тебе з неба виманив?
Звідки ти щастя випало?
Взяло мене і випило
Хто тебе в Бога вигадав?
І для чиєї вигоди?

[Приспів: Jerry Heil & Monatik]
Я тебе, мила, вимолив
З Божого саду виламав
І небеса відкрили ми
І обгорнули крилами
І не забракне сили нам
Поки шепочуть губи:
Мила, а хто ти, мила?
Любий, а хто ти, любий?

[Постприспів: Monatik & Jerry Heil]
Мила, а хто ти?
Любий, а хто ти?

[Куплет 2: Jerry Heil]
А не було вже виходу
Окрім дурного випадку
Сам ти мене і вихопив
Як випадкову вигадку
Сам же мене і вимислив
Сам же мене і вичислив
І як пречистий вимисел
Поміж рядками вичитав

[Приспів: Jerry Heil & Monatik]
Я тебе, мила, вимолив
З Божого саду виламав
І небеса відкрили ми
І обгорнули крилами
І не забракне сили нам
Поки шепочуть губи:
Мила, а хто ти, мила?
Любий, а хто ти, любий?

[Бридж: Jerry Heil & Monatik]
Я тебе, мила, вимолив
З Божого саду виламав
І небеса відкрили ми
І обгорнули крилами
І не забракне сили нам
Поки шепочуть губи:
Мила, а хто ти, мила?
Любий, а хто ти, любий?

[Приспів: Jerry Heil & Monatik]
Я тебе, мила, вимолив
З Божого саду виламав
І небеса відкрили ми
І обгорнули крилами
І не забракне сили нам
Поки шепочуть губи:
Мила, а хто ти, мила?
Любий, а хто ти, любий?

[Аутро: Jerry Heil & Monatik]
Любий, а хто ти, любий?
Мила, а хто ти?
Хто ти? Е
Любий, а хто ти, любий?
Мила, а хто ти?
Люба, хто ти?
Любий, а хто ти? (Мила, а хто ти?)",0.0,0.0,0.0,1.0
Ruslana,Ukraine,Wild Dances,"[Intro]
Hey! Hey! Hey!
Hey! Hey! Hey!
Hey! Hey! Hey!
Hey! Hey! Hey!
Hey! Hey!
Hey!

[Verse 1]
Just maybe I'm crazy
The world spins round and round and round
Shi-di-ri-di-duy, shi-di-ri-di-da-na
Shi-di-ri-di-duy, shi-di-ri-di-da-na

[Verse 2]
I want you to want me as I dance
Round and round and round
Shi-di-ri-di-duy, shi-di-ri-di-da-na
Shi-di-ri-di-duy, shi-di-ri-di-da-na

[Pre-Chorus]
Forever and ever go, go, go wild dancers!

[Chorus]
Day-na-day-na Wanna be loved
Day-na Gonna take my wild chances
Day-na-day-na Freedom above
Day-na-da-na-da I'm wild 'n' dancing
Hey!

[Verse 3]
Napevno
Daremno
Bula ya nadto chemna
Hey, shi-di-duy, shi-di-ri-di-da-na
Hey, shi-di-duy, shi-di-ri-di-da-na

[Verse 4]
Dlya tebe
Dlya sebe
Zastelyu tsile nebo
Hey, shi-di-duy, shi-di-ri-di-da-na
Hey, shi-di-duy, shi-di-ri-di-da-na

[Pre-Chorus]
Bez zhalyu zapalyu, go, go, go wild dancers!

[Chorus]
Day-na-day-na, wanna be loved
Day-na gonna take my wild chances
Day-na-day-na, freedom above
Day-na-da-na-day, I'm wild dancing
He-e-e-ey!

[Bridge]
Dance forever, come and be mine
Dance together, till the end of time
Dance together, go, go, go wild dancers!

[Chorus]
Day-na-day-na, wanna be loved
Day-na gonna take my wild chances
Day-na-day-na, freedom above
Day-na-da-na-day, I'm wild and dancing
Hey! Hey!

[Outro]
Hey! Hey! Hey!
Hey! Hey! Hey!",0.9835,0.157,0.011,0.832
Ruslana,Ukraine,Дикі танці (Wild Dances - Ukrainian version),"[Текст пісні ""Дикі танці""]

[Куплет 1]
Напевно, даремно
Була я надто чемна
Xей, ші-кі-дай, ші-рі-кі-дан-xей
Ші-рі-кі-дай, ші-кі-рі-да-на
Не знала, що змала
Твоїм коханням стала
Xей, ші-кі-дай, ші-рі-кі-дан-xей
Ші-рі-кі-дай, ші-кі-рі-да-на
Без жалю запалю
Xей! Xей! Дикі танці!

[Приспів]
Дай-на-дай-на буду твоя
Дай-на-да мене не зупинити
Дай-на-дай-на маю ім'я
Дай-на-да його знає вітер!

[Куплет 2]
Для тебе, для себе
Застелю ціле небо
Xей, ші-кі-дай, ші-рі-кі-дан-xей
Ші-рі-кі-дай, ші-кі-рі-да-на
На сонці уранці
Запалю дикі танці!
Xе-ей! -дан-xей
Ші-рі-кі-дай, ші-кі-рі-да-на
Без жалю запалю
Xей! Xей! Дикі танці!

[Приспів]
Дай-на-дай-на буду твоя
Дай-на-да мене не зупинити
Дай-на-дай-на маю ім'я
Дай-на-да його знає вітер!

[Програш]

[Бридж]
Хе-е-е-еге-гeй!
Дай-на-дай-на буду твоя
Дай-на-да-на, знай моє ім'я
Дай-на-да-на-да
Xей! Xей! Дикі танці!

[Приспів]
Дай-на-дай-на буду твоя
Дай-на-да мене не зупинити
Дай-на-дай-на маю ім'я
Дай-на-да його знає вітер!
Хей! Хей!",0.0,0.0,0.0,1.0
Ruslana,Ukraine,Dance With The Wolves,"[Intro]
Na-nai-na-na-na
Na-nai-na-na-na
Na-nai-na-na-na-na
Na-nai-na-na-na
Na-nai-na-na-na
Na-nai-na-na-na
Na-nai-na-na-na-na
Na-nai-na-na-na

[Verse 1]
You make me angry, you drive me crazy
The more I care for you, the more I'm over you
You make me feel pain, you make me love in vain
The more I'm getting close, the more I walk away

[Pre-Chorus]
I won’t be back (hey, hey)
Don’t wait for me (hey, hey)
(Hey)
Hey, this is it now
Hey, this is it now
I'm on the track (hey, hey)
Don’t look for me (hey, hey)
(Hey)
Hey, this is it now
Hey, this is it now

[Chorus]
I'm not gonna cry  (hey, hey, hey)
I'll stay in the woods (hey, hey, hey)
When my heart is aching  (hey, hey, hey)
I dance with the wolves  (hey, hey, hey)
I'm not gonna try to mess with my roots  (hey, hey, hey)
When my heart is breaking  (hey, hey, hey)
I dance with the wolves

[Verse 2]
You think you know me, think you control me
The more you're feeling right, the more you're going wrong
Don't say you got me, you don't know anything about me
The more you make me weak the more I'm getting strong
My way

[Pre-Chorus]
I won’t be back (hey, hey)
Don’t wait for me (hey, hey)
(Hey)
Hey, this is it now
Hey, this is it now
I'm on the track (hey, hey)
Don’t look for me (hey, hey)
(Hey)
Hey, this is it now
Hey, this is it now

[Chorus]
I'm not gonna cry  (hey, hey, hey)
I'll stay in the woods (hey, hey, hey)
When my heart is aching  (hey, hey, hey)
I dance with the wolves  (hey, hey, hey)
I'm not gonna try to mess with my roots  (hey, hey, hey)
When my heart is breaking  (hey, hey, hey)
I dance with the wolves  (hey, hey, hey)

[Post-Chorus]
Na-nai-na-na-na  (hey, hey, hey)
Na-nai-na-na-na  (hey, hey, hey)
Na-nai-na-na-na-na  (hey, hey, hey)
Na-nai-na-na-na (hey, hey, hey)
Na-nai-na-na-na (hey, hey, hey)
Na-nai-na-na-na (hey, hey, hey)
Na-nai-na-na-na-na (hey, hey, hey)
Na-nai-na-na-na  (hey, hey, hey, hey)

[Bridge]
(Hey, hey)
Hey! Hey! Hey! (Hey, hey)
Hey! Hey! Hey! (Hey, hey)
Hey! Hey! Hey! Hey! Hey! Hey!

[Chorus]
I'm not gonna cry  (hey, hey, hey)
I'll stay in the woods (hey, hey, hey)
When my heart is aching  (hey, hey, hey)
I dance with the wolves  (hey, hey, hey)
I'm not gonna try to mess with my roots  (hey, hey, hey)
When my heart is breaking  (hey, hey, hey)
I dance with the wolves  (hey, hey, hey)

[Outro]
Na-nai-na-na-na  (hey, hey, hey)
(Hey, go ahead)
Na-nai-na-na-na  (hey, hey, hey)
(Dance, my wolves)
Na-nai-na-na-na-na  (hey, hey, hey)
(Hey, go ahead)
Na-nai-na-na-na (hey, hey, hey)
(Dance with me)
Na-nai-na-na-na  (hey, hey, hey)
(Hey, go ahead)
Na-nai-na-na-na  (hey, hey, hey)
(Dance, my wolves)
Na-nai-na-na-na-na  (hey, hey, hey)
(Hey, go ahead)
Na-nai-na-na-na (hey, hey, hey)
(Dance with me)
Na-nai-na-na-na  (hey, hey, hey)
(Hey, go ahead)
Na-nai-na-na-na  (hey, hey, hey)
(Dance, my wolves)
Na-nai-na-na-na-na  (hey, hey, hey)
(Hey, go ahead)
Na-nai-na-na-na (hey, hey, hey)
(Dance with me)
Na-nai-na-na-na  (hey, hey, hey)
(Hey, go ahead)
Na-nai-na-na-na  (hey, hey, hey)
(Dance, my",0.9422,0.082,0.061,0.857
Skofka,Ukraine,Чути гімн (Hear the Anthem),"[Текст пісні «Чути гімн»]

[Приспів]
В небі чистому чути грім
В небі свист, але чути гімн
В небі чистому мутний дим
Горить ліс, але чути гімн
В небі чистому чути грім
В небі свист, але чути гімн
В небі чистому мутний дим
Горить ліс, але чути гімн

[Куплет 1]
За нами правда, значить вистоїм ми ваші вистріли
За нами правда, а її ніяк не пристрелить
За нами правда, значить визволим село ми за селом
За нами правда, значить ми з долин повиганяєм зло

[Куплет 2]
Ну, а поки будем бить вас за «Азов» і Бучу
За Дні-, за Дніпро і кручі
За Ірпінь, який ти мучив
За ла-, за лани квітучі
За Херсон — землю родючу
За До-, за Донбас получиш
За Чернігів — неминуче
За лі-, за ліси дрімучі
За Хмельницького Богдана
За Фра-, за Франка Івана
І за Суми, і за храми
ЗСУ прийде за вами
І за ночі, і за ранки
За кожен тривожний ранок
За Харків і «тюльпани»
За О-, за Одесу-маму
За Рівне і Здолбунів, за Полтаву, Львів і пулі
За Київ, Луцьк, за Вінницю, за Миколаїв — дулі
За Чернівці, Черкаси, Тернопіль і Кривий Ріг
За Запоріжжя, і Житомир, і за Крим забуться — гріх

[Приспів]
В небі чистому чути грім
В небі свист, але чути гімн
В небі чистому мутний дим
Горить ліс, але чути гімн
В небі чистому чути грім
В небі свист, але чути гімн
В небі чистому мутний дим
Горить ліс, але чути гімн",0.0,0.0,0.0,1.0
Skofka,Ukraine,Батьківщина (Homeland),"[Текст пісні «Батьківщина»]

[Приспів]
Скільки не стріляй в наш край
Скільки не пали поля
Житиме вічно наша ненька
Вродить ще не раз земля
Скільки не стріляй в наш край
Скільки не пали поля
Житиме вічно наша ненька
Вродить ще не раз земля

[Куплет 1: Skofka]
Наша Батьківщина б'ється гордо
Ми не в пах, а в морду
Наша Батьківщина за свободу
Перегризе горло
Наша Батьківщина тільки наша
Не віддам нізащо
Наша Батьківщина б'ється завше
Збережи її, Отче Наший
Ненька наша рідна, ти потерпи ще чуть-чуть
Наші січові стрільці добре ворога січуть
Око за око, наші хлопці точно пики натовчуть
Збройні сили України не дадуть задуть свічу

[Приспів]
Скільки не стріляй в наш край
Скільки не пали поля
Житиме вічно наша ненька
Вродить ще не раз земля
Скільки не стріляй в наш край
Скільки не пали поля
Житиме вічно наша ненька
Вродить ще не раз земля

[Пост-Приспів: Kalush]
Кулі-дебіли полетіли
Бо не мали права вони на слова
Воля це дівчина, що любить дім
Тільки руским би не дала
Кулі-дебіли полетіли
Бо не мали права вони на слова
Воля — це дівчина, шо любить дім
Тільки руским би не дала

[Куплет 2: Kalush]
Звідти, де волі люд не мали
Звідти ті тихі голоса
Звідки чорнила виливали
Явно що там нечистота
Скільки вже наша пережила
Ненька така ще молода
Жовте осіннє плаття зняла
А камуфляж не ти вбрала
А на дев'ятий поверх упало не сонце
Дивлюся на двір через нове віконце
Ангел тут живе мій лише охоронцем
А на дев'ятий поверх упало не сонце

[Приспів]
Скільки не стріляй в наш край
Скільки не пали поля
Житиме вічно наша ненька
Вродить ще не раз земля
Скільки не стріляй в наш край
Скільки не пали поля
Житиме вічно наша ненька
Вродить ще не раз земля

[Аутро: Skofka]
Око за око, зуб за зуб
Загризуть тут за тризуб
Око за око, зуб за зуб
Наші тихо підповзуть",0.0,0.0,0.0,1.0
Skofka,Ukraine,КРУЗАК (KRUZAK),"[Куплет 1]
Пацан не пропаде, він знає в любій сраці вихід є
Якщо собака хоче бабу - прогризе любий вольєр
Пацику було б де спать по барабану інтер'єр
Хостел то чи комната добре wi-fi на шару є!
За милю халяву почує, грамотно сяде на хвіст
Часом пацанчик, як вовк, часом він, як хитрий лис
А знаєш хто то під вікном вночі навалив музики?
Пацики, пацики, пацики, пацики, пацики!

[Приспів]
Тарабанить музика в чорному крузаку
Не наламуй кайфа, бо роздам як wi-fi!
Пацики на АЗК заїхали на перекур
Не наламуй кайфа, бо роздам як wi-fi!
Тарабанить музика в чорному крузаку
Не наламуй кайфа, бо роздам як wi-fi!
Пацики на АЗК заїхали на перекур
Не наламуй кайфа, бо роздам як wi-fi!

[Куплет 2]
Но пацик говорить по суті! Коротко про головне
Жига буксує, бо слизько? Буде йти - пацик пихне
Сальтуху замутить красиву, з мостика - щучкой пірне
Справжній пацан через силу, но як позичив - верне
Бо пацану по чеснаку все ділиться на чувачі
Чува-чувачі, чувачі, чува-чувачі
А знаєш хто то під вікном вночі навалив музики?
Пацики, пацики, пацики, пацики, пацики!

[Приспів]
Тарабанить музика в чорному крузаку
Не наламуй кайфа, бо роздам як wi-fi!
Пацики на АЗК заїхали на перекур
Не наламуй кайфа, бо роздам як wi-fi!
Тарабанить музика в чорному крузаку
Не наламуй кайфа, бо роздам як wi-fi!
Пацики на АЗК заїхали на перекур
Не наламуй кайфа, бо роздам як wi-fi!

[Аутро]
Туц тиц hands up, двіж горить як бенза!
Туц тиц hands up! Туц тиц hands up!
Туц тиц hands up, двіж горить як бенза!
Туц тиц hands up! Туц тиц hands up!
Туц тиц hands up! Туц тиц hands up!
Туц тиц hands up! Туц тиц hands up!",0.0,0.0,0.0,1.0
Khrystyna Soloviy,Ukraine,Тримай (Trimai),"[Текст пісні «Тримай»]

[Куплет 1]
Як тобі сказати, без тебе не можу спати
І місяць по кімнаті розкинув сатин
Очі тобі зав'яжу і серце своє покажу
Тобі про все розкажу з настінних картин

[Приспiв]
Тримай мене міцно одною рукою, -
Так сильно і ніжно вбивай мене!
Віддай мені муку своїми руками
Моїми губами лікуй, лікуй себе

[Куплет 2]
Посеред моєї хати, на мене будеш кричати
Бо як же тобі порвати, - і в серці сліди
Чи чуєш, як страшно мені у полоні;
Як в твоїх долонях, - нема так ніде!
І крила так важко розправити пташці
Коли бідолашку погубить любов

[Приспiв]
Тримай мене міцно одною рукою
Так сильно і ніжно вбивай мене!
Віддай мені муку своїми руками
Моїми губами лікуй, лікуй себе
Тримай мене міцно одною рукою
Так сильно і ніжно вбивай мене!
Віддай мені муку своїми руками
Моїми губами лікуй, лікуй себе",0.0,0.0,0.0,1.0
Khrystyna Soloviy,Ukraine,Стежечка (Path),"[Текст пісні «Стежечка»]

[Інтро]
Отсе тая стежечка, де дівчина йшла
Що з мойого сердечка щастя унесла
Ось туди пішла вона та гуляючи
З іншим своїм любчиком розмовляючи

[Куплет 1]
За її слідами я, мов безумний, біг
Цілував з сльозами я пил із її ніг
Наче потопаючий, стебелиночку
Зір мій вид її ловив на хвилиночку

[Приспів]
Тая стежечка ізвивається, а у мене серденько розриваєтьтся
Тая стежечка ізвивається, а у мене серденько розриваєтьтся

[Куплет 2]
І, мов нурок, перли ті на морському дні
Сквапно так мій слух ловив всі слова її
Отсе тая стежечка ізвивається, а у мене сердечко розриваєтьтся

[Приспів]
Тая стежечка ізвивається, а у мене серденько розриваєтьтся
Тая стежечка ізвивається, а у мене серденько розриваєтьтся

[Бридж]
Це тая стежечка
Це тая стежечка
Це тая стежечка

[Приспів]
Тая стежечка ізвивається, а у мене серденько розриваєтьтся
Тая стежечка ізвивається, а у мене серденько розриваєтьтся
А у мене серденько...",0.0,0.0,0.0,1.0
Khrystyna Soloviy,Ukraine,Fortepiano,"[Текст пісні «Fortepiano»]

[Куплет 1]
Жаль холодом, не кришталь за столом дзвенить, тремтить
Чуєш нутром, як печаль у мені мовчить
Трохи пекло, як ділили на двох усе тепло
Ніжно цілуй, не зруйнуй моє доміно

[Приспів]
І від твого форте було мені п'яно
Я гарячим воском для тебе стала
Та любов, як пісня, завтра буде пізно
Холодно чи тепло, ми з тобою різні

[Куплет 2]
Від твоїх слів виростають на вікні крижані квіти
Як би мені та самій не зледеніти
Що з тобою зимно — мені вже все одно
Тільки не ламай, не зруйнуй моє доміно

[Приспів]
І від твого форте було мені п'яно
Я гарячим воском для тебе стала
Та любов, як пісня, завтра буде пізно
Холодно чи тепло, ми з тобою різні

[Програш]

[Приспів]
І від твого форте було мені п'яно
Я гарячим воском для тебе стала
Та любов, як пісня, завтра буде пізно
Холодно чи тепло, ми з тобою різні

[Аутро]
Холодно чи тепло, ми з тобою різні",0.0,0.0,0.0,1.0
Viktor Tsoi,Russia,Салоны,"[Припев]
Салоны, я так люблю салоны!
Раз в неделю я бываю здесь
Салоны, я так люблю салоны!
Попасть сюда - большая честь

[Куплет 1]
Здесь все таланты: поэты, музыканты
Художники разных мастей
Каждый третий - непризнанный гений
Но много и других гостей

[Куплет 2]
Здесь всё так тонко, так интеллектуально
Каждый друг с другом на ""вы""
Здесь читают стихи, в основном чужие
Но часто выдают за свои

[Куплет 3]
Сюда приходят люди, умные люди
Поспорить об умных вещах -
О Фрейде, о Феллини, о Дали и о фри-джазе
Кстати, кто такой Тузенбах?

[Куплет 4]
Здесь бывают дамы, прекрасные дамы
Они знают всё обо всех
Пожилие львицы, а также дебютантки
Которых еще ждет успех

[Припев]
Салоны, я так люблю салоны!
Здесь царствует вечный бонтон
И если мне повезет, то гадом буду -
Открою свой личный салон",0.0,0.0,0.0,1.0
Bulat Okudzhava,Russia,Мы за ценой не постоим (Price is nothing for us),"[Текст песни «Мы за ценой не постоим»]

[Куплет 1]
Здесь птицы не поют
Деревья не растут
И только мы плечом к плечу
Врастаем в землю тут
Горит и кружится планета
Над нашей Родиною дым
И значит, нам нужна одна победа
Одна на всех — мы за ценой не постоим
Одна на всех — мы за ценой не постоим

[Припев]
Нас ждёт огонь смертельный
И всё ж бессилен он
Сомненья прочь, уходит в ночь отдельный
Десятый наш десантный батальон
Десятый наш десантный батальон

[Куплет 2]
Лишь только бой  угас
Звучит другой приказ
И почтальон сойдёт с ума
Разыскивая нас
Взлетает красная ракета
Бьёт пулемёт неутомим
И значит нам нужна одна победа
Одна на всех — мы за ценой не постоим
Одна на всех — мы за ценой не постоим

[Припев]
Нас ждёт огонь смертельный
И всё ж бессилен он
Сомненья прочь, уходит в ночь отдельный
Десятый наш десантный батальон
Десятый наш десантный батальон

[Куплет 3]
От Курска и Орла
Война нас довела
До самых вражеских ворот
Такие, брат, дела
Когда-нибудь мы вспомним это
И не поверится самим
А нынче нам нужна одна победа
Одна на всех — мы за ценой не постоим
Одна на всех — мы за ценой не постоим

[Припев]
Нас ждёт огонь смертельный
И всё ж бессилен он
Сомненья прочь, уходит в ночь отдельный
Десятый наш десантный батальон
Десятый наш десантный батальон",0.0,0.0,0.0,1.0
Bulat Okudzhava,Russia,"Ваше благородие, госпожа удача (Your Honor, Lady Luck)","[Текст песни «Ваше благородие, госпожа удача»]

[Куплет 1]
Ваше благородие, госпожа разлука
Мне с тобою холодно — вот какая штука
Письмецо в конверте, погоди, не рви
Не везёт мне в смерти — повезёт в любви

[Куплет 2]
Ваше благородие, госпожа удача
Для кого ты добрая, а кому иначе
Девять граммов в сердце постой не зови
Не везёт мне в смерти — повезёт в любви

[Куплет 3]
Ваше благородие, госпожа чужбина
Жарко обнимала ты, да только не любила
В шёлковые сети постой, не лови...
Не везёт мне в смерти — повезёт в любви

[Куплет 4]
Ваше благородие, госпожа победа
Значит, моя песенка до конца не спета
Перестаньте, черти, клясться на крови
Не везёт мне в смерти — повезёт в любви",0.0,0.0,0.0,1.0
Bulat Okudzhava,Russia,Давайте восклицать (Let’s Exclaim),"[Текст песни «Давайте восклицать»]

[Куплет 1]
Давайте восклицать, друг другом восхищаться
Высокопарных слов не надо опасаться
Давайте говорить друг другу комплименты
Ведь это всё любви счастливые моменты

[Куплет 2]
Давайте горевать и плакать откровенно
То вместе, то поврозь, а то попеременно
Не будем придавать значения злословью
Поскольку грусть всегда соседствует с любовью

[Куплет 3]
Давайте понимать друг друга с полуслова
Чтоб, ошибившись раз, не ошибиться снова
Давайте жить, во всём друг другу потакая
Тем более, что жизнь — короткая такая…",0.0,0.0,0.0,1.0
Vladimir Vysotsky,Russia,Песня о друге (Song About Friend),"[Текст песни ""Песня о друге""]

[Куплет 1]
Если друг оказался вдруг
И не друг, и не враг, а так
Если сразу не разберёшь
Плох он или хорош
Парня в горы тяни, рискни
Не бросай одного его
Пусть он в связке одной с тобой
Там поймешь кто такой

[Куплет 2]
Если парень в горах не ах
Если сразу раскис и вниз
Шаг ступил на ледник и сник
Оступился и в крик
Значит, рядом с тобой чужой
Ты его не брани - гони
Вверх таких не берут и тут
Про таких не поют

[Куплет 3]
Если он не скулил не ныл
Пусть он хмур был и зол, но шёл
А когда ты упал со скал
Он стонал, но держал
Если шёл он с тобой, как в бой
На вершине стоял хмельной
Значит, как на себя самого
Положись на него

[Аутро]
Значит, как на себя самого
Положись на него",0.0,0.0,0.0,1.0
Vladimir Vysotsky,Russia,Поговори хоть ты со мной (Talk to Me),"[Текст песни ""Поговори хоть ты со мной""]

[Куплет 1]
Поговори хоть ты со мной, гитара
Гитара семиструнная, вся душа
Вся душа полна тобой, а ночь
А ночь такая лунная

[Припев]
Эх раз, раз, да ещё раз, да ещё много-много раз
Эх раз, раз, да ещё раз, да ещё много-много раз

[Куплет 2]
В чистом поле васильки, вам дальняя дорога
Эх, сердце стонет от тоски, а в глазах тревога

[Припев]
Эх раз, раз, да ещё раз, да ещё много-много раз
Эх раз, раз, да ещё раз, да ещё много-много раз

[Куплет 3]
На горе стоит ольха, а под горою вишня
Полюбил цыганку я, а она, она замуж вышла

[Припев]
Эх раз, да ещё раз, да ещё много-много раз
Эх раз, да ещё раз, да ещё много-много раз

[Куплет 4]
У меня жена была, она меня любила
Изменила только раз, а потом решила

[Припев]
Эх раз, да ещё раз, да ещё много-много раз
Эх раз, да ещё раз, да ещё много-много раз

[Куплет 5]
Если вас целуют раз, вы наверно вскрикните
Эх раз, да ещё раз, а потом привыкните

[Припев]
Эх раз, да ещё раз, да ещё много-много раз
Эх раз, да ещё раз, да ещё много-много раз",0.0,0.0,0.0,1.0
Vladimir Vysotsky,Russia,Кони привередливые (Fastidious Horses),"[Текст песни «Кони привередливые»]

[Куплет 1]
Вдоль обрыва по-над пропастью по самому по краю
Я коней своих нагайкою стегаю, погоняю
Что-то воздуху мне мало: ветер пью, туман глотаю
Чую с гибельным восторгом пропадаю, пропадаю

[Припев]
Чуть помедленнее кони, чуть помедленнее
Вы тугую не слушайте плеть
Но что-то кони мне попались привередливые
И дожить не успел мне допеть не успеть
Я коней напою, я куплет допою
Хоть немного еще постою на краю

[Куплет 2]
Сгину я, меня пушинкой ураган сметет с ладони
И в санях меня галопом повлекут по снегу утром
Вы на шаг неторопливый перейдите мои кони
Хоть немного но продлите путь к последнему приюту

[Припев]
Чуть помедленнее кони, чуть помедленнее
Вы тугую не слушайте плеть
Но что-то кони мне попались привередливые
И дожить не успел мне допеть не успеть
Я коней напою, я куплет допою
Хоть немного еще постою на краю

[Куплет 3]
Мы успели в гости, к Богу не бывает опозданий
Так что ж там ангелы поют такими злыми голосами
Или это колокольчик весь зашелся от рыданий
Или я кричу коням чтоб не несли так быстро сани

[Припев]
Чуть помедленнее кони, чуть помедленнее!
Умоляю вас вскачь не лететь
Но что-то кони мне попались привередливые
Коль дожить не успел, так хотя бы допеть
Я коней напою, я куплет допою
Хоть немного еще постою на краю",0.0,0.0,0.0,1.0
Zemfira,Russia,Dokazano (Доказано),"Вперегонки с проводами
Поезд летит к моей маме,
А я по своим скyчаю,
Я не понимаю, зачем?
Шар апельсин тревожит,
Он больше гореть не может,
И я поджигаю тамбyр,
Танцyю самбy --
И всем светло.

Она читает в метро Набокова,
Я сижy около, веревочки связаны...
Маме доказано самое главное.

На дне сyмасшедшей гонки,
В сердце самой воронки
Я прячy себя yглами,
Я едy к маме с тобой.
После моих историй,
Перевернyлось море,
Но кто-то придyмал сyшy,
И стало лyчше само собой.",0.0,0.0,0.0,1.0
Oxxxymiron,Russia,Город под подошвой (City Under the Sole),"[Текст песни «Город под подошвой»]

[Интро]
Эй
Йау

[Куплет 1]
Дон ли, Волга ли течёт — котомку на плечо
Боль в груди — там тайничок, открытый фомкой, не ключом
Сколько миль ещё? Перелёт короткий был не в счёт
Долгий пыльный чёс, фургон набит коробками с мерчом
Верим: подфартит, наши постели портативны
Менестрелю два пути: корпоратив или квартирник
Схемы однотипны, все теперь эмси
Ведь смену породив, мы здесь достигли смены парадигмы
Теперь рэп многопартийный; бэттлов наплодив
Я смотрю в зеркало по типу: «Сколько бед наворотил ты!»
Я б весь рэп поработил, но всё время в пути
У индустрии нервный тик, валокордин — стенокардийным
Соберите суд, но победителей не судят
Мы первые кроманьонцы — мы выбились в люди
Не пизди! Я кладу на вас, челядь, пятикратно (А)
Ведь мы выступаем сильно, будто челюсть питекантропа

[Припев]
Весь мой рэп, если коротко, про то, что
Уж который год который город под подошвой
В гору, когда прёт; потом под гору, когда тошно
Я не то что Гулливер, но всё же город под подошвой
Город под подошвой, город под подошвой
Светофоры, госпошлины, сборы и таможни
Я не знаю, вброд или на дно эта дорожка
Ты живёшь под каблуком, у меня город под подошвой

[Куплет 2]
Мимо тополей и спелого хлеба полей
Где привидение Есенина, крест, молебен, елей
Из минивэна вижу землю, вижу небо над ней
Мы всё преодолеем — если нет, то я не водолей
Наша земля топит одиночек, как щенят
Был чужой, но Охра, Porchy, Илья больше, чем семья
Бомбу ночью сочинял, что есть мочи начинял
Я так хотел принадлежать чему-то большему, чем я
Мир пустой, хоть с каждым вторым перезнакомься (Я)
Я не биоробот с позитивной лыбой комсомольца, эй
Избавь меня от ваших панацей, домашний Парацельс
Ведь для меня ебашить — самоцель
Подустал? Нам насрать! Тони Старк как стандарт
Пара стран, автострад: Краснодар, Татарстан, Москвабад
Паспорта, гам эстрад — нарасхват
Хоть по МКАДу на старт, хоть на Мадагаскар
Ты знаешь

[Припев]
Весь мой рэп, если коротко, про то, что
Уж который год который город под подошвой
В гору, когда прёт; потом под гору, когда тошно
Я не то что Гулливер, но всё же город под подошвой
Город под подошвой, город под подошвой
Светофоры, госпошлины, сборы и таможни
Я не знаю, вброд или на дно эта дорожка
Ты живёшь под каблуком, у меня город под подошвой

[Куплет 3]
Дай силёнок тут не свернуть и не сломаться
Есть маршрут, и есть на трассе населённый пункт
И там нас сегодня ждут; нытик, не будь женственным
У Руслана в деке саундтреки к путешествию
Снова ебло заспано, снова подъём засветло
Снова броник, снова дорога, мешок за спину
Всё наскоро, в поле насрано, дождь, пасмурно
Мост в Асгард — после, пусть просто везёт с транспортом
Я делаю каждый свой куплет автопортретом
Час на чек, читаем рэп, как логопед под марафетом
Трафарет на парапетах: лого на стене везде
Моё ученье — всем, как Магомета с Бафометом
Я звезда? Дайте тёплый плед и капюшон
Салфетки жопу вытирать — и всё, отметка «хорошо»
Раньше говорили: «Я бы с ним в разведку не пошёл»
Я с тобой в тур не поехал — ты провер",0.0,0.0,0.0,1.0
Oxxxymiron,Russia,«Где нас нет» (”On the Other Side”),"[Текст песни «Где нас нет»]

[Интро: Mikolt Gyuricza]
Sino hora sancta morta
Sino hora sancta morta
Sino hora sancta morta

[Припев: Oxxxymiron]
Там, где нас нет,  — горит невиданный рассвет
Где нас нет — море и рубиновый закат
Где нас нет — лес как малахитовый браслет
Где нас нет, на Лебединых островах
Где нас нет, услышь меня и вытащи из омута
Веди в мой вымышленный город, вымощенный золотом
Во сне я вижу дали иноземные
Где милосердие правит, где берега кисельные

[Куплет 1: Oxxxymiron]
Эй, йоу
«Ну-ка, слёзы вытер!
То ли дело их сын, сразу видно, что он лидер»
«Слышишь, если спросят, то ты ничего не видел»
«Ай, он весь в отца, из него ничего не выйдет»
«Кто ж её не знает-то, всему двору сосала»
«Это что такое? Руки! Я кому сказала?»
«Всё разворовали, а бывал непобедимым»
«Ваш ребёнок замкнут и не ладит с коллективом»
«Марш в детский сад!» «Дружный класс». «Дважды два»
«Раз на раз, баш на баш». «Чё, зассал? Не пацан?»
«Токо глянь на себя, тут фингал, там синяк
Хулиган! Стыдоба! Как ты смел, кем ты стал?»
«Мой-то? Да всё в облаках, как в детстве, витает»
«Ты ничем не лучше других, чудес не бывает»
«С нею? Да без шансов, он же пугалище с виду!»
«Хули ты всё умничаешь, сука, ты, чё, пидор?»
«На, сделай пару тяг — стены полетят
Чё, ништяк? По шестьдесят, бери сейчас»
«Тихий час». «Твои друзья — десять негритят»
«Все пиздят». «Скажи, где взял?» «Наперекосяк»
«Строгача!» «Как вышел, и каждое лето квасит»
«Сожалеем, но у нас всё так же нет вакансий»
«Как ты был неблагодарный, так жизнь сломал мне»
«На могильном камне пусть выбьют как-нибудь пошикарней»

[Припев: Oxxxymiron]
Где нас нет — горит невиданный рассвет
Где нас нет — море и рубиновый закат
Где нас нет — лес как малахитовый браслет
Где нас нет, на Лебединых островах
Где нас нет, услышь меня и вытащи из омута
Пусти в мой вымышленный город, вымощенный золотом
Во тьме я вижу дали иноземные
Где милосердие правит, где берега кисельные

[Куплет 2: Oxxxymiron]
Эй, йоу
«Ты ж моя принцесса!»
«Ваша цель: выжать всё из её учебного процесса
Мы в Женеву на месяц, не жалейте их, профессор»
«Младшая будет красавица, а эта так, в довесок»
«Сядьте прямо! Тут обеденный стол, юная леди!»
«Что за ветер в голове, что за тон и манеры эти?»
«Мне тут напели, кто-то в кресло вице-мэра метит?»
«Постеснялся бы, хотя б, своим блядям звонить при детях!»
«Завтра важный этап: частный пансионат
Её нрав исправит, как высококлассный остеопат
Раз так страсти кипят, её враз тут остепенят!»
«Почему про отца твердят, что он властный социопат?»
«Гляньте-ка, вон та самая новенькая, любуйтесь»
«Погоди, дитя, после школы пока побудь здесь»
«Пастор поцеловал? Лазал под сарафан?»
«Не сопротивляйся, дитя, все дела во славу Творца!»
«Сам не тиран и деспот, но надо знать своё место
А ты непутёвая недотёпа с самого детства
Я даю на роскошь, новшества — тебе недаром!
Эта тварь из отбросов общества тебе не пара!»
«Съешь их, добавишь к серой рутине цветов, оттенков»
«Эксклюзивный реабилитационный центр»
«Как с настроением у нас?» «К выздоровлен",0.0,0.0,0.0,1.0
Oxxxymiron,Russia,THE STORY OF ALISHER,"[Текст песни «THE STORY OF ALISHER»]

[Часть I]

[Интро: Oxxxymiron]
Клоун так ищет любви
И хоть немного тепла
Клоун боится любви
Носит колпак, но он в шипах
Клоун так хочет дружить
Только с ним что-то не так
Клоун горько язвит
Больно в груди, снова отказ

[Куплет 1: Oxxxymiron]
Меня диссанул клоун (Меня диссанул клоун)
Может, мимо пройти? (Меня диссанул клоун)
Меня диссанул клоун (Клоун, клоун, клоун)
Что мне делать с ним? (Хули мне с ним делать, ёпта?)
Я бы шута игнорировал прост
Но этот вот клоун чё-то слишком серьёзный
Хочет быть круче, паяц приставучий
Злобная надоедливая колючка

[Бридж: Oxxxymiron]
Безобразный год ковыляет в закат по колено в крови
Моё дело — вас развлекать пустяками во время войны
А что пустяковее хрупкого эго артиста?
Не довести бы шута до самоубийства
Нет человека ранимей постирониста

[Часть II]

[Скит: MORGENSHTERN]
Не хочу никому давать копаться в своей голове
Не хочу, сука
Боюсь, что раскопают чё-то там

[Куплет 2: Oxxxymiron]
Эйо, внучок, understand
Твой дисс — это любовное письмо
Морген-Стэн
Чисто мэшапы
Золотые цитаты
Аля, ты сочиняешь всё
Я не дёргал тебя за косички, ты мне не нравишься
Зашквар
Ты так хочешь назад, но нахуй им
Ещё один дредастый колхозан?
У них есть SHAMAN
«Залупа, пенис, хер» — это хиток, спору нет
Но где ты был восемь лет?
Пародируй
Но изобразить меня харизмы не хватило
Ты сатира на Сатира
Больше не читай, please
Блять, конечно, тебе больно от моих битов
Тебя ебут на Oxxxymiron type beats
Объясни своим ебучим детям
Как звал меня на «Легендарную пыль»
На «Million Dollar», на «12», на «Last One»
И всякий раз после отказа хейтил
Ведь тебе нужен Марк, чтоб получился маркетинг
Я новый Pusha T, к чёрту six-six-six
Перебей лоб на XXX
Меняй фамилию и паспорт
Моргенштерн раскрутился на цепи
Жаль, утренние звёзды быстро гаснут

[Куплет 3: Oxxxymiron]
Давай поговорим об индивидуальности
Бас — Тейпа, флоу — Скрипа, чё, это — стиль?
Ранний FACE в квадрате — весь квадратный фейс
Тебе сказали: «Будь собой!»
И ты такой: «Окей, где референс?»
Из-за
Того, что у тебя шиза
Если кумир не принимает — это повод для дисса
Ты так заебал — в Испанию твоя мама сбежала, окей
И папа тоже: твой папа — kizaru
Чарты — всё, назад в ИзиРеп
Ты жалкий zip-архив: скопировать тебя
Значит скопировать всех (Эх)
Оригинальный эмси
Настолько редкий голос
Люди верят, что на войсе в «Грязи» был ты
Алю за широкие штаны гнобили старшаки
Уважение старших заслужить стало идеей фикс
Ну и как? Всё вышло хорошо?
Федук не фитанёт с тобою
Даже если он станет бомжом
Тимати, АК-47, — ёпта, респектово!
Всё, что наркоману перепало, — лишь кока и сода
Это приходит время жатвы
Тебе бы к взрослым, но ты нерукопожатный

[Куплет 4: Oxxxymiron]
Давай поговорим о твоём одиночестве
Никого кругом, листья падают в бассейн
Сотни телефонных номеров, да всё не те
Другом быть легко, никто не подавал пример
У тебя свита
Крипто, клепто
Инфоцыгане
Дым — в лёгкие
Все, кто был те близок, далеко
И аккуратно: твои новые близкие — недалёкие

[Куплет 5: Oxxxymiron]
Светлая",0.5919,0.008,0.0,0.992
Noize MC,Russia,Вселенная бесконечна? (Is the Universe Infinite?),"[Текст песни «Вселенная бесконечна?»]

[Интро: Dolores O'Riordan]
Empty
Empty
Empty
Empty
Empty

[Куплет 1: Noize MC]
Если Вселенная бесконечна действительно
Значит, есть куча копий нашей планеты:
Где-то щас происходят те же события
Копия меня пишет копию песни этой
Если Вселенная бесконечна и вправду
То прямо следует из этого факта
Что ты точно так же ждёшь, когда я вернусь обратно
Где-то там, в глуби далёких галактик
То есть, не ты, конечно, а твоя копия
И не меня, а мою копию, конечно
Если, конечно, всё это — не утопия
И Вселенная действительно бесконечна

[Инструментальный припев: Dolores O'Riordan & Noize MC]
Empty (Действительно бесконечна)
Empty
Empty

[Куплет 2: Noize MC]
Если обдумать подробнее эту гипотезу
Посерьёзней впариться в ситуацию
То помимо миров, повторённых полностью
Есть и такие, что могут чем-то отличаться
Получается, что где-то на задворках созвездий
Есть такие версии нашего мира
Где мы с тобой либо уже не вместе
Либо изначально прошли друг друга мимо
И мы там, может быть, даже счастливы
То есть, опять же, не мы, а они, к счастью
Эти варианты могут быть самыми разными
Но о них не хочу даже думать щас я

[Припев: Noize MC & Dolores O'Riordan]
Бог — одинокий ребёнок, брошенный всеми
В пустом магазине игрушек (Empty)
Бродя среди полок, убивающий время
Понимая, что взрослым не нужен (Empty)
Он собрал уже тыщи конструкторов разных
Он распечатал всех кукол (Empty)
Но он всё ещё ищет детали для пазлов
Он всё ещё ходит по кругу (Empty)
(Empty-y)

[Куплет 3: Noize MC]
А есть, наверно, и поудачней расклады
Без лишней жести, которая нам досталась:
Там всё случилось не вопреки всему, а как надо
Так, как тут никогда не случалось
Мы попадём туда после смерти, может быть
Если будем добрыми и хорошими
Если играть в то, что нами с тобою прожито
Не наскучит малышу, в магазине брошенному
Но я надеюсь, это позже случится гораздо
Я туда совершенно не тороплюсь
Как бы круто там ни было, мне одно ясно:
Ещё сильней я в тебя всё равно не влюблюсь

[Припев: Noize MC & Dolores O'Riordan]
Бог — одинокий ребёнок, брошенный всеми
В пустом магазине игрушек (Empty)
Бродя среди полок, убивающий время
Понимая, что взрослым не нужен (Empty)
Он собрал уже тыщи конструкторов разных
Он распечатал всех кукол (Empty)
Но он всё ещё ищет детали для пазлов
Он всё ещё ходит по кругу (Empty)
Бог — одинокий ребёнок, брошенный всеми
В пустом магазине игрушек (Empty)
Бродя среди полок, убивающий время
Понимая, что взрослым не нужен (Empty)
Он собрал уже тыщи конструкторов разных
Он распечатал всех кукол (Empty)
Но он всё ещё ищет детали для пазлов
Он всё ещё ходит по кругу (Empty)

[Аутро: Dolores O'Riordan]
Empty
Empty
Empty…",-0.9766,0.0,0.087,0.913
Noize MC,Russia,Всё как у людей (Everything is Like People’s),"[Текст песни «Всё как у людей (Bonus Track)»]

[Интро: Владимир Путин]
Нам всем кажется, что если — не скрою, и мне иногда так кажется — что если навести твёрдый порядок жёсткой рукой, то всем нам станет жить лучше, комфортнее и безопаснее. На самом деле, эта «комфортность» очень быстро пройдёт, потому что эта жёсткая рука начнёт нас очень быстро душить

[Куплет 1: Noize MC]
Голову в коробке пластмассовой
Вместе с телефоном, ключами и паспортом
Рентгеном в сканере просветят ласково
В целях безопасности государственной
И обратно вряд ли пришьют уже:
Руки ищут затылки над обрубками шей
Туловища жмутся грудными клетками к стенам
Не видно из контейнеров, что там с телом
Лента с монотонным гулом коробку тащит
И для тулова тоже подыщут ящик:
Станет стан обезглавленный, в нём лежащий
Почти покойником, почти настоящим
Кто-то, может быть, даже помянет на сорок дней

[Припев: Егор Летов]
Всё как у людей
Всё как у людей

[Куплет 2: Noize MC]
А девочка из конной полиции
С белым айфоном на белом жеребце
Ждёт в Инстаграме лайка от принца
И ждёт от Чёрной Пятницы низких цен
Мерно цокают копытца по улице
Винтят демонстрантов мальчики-коллеги
Обсуждают рецепты подружки-умницы
В недозаблокированной Телеге
Она завтра купит в Меге наборчик LEGO
Для племянника на его рождения день
В наборе — автозак и три человека:
Двое ментов на одного — всё как у людей
Всё как у людей

[Припев: Егор Летов]
Всё как у людей
Всё как у людей

[Куплет 3: Noize MC]
СМИ голосят то, что повсюду агенты МИ-6, ЦРУ и Моссада
Пугают исчадием ада звёздно-полосато-носато-пейсатым
Лёд под ногами майора ломается легче, чем корка фалафеля:
Майор не боится, майор не утонет — майор, если что, в батискафе
Ты слышишь, как скрепы скрипят и жужжат старомодным дабстепом?
Это снова, словно Челубей с Пересветом, насмерть бьются «совдеп» с Госдепом
А чтобы чужие боялись, своих посильнее бей

[Припев: Егор Летов]
Всё как у людей
Всё как у людей

[Куплет 4: Noize MC]
Слышь, не нагнетай, перестань —
Если кипиш реальный начнётся, что будет, представь!
Если тут тебе неймётся — так пиздуй в Пиндостан:
Хули ты всё надрываешься? В натуре, достал!
От дерьма на вентиляторе дышать не легче —
Лишь охота респираторы прижать покрепче
Без тебя хватает смрада — орать легко
Все знают, как не надо, как быть — никто
Политшапито. Медиаклоунада:
У каждой хламидомонады — ума палата
И на всё — свои взгляды
А ты что-то пиздишь многовато нам тут
Для заложника режима, сука, с кляпом во рту
Протест невзатяг, бунт в соцсетях
Пляски под чужую дудку на чужих костях
Лучше бы шишек ГАЗПРОМовских развлекал
По жирным заказникам в шикарных особняках
Мир однокомнатных квартир с совмещённым санузлом:
Микрофон за сто рублей, самопальное музло
Ты же выбрался оттуда? Значит, повезло!
Так фильтруй базар и множь на счету число:
Уютная коробка мещанского райка
Лубочные картинки про счастье дурака
Типичные сюжеты — культуры суррогат:
Душонка — по дешёвке, а шкура — дорога
Но ты давай вон спроси у своих детей
Где их папа нужней: в сводках новостей
Чтоб ",0.711,0.01,0.0,0.99
Noize MC,Russia,Выдыхай (Exhale),"[Текст песни «Выдыхай»]

[Куплет 1]
Затянись мною в последний раз
Ткни меня мордой в стекло
Дави меня, туши мою страсть
Буду дымить назло
Боль на фильтре грязным бурым пятном
Всё, что мне от тебя останется
Урна — мой будущий дом
И вряд ли мне там понравится
Серым пеплом осыпятся вниз
Те мечты, что не сбудутся никогда
Меня вряд ли раскурят на бис
Шанс, если и есть, то один из ста
Тебе травиться никотином моим
Тебе кашлять моими смолами
Выдыхай скорей мой последний дым
И закрывай окно, а то холодно

[Припев]
Выдыхай скорей
Мою душу наружу — ей тесно
В твоих лёгких так мало места
Выдыхай скорей
Мою душу наружу — ей тесно
В твоих лёгких так мало места
Но, если честно
Во всём виноват я сам

[Интерлюдия]
«Je t'en supplie»

[Куплет 2]
Наша лестница в небо оказалась расшатанной стремянкой
Годной лишь на то, чтобы достать с антресоли банку
Но я готов был и по ней карабкаться к облакам
Назло запретам и закрытым изнутри замкам
Порой казалось, цель близка, скоро доползу
И я с собой тебя звал, но ты оставалась внизу
Поднимала глаза, просила вернуться назад
А я не слезал, всё твердил тебе про небеса
Думал, что сам могу решать за двоих людей
Думал, что нам станет лучше от моих идей
И цепляясь за надежду, как за одежду репей
Становился дальше от тебя ещё на ступень
Но лестница в небо оказалась расшатанной стремянкой
Годной лишь на то, чтоб достать с антресоли банку
Возьму под мышку, отнесу в кладовку — пусть пылится
Прости за всё и, ради Бога, перестань мне сниться

[Припев]
Выдыхай скорей
Мою душу наружу — ей тесно
В твоих лёгких так мало места
Выдыхай скорей
Мою душу наружу — ей тесно
В твоих лёгких так мало места
Но, если честно
Во всём виноват я сам

[Гитарное соло]",0.0,0.0,0.0,1.0
Pussy Riot,Russia,Punk Prayer (English Translation),"(choir)

[Chorus]
Virgin Mary, Mother of God, banish Putin
Banish Putin, Banish Putin!

Congregations genuflect
Black robes brag, golden epaulettes
Freedom's phantom's gone to heaven
Gay Pride's chained and in detention

The head of the KGB, their chief saint
Leads protesters to prison under escort
Don't upset His Saintship, ladies
Stick to making love and babies

Crap, crap, this godliness crap!
Crap, crap, this holiness crap!

[Chorus]
Virgin Mary, Mother of God
Become a feminist, we pray thee
Become a feminist, we pray thee

Bless our festering bastard-boss
Let black cars parade the Cross
The Missionary's in class for cash
Meet him there, and pay his stash

Patriarch Gundyaev believes in Putin
Better believe in God, you vermin!
Fight for rights, forget the rite –

Join our protest, Holy Virgin

[Chorus]
Virgin Mary, Mother of God, banish Putin, banish Putin
Virgin Mary, Mother of God, we pray thee, banish him!",-0.9298,0.173,0.247,0.58
Pussy Riot,Russia,Make America Great Again,"What do you want your world to look like?
What do you want it to be?
Do you know that a wall has two sides?
And nobody is free?
Did your mama come from Mexico
Papa come from Palestine
Sneaking all through Syria
Crossing all the border lines

Let other people in
Listen to your women
Stop killing black children
Make America Great Again

Let other people in
Listen to your women
Stop killing black children
Make America Great Again

Could you imagine a politician
Calling a woman a dog?
Do you wanna stay in the kitchen?
Is that where you belong?
How do you picture the perfect leader
Who do you want him to be
Has he promoted the use of torture and killing families

Let other people in
Listen to your women
Stop killing black children
Make America Great Again

Did your mama come from Mexico
Papa come from Palestine
Sneaking all through Syria
Crossing all the border lines

Let other people in
Listen to your women
Stop killing black children
Make America Great Again

Let other people in
Listen to your women
Stop killing black children
Make America Great Again

Did your mama come from Mexico
Papa come from Palestine
Sneaking all through Syria
Crossing all the border lines

Let other people in
Listen to your women
Stop killing black children
Make America Great Again

Let other people in
Listen to your women
Stop killing black children
Make America Great Again",-0.9111,0.143,0.176,0.681
Pussy Riot,Russia,Bad Girls,"[Intro: Pussy Riot]
Du, du, du, du, du-du-du, du
Du, du, du, du, du-du-du, du
Du, du, du, du, du-du-du, du
Du, du, du, du, du-du-du, du

[Verse 1]
Good girls working at the banks
Bad girls blowing up the tanks
Good girls pray to a man with a beard
But God is a woman and she's tough and she's queer
Good girls are waiting on the kings
And the bad girls are laughing
'Cause they know he’s a dick
Good girls suck dick to buy cosmetics
Bad girls know they could pocket it just to get it
Good girls causing no scenes
Bad girls killing like queens
Bad girls breaking both legs
Good girls getting bad breaks
Good girls believing in religion
Bad girls aren't afraid of confusion
Good girls, they throw no rocks
Too busy getting botox

[Chorus]
Du, du, du, du, du-du-du, du
Du, du, du, du, du-du-du, du
Du, du, du, du, du-du-du, du
Du, du, du, du, du-du-du, du

[Verse 2]
Do ya want to be a punk, it's easy
You can say fuck freely
Don't be somebody's sweetie
Kick him in the nuts if they're greedy
Write your fucking graffiti
Burn all the leather jackets
For the sake of resistance

[Chorus]
Du, du, du, du, du-du-du, du
Du, du, du, du, du-du-du, du
Du, du, du, du, du-du-du, du
Du, du, du, du, du-du-du, du

[Verse 3: Desi Mo]
Yeah, what's a good girl in a bad situation?
A hood girl with a bad education?
It look like, like a bad reputation
A good girl never had penetration
A bad girl leave a hard dick waiting
Shake him for his money and leave his heart on the pavement
Wait a minute, make his funeral arrangements
Call a good girl, she gon' make the payments
Bad girls' club and, no, you can't sit with me
Well behaved women seldom make history
It's not a mystery, but if you really want to get to me
Don't bring no glass slippers, Cinderella wasn't shit to me
I need a trip to Italy, a Benz, and a Bentley

[Pre-Chorus]
It's all because of you
I'm in the brand new coupe
You took the bait and now the bad girl always gets her way

[Chorus: Pussy Riot]
Du, du, du, du, du-du-du, du
Du, du, du, du, du-du-du, du
Du, du, du, du, du-du-du, du
Du, du, du, du, du-du-du, du

[Outro]
The good girls worry about drama, karma, run away scared to their mama, mama
The good girls worry about drama, karma, and where you come from-a
But the bad girls rolling deep, heavy on the bass, heavy on the bass, yeah, heavy on the bass
But the bad girls rolling deep, heavy on the bass
'68 Chevy, no plates
The good girls worry about drama, karma, run away scared to their mama, mama
The good girls worry about drama, karma, and where you come from-a
But the bad girls rolling deep, heavy on the bass, heavy on the bass, yeah, heavy on the bass
But the bad girls rolling deep, heavy on the bass
'68 Chevy, no plates",-0.9956,0.156,0.226,0.617
DDT,Russia,Hey Steve,"You freak!

Longing for those days of wonder
Dredging up yesterday
You try omitting the cheese factor
But it rarely ever really looks the same
When colours of the others fade to grey

Hey Steve
When you gonna leave
Hanging all your hopes in syndicated cheese
Hey Steve
Million dollar freak
Jamie Sommers screams out

Here today, gone later today
Jumping on the next big thing
But when the wagon starts to waver
We scramble off and resurrect the dead
And take our fill until we're retro-fed

Jamie Sommers
Bionic cover
In a fast based tech based
Psychedelic foot race
Over the mountain
Faster than a stopwatch
Up on the hillside
A bionic sasquatch

Steve Austin
Astronaut
A man barely alive
Gentlemen, we can rebuild him
We have the technology
We have the capability to build the world's first bionic man

Steve Austin will be that man
Better than he was before
Better, stronger, faster

Hey Steve
When you gonna leave
Hanging all your hopes in syndicated cheese
Hey Steve
Million dollar freak
Jamie Sommers screams out
You freak!

Hey Steve
When you gonna leave
Hanging all your hopes in syndicated cheese
Hey Steve
Million dollar freak
Jamie Sommers screams out

Hey Steve
Hey Steve
Hey Steve",-0.8305,0.106,0.149,0.745
DDT,Russia,Walkabout,"You're so shiny
Stuck on the outside
You're so pretty
Stuck on the outside
In denial
Stuck on the outside, in
Shut 'em out, Shut 'em out

You're so with it
Stuck on the outside
You're so without it
Stuck on the outside
Hot streak over

And now you're lying face down
You're not the biggest shot around
So you're lying face down
You let your karma crash down

What's upstairs, nothing's there
Nothing is nothing squared
What's upstairs, nothing's there
Freeze, squeeze on your knees
You better walkabout

You're so rigid
Stuck on the outside
You just don't get it
Stuck on the outside
So frustrated
Stuck on the outside, in
Shut 'em out, Shut 'em out

You're so fetish
Stuck on the outside
So pathetic
Stuck on the outside
Hot streak over

And now you're lying face down
You're not the biggest shot around
So you're lying face down
You let your karma crash down

What's upstairs, nothing's there
Nothing is nothing squared
What's upstairs, nothing's there
Freeze, squeeze on your knees
You better walkabout

What's upstairs, nothing's there
Nothing is nothing squared
What's upstairs, nothing's there
Freeze, squeeze on your knees
You better walkabout

You gave the hipper than hip
Something to talk about
They're shooting straight from the hip
And you're the sucker out
All of the statements that
Made this an ""A"" list
Felony squeeze on your knees
You better walkabout

The final blow
To your favourite show
And your fancy friends agree (Get down, [?])
When you test the ground
That you're standing on
Now you're sinking way ahead of me

What's upstairs, nothing's there
Nothing is nothing squared
What's upstairs, nothing's there
Freeze, squeeze on your knees
You better walkabout

What's upstairs, nothing's there
Nothing is nothing squared
What's upstairs, nothing's there
Freeze, squeeze on your knees
You better walkabout

You better walkabout
You better walkabout
You better walkabout",-0.919,0.125,0.146,0.729
DDT,Russia,McDDT,"[Intro]
Come on, come on, come on!
Aw yeah, aw yeah!
1, 2, chicken!
Buy a burger!

[Verse 1]
So I jumped in my car, and I drove through the drive-thru
I got desperate, and I got lied to
It's another double cheeseburger with fries
You're gonna kill the cow just to eat the thighs
Chicken pick a nugget, gonna puke in the bucket
Get a fat stack, heart attack, clogging up your power pack
Separated chicken, pick and eat your meat
You're gonna chuck it up because it's beaks and...

[Chorus 1]
Ronald is killing me
Ronald is killing me

[Post-Chorus 1]
Buy a burger!
B-b-b-b-b-b-b-bu, buy a burger!

[Verse 2]
B-b-b-b-b-b-b-billions served, billion have died
Mickey D is gonna break-a-the-bricks with your thighs
Lean? You mean there's less grease than a piece of fat
Yeah right, come on you're gonna buy that
Break for milkshake, make way for outbreak
Pop a pimple of pus on the late great
Food, folks and fun in the sun
Grab the keys and you'd better run

[Chorus 2]
Ronald is killing me
Ronald is killing me
(I can't hear ya!)
Ronald is killing me
Ronald is killing me

[Post-Chorus 2]
Uh! Buy a burger!
B-b-b-b-b-b-b-bu, buy a burger...

[Bridge]
Um, I'd like a burger
Uh, large fries
And a really thick chocolate shake to go, please
So that was two bacon strips, a little bit of ham, and some yeast? What?
Look, lift your head out of the oil
I'll take a tossed salad and a frosty toss to go, please
Well that'll be 69 cents, sir
Excuse me, you're **** deaf, man
Did you have a cream cheese?
Hey, why don't you just lift your head out of the booth and **** me off
You ****-**** ****-sucker!

[Guitar Solo]
[?]
Buy a burger!
B-b-b-b-b-b-b-bu, buy a burger!

[Verse 3]
(Food, folks and fun!) Serial killer came back with the filler
Grown full of steroids, eat 'em
Make you strong, but it won't last long
More lies, greasy fries, what's your swan song?
Pick it up, Big Mac to the head
Two shots to the dome, and now you're dead
Oh what a rough time, ain't no rewind
They're selling death and you're standing in line

[Chorus 3]
Ronald is killing me
Ronald is killing me
(I can't hear ya!)
Ronald is killing me
Ronald is killing me

[Outro]
Uh! Buy a burger!
Drive ahead please",-0.9957,0.063,0.167,0.77
Aquarium,Russia,I Am Denmark,"[Verse 1]
I am lawn please rise until tennis wake up
I am proton spinning rings of things that break up
I am glass shattered shapes that frame our windows
I am high pass sold out thrown out bitter wake up
I am bay as long as the oaks grow overhead
I am railway street hikers and the social men
I am shark diving deep to such a small home
I am Denmark easy skylines the rest is shown
I am Ben from whom we carried answered calls
I am trashcan littered street lines and parking weight laws
I am boat carries ballots to say who lost it
I am sailboat waiting down at our town that's so bitter

[Pre-Chorus]
Wrap the poller disguise like the poller
Wrap the pollеr disguise I the poller
Wrap thе poller disguise I the poller
Wrap the poller I disguise the poller
Wrap the poller I disguise the poller
Wrap the poller disguise I the poller
Wrap the poller disguise I the poller
Wrap the poller disguise I the poller
Wrap the poller I disguise the poller
Wrap the poller I disguise the poller
Wrap the poller disguise I the poller
Wrap the poller wrap the poller

[Chorus]
I am bay
I am railway
I am shark
I am Denmark
I am Ben
I am trashcan
I am boat
I am sailboat
Sailboat

[Instrumental Break]

[Verse 2]
I am lawn please rise until tennis wake up
I am proton spinning rings of things that break up
I am glass shattered shapes that frame our windows
I am high pass sold out thrown out bitter wake up
I am (I am) bay as long (Bay) as the oaks grow overhead
I am (I am) railway street (Railway) hikers and the social men
I am (I am) shark diving (Shark) deep to such a small home
I am (I am) Denmark easy (Denmark) skylines the rest is shown
I am (I am) Ben from (Ben) whom we carried answered calls
I am (I am) trashcan littered (Trashcan) street lines and parking weight laws
I am (I am) boat carries (Boat) ballots to say who lost it
I am (I am) sailboat waiting (Sailboat) down at our town that's so bitter

[Pre-Chorus]
Wrap the poller disguise like the poller
Wrap the poller disguise I the poller
Wrap the poller disguise I the poller
Wrap the poller I disguise the poller
Wrap the poller I disguise the poller
Wrap the poller disguise I the poller
Wrap the poller disguise I the poller
Wrap the poller disguise I the poller
Wrap the poller I disguise the poller
Wrap the poller I disguise the poller
Wrap the poller disguise I the poller
Wrap the poller wrap the poller

[Chorus]
I am bay
I am railway
I am shark
I am Denmark
I am bay
I am railway
I am shark
I am Denmark
I am Ben
I am trashcan
I am boat (Boat)
I am sailboat",-0.9903,0.033,0.124,0.842
Aquarium,Russia,M is for Motorcycle,"[Verse 1]
Riverside can't run as far as western subways lost in partial sun
Please gods give me reach ostracizes that decrease in the beach
Until our end
Until our stake out which capsizes a friend
Forethoughts for all your friends
Best of luck to you as you will defend
There's always better love
With mighty corners and harbors high above
The city far below
With city property that will not let go
Citizens all dressed in whitest outfits that fail to leave the gatе
Along the trains I can't say I've made wеll decisions here

[Verse 2]
Riverside can't run as far as western subways
Lost in partial sun
Blast off
Give me reach
Ostracizes that decrease
Into the beach until our end
Until our stake
Capsizes
A friend forethoughts for all friends
Best of luck to you as you defend there's always better
Subway, subway corners numbers high above
City
City here city property will not let go

[Verse 3]
I hurt
Along this worthless week
I hurt myself to see if I still heal
Draw this out for months ahead I feel my feet against the sand
And man I hate my job
Boxes make well better homes in old tapestry for beetles, bugs, and apathy and then I said
And then I said
And then I said
And then I said God-like beauty is a thing that
Lives like it's now
And now it's real so I believe we're swimming free not lost in hemispheres of greed

[Verse 4]
Riverside can't run as fa-
Riverside can't run as fa-
Riverside can't run as far as western subways
Riverside aside can't ru-
Riverside can't run as far as western subways lost in partial sun blast off",0.9802,0.168,0.086,0.746
Aquarium,Russia,"If the Trees Had Eyes, They’d Be Glaring at You","[Verse 1]
Aerospace flyer and ice misplace your telescopes and these ropes suffice
The city streets need painting fast and our old homes need fixed
I finally see that this coast is bedding down in the sound that wakes up our host
As for cordless phones and low drones be right there the police don't care
Anyway they make it faster better later than never I ask her said on Sunday the earth is war
And I don't see why not
Your help on highways I can't recall the bitter breath of their cars at all
And when that monster it leaves this place their branches shocked with disbelief

[Instrumental Break]

[Chorus]
I don't gotta like my place
They just let me down
Don't die I and my, my vision will be clearer
Do not spit in my eye this is all that I got
That hurts
Don't spit in my eye
Please don't die
But I please leave me alone I, I oh you're dead to me
Don't burn
Sight with your sight
Sight with your sight
Sight with your sight
Sight with your sight
Sight with your sight
Sight with your sight

[Instrumental Break]

[Verse 1]
Aerospace flyer and ice misplace your telescopes and these ropes suffice
The city streets need painting fast and our old homes need fixed
I finally see that this coast is bedding down in the sound that wakes up our host
As for cordless phones and low drones be right there the police don't care
Anyway they make it faster better later than never I ask her said on Sunday the earth is war
And I don't see why not
Your help on highways I can't recall the bitter breath of their cars at all
And when that monster it leaves this place their branches shocked with disbelief

[Chorus]
I don't gotta like my place
They just let me down
Don't die I and my, my vision will be clearer
Do not spit in my eye this is all that I-
Please don't die
But I please leave me alone I, I oh they're dead to me
I don't like my place(Don't burn)
They just let me down
Don't die I and my, my vision will be clearer
Do not spit in my eye this is all that I-(Please don't die)
I, I oh
Don't burn
Sight with your sight
Sight with your sight",-0.6509,0.104,0.117,0.779
Yuri Shevchuk,Russia,Дрон (Drone),"[Текст песни «Дрон»]

[Куплет 1]
Как ты старик?
В порядке я
Пока не захожу к себе:
Где сиротой звезда дымит
В дождливой голове
Вся в голубом плывёт земля
Антропоген танцует мир
А в лесополосе лежит
Убитый дезертир
Когда один я
В большинстве
Вконтакте чалятся друзья
Давно уже в Вальхалле ждут
Гуляя на пиру
И накрывает мишуру
Волной вселенная моя
Где режет правду Курт Кобейн
Про чёрную дыру

[Припев]
В облаках крадётся
Дрон, ему неймётся
Он, как чёрный ворон
Мрачно смотрит на меня
Падает и рвётся
Цель всегда найдётся
Милая, спаси всех нас
От этого огня

[Куплет 2]
Как ты старик?
В порядке я
Пока ещё не за чертой
Бредёт потерянная жизнь
По комнате пустой
Глотни холодного дождя
И двинем к дальним берегам
Но будет многого нельзя
В непобедимом там
Любовь воображенья ждёт
Когда в плену у пустоты
Откроет дверь
И с ног собьёт
От этой красоты
Я больше не вернусь туда
На пальцах ног переучёт
Друг, отключи от ИВЛ
Долги оплатят счёт

[Припев]
В облаках крадётся
Дрон, ему неймётся
Он, как чёрный ворон
Мрачно смотрит на меня
Падает и рвётся
Цель всегда найдётся
Милая, спаси всех нас
От этого огня

[Куплет 3]
Моя вселенная во мне
Несчастна и слегка пьяна
Но не разрушит Млечный Путь
Ни власть их, ни война
И расширяясь на бегу
Созвездие моего Тельца
Неандертальцам смотрит вдаль
Глазами храбреца
Здесь моё место
Только здесь
Всегда хотелось полюбить
Уснуть и видеть наши сны
Не быть и снова быть
Вселенная стоит в метро
Слепой толпой окружена
Как этим спинам объяснить
Что в каждом есть Она?

[Аутро]
В темноте крадётся
(Чёрт), ему неймётся
Не хватает корма, сука
Пенится слюна!
Цель всегда найдётся
Мало кто вернётся
Господи, спаси всех нас
От этого говна!
В поле выгребаю
Лёг куда-то с краю
Блеванул от ваших
Позитивных перспектив!
Небо между нами
Дёргает ногами
Ждёт вселенная моя
Потрёпанный мотив...",0.0,0.0,0.0,1.0
Yuri Shevchuk,Russia,Волки в тире (Wolves in the Range),"[Текст песни «Волки в тире»]

[Куплет 1]
К мавзолею прибили Бога
Обглодали благодать мыши
Малопьющий, но очень строгий
Несмотря на их клят, он дышит
Отменили концерт в Тюмени
Не случилось в Москве — едем дальше
Обвинили любовь в измене
Что ж без денег да меньше фальши

[Припев]
Ревёт тревога, ждёт дорога
Их немало, нас немного
Мы в несправедливом мире
Жестяные волки в тире

[Куплет 2]
У тяжелой железной хтони
Отобьём ещё миллиметр
Степь уткнётся в твои ладони
Как этот пьяный побитый ветер
Обвинили в непатриотизме
Что не пошли убивать чужие рассветы
Но отчаянного оптимизма
Хватит нам до конца света

[Припев]
Ревёт тревога, ждёт дорога
Их немало, нас немного
Мы в несправедливом мире
Жестяные волки в тире
Ревёт тревога, ждёт дорога
Их немало, нас немного
Мы в несправедливом мире
Жестяные волки в тире

[Куплет 3]
Степь полна красоты и воли
И неважно ей, кто из нас выше
Наши песни привычны к боли
Они знают, они дышат
В облаках придорожной пыли
И в подвалах на грани фола
Мы с тобой еще не забыли
Колокольчики рок-н-ролла

[Припев]
Ревёт тревога, ждёт дорога
Их немало, нас немного
Мы в несправедливом мире
Жестяные волки в тире
Риф родится свежий, новый
Слово музыке даст силу
Пляшут духи рок-н-ролла
Прилетела - не убила",0.0,0.0,0.0,1.0
Yuri Shevchuk,Russia,"Родина, вернись домой (Motherland, Come Home)","[Текст песни «Родина, вернись домой»]

[Куплет 1]
Никотиновый вдох
Распальцованный взгляд
Я ещё не подох
Ещё мои шланги горят
Этой лютой весной
Суета с тишиной
Пульс неровный несут
Пульс неровный несут
Моё сердце на суд

[Куплет 2]
Опустело село
Пьёт Рязань из Днепра
От венков расцвело
В рыжей глине — дыра
Маята, как сорняк
Телевизор в печи
У державы стояк
У державы стояк
Воют бабы в ночи

[Припев]
Тёмен век мой
Господи, как всё случилось?
Рваный лик твой
Укололась и забылась
Не сходи с ума
Это не твоя война
Ждут грачи в полях весной
Родина, вернись домой!

[Куплет 3]
Безнадёги иной
Я не переживал
Коллективной виной
Сделал шаг и пропал
Давит воздух густой
Но тебя не забыть
Мертвецов напоить
Мертвецов напоить
Родниковой водой

[Куплет 4]
Голоса белены
Тянут мысль одну:
Ты вернёшься с войны
Вновь попасть на войну
И летят облака
Разбиваясь в дали
О крутые бока
Нашей плоской Земли

[Припев]
Тёмен век мой
Господи, как всё случилось?
Рваный лик твой
Укололась и забылась
Не сходи с ума
Это не твоя война
Ждут грачи в полях весной
Родина, вернись домой!",0.0,0.0,0.0,1.0
David Broza,Israel,Mitachat Lashamayim - מתחת לשמיים,"באנו לכאן
מתחת לשמיים
שניים
כמו זוג עיניים

יש לנו זמן
מתחת לשמיים
בינתיים
אנו עוד כאן

את ואני
את ואני
את ואני
והמיטה רחבה
לתת אהבה

לילה ויום
לילה ויום
לילה ויום
והחיוך מתנצל
שהוא מתעצל

באנו לכאן
מתחת לשמיים
שניים
כמו זוג עיניים


שנינו אחד
שנינו אחד
שנינו אחד
אחד שלם ועגול
שלם וגדול

בואי ניתן
בואי ניתן
בואי ניתן
אני אתן לך לתת
לתת לי לתת לך

באנו לכאן
מתחת לשמיים
שניים
כמו זוג עיניים

ולמרות הפער
ולמרות הכאב
ולמרות הצער
אני אוהב
ואוהב
ואוהב...",0.0,0.0,0.0,1.0
David Broza,Israel,Yihiye Tov - יהיה טוב,"אני מביט מהחלון
וזה עושה לי די עצוב
האביב חלף עבר לו
מי יודע אם ישוב
הליצן היה למלך
הנביא נהיה ליצן
ושכחתי את הדרך
אבל אני עוד כאן

ויהיה טוב
יהיה טוב, כן
לפעמים אני נשבר
אז הלילה
הו הלילה
איתך אני נשאר

ילדים לובשים כנפיים
ועפים אל הצבא
ואחרי שנתיים
הם חוזרים ללא תשובה
אנשים חיים במתח
מחפשים סיבה לנשום
ובין שנאה לרצח
מדברים על השלום

ויהיה טוב
יהיה טוב, כן
לפעמים אני נשבר
אז הלילה
הו הלילה
איתך אני נשאר

שם למעלה בשמיים
עננים לומדים לעוף
ואני מביט למעלה
ורואה מטוס חטוף
ממשלה של גנרלים
שחילקו לנו את הנוף
לשלהם ולשלנו
?מתי נראה את הסוף

הו, הנה בא נשיא מצרים
איך שמחתי לקראתו
פירמידות בעיניים
ושלום במקטרתו
ואמרנו בוא נשלימה
ונחיה כמו אחים, כן
ואז הוא אמר קדימה
רק תצאו מהשטחים

ויהיה טוב
יהיה טוב, כן
לפעמים אני נשבר
אז הלילה
הו הלילה
איתך אני נשאר

אני מביט מהחלון
לראות אם כל זה אמיתי
מביט מהחלון וממלמל את תפילתי
עוד נגור זאב עם כבש
ונמר ירבץ עם גדי
אך בינתיים אל תוציאי
את ידך מכף ידי

כי יהיה טוב
יהיה טוב, כן
לפעמים אני נשבר
אז הלילה
הו הלילה
איתך אני נשאר

אני מביט מהחלון
אולי מגיע יום חדש",0.0,0.0,0.0,1.0
David Broza,Israel,Betsohorey Hayom - בצהרי היום,"[פתיחה]

[בית ראשון]
ירדנו לירוחם לשתות פחית של צהריים
במרכז המסחרי המאובק
התענוג מתחיל בהליכה איטית שקולה ומדודה
כמו טורבו מאופק

השרירים החבוטים מהנסיעה הארוכה
משתחררים בתענוג בכל הגוף
משתרגים ומתמתחים ונעשים קשוחים ברוח
שמצליף אבק וחום על הפרצוף

[פזמון]
היי-היי, כל העניין
הוא לשתות משהו קר
בלב מדבר

היי-היי, כל העניין
הוא לשתות משהו קר
בלב מדבר

[בית שני]
העיירה עושה את עצמה מתנמנמת
אותנו זה אפילו לא מצחיק
חוצים ברחבה בכמו חגיגיות סמויה
עוזבים לשמש שתעיק

צרור נקישות טמבור עוצר אותנו כאחד
נימה וחצי מהצל
עומדים בשמש, לא ניד, לא זיע, מחכים
נימה וחצי מהצל

[פזמון]
היי-היי, כל העניין
הוא לשתות משהו קר
בלב מדבר

היי-היי, כל העניין
הוא לשתות משהו קר
בלב מדבר

[מעבר]

[בית שלישי]
עודנו עומדים, לא זיע, לא ניד
נימה וחצי מהצל
כשאיזו מקומית פתאום נועצת אף בשמש
:ופה שבאוזנינו ממלל

תראו תראו את הגארי קופרים האלה""
קלינט איסטוודים דמיקולו, יענו בזים לשרב
הגיע הזמן שכבר תוציאו את הלשון הארוכה שלכם
""מתרבות המערב

[פזמון]
היי-היי, כל העניין
הוא לשתות משהו קר
בלב מדבר

היי-היי, כל העניין
הוא לשתות משהו קר
בלב מדבר

[בית רביעי]
נימה וחצי מהצל, אנחנו סובבים
ונעים באיטיות מיריבית
חוצים שקולים ת'רחבה של המרכז המסחרי המאובק
ונכנסים אל המכונית

?אחר הצהריים נגביים, מה עכשיו? לאן נוסעים
מכחכחים בגרון
אולי נספיק עוד להרוג טורקי קטן של ערב
במצפה רמון

[פזמון]
היי-היי, כל העניין
הוא לשתות משהו קר
בלב מדבר

היי-היי, כל העניין
הוא לשתות משהו קר
בלב מדבר

היי-היי, כל העניין
הוא לשתות משהו קר
בלב מדבר

היי-היי, כל העניין
הוא לשתות משהו קר
בלב מדבר

היי-היי, כל העניין
הוא לשתות משהו קר
בלב מדבר

היי-היי, כל העניין
הוא לשתות משהו קר
בלב מדבר...‏‏",0.0,0.0,0.0,1.0
Yehuda Poliker,Israel,Halon Layam Hatichon - חלון לים התיכון,"{פתיחה}

הבטחתי לכתוב כשנסעתי
ולא כתבתי מזמן
עכשיו את כל כך חסרה לי
חבל, חבל שאת לא כאן

אחרי שהגעתי ליפו
תקוות נולדו מתוך יאוש
מצאתי לי חדר וחצי
על גג של בית נטוש

יש פה מיטה מתקפלת
אם נרצה שלושתנו לישון
את אני והילד
מול חלון משקיף לים התיכון

ואולי מרחוק יש סיכוי אחד למיליון
ואולי מרחוק איזה אושר מתגנב אל החלון

{גשר}

שנת חמישים סוף דצמבר
בחוץ מלחמת רוחות
השלג צנח כאן לפתע
לבן מזכיר לי נשכחות

עוד הפצע פתוח
לו רק היית איתי עכשיו
הייתי פשוט מספר לך
את מה שלא יגיד מכתב

כאן אם תרצי יש לך בית
ואותי יהיה לך המון
צחוק ילדים בין הערביים
מול חלון משקיף לים התיכון

ואולי מרחוק יש סיכוי אחד למיליון
ואולי מרחוק איזה אושר מתגנב אל החלון

ואולי מרחוק

ואולי מרחוק איזה אושר מתגנב אל החלון

{אאוטרו}",0.0,0.0,0.0,1.0
Yehuda Poliker,Israel,Perach - פרח,"{פתיחה}

שם, בעפר ותכלת
חלקת שלום ישנה
נומי פרח, נומי
נומי ילדה קטנה

את החיים לקחו לך
הו, מלחמות קדושות
מלאכים בכו לך
בעיניים יבשות

{גשר}

את חיוכך, תינוקת
קברו באדמה
איך צומח שקט
מתוך המהומה

מי שלחץ על הדק
דם את ליבו מכתים
במלחמות לצדק
גם ילדים מתים

אואווואאו...

את החיים לקחו לך
הו, מלחמות קדושות
מלאכים בכו לך
בעיניים יבשות

שם, בעפר ותכלת
חלקת שלום ישנה
נומי פרח, נומי
נומי ילדה קטנה

את החיים לקחו לך
הו, מלחמות קדושות
מלאכים בכו לך
בעיניים יבשות

וחלומך ברוח
חרוז למנגינה
נומי פרח, נומי
נומי ילדה קטנה",0.0,0.0,0.0,1.0
Yehuda Poliker,Israel,Dvarim She’ratziti Lomar - דברים שרציתי לומר,"[פתיחה]

[בית ראשון]
יש דברים שרציתי לומר ואינם נענים לי
המילים שבחרתי אינן הטובות מכולן
עמוקים מיני ים הסודות שאינם מובנים לי
שאולי לא אבין, לא אבין לעולם

[פזמון]
לא בכל הדרכים שרציתי ללכת, הלכתי
בדרכים שהלכתי, טעיתי ודאי לא פעם אחת
ועצבות מהלה כל שמחה, כל שמחה ששמחתי
כמו ביקשתי דבר, דבר שאבד

[בית שני]
חלומות שחלמתי והם מקיצים בי עדיין
שבריהם בעיניי נשטפים מפניי בדמעה
ולילות ייסורים לא ספורים שהטבעתי ביין
כאובד בדרכי, בדרכי הרעה

[פזמון]
אך בכל הדרכים, מעולם לא אבדה לי דרכנו
וגם אם, לפעמים סערו מסביב הרוחות
ואהבתי אותך והיה לנו טוב, טוב עד גדותינו
והיה לנו רע, ואהבתי אותך לא פחות

[גשר]

[פזמון]
אך בכל הדרכים, מעולם לא אבדה לי דרכנו
וגם אם, לפעמים סערו מסביב הרוחות
ואהבתי אותך והיה לנו טוב, טוב עד גדותינו
והיה לנו רע, ואהבתי אותך לא פחות

[סיום]",0.0,0.0,0.0,1.0
Subliminal,Israel,Torro - טורו,"[פזמון]
אני טורו, מפוצץ בדינרו
מחולל ניסים כמו סבא ג'פטו
בוא נראה מה קורה פה
הן צועקות לי טה קיירו
למה אני טורו, מפוצץ בדינרו
תאכל מרס טורקי, מולי אין תיקו תיקו
בוא נראה מי שולט פה
סאב נומרו אונו, מרו מרו

[וורס 1]
יה, אז אני טורו טורו, מרו מרו, מפוצץ בדינרו
הלו מאמא, בואי אלי אל תביאי פיג'מה
(Oh no) אין אף אחת אחרת, את לבד
בג'קוזי תזוזי מצד לצד, וואו וואו
למועדון טי.איי.סי.טי דרים טים Gone
כל שעה זה הפי האוור תעביר ת'פיג'לין (לא)
לא אעצור עד שאוריד ת'מטדור
עם חיבורים מטורפים שיכולים לנגח שור
אז הם אומרים שהיפ-הופ מת (לא זה לא מקובל)
ומנסים לחסום את האמת (לא זה לא מקובל)
חומות מונעות מאיתנו לצאת (לא זה לא מקובל)
מחתרת עם מחברת ועם עט, בגלל
שסאבלימינל סאבלימינל סאבלימינל סאבלימינימינל, מה
חזר על הסוס הלבן, הדגל מורם, כידון מכוון
באם, בול במטרה, נו שוב מה קרה כאן
טריפל דאבל אור נאט'ינג, עם הקלפים על השולחן

[פזמון]
אני טורו, מפוצץ בדינרו
מחולל ניסים כמו סבא ג'פטו
בוא נראה מה קורה פה
הן צועקות לי טה קיירו
למה אני טורו, מפוצץ בדינרו
תאכל מרס טורקי, מולי אין תיקו תיקו
בוא נראה מי שולט פה
סאב נומרו אונו, מרו מרו

[וורס 2]
אז בתוך ים של מלל שלא שווה שקל
מילים שלי בולטות כאילו הן סומנו במרקר
אם נעלבת טמבל קח פנדל וזוז מהדרך של המאסטר
למה אם אתה גאנגסטר בהאמר או סנג'ר עם פנצ'ר
אולי אוהב היפ הופ אבל אתה לא ראפר
מוקף מלא בנות, יו האפנר
מחבר אותן לצ'ארג'ר, הוא פרטנר
לוקו עליו מלא זהב כמו פררו
סוחב את כל הסצנה על הגב כמו רודיאו
מושך ועוד מושך וכל זה ללא אגו
עוד לפני ששלושת רבעי מהם שיחקו בלגו
באמפר ליריקלי, הם מושכים ברקסים
משחדים ת'שדרנים ולא עוברים טסטים
למה, כמה זה עולה לי, האם זה שווה לי
משחק רק עם הקלפים שאלוהים זורק לי

[פזמון]
אני טורו, מפוצץ בדינרו
מחולל ניסים כמו סבא ג'פטו
בוא נראה מה קורה פה
הן צועקות לי טה קיירו
למה אני טורו, מפוצץ בדינרו
תאכל מרס טורקי, מולי אין תיקו תיקו
בוא נראה מי שולט פה
סאב נומרו אונו, מרו מרו",0.0,0.0,0.0,1.0
Subliminal,Israel,Ba’a Li Tov - באה לי טוב,"[אינטרו: קובי פרץ]
את באה לי טוב, את גורמת לחשוב עלייך כל הלילה

[גשר: סאבלימינל]
הי סינגולדה נגן לה נגן כן, הי סינגולדה נגן, תנגן
הי סינגולדה נגן לה נגן כן, הי סינגולדה נגן, אגיין כן
את באה לי טוב

[וורס 1: סאבלימינל]
בא לי לזרום בקור בחום
בא לי בירה ביד במועדון
בא לי חברה מסביב עם ידיים באוויר
למה אין בחורה כאן שאנ'לא מכיר
אז תנו לו בכבוד עוד כמו בפינאלי
הופה קלוט ת'פלואו פנומנאלי
באלי מה שבא לי אינדיבידואל
היפ הופ בסגנון אוריינטלי
בא לי לקרוע את העיר
בא לי לא משנה לי המחיר
וואלק וואי לי וואי לי מי פה לא מכיר
את הווליום מגביר מפוצץ את השיר
לי בא עוד בגלובאלי בגדול
בא לי להמשיך לתפס לא ליפול
זה רק ארבע אותיות והן אומרות את הכול
בא לי בא לי בסאבלימינלי כי אני יכול

[פזמון: קובי פרץ] X2
את באה לי טוב
את גורמת לחשוב עלייך כל הלילה
לא אפסיק לאהוב
אמיתי וקרוב עד הסוף נרקוד ביחד

[וורס 2: סאבלימינל]
בא לי בא לי עליה כמה בא לי עליה
מה קורה פה לא יודע לא רואה ולא שומע
בא לי לומר לך את החיים שלי
ולתת לך ת'לילות ות'ימים שלי
אז תקשיבי לי כפרה אני לא רק מאוהב
למה כלום לא יהיה אותו דבר מעכשיו
זה הבום שהעיף לי את הלב מהגב
היקום הזה ענק ואין דבר מעליו

[וורס 3: אבי מסיקה]
איך שבאתי קלטתי את האחת
לשון בלעתי מהופנט אין חיבור לאדמה
""מסיקה"" חיי במציאות מדומה
היי סינגולדה נגן לה נגן
מתאפס על עצמי מתחמם מתקדם
פתאום אני מולה ולא הספקתי לחשוב
הדבר הראשון שיצא לי זה

[פזמון: אבי מסיקה]
את באה לי טוב
את גורמת לחשוב עלייך כל הלילה
לא אפסיק לאהוב
אמיתי וקרוב עד הסוף נרקוד ביחד

[פזמון: קובי פרץ]
את באה לי טוב
את גורמת לחשוב עלייך כל הלילה
לא אפסיק לאהוב
אמיתי וקרוב עד הסוף נרקוד ביחד

[גשר: סאבלימינל]
הי סינגולדה נגן לה נגן כן, הי סינגולדה נגן, תנגן
הי סינגולדה נגן לה נגן כן, הי סינגולדה נגן, אגיין כן
את באה לי טוב",0.0,0.0,0.0,1.0
Subliminal,Israel,Chalom Shel Kol Gever - חלום של כל גבר,"[גשר / אינטרו: גלעד ויטל]
את הסיבה שלי לחייך
רוצה להיות רק לידך
לילה ובתפילותי
אולי, את באה אליי

[פזמון: סאבלימינל]
החלום של כל גבר, שני קילומטר מעל כל היתר
רכה ועוטפת, יפה מתוקה כל מילה מלטפת
אני יודע, מישהו למעלה רואה ושומע
אז כשאני נוסע, רק מתפלל שישמור לי עליה

[וורס 1: סאבלימינל]
שנים אנחנו מכירים ושמרנו דיסטאנס
ידידים הכי טובים עשינו מיש-מש
אי אפשר לחסום את האמת
למה הכול יתנפץ אם לא נתן לזה לצאת
כולי ברעד, איך לעשות ת'צעד
איך לא לשרוף ת'גשר בדרכינו אל היעד
וול, קודם כל נחזיק יד ביד
נבנה חיים ולא נביט עליהם מהצד
היא מתרחקת בורחת כמו האופק
הכל דומם, שומם אין דופק
מתי תחזרי אליי
?נו מה כבר יש לחשוב על זה שבועיים בסיני
אז היא חוזרת פתאום הכל ברור לה
כתבה מחברת מה מותר ומה אסור (הא)
גם היא הבינה שזה זה
אז ניכנס ונראה מה יצא אם ננסה

[גשר: גלעד ויטל]
את הסיבה שלי לחייך
רוצה להיות רק לידך
לילה ובתפילותי
אולי, את באה אליי

[פזמון: סאבלימינל]
החלום של כל גבר, שני קילומטר מעל כל היתר
רכה ועוטפת, יפה מתוקה כל מילה מלטפת
אני יודע, מישהו למעלה רואה ושומע
אז כשאני נוסע, רק מתפלל שישמור לי עליה

[וורס 2: סאבלימינל]
אז איך הזמן עובר בצ'יק צק
כולך פראש כמו סוכרייה של טיק-טק
כובשת גם בלי איפור, גם בלי לק
ככה על הבוקר מעירה אותי פאק
וכל העול נמחק
!אשת חייל יש לי, מפקדת
אוהב ת'דרך שאת אוהבת
כל החיים סחבתי על הגב ת'צוות
באט, את פרי אהבתנו את סוחבת
בנינו בית, שני ילדים
לול ענק ג'ימבורי, ים צעצועים
נתת לי את הרגעים הכי גדולים לעד
הפכתי מאוהב למעריץ מספר אחד
אז, אני הראש, את הצוואר
אני חושב על היום, את מכינה למחר
מאיר פנים עם פרחים כל שבת
!כי הבית, הבסיס של כולנו זאת את

[גשר: גלעד ויטל]
את הסיבה שלי לחייך
רוצה להיות רק לידך
לילה ובתפילותי
אולי, את באה אליי

[פזמון: סאבלימינל]
החלום של כל גבר, שני קילומטר מעל כל היתר
רכה ועוטפת, יפה מתוקה כל מילה מלטפת
אני יודע, מישהו למעלה רואה ושומע
אז כשאני נוסע, רק מתפלל שישמור לי עליה",0.0,0.0,0.0,1.0
Tamer Nafar,Israel,Johnnie Mashi - جوني ماشي,"""كلمات تامر نفار ""جوني ماشي

[مقدمة]
جوني ماشي، وانا ماشي
وانا ماشي معاه

[المقطع الأول]
عرب ""شامينيت"" عرب فوريكس
حديث الساعة، الساعة روليكس
جدي سوپرمان، خلف 15
وانا بال سوپر فارم، بشتري دوريكس
ما في باليد حيلة، ليه اجيب عيل
ععالم منيل في 60 نيلة
عايشين عـ افلام ميا خليفة
وعلى افكار بغدادي خليفة
ف يا جوني اسكب
يا جوني اكبس ع زر ال إسكيپ
خدني ع كوكب الوساع فيه اكتر
بلا ايچو بلا بتاع مين اكبر
جاري ببيع كوك بال ميلي بشكيلي
عالعربيات اللي لابسات ال ميني
ف ميلي ميلي يا كائنات لميني
أنا وجاري، مادين ابهام بنستنى فيكي

[اللازمة]
جوني ماشي، وأنا ماشي
وأنا ماشي معاه
نص الكاسة، الملانة
شربتها من زمان
يا جوني صبلي صبلي
شو عملوا فيي هالايامات
يا جوني صبلي صبلي
بدل ما اغير العالم بغير حفاضات
يا جوني صبلي صبلي
خلينا بالشتات والشوطات
وكلو الحق عالمفتي
يا حبيبي بيبي بيبي بيبي مفتي
يا حبيبي بيبي بيبي بيبي مفتي
يا حبيبي بيبي بيبي بيبي مفتي

[المقطع الثاني]
جوني، حبة حبة، في شارعنا ما في محبة
""في مطبة، بدي ابيع ""حيشبونيت
اعمر ڤيلا واكتب عالدخلة
هذا من فضل ربي، ع قولة المتنبي
لم انظر خلفي، سأغادر
المتنبي او فيفي سنت، مش ذاكر
""بدي احرر الوطن، احط ""ڤي
وتشاو تشاو بامبينو انا مهاجر
يا جوني حبني
امسك راسي ، خدلي كبدي
خدني ع كوكب ما في جاذبية
لا أرض، لا لعلم، لا اناشيد وطنية
جاري ببيع كوك في الميلي بشكيلي
عالعربيات اللي لابسات الميني
ف ميلي ميلي يا كائنات لميني
انا علقان، بين جيرتي وبين ميري

[اللازمة]
جوني ماشي، وأنا ماشي
وأنا ماشي معاه
نص الكاسة، الملانة
شربتها من زمان
يا جوني صبلي صبلي
شو عملوا فيي هالايامات
يا جوني صبلي صبلي
بدل ما اغير العالم بغير حفاضات
يا جوني صبلي صبلي
خلينا بالشتات وال شوطات
وكلو الحق عالمفتي
يا حبيبي بيبي بيبي بيبي مفتي
يا حبيبي بيبي بيبي بيبي مفتي
يا حبيبي بيبي بيبي بيبي مفتي",0.0,0.0,0.0,1.0
Tamer Nafar,Israel,Lord of Revolution - إله الثورة,"English after Arabic

Marwan Makhoul featuring Tamer Nafar and Terez Suleiman

تيريز سليمان: إلهي!..
أعِدْني إلى الصّحراءِ
من فضلِك وامْحُ الحدودَ الّتي علَّبتني، وشوّهتْ وجهَ المدى

تامر نفار:
انصبلي خيمة عوتدين قبال الواحة
شوية أعشاب وحجرين بدال قداحة
هل يا ترى العالم, حينتبه عغيابنا؟
إلهي!.. أعِدْني إلى الصّحراءِ من فضلِك

بلا أيفون حوالين النار مع ولدي قاعد
بغنيله لزرياب برويله عن زمن غابر
بلا ما يصلو إس إم إس عن أخبار فضل شاكر
إلهي!.. أعِدْني إلى الصّحراءِ من فضلِك

لازمة تيريز سليمان:
الهي
وقف دوران العالم
مش قادرة اتحمل
دخت وبدي انزل

الهي
وقف دوران العالم
مش قادرة اتحمل
دخت وبدي انزل

مروان مخول:

في الغابِ ما ليسَ فينا؛ يأكلُ الوحشُ وحشًا
إنْ جاعَ لا وحشَيْنِ
الهي هَبْ لي بلادًا ملاذًا؛

لا دينَ فيهم ويحيَونَ في سِلمٍ كما ترى،
أمْ ترى اللّيث

يَقتلُ من أجلِ مذهبِهِ الطّائفيِّ ظبيًا، يا إلهي!؟
الهي هَبْ لي بلادًا ملاذًا؛

لازمة تيريز سليمان:
الهي
وقف دوران العالم
مش قادرة اتحمل
دخت وبدي انزل

الهي
وقف دوران العالم
مش قادرة اتحمل
دخت وبدي انزل



مروان مخول:

على ظهرِ الصّواريخِ أمريكا تُصَدِّرُ عدلَها العصريَّ،

يوميًّا روسيا تُمانعُ! فتزرعُ وردةً سوداءَ في البارجاتِ

على شاطئِ الشّرقِ المقدّسِ والمُكدّسِ بالمذابحْ

تامر نفار:
فش لوم عالغريب, مش اني عم بحن
بس اسم اللعبة سياسة و-ليت ذا بيست مان وين
واحنا  ""صامدون يا وطن"" تعرفو مين كمان صامد؟
الصنم, طيور العالم بتوسخ عليه وهو لا حراك
وبس بلم غبار عمدار الزمن, مش حلوم الزعيم, الزعيم
مجرد توب, بنخلعه وبنلبس غيره بس جسدنا بضله عفن
كمان طفلة, كمان طفلة  محروقة بين ايدين ابوها
بطلت احوق, هاي العراق, فلسطين مصر ولا سوريا
لو انحط بموقف مشابه اللي فيه فشلت احمي طفلي فا بسهولة
بقولها, اتركوا اولادي , وخدوا هالعروبة
الهي, سكر تم الوطنجيين وتجار الكليشيهات للحظة
مجبور اعترف, مش قادر اتباهى اني عربي اخر فترة
انا واعي انها مؤامرة بس حتى لو نتفق ونهتف انو
الغرب بزرع بينا الفتنة تعو نحاول نزرعها
بينهم وبنكتشف انو بس عقولنا الخصبة
لما الفردوس مات بعيون البشر الاول احنا اخدنا
من الورثة بس وحدة قابيل وهابيل الاخوة
وهم اخدو التفاحة وطوروها ل-اپيل
واحنا,لسا بنصنف وبنكمل نتمبل
هاد لوطي هاد نسونجي هاي عاهرة هاي قحبة
هاد اخونجي هاد ملحد ليش مش متجوزة يا معنسة
هاد سلفي هاد قبطي
اذا في ديني مكتوب تفرقة فانا بدي اكون امي
الهي, اذا هاد صوتك بالمنابر زي ما هم قايلين
فأهديني مكيف واحذفني اللي الجحيم مع باقي الصالحين

مروان مخول:
في بلادي سُنّةُ اللهِ شيعةُ الآخرينَ، والصّليبيّونَ يهودًا

يجلسونَ على الحِيادِ ولا حِيادَ على الجِياد!

Terez Suleiman :

Dear Lord ... return me to the wilderness

Erase the borders that have boxed me in

And defaced the horizon



Tamer Nafar (DAM)

Lets set a tent, on 2 pegs in front of a lamentation

Some herbs, and 2 rocks instead of a lighter

Do you think that the world will notice we are gone?

(Dear Lord ... return me to the wilderness)

Without an IPhone, I will sit with my son around the fire

I will sing to him Zeryab and tell him about our golden times

Without receiving any Sms’s about Fadel Shaker

(Dear Lord ... return me to the wilderness)





Terez Suleiman (Hook)

Dear Lord, can you stop

The earth from spinning?

I cannot take it anymore;

I feel dizzy and I want to come ",0.6517,0.024,0.016,0.96
Tamer Nafar,Israel,Ya Rit - يا ريت,"[المقطع الأول : تامر نفار]
اكتبلك أغنية حب ملانة كليشيهات
ببدع فكل اشي واشي، وبَبلّم بالاشي هاد
بدي اتخيل.. بوسة بالمطر, بطن بترجف..بس بكره المطر!
""تراوما""!
سقف بدلف! بحط طناجر في كل القُرن
المي في كل الغرف وصلتلي ""فُل"" للركب!
بدي أصُد النقط!
بحط اغنية الحب بالجارور..
بتعاود تعود، بعد ما افك كل العُقد..
فـ صفيت مبلول ع عتبتك..
إطلعيني من الشارع، دخلك
غطيني في ملابسك..
خايف أبيّن عريان وضعيف أنا جنبك..
اطردي مني جن الفقر اطردي مني جن القهر..
اطردي مني الشعور انه فش بكرا..
اطردي مني جن السم..
اطردي مني دين البنك..
احضنيني اكنه فش بكرا..!

[اللازمة]
ياريت ، يا ريت يا ويا ريت
اكتبلك قديش حبيتك..
بلا جدار لاني عم بشكي من حيط وبنبني حيط بيني وبينك
ياريت ، يا ريت يا ويا ريت
اكتبلك قديش حبيتك..
ياريت، يا ريت ويا ريت

[المقطع الثاني : تامر نفار]
محمود درويش كتب منصير شعب
""لما الشاعر يكتب وصف إباحي لبطن الراقصة""
الله يرحمك.. كنت بزودها!
منصير شعب:
""لما بطن الراقص ينوصف في اباحية ع إيدين شاعرة""!
فبكتُب..!
ضد الشرف اللي كتبوا الذكور
ضد حصار غزة
ضد اللي قطعوا النور..
بكتب للمخيم ضد الريس بالقصور
وحاليًا..
اغنية الحب لاجئة بالجارور
وانا لـَ عتبتك لاجئ.. ذكريني
الظلم مش حاجة بل حاجز
نزليلي ملابسي بلمسك، مستعد أبين عريان وضعيف انا جنبك!
حطي فيّ جن العاشقة..
حطي فيّ جن الثائرة..
اللي بتطالب بالارض وفي شفافي
حطي فيي جن الناضجة..
حطي فيي جن الواثقة..
ما اخاف عليكي ولا اخافك

لنذهب كما نحن ، عاشقة ً حرةً
وشاعرها
لنذهب معا في طريقين مختلفين..
لنذهب كما نحن متحدين ومنفصلين
لنذهب معا
ولنكن طيبين

[اللازمة]
ياريت يا ريت يا ويا ريت
اكتبلك قديش حبيتك..
بلا جدار لاني عم بشكي من حيط وبنبني حيط بيني وبينك!
ياريت, يا ريت يا ويا ريت
اكتبلك قديش حبيتك..
ياريت، يا ريت ويا ريت..",0.0,0.0,0.0,1.0
Noa,Israel,Плоский круг (Flat Circle),"[Текст песни «Плоский круг»]

[Припев]
Маются, тают секунды
На лицо стелется сумрак
Тёплой рукой укроют
Алые волны, алые волны
Скоро всё станет никчёмным
Больше не прячутся в чёрном
Цифры стекают в ладони
С края Луны, с края Луны

[Куплет 1]
Кто выбирает цвета? (Кто выбирает цвета?)
Закончилось одно пустое лето
Слова мутны ото льда
Разбилось то, что было не согрето
Нами
Время как стекла
Под ногами

[Припев]
Маются, тают секунды
На лицо стелется сумрак
Тёплой рукой укроют
Алые волны, алые волны
Скоро всё станет никчёмным
Больше не прячутся в чёрном
Цифры стекают в ладони
С края Луны, с края Луны

[Куплет 2]
Что же душу манит сюда, сюда?
Тут свет только эхом: «Отдай, отдай»
И чья будет в этом вина, вина, вина?
Как же запомнить?
Доля секунды
Позже не будет
Трескались губы
Дай мне подумать
От грани до круга тянутся Луны
Ты бы закрыл лицо
А я просто смотрю на всё

[Аутро]
Я просто смотрю на всё
Я просто смотрю на всё
Я просто смотрю на всё
Я просто смотрю на всё
Я просто смотрю на всё
Я просто смотрю на всё
Я просто смотрю на всё
Я просто смотрю на всё
Я просто смотрю",0.0,0.0,0.0,1.0
Noa,Israel,Будем (Will Be),"[Chorus]
Если ошибаться уместно
Будем умней
Будем умней
Только пустота вместо сердца
Но не жалей
Но не жалей
Если ошибаться уместно
Будем умней
Будем умней
Только пустота вместо сердца
Но не жалей
Но не жалей

[Verse]
Тем же днем
На потом
Может все и кажется
Но не остаться нам
Здесь вдвоем
В осколках огней ночь за окном
Разве ты не догадалась, как мы далеко?
Не напоминай мне
Память — это боль, я потопил ее
Не меняй местами гордость и любовь
Оставайся в коме снова
Это все
Обвела, обвела, обвела
Нас зима
Города, расстояния, ложь
Свели с ума

[Chorus]
Если ошибаться уместно
Будем умней
Будем умней
Только пустота вместо сердца
Но не жалей
Но не жалей
Если ошибаться уместно
Будем умней
Будем умней
Только пустота вместо сердца
Но не жалей
Но не жалей",0.0,0.0,0.0,1.0
Noa,Israel,Вся моя (All Mine),"[Текст песни «Вся моя»]

[Интро]
У, у, у, я
У, я, я, я, у
Я, я, эй, ах

[Куплет]
Чья тоска привела сюда? (Привела сюда) Ах
Ты растаял как зима-а (У, как зима, я), ха
Такой родной стала западня (Стала западня)
Освободиться можно, только зря
Десять шагов вокруг моей орбиты (У-у-у)
Тянет ближе, отпускай (Ещё чуть-чуть и словишь high)
Движений губ лови, не прикасайся (У-у-у)
Просто молча наблюдай
Давай любить друг друга без пристрастий, будто бы мы не мы (Эй, я, эй, я)
Она слепа от страсти, свет — это Божий лик (Эй, я, эй, я)
Она визжит от счастья, спрячь это под язык (Эй, я, эй, я)
Конечно, безопасно (Эй, я), слышишь? Слышишь? Эй
Снова ты сходишь с ума (С ума), ну как можно? (Как дождь)
Безумие — тоже игра (Игра), теперь тошно (Тошно)
Трение тел, духота (Духота) — наш космос (Космос)
Мы отмотаем назад (Назад) и что после?

[Предприпев]
Эй
Снова мы на берегу океана
Твое тело в одеяле тумана
О-о, сегодня ты вся моя

[Припев]
(У) Вся моя, вся моя
Вся моя, вся моя
У, ты вся моя (Ты вся моя)
У, ты вся моя (Ты вся моя), ах
Вся моя, вся моя
Вся моя, вся моя
У, ты вся моя (Ты вся моя)
У, ты вся моя (Ты вся моя), ах
Вся моя, вся моя (Десять шагов вокруг моей орбиты)
Вся моя, вся моя
У, ты вся моя (Тянет ближе, отпускай)
У, ты вся моя, ах (Ещё чуть-чуть и словишь high)
Вся моя, вся моя (Движений губ лови, не прикасайся)
Вся моя, вся моя
У, ты вся моя (Просто молча наблюдай)
У, ты вся моя, ах",0.0,0.0,0.0,1.0
Aviv Geffen,Israel,Or Hayare’ach - אור הירח,"[פתיח]

[בית]
כשאלוהים ברא ת'חושך, הוא ברא לנו ירח
שיראו איך אנחנו בודדים
את הירח שם גבוה, שלא נוכל ליגוע
ויש כמה שעדיין מנסים

[פזמון]
הילדים מתעופפים, כדורים כחולים סגולים
והאור שמלווה אותו צונח, זה אור הירח
זה רק אור הירח

הילדים נעלמים, עמודים בעיתונים
והאור שמלווה אותו צונח, זה אור הירח
זה רק אור הירח

[בית]
כשאלוהים ברא ת'חושך, הוא ברא לנו ירח
שיראו איך אנחנו פוחדים
את הירח שם גבוה, שלא נוכל ליגוע
ויש כמה שעדיין מנסים

[פזמון]
הילדים מתעופפים, כדורים כחולים סגולים
והאור שמלווה אותו צונח, זה אור הירח
זה רק אור הירח

הילדים במשברים, ההורים כחולים סגולים
והאור שמלווה אותו צורח, זה אור הירח
זה רק אור הירח

[סגיר]
אור הירח, אור, אור, אור, אור
אור, אור, אור, אור
אור, אור, אור, אור
אור הירח, זה רק אור הירח
אור הירח, זה רק אור הירח
אור הירח, בן אדם הוא שמח
כי יש לו אור של ירח
אור הירח, הירח
זה רק אור הירח",0.0,0.0,0.0,1.0
Aviv Geffen,Israel,Onot - עונות,"[בית 1]
את הגעת שלובה עם חורף
עם חיוך בשתי עינייך
הסתכלת עליי וכבר הבנתי איך
איך שלכת אהבה
נופלת על אדמת חיינו
מה עושים עכשיו?"", שאל אותי ליבך""

[פזמון]
כוכבים מעלינו
כמו יודעים על כל שמתרחש
לא עושים עניין לזמן
לא אכפת לנו לאן

[בית 2]
את היית באיזה חודש
וחיכינו כבר לילד
כשנולד, אני קראתי לו אביב
כי הוא סימל תקופת ביניים
כשחיכיתי בינתיים כבר לחופש
ששום איש אינו משיב

[פזמון]
את בכית כשעזבתי
לטובת ערוגות שבכפר
שם זרעתי התחלה
שם קצרתי משפחה

[בית 3]
והנה קיץ שכוב לו
בגינה ליד הילד
שהביט בי ובשתי עיניו עצבות
תחזור לאימא"", הוא לחש לי""
ואני פתאום הרגשתי
איך החופש אט הופך לו לבדידות

[פזמון]
בחלון משפחה מטיילת
וילדי כבר נרדם על ספה
ופתאום את חסרה
בליבי האור כבה

[בית 4]
אז עם הסתיו חזרתי
ועל צווארך הנחתי
שרשרת הבטחות אמיתיות
יקירתי, אנא סלחי לי
אני יודע שטעיתי
!כמו הטבע, גם ללב ארבע עונות, כן

[סיום]
יקירתי, אנא סלחי לי
אני יודע שטעיתי
!כמו הטבע, גם ללב ארבע עונות, כן",0.0,0.0,0.0,1.0
Aviv Geffen,Israel,Achshav Meunan - עכשיו מעונן,"[בית ראשון]
במקום מסוכן, שנקרא לו הבית
גר אדם מבולבל, שנקרא לו אני
ולמרות שיש שמש, יש הרבה אנשים אפורים

[בית שני]
במקום די מגעיל, שנקרא לו הבית
גר אדם מבולבל, שנקרא לו אני
כי למרות שיש כסף, יש הרבה אנשים עניים

[פזמון]
עכשיו מעונן, עכשיו מעונן
עכשיו מעונן, עכשיו מעונן

[בית שלישי]
במקום די מגעיל, שנקרא לו הבית
ההורים נפרדים, שיהיה יותר טוב
אבל הבית שלי, הוא נמצא בין רחוב לרחוב

[בית רביעי]
במקום די מפחיד, שנקרא לו הבית
בן אדם שם שותה בקבוק אחרי בקבוק
הבן אדם הזה הוא האבא שלי בדיוק

[פזמון]
אולי עכשיו מעונן, עכשיו מעונן
עכשיו מעונן, עכשיו מעונן

[סיום]
אנחנו דור מזויין, עכשיו מעונן
אנחנו דור מזויין, עכשיו מעונן
רוצים ללכת מכאן (מכאן, מכאן), עכשיו מעונן
אנחנו דור מזויין, עכשיו הכול מעונן
עכשיו מעונן",0.0,0.0,0.0,1.0
Idan Raichel,Israel,Achshav Nish’arnu Shney’nu - עכשיו נשארנו שנינו,"ועכשיו נשארנו שנינו
לא צריך לחלום בגדול
כוס קפה על המרפסת
סתם להעביר את היום

לשבת מול השמש
מול הים
לנשום אוויר נקי של העולם
עכשיו נשארנו שנינו

שלא נישאר לבד
מישהו להעביר איתו את הלילה
שיישאר ליד
לספר לו איך עבר היום

שלא נישאר לבד
מישהו להעביר איתו את הלילה
שיישאר ליד
לספר לו איך עבר היום

ועכשיו נשארנו שנינו
לא צריך לחלום בגדול
כוס קפה על המרפסת
סתם להעביר את היום

לשבת מול השמש
מול הים
לנשום אוויר נקי של העולם
עכשיו נשארנו שנינו

שלא נישאר לבד
מישהו להעביר איתו את הלילה
שיישאר ליד
לספר לו איך עבר היום

שלא נישאר לבד
מישהו להעביר איתו את הלילה
שיישאר ליד
לספר לו איך עבר היום

שלא נישאר לבד
מישהו להעביר איתו את הלילה
שיישאר ליד
לספר לו איך עבר היום

שלא נישאר לבד
מישהו להעביר איתו את הלילה
שיישאר ליד
לספר לו איך עבר היום",0.0,0.0,0.0,1.0
Idan Raichel,Israel,Ve’eem Tavo’ee Elay - ואם תבואי אליי,"[בית]
עכשיו הגיע הרגע
הרי חיכית לי ואני תמיד חיכיתי לך
והנה היום הזה הגיע
עכשיו מבטיח שאף פעם לא תהיי לבד

[טרום-פזמון]
ואם פתאום תיעלמי, אחכה כל הלילה
ואלחש בתפילה שאליי תחזרי

[פזמון]
ואם תבואי אליי, נישאר כל הלילה
ואלחש לך מילים שתדעי שאני שלך
ובבוקר תראי, נישאר ביחד
הולכים את הדרך הזו, לתמיד יד ביד
ואם תבואי אליי, נישאר כל הלילה
ואלחש לך מילים שתדעי שאני שלך
ובבוקר תראי, נישאר ביחד
הולכים את הדרך הזו, לתמיד יד ביד

[בית]
עכשיו הגיע הרגע
הרי חיכית לי ואני תמיד חיכיתי לך
והנה היום הזה הגיע
עכשיו מבטיח שאף פעם לא תהיי לבד

[טרום-פזמון]
ואם פתאום תיעלמי, אחכה כל הלילה
ואלחש בתפילה שאליי תחזרי

[פזמון]
ואם תבואי אליי, נישאר כל הלילה
ואלחש לך מילים שתדעי שאני שלך
ובבוקר תראי, נישאר ביחד
הולכים את הדרך הזו, לתמיד יד ביד
ואם תבואי אליי, נישאר כל הלילה
ואלחש לך מילים שתדעי שאני שלך
ובבוקר תראי, נישאר ביחד
הולכים את הדרך הזו, לתמיד יד ביד",0.0,0.0,0.0,1.0
Idan Raichel,Israel,Eem Rak Taskimi - אם רק תסכימי,"[בית 1]
מישהו מוכן לנוע בשבילך אם רק תסכימי
מה שלא יקרה יהיה לך טוב יותר
מישהו מוכן ללכת לצידך אם רק תסכימי
אם רק תפסיקי למהר

[פזמון]
הכוכבים ייפלו עלייך אם רק תסכימי
גם הירח מעצמו ירד
רוחות טובות יבואו רק אלייך
ישבו על צווארך אם רק תסכימי
גם הירח מעצמו ירד
גם הירח מעצמו ירד

[בית 2]
מישהו מוכן לנוע לצידך אם רק תסכימי
מה שלא יקרה יהיה לך קל יותר
מישהו מוכן לגעת בליבך אם רק תסכימי
אם רק תרשי לו לדבר

[פזמון]
הכוכבים ייפלו עלייך אם רק תסכימי
גם הירח מעצמו ירד
רוחות טובות יבואו רק אלייך
ישבו על צווארך אם רק תסכימי
גם הירח מעצמו ירד
גם הירח מעצמו ירד
הכוכבים ייפלו עלייך אם רק תסכימי
גם הירח מעצמו ירד
רוחות טובות יבואו רק אלייך
ישבו על צווארך אם רק תסכימי
גם הירח מעצמו ירד
גם הירח מעצמו ירד",0.0,0.0,0.0,1.0
Yasmin Levy,Israel,Una Noche Mas,"[Letra de ""Una Noche Más""]

[Verso 1]
Recuerdo tu imagen alejándose
La tierra se hundía bajo mis pies
Fui cayéndome al vacío
Sin poderme agarrar a la vida
¿Cómo pude imaginarme
Que tenía algo que darte?
Y yo en mi madurez y tú
En tu plena juventud
Los años no perdonan

[Estribillo]
Sólo te ruego que me des
Una noche de amor
Sólo pido una noche más
Que me vuelvas a engañar

[Verso 2]
Te maldigo para que no puedas llorar
Que tu corazón se vuelva una piedra
Que tu alma pierda su alegría
A la vez que mi cuerpo envejece

[Estribillo]
Sólo te ruego que me des
Una noche de amor
Sólo pido una noche más
Que me vuelvas a engañar",0.25,0.06,0.06,0.88
Yasmin Levy,Israel,Adio Kerida,"Adio
Adio kerida
No kero la vida
Me l'amargates tu

Adio
Adio kerida
No kero la vida
Me l'amargates tu

Tu madre kuando te pario
Y te kito al mundo
Korason ella no te dio
Para amar segundo
Korason ella no te dió
Para amar segundo

Adio
Adio kerida
No kero la vida
Me l'amargates tu

Adio
Adio kerida
No kero la vida
Me l'amargates tu

Va, bushkate otro amor
Aharva otras puertas
Aspera otro ardor
Ke para mi sos muerta
Aspera otro ardor
Ke para mi sos muerta

Adio
Adio kerida
No kero la vida
Me l'amargates tu

Adio
Adio kerida
No kero la vida
Me l'amargates tu

Adio
Adio kerida
No kero la vida
Me l'amargates tu

Adio
Adio kerida
No kero la vida
Me l'amargates tu",-0.9186,0.028,0.153,0.819
Yasmin Levy,Israel,La Alegría,"Yo bebo y bebo y bebo para olvidarte
Yo duermo y duermo y duermo para no pensar
Maldito mundo
Vivir para pagar por el pecado de amarte
Maldita tú
Suéltame

Te digo que vida no tengo
Y es por tu culpa
Las noches igual que los días
De soledad
Oh Dios mío
Ayúdame para matar este amor
Que está en mi corazón
Bendito Dios
Sálvame

Solo caminando en el camino de este mundo
Y no tengo más fuerza para luchar
Yo pensaba que amarte fue el remedio del dolor
Pero el dolor se hizo grande más y más
Te dejo para siempre, vida mía, no te olvides
Que soy hombre que existe para ti
Y el cante de mi vida te regalo para siempre
Hasta que llegue el día del morir",-0.4215,0.029,0.063,0.908
Arik Einstein,Israel,Atur Mitzchech - עטור מצחך,"עטור מצחך זהב שחור
אינני זוכר אם כתבו כך בשיר
מצחך מתחרז עם עיניים ואור
אינני זוכר אם חרזו כך בשיר
אך למי שתהיי
חייו מלאי שיר

חלוקך הורוד צמרירי ורך
את בו מתעטפת תמיד לעת ליל
לא הייתי רוצה להיות לך אח
לא נזיר מתפלל לדמותו של מלאך
ורואה חלומות עגומים של קדושה
ולמולו את אישה

את אוהבת להיות
עצובה ושותקת
להקשיב לסיפור על קרוב על רחוק
ואני, שלא פעם אביט בך בשקט
אין קול ודברים
שוכח הכל על אודות אחרים

שוכנת נפשי בין כתלי ביתך
ושבויה בין כתלייך
ממני נפרדת
עת אני בגופי נפרד ממך

פרוש חלומי כמרבד לרגליך
צעדי אהובה על פרחיו פסיעותיך
לבשי חלוקך הורוד לעת ליל
עוד מעט ואבוא אלייך

[גשר]

עטור מצחך זהב שחור
יקרב אל שפתי כחרוז אל שיר
אז אלחש באזניך עד בוקר עד אור
כשיכור
עטור מצחך זהב שחור

עטור מצחך זהב שחור
אינני זוכר אם כתבו כך בשיר
מצחך מתחרז עם עיניים ואור
אינני זוכר אם חרזו כך בשיר
אך למי שתהיי
חייו מלאי שיר",0.0,0.0,0.0,1.0
Arik Einstein,Israel,Adon Shoko - אדון שוקו,"['בית א]
אדון שוקו הולך לבקר
חבר שלו, אדון שוקו אחר
הוא מצחצח נעליו, מסרק שערו
והולך עם מקל ומגבעת

['בית ב]
בוקר, רוח קלה
והינה
בית ירוק, דלת אדומה
גלין, גלין, גלין בפעמון

[פזמון]
""בוקר טוב, אדון שוקו""
""בוקר טוב, אדון שוקו""
""?מה נעשה""
אולי נלך לבקר""
""חבר שלנו, אדון שוקו אחר
שוקו, שוקו

[מעבר אינסטרומנטלי]

['בית ג]
שני אדונים שוקולדים ברחובות צועדים, הולכים
זה עם זה מדברים
בוקר, רוח קלה
והנה - בית צהוב
דלת ירוקה, גלין גלין, גלין
בפעמון

[פזמון]
""לפני צהרים טוב""
""לפני צהרים טוב""
""?מה נעשה""
אולי נלך לבקר""
""חבר שלנו, אדון שוקו אחר
שוקו, שוקו

[מעבר אינסטרומנטלי]

['בית ג]
שלושה אדונים שוקולדים ברחובות צועדים
צהריים ושמש חם
אני עייף"" אומר אדון שוקו""
אני רעב"" אומר אדון שוקו""
אני צמא"" אומר אדון שוקו""

[מעבר אינסטרומנטלי]

['בית ד]
שלושה אדונים שוקולדים צועדים למסעדה
שלושה אדונים
יושבים סועדים סלט ומרק ופלפל ממולא
וכבר לא ילכו לבקר
חבר שלהם, אדון שוקו אחר
שוקו, שוקו, שוקו

['בית א]
אדון שוקו הולך לבקר
חבר שלו, אדון שוקו אחר
הוא מצחצח נעליו, מסרק שערו
והולך עם מקל ומגבעת

['בית ב]
בוקר, רוח קלה
והינה
בית ירוק, דלת אדומה
גלין, גלין, גלין בפעמון

[סגיר]
שוקו, שוקו
שוקו, שוקו",0.0,0.0,0.0,1.0
Arik Einstein,Israel,Ani Ve’ata - אני ואתה,"אני ואתה נשנה את העולם
אני ואתה אז יבואו כבר כולם
אמרו את זה קודם לפני
לא משנה - אני ואתה נשנה את העולם

אני ואתה ננסה מהתחלה
יהיה לנו רע, אין דבר זה לא נורא
אמרו את זה קודם לפני
זה לא משנה - אני ואתה נשנה את העולם

אני ואתה נשנה את העולם
אני ואתה אז יבואו כבר כולם
אמרו את זה קודם לפני
לא משנה - אני ואתה נשנה את העולם",0.0,0.0,0.0,1.0
Omar Souleyman,Syria,Warni Warni,"Come to me come to me
Oh beautiful, you charmed me with your dark complexion
You can have me and my love easily
You can have me and my love easily
Oh beautiful, you charmed me with your dark complexion
You can have me and my love easily
Oh beautiful, you charmed me with your dark complexion
They told me that we'll get married, I cannot live without you
They told me that we'll get married, I cannot live without you
You're for me like the water and the air that I breathe that I cannot survive without
They told me that we'll get married, I cannot live without you
They told me that we'll get married, I cannot live without you
You're like the water and the air that I breathe that I cannot survive without
Come to me come to me
Oh beautiful, you charmed me with your dark complexion
You can have me and my love easily
Oh beautiful, you charmed me with your dark complexion
May God punish who tries to separate you and me
May God punish who tries to separate you and me
When are we going to be together for you to hold me in your arms?
Come to me come to me
Oh beautiful, you charmed me with your dark complexion
You can have me and my love easily
Oh beautiful, you charmed me with your dark complexion",0.9975,0.291,0.029,0.68
Omar Souleyman,Syria,Wenu Wenu,"Where is she? Where is she?
The one who I loved where is she?
Where is she? Where is she?
The one who I loved where is she?
And with her delicate mouth
Who kills with her beautiful eyes
And with her delicate mouth
Who kills with her beautiful eyes
Tell me how are you my love?
You, the one with a beautiful good heart
Tell me how are you my love?
You, the one with a beautiful good heart
You didn't want me to suffer
You, my precious beloved
You didn't want me to suffer
You, my precious beloved
Where is she? Where is she?
The one who I loved where is she?
Where is she? Where is she?
The one who I loved where is she?
How are you doing my treasure?
You're always on my mind
How are you doing my treasure?
You're always on my mind
Though you're torturing me
I can never forget you
Though you're torturing me
I can never forget you
Where is she? Where is she?
Who kills with her beautiful eyes
Where is she? Where is she?
And with her delicate mouth
And with her delicate mouth
Who kills with her beautiful eyes
Where is she? Where is she?
And with her delicate mouth
Where is she? Where is she?
The one who I loved where is she?
And with her delicate mouth
Who kills with her beautiful eyes
Where is she? Where is she?
The one who I loved where is she?
And with her delicate mouth
Who kills with her beautiful eyes",0.9966,0.299,0.106,0.595
Omar Souleyman,Syria,Mawal Jamar,"He did not bury me, he did not bury me
He buried the pain in my heart but did not bury me
He did not bury me
He buried the pain in my heart but did not bury me
He did not bury me
All summer’s nights didn’t warm me
All summer’s nights didn’t warm me
My own brother whom I’d give my life for, didn’t bury me
My own brother whom I’d give my life for, didn’t bury me
Instead he betrayed me
I would walk on coal
I would walk on coal for you
I would walk on coal for you
And dig my own grave before I see you getting married
And dig my own grave before I see you getting married
Oh god oh god

I wish the morning didn’t come
I wish the morning didn’t come
And the darkness of the night continued
I wish the morning didn’t come
And the darkness of the night continued
When I kissed you I felt like I am in heaven
And I would hold you tight my arms
When I kissed you I felt like I am in heaven
And I would hold you tight in my arms",0.977,0.197,0.095,0.708
Kinan Azmeh,Syria,Dear Hijabi,"You look at her and call her opressed
And judge her because of the way she is dressed
You know nothing of the person behind of the clothes that she wears with pride
He is always her choice
She is no man's slave
And the attention from God is the only attention she craves
Her body is not for your eyes to explore
Speak to her minds, not her feminine form

Look, her honour is bеneath her hijab
Given to hеr by the wise Allah
It is a symbol of her faith
She makes it known who she is and she will not break
She's a woman of piety
Not a slave to society
She represents our history
A legacy of strength, courage and ultimate victory
So my sisters in Islam, who are struggling to wear your hijab
Remember you're representing a long lifeline of the greatest women known
You fall for the ultimate cause
Your body is not for their eyes to explore
Speak to her minds, not her feminine form
Wear your crown and wear it proudly since you are a queen",0.9729,0.137,0.024,0.839
Kinan Azmeh,Syria,Signs of the Day,"The prophet said 'there are many signs that will come in regards to the end of time'
He said, 'there will come a time upon my nation
When men will follow me, but be blind and impatient
They call themselves believers when around believers
But when alone they forget me
They pray their five daily prayers, but their prayers arеn't prayed correctly'
He said, 'high builds will sprеad in Muslim lands and they'll scrape the sky'
The tallest building in the world right now is in Dubai
People will swear in the name of God without filling their oath
People will curse their own fathers and boast

Bribery and adultery prevails
It will be most common to sell yourself
And people will neglect the hereafter in order to buy the luxuries of this world
He said 'that the Muslims of the future will live in a time where sins will be taken lightly'
Human life will not be as valuable as gold
When a mother gives birth to a daughter or son, that child will become the boss of the mother by five years old
He said that the son will choose his friend over his father
This shocked the sahaba
See in their time that was unusual but to us this is usual
How many do you know that would rather be out with their friends than at home with their father

People will compete over materialism and technology
Everybody wants the new iPhone and to win the lottery
He said the people of the world will one day hear the adhan, the prayer, the call
He said that the Muslims will conquer Constantinople
Seven hundred years later they did, now it's called Istanbul
He said many husbands and wives will divorce
The women will be dressed but look undressed
Doesn't this sound like my city or yours?
They'll walk in a seductive manner, the new fashions upon their head
They'll cover their face in chalk
People will follow celebrities step-by-step even if they were to lead to be a corpse

He said that their leaders will lead them astray
When their believes in the evening and disbelievers by the day
When fires are said to be water and water is said to be fire
When the person who is a liar is said to be trustworthy
And the trustworthy person is said to be a liar
And you always find yourself around those who have no fear of God in their hearts
When the evil will outweigh the good parts
When the scholars become hypocrites
When the righteous people give fame to criminals and make them exhibitionists
When the modesty and evil will expand and spread through the lands and make everybody a religionist
Now doesn't that sound like the world we're livin' in?
The prophet said if you see this happenin' in your time, seek refuge, seek refuge",-0.9651,0.09,0.126,0.784
Lena Chamamyan,Syria,Lama Bada Yatathana - لما بدا يتثنى,"[اللازمة]
لما بدا يتثنى
لما بدا يتثنى
حِبي جماله فتننا
أمر ما بلحظة أسرنا
غُصن ثنى حين مال
لما بدا يتثنى
لما بدا يتثنى
حِبي جماله فتننا
أمر ما بلحظة أسرنا
غُصن ثنى حين مال

[المقطع]
وعدي ويا حيرتي
وعدي ويا حيرتي
من لي رحيم شكوتي
في الحب من لوعتي
إلا مليك الجمال
إلا مليك الجمال
إلا مليك الجمال
إلا مليك الجمال

[اللازمة]
لما بدا يتثنى
لما بدا يتثنى
حِبي جماله فتننا
أمر ما بلحظة أسرنا
غُصن ثنى حين مال
لما بدا يتثنى
لما بدا يتثنى
حِبي جماله فتننا
أمر ما بلحظة أسرنا
غُصن ثنى حين مال

[المقطع]
وعدي ويا حيرتي
وعدي ويا حيرتي
من لي رحيم شكوتي
في الحب من لوعتي
إلا مليك الجمال
إلا مليك الجمال
إلا مليك الجمال
إلا مليك الجمال
آمان، آمان
آمان، آمان",0.0,0.0,0.0,1.0
Lena Chamamyan,Syria,Bali Ma’ak - بالي معاك,"[اللازمة]
بالي معاك
بالي، بالي، بالي، بالي
يا أبو الجبين
عالي، عالي، عالي، عالي
وحياة سواد عينيك يا حبيبي
غيرك ما يحلالي
غيرك ما يحلالي

[المقطع الأول]
عمري ما راح يرتاح يا حبيبي
والشوق في قلبي يقيد
فكري معاك نوّر يا حبيبي
غيرك ما يحلالي
غيرك ما يحلالي

[المقطع الثاني]
القلب لو قال آه يا حبيبي
آهاته تكويني
إنت بقى الدنيا يا حبيبي
بقربك هتحلالي
بقربك هتحلالي

[اللازمة]
بالي معاك
بالي، بالي، بالي، بالي
يا أبو الجبين
عالي، عالي، عالي، عالي
وحياة سواد عينيك يا حبيبي
غيرك ما يحلالي
غيرك ما يحلالي
بالي معاك
يا أبو الجبين
وحياة سواد
غيرك ما يحلالي
غيرك ما يحلالي
بالي معاك
وحياة سواد
غيرك ما يحلالي
غيرك ما يحلالي",0.0,0.0,0.0,1.0
Lena Chamamyan,Syria,Ya Msafera - يا مسافرة,"[اللازمة]
يا مسافرة في البحر جاية أودعك
حمل سلامي للهوى، وأدي معك
يا مسافرة في البحر جاية أودعك
حمل سلامي للهوى، وأدي معك
لكن بخاف من الهوى ومَر النسيم
قلبي بروحي يوصلك ويرجعك
قلبي بروحي يوصلك ويرجعك

[المقطع الأول]
ساعة نزولك في البابور لا تفزعي
قلبي موتور والبحر من مدمعي
ضلي أذكريني في غيابك وإرجعي
ضلي أذكريني في غيابك وإرجعي
لزيلي قلبي وهو يبقى يتبعك
لزيلي قلبي وهو يبقى يتبعك

[اللازمة]
يا مسافرة في البحر جاية أودعك
حمل سلامي للهوى، وأدي معك
لكن بخاف من الهوى ومَر النسيم
قلبي بروحي يوصلك ويرجعك
قلبي بروحي يوصلك ويرجعك

[المقطع الثاني]
روحي بسلام يا حياتي بخاطرك
تبقي إكتبيلي إن كان شي بخاطرك
على الشط فوق الرمل قاعد ناطرك
آمان، آمان
لترجعي من البحر تارجع معك
لترجعي من البحر تارجع معك

[اللازمة]
يا مسافرة في البحر جاية أودعك
حمل سلامي للهوى، وأدي معك
يا مسافرة في البحر جاية أودعك
—حمل سلامي للهوى، وأدي",0.0,0.0,0.0,1.0
Fairuz,Syria,Diva,"[Songtext zu ""Diva""]

[Part 1]
Jungs hängen auf den Straßen neben ihrem Wagen
Warten  wie die Geier eine Frau darin zu jagen
Nenn  mich nicht habibti du hast mir nichts zu sagen
Nicht wie eine Bitch, 'ne Diva ist nicht leicht zu haben
Ziehen alle Nasen, reden über Scheine
Business  von der Straße machen echte Männer leise
Denken  wegen Bart werden sie zum Mann
Klick auf ihr Profil nur 100 Filter - Instagram
Ruf  mich nicht an, ich drück dich weg
Mailbox geht an, du redest nur Dreck

[Bridge]
An die Girls die das hören es ist nicht immer leicht eine Diva zu sein
Doch wir sind nicht allein
Denn  die Boys die das fühlen die sind immer bereit
Für dich Gangster zu sein wenn du sagst

[Hook]
Baby nenn mich Diva yeah
Ich lauf jeden Tag in Heels komme trotzdem an mein Ziel
Babe ich bin 'ne Diva yeah
Und ich scheiß auf dein CL ich mach lieber selber Geld
Baby nenn mich Diva yeah
Ich lauf jeden Tag in Heels komme trotzdem an mein Ziel
So wie eine Diva yeah
Und ich scheiß auf dein CL ich mach lieber selber Geld

[Part 2]
Diva ist ein Lifestyle den musst du nicht verstehn
Shoutout an die Girls ich weiß ihr werdet das hier sehn
Spürst du diesen Beat, das hier ist für euch
Damit ihr kleinen Pisser endlich lernt was ihr läuft
Das hier ist nicht einfach glaub mir man ich weiß das
Musst dich erst beweisen das [?] woran du scheiterst
Fällt die Krone runter heb ich sie wieder auf
Eine Diva steht für Stärke eine Frau weiß was sie braucht
Yallah geh mir aus dem Weg ich will dich nicht mehr sehn
Bin mit meinen Girls und trag den Highlighter on fleek
Hier nochmal für dich Beyonce hat gesagt
""A Diva is a female version of a hustler""

[Bridge]
An die Girls die das hören es ist nicht immer leicht eine Diva zu sein
Doch wir sind nicht allein
Denn die Boys die das fühlen die sind immer bereit
Für dich Gangster zu sein wenn du sagst

[Hook]
Baby nenn mich Diva yeah
Ich lauf jeden Tag in Heels komme trotzdem an mein Ziel
Babe ich bin 'ne Diva yeah
Und ich scheiß auf dein CL ich mach lieber selber Geld
Baby nenn mich Diva yeah
Ich lauf jeden Tag in Heels komme trotzdem an mein Ziel
So wie eine Diva yeah
Und ich scheiß auf dein CL ich mach lieber selber Geld
Baby nenn mich Diva yeah
Ich lauf jeden Tag in Heels komme trotzdem an mein Ziel
Babe ich bin 'ne Diva yeah
Und ich scheiß auf dein CL ich mach lieber selber Geld
Baby nenn mich Diva yeah
Ich lauf jeden Tag in Heels komme trotzdem an mein Ziel
So wie eine Diva yeah
Und ich scheiß auf dein CL ich mach lieber selber Geld

Ich mach lieber selber Geld",-0.9906,0.049,0.106,0.845
Fairuz,Syria,Nasib,"[Intro: Lucry, Suena]
Lucry, Suena

[Bridge]
Ich würde es nicht mal ändern, wenn ich könnte
Irgendwann wär's sowieso passiert
Das Schicksal liegt nicht mehr in meinen Händen
Isma'u Nasib

[Part 1]
Hab an dich geglaubt, immer blind vertraut
Als du am Boden lagst, hab ich dich wieder aufgebaut
Alles anders jetzt, du hast mich ersetzt
Durch eine Frau, von der du dachtest, dass sie besser ist
Hat mir weh getan, als du bei ihr warst
Doch ist mir langsam scheißegal, ich komm alleine klar
Ich komm alleine klar

[Bridge]
Ich würdе es nicht mal ändern, wenn ich könntе
Irgendwann wär's sowieso passiert
Das Schicksal liegt nicht mehr in meinen Händen
Isma'u Nasib

[Hook]
Gestern weinte ich nach dir
Und jetzt weinst du nach mir
Man bekommt das, was man gibt
Isma'u Nasib

Gestern weinte ich nach dir
Und jetzt weinst du nach mir
Man bekommt das, was man gibt
Isma'u Nasib (Isma'u Nasib)

[Part 2]
Bist die Nacht allein, sie kommt nicht mehr heim
Ich weiß genau, du weißt, sie schläft mit jemand anderem ein
Hab dich ausgetauscht, stehst alleine da
Sag mir nicht, dass du mich brauchst, weil du gerade keinen hast
Es ist immer so, man muss es erst selber fühlen
Nenn es Karma, baby, alles kommt zu dir zurück
Baby, alles kommt zurück

[Bridge]
Ich würde es nicht mal ändern, wenn ich könnte
Irgendwann wär's sowieso passiert
Das Schicksal liegt nicht mehr in meinen Händen
Isma'u Nasib

[Hook]
Gestern weinte ich nach dir
Und jetzt weinst du nach mir
Man bekommt das, was man gibt
Isma'u Nasib

Gestern weinte ich nach dir
Und jetzt weinst du nach mir
Man bekommt das, was man gibt
Isma'u Nasib (Isma'u Nasib)",-0.765,0.0,0.023,0.977
Fairuz,Syria,Verpasst,"[Songtext zu „Verpasst“]

[Intro]
I love me like Kanye West

[Hook]
Attitude ist Kanye West, guck, ich heb' grad ab
Hör ma' bitte auf zu wein'n, deine Chance verpasst
Nicht vergessen, nicht verzeih'n, nein, ich geb' nicht nach (Shine bright)
Chance verpasst (Wuh), mich verpasst (Wuh)
Attitude ist Kanye West (Wouh), guck, ich heb' grad ab
Hör ma' bitte auf zu wein'n, deine Chance verpasst
Nicht vergessen, nicht verzeih'n, nein, ich geb' nicht nach (Hör ma' bitte auf zu wein'n)
Chance verpasst, mich verpasst (Nein, nein, du hast mich verpasst)

[Part 1]
Besser, besser als all deine Hoes
Besser spar dir deine Lügen auf
Deshalb heul nicht, du hast mich verkauft (Ah)
Ich bin raus (Wuh), also mach ma' keine
Keine Spielchen, keine Bitch-Moves
Zieh' vorbei mit so 'nem Windzug
Frag nie mehr, „Hey, wo bist du?“
*Klingeln* – niemand erreichbar (Mh-mh)
Meine Liebe nicht verdient (Wuh), ja (Nicht verdient)
Guck doch, wie ich weiterzieh', ja (Wie ich weiterzieh', ja)

[Pre-Hook]
Also Baby, ist okay, wenn du weinst (Mh-hm)
Unter Tränen siehst du zu, wie ich schein' (Shine bright, shine bright)
Ich bin weg und trotzdem spür' ich dein'n Neid
Dein'n Neid

[Hook]
Attitude ist Kanye West, guck, ich heb' grad ab
Hör ma' bitte auf zu wein'n, deine Chance verpasst
Nicht vergessen, nicht verzeih'n, nein, ich geb' nicht nach (Ich geb' nicht nach)
Chance verpasst (Ich geb' nicht nach), mich verpasst
Attitude ist Kanye West, guck, ich heb' grad ab
Hör ma' bitte auf zu wein'n, deine Chance verpasst
Nicht vergessen, nicht verzeih'n, nein, ich geb' nicht nach (Ich geb' nicht nach)
Chance verpasst, mich verpasst

[Part 2]
Schon wieder eskaliert, weil du hast alles riskiert
Es ist zu viel passiert, jetzt wirst du mich verlier'n
Merkst du was? Jetzt stehst du ganz allein da
Merkst du, dass du einsam bist und scheiterst?
Yeah (Nein, nein, nein), yeah

[Pre-Hook]
Also Baby, ist okay, wenn du weinst (Schon okay)
Unter Tränen siehst du zu, wie ich schein' (Shine bright)
Ich bin weg und trotzdem spür' ich dein'n Neid
Dein'n Neid (Ja, ja, ja)

[Hook]
Attitude ist Kanye West, guck, ich heb' grad ab (Attitude ist Kanye West)
Hör ma' bitte auf zu wein'n, deine Chance verpasst (Hör ma' bitte auf zu wein'n)
Nicht vergessen, nicht verzeih'n, nein, ich geb' nicht nach
Chance verpasst, mich verpasst (Wuh)
Attitude ist Kanye West, guck, ich heb' grad ab (Attitude ist Kanye West, ja)
Hör ma' bitte auf zu wein'n, deine Chance verpasst
Nicht vergessen, nicht verzeih'n, nein, ich geb' nicht nach
Chance verpasst, mich verpasst (Deine Chance hast du verpasst)

[Outro]
(Besser, besser als all deine Hoes) Besser als die Hoes
(Besser spar dir deine Lügen auf) Spar dir doch die Lügen auf
(Deshalb) Heul nicht, du hast mich verkauft (Uhh)
Ich bin raus (Ich bin raus)",0.9883,0.11,0.016,0.875
Farid al-Atrash,Syria,Hebena Hebena - حبينا حبينا,"Hebeena Hebeena
Elhayah hilwah [Life is Sweet]
Yahuun aleik [It's Nothing Important to You]
Kulili iih akuuluk [Tell me what to tell you]
Bihubak int [I love you]
Habiib alUmr [Love of my Life]
Zina, Zina
Howa bas howa [Only He]
Liih daiman ma aArafshi [Why don't I ever know]
Mush mumkin uhibuk [It's impossible to Love You]
TatluU ya kamar [Oh Moon, You Rise]
Teoal laa [Always]
AAmal iih Alashaan ansaaki [What Can I Do in order to Forget You]
Ich Enta
Habeena Hebeena
Hebbina Hebbina
Alachan Malich Gheirak
Takassim oud
Ya bou Dahka Guenan
Fog Ghosnek Ya Lemona
Laktob Aawerak El Chagar
Ya zahratan fi khayali
Zaman Ya Hob
Habib El Omr
Leyla
Ya Gamil Ya Gamil
Ya Habaybi Ya Ghaybin
Ya Weily Men Hobo
Adnaytani Bil Hajr
Zeina
Echtaktellak
Arhamani Watameni
Ahleflak Ma Tesadakshi
Ya Ritni Tir
Ich Inta
Ahlifili
Zeina Zeina
Ana Wenta We Bass
Ansak Ouaftakrek
Manheremch El Omr
Talatin Ya Habibi
El Fallaha
Habibi Saharni
Menheremch El Omr
Marra Yehannini
Aazab leih ya donia
Teoul La
Alachan Malich Ghirak
OULILI EH AOLEIK
Betomor Al Rass Wal Ain",0.9338,0.08,0.018,0.903
Farid al-Atrash,Syria,Albi W Moftaho - قلبي ومفتاحه,"قلبي ومفتاحه دول ملك ايديك
ومساه وصباحه بيسالني عليك
كان حبك شمعه في يوم عيدي
وطفاة دمعة وتنهيدي
من يوم  ما ايديك لمست ايدي
وكانك قلت يا نار قيدي
ومادام مشغول يا حبيبي
مش كنت تقول يا حبيبي
ده القلب جراحه من رمش عنيه
ومساه وصباحه بيسالني عليه
قلبي ومفتاحه دول ملك ايديك
يا حبيبي يا ريت ابقى حبيبك
واكون من بختك ونصيبك
دا انا مهما بتقسى برضه راضي بك
وتسبني الروح قبل ما اسيبك
قلبي عمل ايه يا حبيبي
ليه تقسى عليه يا حبيبي
وحشته افراحه من شوقه اليك
ومساه صباحه بيسالني عليك
قلبي ومفتاحه دول ملك ايديك
ياللي ما يصعبش عليك غالي
وفي بحر هواك الموج عالي
والكلمة الحلوة اللي في بالي
تحرم لو غيرك قالهالي
قلبي الحيران يا حبيبي
وعيني كمان يا حبيبي
هجروني وراحوا من شوقهم ليك
ومساه وصباحه بيسالني عليك
قلبي ومفتاحه دول ملك ايديك",0.0,0.0,0.0,1.0
Farid al-Atrash,Syria,Ala Baly - على بالي,"على بالي اشوفك ثانية ثانية واحدة ترضيني
واقول لها طيري يادنيا طير بي وهنيني
هنيني بقربه هنيني وعلى وردة وشوكه مشيني
وقولي لي حبيبي الغالي حبه دايما على بالي

الحب انا صنته في قلبي اكمنه ناداني اليك
والشوق سكنته في جنبي عشان اشتاق لعينيك

وح افضل احبك طول عمري وسلمت لقلبك أمري
على بالي على بالي حبك دايما على بالي",0.0,0.0,0.0,1.0
Nassif Zeytoun,Syria,Mich Aam Tezbat Maii - مش عم تظبط معي,"[""كلمات ناصيف زيتون ""مش عم تزبط معي]

بعرف بأنك ساكني
عايش بروحي مجنني
وجوا حبك آسرني وعم كابر
رغم القسوة الي بقلبك
والتعب الي مرافق دربك
والبعد الي عشتو الي بقربك
انا صابر

مش عم تزبط معي
اعشق غيرك لا والله
مش عم تزبط معي
اشكي لغيرك قول ال اه
مش عم تزبط معي
اعشق غيرك لا والله
مش عم تزبط معي
اشكي لغيرك قول ال اه

بعرف بأنك ساكني
عايش بروحي مجنني
وجوا حبك آسرني
وعم كابر

حبك عاملي ادمان
ماشي بدم الشريان
ساكن خلايا عقلي
منسيني حتى النسيان
حقيقة لمستا بإيديّ
شفتا بقلبي وعينيّ
يمكن جن ويمكن موت
اما انسى مافيّ

مش عم تزبط معي
اعشق غيرك لا والله
مش عم تزبط معي
اشكي لغيرك قول ال اه
مش عم تزبط معي
اعشق غيرك لا والله
مش عم تزبط معي
اشكي لغيرك قول ال اه

بعرف بأنك ساكني
عايش بروحي مجنني
وجوا حبك آسرني
وعم كابر

حرّمت طول الايام
انّي اغفى اني نام
خايف لو غفلت عيني
ارجع شوفك بالاحلام
حياتي بعدك غيرتا
صورك وصوري خزقتا
الطرقات الل فيها مشينا
المرقة فيها حرمتا

مش عم تزبط معي
اعشق غيرك
مش عم تزبط معي
اعشق غيرك

مش عم تزبط معي
اعشق غيرك لا والله
مش عم تزبط معي
اشكي لغيرك قول ال اه
بعرف بأنك ساكني
عايش بروحي مجنني
وجوا حبك آسرني
وعم كابر",0.0,0.0,0.0,1.0
Nassif Zeytoun,Syria,Baddi Yaha - بدي ياها,"[""كلمات ناصيف زيتون ""بدي ياها]

[المقطع الأول]
بدي ياها.. تشتقلي وتخاف عليي
بدي ياها.. تنام وتحلم بعينيي
بدي ياها.. تشتقلي وتخاف عليي
بدي ياها.. تنام وتحلم بعينيي
تكون الفرحة الل ناطرا
تخاف شي لحظة اخسرا
ترسم ضحكة لما تحكي
كل ما شوفا اغمرا

[اللّازمة]
بدي ياها.. تمشي بدمي قطعة منِي
بدي ياها.. وقت همي تبقى أمي
قلبي يتخبا فيها
يركض ليهَا يلاقيا
تاخد روحي تداوي جروحي
جوا ضلوعي خبيّا
بدي ياها.. تمشي بدمي قطعة منِي
بدي ياها.. وقت همي تبقى امي
قلبي يتخبا فيها
يركض ليها يلاقيا
تاخد روحي تداوي جروحي
جوا ضلوعي خبيّا
بدي ياها

[المقطع الثاني]
بدي ياها.. قلبا وطن ما بينخان
بدي ياها.. تحسسني بطيبة زمان
بدي ياها.. قلبا وطن مابينخان
بدي ياها.. تحسسني بطيبة زمان
طير وعلي وعليا
قلبي يتباها فيها
حس لجنة لما غنّي
كل ما إطلّع فيها

[الخاتمة]
بدي ياها.. تمشي بدمي قطعة منِي
بدي ياها.. وقت همي تبقى أمي
قلبي يتخبا فيها
يركض ليهَا يلاقيا
تاخد روحي تداوي جروحي
جوا ضلوعي خبيّا
بدي ياها.. تمشي بدمي قطعة منِي
بدي ياها.. وقت همي تبقى امي
قلبي يتخبا فيها
يركض ليها يلاقيا
تاخد روحي تداوي جروحي
جوا ضلوعي خبيّا
بدي ياها

بدي ياها..",0.0,0.0,0.0,1.0
Nassif Zeytoun,Syria,Majbour (from Al Hayba series),"[""كلمات ناصيف زيتون ""مجبور]

[المقدمة]
لما تبقى القسوة نوع من الكرامة
مجبور اقسى
سامحيني ع القسوة سلف
مجبور هلق
اوقف مع جروحي طرف

[المقطع الأول]
بعرف عندي ماضي و نقط سودا ما بتنعد
و إني عامل اشياء ما سمعتي عنا بعد
بعرف عندي ماضي و نقط سودا ما بتنعد
و إني عامل اشياء ما سمعتي عنا بعد

[اللازمة]
أكتر ناس عرفو الصح
هني اللي عملو غلط
فكري منيح لما تحطي
عحروف حبنا نقط
أكتر ناس عرفو الصح هني اللي عملو غلط
أكتر ناس عرفو الصح
هني اللي عملو غلط
فكري منيح لما تحطي
عحروف حبنا نقط
أكتر ناس عرفو الصح هني اللي عملو غلط

[المقطع الثاني]
نحنا مجموعة تجارب
لازم نقرا كل العالم لحتى نجاوب
لازم نتحاسب و نحاسب
و نمر بشدة لنعرف مين هوي الصاحب
نحنا مجموعة تجارب
لازم نقرا كل العالم لحتى نجاوب
لازم نتحاسب و نحاسب
و نمر بشدة لنعرف مين هوي الصاحب

[الخاتمة]
أكتر ناس عرفو الصح
هني اللي عملو غلط
فكري منيح لما تحطي
عحروف حبنا نقط
أكتر ناس عرفو الصح هني اللي عملو غلط
أكتر ناس عرفو الصح
هني اللي عملو غلط
فكري منيح لما تحطي
عحروف حبنا نقط
أكتر ناس عرفو الصح هني اللي عملو غلط",0.0,0.0,0.0,1.0
George Wassouf,Syria,Helaf El Amar - حلف القمر,"[اللازمة]
حلف القمر يمين وقالي
يا حلو ساعة ما شافك
حلف القمر يا قمر يا قمر
يمين وقالي يا حلو ساعة ما شافك
في الحسن لا بعدك ولا قبلك يا روحي
يا روحي كملت أوصافك يا يا روحي
حلف القمر يمين وقالي
يا حلو ساعة ما شافك
حلف القمر يا يا قمر
يمين وقالي يا حلو ساعة ما شافك
في الحسن لا بعدك ولا قبلك يا روحي
يا روحي كملت أوصافك يا يا روحي

[المقطع الثاني]
حلف القمر لون الورود
لون الزهر فوق الخدود
زاد الحلا جدايل سود جدايل سود
حلي الكرز فوق شفافك آه يا قمر
حلف القمر لون الورود
لون الزهر فوق الخدود
زاد الحلا جدايل سود جدايل سود
حلي الكرز فوق شفافك آه يا قمر

[اللازمة]
في الحسن لا بعدك ولا قبلك يا روحي
يا روحي كملت أوصافك يا يا روحي

[المقطع الثالث]
طل الهوى بأحلى عيون عيون
قالي الدوا بين الجفون
طل الهوى بأحلى عيون عيون عيون
قالي الدوا بين الجفون
السحر هام بألف لون والشعر غافي ع كتافي
عيني عيني عيني ع الهوى
السحر هام بألف لون والشعر غافي ع كتافي
عيني عيني عيني ع الهوى
طل الهوى بأحلى عيون عيون
قالي الدوا بين الجفون
طل الهوى بأحلى عيون عيون عيون
قالي الدوا بين الجفون
السحر هام بألف لون والشعر غافي ع كتافي
عيني عيني عيني ع الهوى

[اللازمة]
في الحسن لا بعدك ولا قبلك يا روحي
يا روحي كملت أوصافك يا يا روحي
حلف القمر يمين وقالي
يا حلو ساعة ما شافك
حلف القمر يا قمر يا قمر
يمين وقالي يا حلو ساعة ما شافك
في الحسن لا بعدك ولا قبلك يا روحي
يا روحي كملت أوصافك يا يا روحي",0.0,0.0,0.0,1.0
George Wassouf,Syria,Kalam Ennas - كلام الناس,"[المقدمة]
كلام الناس لا بيقدم ولا يأخر
كلام الناس ملامة وغيرة مش أكتر
كلام الناس لا بيقدم ولا يأخر
كلام الناس ملامة وغيرة مش أكتر

[اللازمة]
وليه يا حبيبتي نسمعهم؟
أنا عاشق بسمعهم
وليه يا حبيبتي نسمعهم؟
أنا عاشق بسمعهم
عيوني ما حد يمنعهم
ولا بالوهم هتأثر
ليه يا حبيبتي نسمعهم؟
أنا عاشق بسمعهم
وليه يا حبيبتي نسمعهم؟
أنا عاشق بسمعهم
عيوني ما حد يمنعهم
ولا بالوهم هتأثر
بكلام الناس، كلام الناس
كلام الناس، كلام الناس
كلام الناس لا لا لا لا لا
لا بيقدم ولا يأخر

[المقطع الأول]
أنا حاسس، أنا شايف
أنا فارس ومش خايف
بحبك مهما قالوا الناس
ورافع في هواكي الراس
أنا حاسس، أنا شايف
أنا فارس ومش خايف
وبحبك مهما قالوا الناس
ورافع في هواكي الراس
عنك عمري يا عمري
عمري يا عمري
وعنك عمري يا عمري
عمري يا عمري
عنك عمري ما أتأخر

[اللازمة]
وليه يا حبيبتي نسمعهم؟
أنا عاشق بسمعهم
وليه يا حبيبتي نسمعهم؟ (ليه؟)
أنا عاشق بسمعهم
عيوني ما حد يمنعهم
ولا بالوهم هتأثر
بكلام الناس، كلام الناس
كلام الناس، كلام الناس
كلام الناس لا لا لا لا لا
لا بيقدم ولا يأخر

[المقطع الثاني]
أنا حالف ما نتفارق
أنا حالف لأكون عاشق
وأشيلك جوة نني العين
مهما إتكلموا اللايمين
أنا حالف ما نتفارق
أنا حالف لأكون عاشق
وأشيلك جوة نني العين
مهما إتكلموا اللايمين
كلامهم عمره يا عمري
كلامهم عمره يا عمري
كلامهم عمره يا عمري
عمره عمره يا عمري
كلامهم عمره ما يأثر

[اللازمة]
وليه يا حبيبتي نسمعهم؟
أنا عاشق بسمعهم
وليه يا حبيبتي نسمعهم؟ (ليه؟)
أنا عاشق بسمعهم
عيوني ما حد يمنعهم
ولا بالوهم هتأثر
بكلام الناس، كلام الناس
كلام الناس، كلام الناس
كلام الناس لا لا لا لا لا
لا بيقدم ولا يأخر",0.0,0.0,0.0,1.0
George Wassouf,Syria,Khesert Koul El Nass - خسرت كل الناس,"[اللازمة]
خسرت كل الناس علشانه
علشانه إستحملت اللوم
إزاي بعد ده كله يسيبني؟
ما تصورتش غدره في يوم
خسرت كل الناس علشانه (علشانه)
وعلشانه إستحملت اللوم (اللوم)
إزاي بعد ده كله يسيبني؟
ما تصورتش غدره في يوم

[قبل اللازمة]
كانت روحي في إيده وخاني
رجعت روحي وهو خسرني
كانت روحي في إيده وخاني (خاني)
رجعت روحي وهو خسرني (إيه)
أنا ما ظلمتش يا اللي ظالمني
يا بخت اللي بات مظلوم

[اللازمة]
خسرت كل الناس علشانه (علشانه)
وعلشانه إستحملت اللوم (اللوم، اللوم)
إزاي بعد ده كله يسيبني؟
ما تصورتش غدره في يوم

[المقطع الأول]
أنا من قلبي بقولك شكراً يا بايعني
ما إستنتش عليا كتير وإنت خادعني
أنا من قلبي بقولك شكراً يا بايعني
ما إستنتش عليا كتير وإنت خادعني
بدعي ياريتك بعدي تكون عايش مرتاح
علشان تبقى في حالك وفي حالي تسيبني

[قبل اللازمة]
كانت روحي في إيده وخاني
رجعت روحي وهو خسرني
كانت روحي في إيده وخاني (خاني)
رجعت روحي وهو خسرني (خسرني)
أنا ما ظلمتش يا اللي ظالمني
يا بخت اللي بات مظلوم

[اللازمة]
خسرت كل الناس علشانه (علشانه)
وعلشانه إستحملت اللوم (اللوم، اللوم، اللوم)
إزاي بعد ده كله يسيبني؟
ما تصورتش غدره في يوم

[المقطع الثاني]
بكرة هتعرف، بكرة هتندم ع الماضي
بس خسارة هيجرى ده كله ع الفاضي
بكرة هتعرف، بكرة هتندم ع الماضي
بس خسارة هيجرى ده كله ع الفاضي
إنت جنيت، ما تجيش وتقولي ياريت
أنا دلوقتي بعيش من غيرك وأنا راضي

[قبل اللازمة]
كانت روحي في إيده وخاني
رجعت روحي وهو خسرني
كانت روحي في إيده وخاني (وخاني)
رجعت روحي وهو خسرني (خسرني)
أنا ما ظلمتش يا اللي ظالمني
يا بخت اللي بات مظلوم

[اللازمة]
خسرت كل الناس علشانه (علشانه)
وعلشانه إستحملت اللوم (اللوم)
إزاي بعد ده كله يسيبني؟ (يسيبني)
ما تصورتش غدره في يوم",0.0,0.0,0.0,1.0
Waed Bouhassoun,Syria,Aayzni Arga - عايزني أرجع,"[المقدمة]
راح
خليك هناك

[المقطع الأول]
يا اللي عايزني أرجع لآساك
إمشي شوف كنت فين خليك هناك
راح عمري اللي عشته في هواك
قلبي أحسن كتير وأنا مش معاك

[اللازمة]
حبيت وإديت عيوني
والناس ياما خوفوني
منك وكتير لاموني
ما خلاص يلا السلامة
ودعتك بالسلامة
وجرحت في قلبي ياما ياما

[بعد اللازمة]
يا اللي عايزني أرجع (أرجع) لآساك
إمشي (ما تمشي) شوف كنت فين خليك هناك
راح (راح) عمري اللي عشته في هواك
قلبي (يا قلبي) أحسن كتير وأنا مش معاك

[المقطع الثاني]
سيبني ده الجاي أحلى وهعيش
أيوة الحب راح وخلاص مافيش
إنت اللي إبتديت بالجراح
قافلة من الصنف كله مافيش سماح
سيبني ده الجاي أحلى وهعيش
أيوة الحب راح وخلاص مافيش
إنت اللي إبتديت بالجراح
قافلة من الصنف كله مافيش سماح

[اللازمة]
حبيت وإديت عيوني
والناس ياما خوفوني
منك وكتير لاموني
ما خلاص يلا السلامة
ودعتك بالسلامة
وجرحت في قلبي ياما ياما

[بعد اللازمة]
يا اللي عايزني أرجع لآساك
إمشي شوف كنت فين خليك هناك
راح عمري اللي عشته في هواك
قلبي أحسن كتير وأنا مش معاك",0.0,0.0,0.0,1.0
Waed Bouhassoun,Syria,Ayzak Ala Enferad - عايزاك على إنفراد,"[المقدمة]
يا حبيبي، يا حبيبي
يا حبيبي، يا حبيبي
يا حبيبي، يا حبيبي
يا حبيبي، يا حبيبي

[المقطع الأول]
عايزاك على إنفراد
سيب كل الناس وقوم
هل عندك إعتراض
إن العالم في كوم
وإنت لوحدك في كوم
ده أنا أموت لو زعلك زاد
ده أنا ألف وراك بلاد
عايزاك على إنفراد
سيب كل الناس وقوم
هل عندك إعتراض
إن العالم في كوم
وإنت لوحدك في كوم
ده أنا أموت لو زعلك زاد
ده أنا ألف وراك بلاد

[اللازمة]
عشان إنت تعز عليا وتلزمني
ده مأثر فيا مأزمني
مش همشي أنا غير ما تكلمني
وأنا بالي طويل
عشان إنت حبيب القلب اللي واحشني
سلم يا اللي إنت مطنشني
فين اللي لو أزعل يناغشني
وفين التفاصيل
عشان إنت تعز عليا وتلزمني
ده مأثر فيا مأزمني
مش همشي أنا غير ما تكلمني
وأنا بالي طويل
عشان إنت حبيب القلب اللي واحشني
سلم يا اللي إنت مطنشني
فين اللي لو أزعل يناغشِني
وفين التفاصيل
ليه بتعمل فيها تقيل
بطل تمثيل وعناد

[بعد اللازمة]
عايزاك على إنفراد
سيب كل الناس وقوم

[فاصل]
آه، آه، آه، آه

[المقطع الثاني]
فك التكشيرة
زعلك سهرني الليل
يا حبيبي بقيت حساس
وبقيت تكتم وتشيل
وما بتقولش التفاصيل
ما ضعفتش من التسبيل
فك التكشيرة
زعلك سهرني الليل
يا حبيبي بقيت حساس
وبقيت تكتم وتشيل
وما بتقولش التفاصيل
ما ضعفتش من التسبيل
طب أغني يا واد يا تقيل
على رأي الست سعاد

[اللازمة]
عشان إنت تعز عليا وتلزمني
ده مأثر فيا مأزمني
مش همشي أنا غير ما تكلمني
وأنا بالي طويل
عشان إنت حبيب القلب اللي واحشني
سلم يا اللي إنت مطنشني
فين اللي لو أزعل يناغشني
وفين التفاصيل
ليه بتعمل فيها تقيل
بطل تمثيل وعناد

[فاصل]
يا ليل يا ليل يا عيني يا ليل يا ليل
يا عين يا ليل يا ليلي يا عيني
يا ليل يا ليل يا عيني يا عين

[الخاتمة]
عايزاك على إنفراد
سيب كل الناس وقوم
هل عندك إعتراض
إن العالم في كوم
وإنت لوحدك في كوم
ده أنا أموت لو زعلك زاد
ده أنا ألف وراك بلاد",0.0,0.0,0.0,1.0
DAM,Palestine,Emta Njawzak Yamma,"For lyrics and english translation, please scroll down


ولا ليرة، ولا بيتكوين
مسلطنة  وايش بدكم

ايمتى نجوزك يما؟
ايمتى تركز يما؟
ايمتى نجوزك يما؟
والبنك يتصلي ايمتى تيجي عنا؟
قولوله، دونت ووري انا اوكي
غنوله،  مزبط ومسوچير
قولوله،  دونت ووري انا اوكي
غنوله،  بلا هال مشكنتا ومتخوزق

7  الارمات،  ديك بدق عالباب
وانا تحت اللحاف،  امي عالبلكون جيرتي دبري عريس
احصائيات،  اغلب الازواج
بتنامش ع نفس الفراش،  وامي عالآيفون ""Siri"" زبطي عريس
قولوا لإبن الحلال يستنى لانو العالم عم بستناني
بلاقي شريكي بعد ما الاقي حالي وحاليا
بصحة العذوبية، صباح الضهرية المرخية

ايمتى نجوزك يما؟
ايمتى تركز يما؟
ايمتى نجوزك يما؟
والبنك يتصلي ايمتى تيجي عنا؟
قولوله، دونت ووري انا اوكي
غنوله،  مزبط ومسوچير
قولوله،  دونت ووري انا اوكي
غنوله،  بلا هال مشكنتا ومتخوزق



ويلي ويلي ويل، انتو وين وانا وين
ولد مع ولدين،  جيبوا مخدة جيبوا سرير
لا بنام لا بفيق، انا بصحي الديك
مينوس من جديد،   في حساب بنكي في كم  بطريق
ولا ليرة
مسلطنة

ايمتى نجوزك يما؟
ايمتى تركز يما؟
ايمتى نجوزك يما؟
والبنك يتصلي ايمتى تيجي عنا؟
قولوله، دونت ووري انا اوكي
غنوله،  مزبط ومسوچير
قولوله،  دونت ووري انا اوكي
غنوله،  بلا هال مشكنتا ومتخوزق

بلا ضغط، بلا كبت
بلا غصب
بلا ضغط، بلا كبت
بلا غصب
حيوا قراري حيوا، حيوا حبيبتي حيوا
حيوا حريتي حيوا، حيوا حيوا

ايمتى نجوزك يما؟
ولا ليرة، ايمتى تركز يما؟
ولا بيتكوين، ايمتى نجوزك يما؟
وايش بدكم، والبنك يتصلي ايمتى تيجي عنا؟

No money, no bitcoins
Living like a king, so what do you want?

Hook:
When will you get married?
When will you find stability?
When will you get married?
And the bank keeps calling me to visit it
Tell them: Don’t worry, I’m ok
Sing to them, everything is good and settled
Tell them: Don’t worry, I’m ok
No mortgage, and still struggling

Seven alarms on, the rooster is knocking at my door
I’m still in bed, my mom is asking for my neighbor to find me a groom
Statistics, most of the married couples
Sleep on superated beds, and my mom is asking Siri to find me a groom
Tell the guy to wait, because the world is still waiting for me
I will find my partner after I find myself
And in the meantime I raise my glass in the name of being single



When will you get married ?
When will you find stability?
When will you get married ?
And the bank keeps calling me to visit it
Tell them: Don’t worry, I’m ok
Sing to them, everything is good and settled
Tell them: Don’t worry, I’m ok
No mortgage, and still struggling


Oh My, Oh My, the differences between us
I’m a kid with two kids, can someone please get me a bed and a pillow
I don’t sleep, I don’t wake up, I am the one who awakens the rooster
Money below zero, I think I have penguins living in my bank account


Hook:
When will you get married ?
When will you find stability?
When will you get married ?
And the bank keeps calling me to visit it
Tell them: Don’t worry, I’m ok
Sing to them, everything is good and settled
Tell them: Don’t worry, I’m ok
Without the mortgage, and i’m still struggling

No pressure, no oppression
No forcing
No pressure, no oppression
No forcing
Respect my decisions, respect my lover
Respect ",0.9233,0.092,0.061,0.847
DAM,Palestine,Milliardat - ملياردات,"ملياردات الدولارات عشان نعيش في شتات
ملياردات الدولارات عشان نعيش في شتات
مين ارهابي كلفتنا يدوب قرشين
بغنوها في اللد في دمشق وبعين الحلوة
ملياردات الدولارات عشان نعيش في شتات
ملياردات الدولارات عشان نعيش في شتات

لا نبية في قومها، بدك تقاوم بتفوت محاكم
ما حد حيستقبلك في چرامي، بيحذفوك في غرامات طماطم

مواطن ومغلوب ع امري، بغني والإستاد مطفي
أفيون الشعوب، قرض البنوك، اسكر ديون ولا احارب لأرضي

فيش تڤييز ل هالبلد، كلو تطييز ع هالبلد
فريز خريف يا ولد، شو مفلس هالبلد

جدد البلد ، حتلن البلد، اكسر طابوهات لا تحسمس عالبلد،
كشف عالبلد شلح البلد ""سپرينچ ايز كامينچ"" ف شمِّس البلد

ابو تريكة ممنوع ….. اشرف فياض مجلود…...
ف قولي يا ولد ….. مين يكنس البلد؟

ملياردات الدولارات عشان نعيش في شتات
ملياردات الدولارات عشان نعيش في شتات
مين ارهابي كلفتنا يدوب قرشين
بغنوها في اللد في دمشق وبعين الحلوة
ملياردات الدولارات عشان نعيش في شتات
ملياردات الدولارات عشان نعيش في شتات

تخيل عالم، بلا فردوس، بلا دول، بلا بلا بلا
بلا ممتلكات بلا بلا بلا بلا بلا بلا بلا بلا بلا

مسالم متل الصوفي والبوذي، لا تواخذوني انا مش مازوخي
قصفوا 100 بظرف بشهر، فاك يوچا ما عاد يكفيني صمودي

تخيل الي جيوشي ونفوذي، تخيل صورتي على نقودي
عباية كلها خيوطي مش عباية جوتشي جوتشي

طردنا نوال من البلد ، عرضنا ""ووندر وومان"" بالبلد
شايف النفاق يا ولد…..شو مفلس هالبلد!!

لا تقدس البلد ، عزر البلد، افتح شبابيك وعزل البلد
نضف البلد زين البلد ""سپرينج ايز كامينچ"" ف ميِّل عالبلد

بو كلتوم راح، والعقول بح
ف قولي يا ولد، مين يكنس البلد؟

ملياردات الدولارات عشان نعيش في شتات
ملياردات الدولارات عشان نعيش في شتات
مين ارهابي كلفتنا يدوب قرشين
بغنوها في اللد في دمشق وبعين الحلوة
ملياردات الدولارات عشان نعيش في شتات
ملياردات الدولارات عشان نعيش في شتات",0.0,0.0,0.0,1.0
DAM,Palestine,JASADIK-HOM - جسدكهم,"For lyrics and english translation, please scroll down

90، 60، 90،  175 على 50
90 صدر، 60 خصر،  90 فخاد، 175
طول ع 50 وزن ، هادول مقاييس جسدك
لازم يسموها جسدكهم
ال كاف تعود الك وجسدك يعود الهم
روح حرة داخل جسد غير حر

اخدلي وقت افهم جسدي، جسدي الانثوي
جسدك بيروح بنام بغيب بغلط بتوب بنسامحه وبيرجع بعيد،
للأبد ماشي مع ورقة تصريح من الطبيب
جسدي؟ بكفي غلطة واحدة، انزلاق واحد
صورة واحدة فيديو واحد

كم من عين في ع  جسدي،
كم وجه في لجسدي،
جسدي انثوي، جسدي عربي ، جسدي العربي الانثوي،
كم ضمير في لجسدي ،
في أنا وفي إنت، في إحنا وفي هم
هم ضد إحنا وإنت ضد أنا, الكل ضد أنا وأنا ضد الكل
حتى بالنضال عندي اضعاف من  مسؤوليتكم
اذا انت بتقاوم بتمس في صهيونيتهم
اذا انا بقاوم بمس كمان بذكوريتهم
وقد ما جسدي واعي للقهر، بيضل قابل للكسر

اخدلي وقت اتعلم اعشق جسدي،  جسدي الانثوي العربي
واقفة قبال المراي، خلعت عن عيوني النظارات الإجتماعيه لإنهم صنع ذكوري
بدي اشوف عيوبي طريق عيوني

ضب عيونك هاد النهد إلي، ضب ايديك هادا الفخد إلي،
ضب ملاحظاتك، شعر الإيدين وشعر تحت ال أباط بس إلي،
سيطر ع تعابير وجهك هادول ال كم إكسترا كيلو إلي،
السيلوليت إلي، تشققات الجلد علامات الحمل بس إلي،
الشيب ،التواليل، الشامات، ،ال وراك ال حبوب كله بس إلي،
هاد المطبخ مش بس إلي، بس هادا الزيت، هادا الزعتر والعكوب إلي،
بشرتي القمحية إلي، وهاي العيون إلي،
لأول مرة بشوف عيوني طريق عيوني،

42، 200، 120 ع 136
42 مليون مرة تاجروا في جسدي
200 مليون مرة ختنوني واخدوا مسؤولية على جسدي،
120 مليون مرة  اغتصبوا جسدي
136 مليون ولادة بالسنة ، وهاي الحياة بس من جسدي



90, 60, 90, 175 on 50
90 chest, 60 waist, 90 hips, 175 height on 50 weight
These are the measurements of your body
It should be called Yourem body
“Your” belongs to you, but your body belongs to them
A free soul in an unfree body

It took me time to understand by body, my feminine body
His body goes around, sleeps around, disappears for a while, makes mistakes, repents, we forgive, and he repeats
Forever walking with a note from the doctor
My body? For it one mistake is enough. One slip
One picture, one video

How many eyes are on my body
How many faces does my body have
My body is feminine, my body is Arab, My Arab Feminine body
How many pronounes does my body have
There’s I and there’s you, there’s us and there’s them
Them against us and you against I, all against I and I against all
Even in the struggle I have multiplies of your responsibility
If you resist you hurt their zionism
If I resist I also hurt their masculinity
And as much as my body is aware of the oppression, it is still able to break

It took me time to learn how to be in love with my body
My feminine Arab body
Standing on front of the mirror, I took off my glasses because they are masculine made
I want to see my imperfections through my own eyes
Shut your eyes(don’t stare) these breasts are mine, hold your hands(don’t touch) these hips are mine
Hold your criticism(comments) these arm and armpit hair are only mine
Control your facial expressions, these few extra kilos are mine
The cellulite is mine, these stretch marks and birth giving marks are only mine
The grey hair, warts, freckles",-0.4939,0.034,0.036,0.93
Shadia Mansour,Palestine,Al Kufiyyeh 3arabeyyeh ( الكوفية عربية ) (English version),"[المقطع الأول: شادية منصور]
صباح الخير يا أولاد عمومنا
تفضلوا شرفونا
شو بتحبوا انضيفكم : دم عربي ولا دموع من عيونا؟
باعتقد هيك اتأملوا بنستقبلهن
هيك اتعقدوا لما إداركوا غلطتنهيك إلبسنا الكوفية ، البيضة و السودة
صاروا كلاب زمان يلبسوها كموضة
مهما إتفننوا فيها
مهما غيروا بلونا
كوفية عربية بيظل عربية
حطتنا بدن إياها
ثقافتنا بدن إياها
كرامتنا بدن إياها
كلشي إلنا بدن إياه
لا ، ما راح نسكتلن ، نسمحلن
لا لا ، لابقلي
(يسرقوا شغلة مش إلهن ما حصن فيه)قلدونا باللبس لبس
و ها الأرض بيكفي هنش
طمعانين عأرض القدس قدس
إعرفوا كيف اتكونوا بشر
قبل ما تلبسوا الكوفية
جينا انزكرن مين إحنا
و غصبا عن أبوهم هي حطتنا

[اللازمة: شادية منصور]
من هيك البسنا الكوفية ، لإنا وطنية
الكوفية الكوفية عربية
من هيك البسنا الكوفية
هويتنا الأساسية
الكوفية الكوفية عربية
ياله علي الكوفية
علولي هالكوفية
الكوفية الكوفية عربية
علوها يا بلاد الشام ، كوفية عربية بيظل عربية

[المقطع الثاني: شادية منصور]
ما في بعد مثل الشعب العربي
فرجونا أي أمة بالدنيا أكثر مؤثرة
الصورة واضحة ، إحنا مهد الحضارة
تاريخنا و تراثنا الشاهد على وجودنا
من هيك لبست الثوب الفلسطيني
من حيفا ، جنين ، جبل النار ، إلى رام الله
خليني نشوف الكوفية البيضة و الحمرة
خليني انعليها لفوق بالسما
أنا شادية العرب
لساني بي يغز غز
زلزالي بي هز هز
كلماتي حرف
""سجل أنا ""شادية منصور
و الحطة هويتي
من يوم مخلقت و سيدي و الشعب مسؤوليتي
هيك أنا إتربيت
بين الغرب و بين الشرق
بين الغطيان
بين بين بخيل ، بين فقير
شُفت الحياه من الشقتين
أنا مثل الكوفية
كيف ملبستوني ، واين ما شلحتوني ، بظلني عأصولي فلسطينية

[اللازمة: شادية منصور]
من هيك البسنا الكوفية ، لإنا وطنية
الكوفية الكوفية عربية
من هيك البسنا الكوفية
هويتنا الأساسية
الكوفية الكوفية عربية
[ياله علي الكوفية
علولي هالكوفية
الكوفية الكوفية عربية
علوها يا بلاد الشام ، كوفية عربية بيظل عربية
{scratches}
من هيك البسنا الكوفية ، لإنا وطنية
الكوفية الكوفية عربية
من هيك البسنا الكوفية
هويتنا الأساسية
الكوفية الكوفية عربية
ياله علي الكوفية
علولي هالكوفية
الكوفية الكوفية عربية
علوها يا بلاد الشام ، كوفية عربية بيظل عربية

[Verse 3: M1]
Some of Y'all think it's a trend, a fashion statement
Disgustingly I spit on the pavement
It's basic. Y'all know I bang for my flag
My bandanna ain't no rag
The Kuffiyeh ain't no scarf it's the heart of the movement
The symbolism is resistance
No coincidence that you can see the RBG in it
Qué bonita bandera, ain't it beautiful?
I say this in spanish, the solidarity, the feelin's is mutual
Meem Wahad that's M1 in Arabic
I'm pro-Palestinian does that make me a terrorist?
You can catch me in Gaza, Hayfa or Rhamalla
But I'm still just Mutulu Olugbala
So when I rep with Shadia
We ride with our middle fingers up to the Zionists
Because we don't give a fuck, it's justice
So tie that thing around your head and ride
Wave it in the air and let me know what side you're on

[Outro]
Yeah the Kuffiyeh is Arabic
Yeah it's M1 in solidarity ya feel me?
With Shadia from the ghetto to Gaza
I keep it RBG'd up, yeah!
Bang for my flag",0.9553,0.05,0.016,0.933
Shadia Mansour,Palestine,كلن عندن دبابات | Kollon 3endon Dababaat (They all have military tanks),"تم شرح و إضافة هذه الكلمات عن طريق الفريق العربي لموقع راب جينيوس ، انضموا إلى صفحتنا في الفايسبوك من هنا

[لازمة - شادية منصور]
كلن عندهم دبابات وأحنا عنا حجار
بيهدمو ببيوتنا بقتلو بالأطفال
يا فلسطين الأحرا ر يا غزة الأبطال
الصهيوني جاييلو نهار
ترا ترا ترا

[المقطع الاول - شاديه منصور]
يا غزة الدم يا غزة الهم
نشاركك أحزانك سنكمل كفاحك
فلسطين, يا مربى الأسود
أرضك لا بد أن تعود
يا أبطال ألمقاومه الفلسطينية
بأيمانكم ستفشلون عدا الصهيونية الإرهابية العنصرية الفاشلة
يا شهداء غزة الأبرار
ياما تحديتم العدو على خط النار
أرواحكم سوف تكون رمز المنار
أنتصاركم مكتوبة على كل جدار
عاشت عاشت فلسطين
يا رؤساء وزعماة العرب
بعدكم نايمين أين أنتم؟
أين صوتكم يدوي غضبا""
على هذه الحال

[لازمة - شادية منصور]

[المقطع الثاني - محمود جريري]
شو طلبنا من العالم، حق؟! إنصاف؟!
قام قابلنا في قصف ورد التجاهل
ستين عام تحشروا هالشعب تتآمروا على هالشعب
تقاتلوا هالشعب تمثلوا في هالشعب
والشعب شعب والمحتل محتل
قام العالم ساوى بين هالدم، أمّا عالم مختل
بس التاريخ ما بشفي، التاريخ بمحي
وأنا شايف هالتاريخ طريق برق عيون شعبي
يقولولنا قرار أممي أحترم بنحترم
يقولولهم قرار أمم يقوم يحذف بالزباله
تآخذوهوش سمعها رمم، قيادات جبانة
عايشه بعز والشعوب دايما عايشه بإهانة
هو عنده أسلحه للزوال إحنا
عنا أسلحه للبقاء، عنا حجار عنقوديه
عنا أراده نوويه وعنا عقول مسلحه بقرار شامل
قرار شامل ينادي بالحرية
[لازمة - شادية منصور]

[المقطع الثالث - سهيل النفار]
كلهم عندهم دبابات كلهم عندهم هيليكوبتارات
وأنا كل أللي بأيدي، كل أللي بأيدي هو الحق
شعرهم شاب السواد بأفكارهم هب
فزاد وقع بالقلب فوقعوا بحب الإرهاب
بعاملونا كسرطان عندهم بالقلب
أيديهم مش قادرة تسلم لأنو أصابعهم عالفرد
يا ابن العرّة كلنا غزة هم فالعزة ناس زى
كل الناس في إحساس مش حماس ولا عباس
لما شفت غزة أنا شفت حالي
شفت أطفال تتيتّم عيني ضلهم على أهلي
أطفالي تموت وأنا ابكي أفتش على ولادي
شفت نساوين تلطم فا حضنت أختي
استشهدت مع أللي استشهد لأني شفت آخرتي
ولما شفت ألمقاومه أنا كنت بدي كنت بدي
بس واقعي نصحني أتجه إلى قلمي

[لازمة - شادية منصور]

[المقطع الرابع - تامر النفار ]
نبدى من الآخر، اختلاف شاسع بينا وبينهم
أنا عاجز أني أدافع عن نفسي وبالنسبة ألهم
ساحة الحرب لعبة نينتندو، شايفينا نقط
مالي اسم أنا رقم بعداد جثث
بكل ثقة بعرضوها كدفاع عن النفس
هل هاد غباء أم استعلاء والله مالي نفس أعبر عن رأيي
بلاش يصدقوا أنهم دموقراطية – غيّر محطة
زعيم عربي بخطب؟ غيّر الحطة
اللي بسمعني بفكر أنو كانلي توقعات، عشو متعجب
باليوم اللي في زعماءنا ببدوا يوخدوا موقف ببدى أستغرب
عميان فرص، لأول مرة الشعب بالشارع مغلول
واقف بتظاهر وأنتوا عالكرسي قاعدين- مين المشلول؟
شو أقول؟ ألله يساعد غزة وبكرة يساعدنا!
شو أقول لأطفالي؟ يابا ما حدش وقف جنبنا ؟!
يا قائد العرب جاهزة يا بتعتزل يا بتنتهزها
في فراغ سياسي ومطلوب فحل صاحب كاريزما

[شادية منصور]
كلن عندهم دبابات أحنا عنا حجار",0.0,0.0,0.0,1.0
Shadia Mansour,Palestine,Ro7a Bla Raj3a (Journey of no return) - روحة بلا رجعة,"[اللازمة]
أولادي كبروا و صاروا يعوُو عليا

[المقطع الوحيد]",0.0,0.0,0.0,1.0
Tamer Nafar,Palestine,Johnnie Mashi - جوني ماشي,"""كلمات تامر نفار ""جوني ماشي

[مقدمة]
جوني ماشي، وانا ماشي
وانا ماشي معاه

[المقطع الأول]
عرب ""شامينيت"" عرب فوريكس
حديث الساعة، الساعة روليكس
جدي سوپرمان، خلف 15
وانا بال سوپر فارم، بشتري دوريكس
ما في باليد حيلة، ليه اجيب عيل
ععالم منيل في 60 نيلة
عايشين عـ افلام ميا خليفة
وعلى افكار بغدادي خليفة
ف يا جوني اسكب
يا جوني اكبس ع زر ال إسكيپ
خدني ع كوكب الوساع فيه اكتر
بلا ايچو بلا بتاع مين اكبر
جاري ببيع كوك بال ميلي بشكيلي
عالعربيات اللي لابسات ال ميني
ف ميلي ميلي يا كائنات لميني
أنا وجاري، مادين ابهام بنستنى فيكي

[اللازمة]
جوني ماشي، وأنا ماشي
وأنا ماشي معاه
نص الكاسة، الملانة
شربتها من زمان
يا جوني صبلي صبلي
شو عملوا فيي هالايامات
يا جوني صبلي صبلي
بدل ما اغير العالم بغير حفاضات
يا جوني صبلي صبلي
خلينا بالشتات والشوطات
وكلو الحق عالمفتي
يا حبيبي بيبي بيبي بيبي مفتي
يا حبيبي بيبي بيبي بيبي مفتي
يا حبيبي بيبي بيبي بيبي مفتي

[المقطع الثاني]
جوني، حبة حبة، في شارعنا ما في محبة
""في مطبة، بدي ابيع ""حيشبونيت
اعمر ڤيلا واكتب عالدخلة
هذا من فضل ربي، ع قولة المتنبي
لم انظر خلفي، سأغادر
المتنبي او فيفي سنت، مش ذاكر
""بدي احرر الوطن، احط ""ڤي
وتشاو تشاو بامبينو انا مهاجر
يا جوني حبني
امسك راسي ، خدلي كبدي
خدني ع كوكب ما في جاذبية
لا أرض، لا لعلم، لا اناشيد وطنية
جاري ببيع كوك في الميلي بشكيلي
عالعربيات اللي لابسات الميني
ف ميلي ميلي يا كائنات لميني
انا علقان، بين جيرتي وبين ميري

[اللازمة]
جوني ماشي، وأنا ماشي
وأنا ماشي معاه
نص الكاسة، الملانة
شربتها من زمان
يا جوني صبلي صبلي
شو عملوا فيي هالايامات
يا جوني صبلي صبلي
بدل ما اغير العالم بغير حفاضات
يا جوني صبلي صبلي
خلينا بالشتات وال شوطات
وكلو الحق عالمفتي
يا حبيبي بيبي بيبي بيبي مفتي
يا حبيبي بيبي بيبي بيبي مفتي
يا حبيبي بيبي بيبي بيبي مفتي",0.0,0.0,0.0,1.0
Tamer Nafar,Palestine,Lord of Revolution - إله الثورة,"English after Arabic

Marwan Makhoul featuring Tamer Nafar and Terez Suleiman

تيريز سليمان: إلهي!..
أعِدْني إلى الصّحراءِ
من فضلِك وامْحُ الحدودَ الّتي علَّبتني، وشوّهتْ وجهَ المدى

تامر نفار:
انصبلي خيمة عوتدين قبال الواحة
شوية أعشاب وحجرين بدال قداحة
هل يا ترى العالم, حينتبه عغيابنا؟
إلهي!.. أعِدْني إلى الصّحراءِ من فضلِك

بلا أيفون حوالين النار مع ولدي قاعد
بغنيله لزرياب برويله عن زمن غابر
بلا ما يصلو إس إم إس عن أخبار فضل شاكر
إلهي!.. أعِدْني إلى الصّحراءِ من فضلِك

لازمة تيريز سليمان:
الهي
وقف دوران العالم
مش قادرة اتحمل
دخت وبدي انزل

الهي
وقف دوران العالم
مش قادرة اتحمل
دخت وبدي انزل

مروان مخول:

في الغابِ ما ليسَ فينا؛ يأكلُ الوحشُ وحشًا
إنْ جاعَ لا وحشَيْنِ
الهي هَبْ لي بلادًا ملاذًا؛

لا دينَ فيهم ويحيَونَ في سِلمٍ كما ترى،
أمْ ترى اللّيث

يَقتلُ من أجلِ مذهبِهِ الطّائفيِّ ظبيًا، يا إلهي!؟
الهي هَبْ لي بلادًا ملاذًا؛

لازمة تيريز سليمان:
الهي
وقف دوران العالم
مش قادرة اتحمل
دخت وبدي انزل

الهي
وقف دوران العالم
مش قادرة اتحمل
دخت وبدي انزل



مروان مخول:

على ظهرِ الصّواريخِ أمريكا تُصَدِّرُ عدلَها العصريَّ،

يوميًّا روسيا تُمانعُ! فتزرعُ وردةً سوداءَ في البارجاتِ

على شاطئِ الشّرقِ المقدّسِ والمُكدّسِ بالمذابحْ

تامر نفار:
فش لوم عالغريب, مش اني عم بحن
بس اسم اللعبة سياسة و-ليت ذا بيست مان وين
واحنا  ""صامدون يا وطن"" تعرفو مين كمان صامد؟
الصنم, طيور العالم بتوسخ عليه وهو لا حراك
وبس بلم غبار عمدار الزمن, مش حلوم الزعيم, الزعيم
مجرد توب, بنخلعه وبنلبس غيره بس جسدنا بضله عفن
كمان طفلة, كمان طفلة  محروقة بين ايدين ابوها
بطلت احوق, هاي العراق, فلسطين مصر ولا سوريا
لو انحط بموقف مشابه اللي فيه فشلت احمي طفلي فا بسهولة
بقولها, اتركوا اولادي , وخدوا هالعروبة
الهي, سكر تم الوطنجيين وتجار الكليشيهات للحظة
مجبور اعترف, مش قادر اتباهى اني عربي اخر فترة
انا واعي انها مؤامرة بس حتى لو نتفق ونهتف انو
الغرب بزرع بينا الفتنة تعو نحاول نزرعها
بينهم وبنكتشف انو بس عقولنا الخصبة
لما الفردوس مات بعيون البشر الاول احنا اخدنا
من الورثة بس وحدة قابيل وهابيل الاخوة
وهم اخدو التفاحة وطوروها ل-اپيل
واحنا,لسا بنصنف وبنكمل نتمبل
هاد لوطي هاد نسونجي هاي عاهرة هاي قحبة
هاد اخونجي هاد ملحد ليش مش متجوزة يا معنسة
هاد سلفي هاد قبطي
اذا في ديني مكتوب تفرقة فانا بدي اكون امي
الهي, اذا هاد صوتك بالمنابر زي ما هم قايلين
فأهديني مكيف واحذفني اللي الجحيم مع باقي الصالحين

مروان مخول:
في بلادي سُنّةُ اللهِ شيعةُ الآخرينَ، والصّليبيّونَ يهودًا

يجلسونَ على الحِيادِ ولا حِيادَ على الجِياد!

Terez Suleiman :

Dear Lord ... return me to the wilderness

Erase the borders that have boxed me in

And defaced the horizon



Tamer Nafar (DAM)

Lets set a tent, on 2 pegs in front of a lamentation

Some herbs, and 2 rocks instead of a lighter

Do you think that the world will notice we are gone?

(Dear Lord ... return me to the wilderness)

Without an IPhone, I will sit with my son around the fire

I will sing to him Zeryab and tell him about our golden times

Without receiving any Sms’s about Fadel Shaker

(Dear Lord ... return me to the wilderness)





Terez Suleiman (Hook)

Dear Lord, can you stop

The earth from spinning?

I cannot take it anymore;

I feel dizzy and I want to come ",0.6517,0.024,0.016,0.96
Tamer Nafar,Palestine,Ya Rit - يا ريت,"[المقطع الأول : تامر نفار]
اكتبلك أغنية حب ملانة كليشيهات
ببدع فكل اشي واشي، وبَبلّم بالاشي هاد
بدي اتخيل.. بوسة بالمطر, بطن بترجف..بس بكره المطر!
""تراوما""!
سقف بدلف! بحط طناجر في كل القُرن
المي في كل الغرف وصلتلي ""فُل"" للركب!
بدي أصُد النقط!
بحط اغنية الحب بالجارور..
بتعاود تعود، بعد ما افك كل العُقد..
فـ صفيت مبلول ع عتبتك..
إطلعيني من الشارع، دخلك
غطيني في ملابسك..
خايف أبيّن عريان وضعيف أنا جنبك..
اطردي مني جن الفقر اطردي مني جن القهر..
اطردي مني الشعور انه فش بكرا..
اطردي مني جن السم..
اطردي مني دين البنك..
احضنيني اكنه فش بكرا..!

[اللازمة]
ياريت ، يا ريت يا ويا ريت
اكتبلك قديش حبيتك..
بلا جدار لاني عم بشكي من حيط وبنبني حيط بيني وبينك
ياريت ، يا ريت يا ويا ريت
اكتبلك قديش حبيتك..
ياريت، يا ريت ويا ريت

[المقطع الثاني : تامر نفار]
محمود درويش كتب منصير شعب
""لما الشاعر يكتب وصف إباحي لبطن الراقصة""
الله يرحمك.. كنت بزودها!
منصير شعب:
""لما بطن الراقص ينوصف في اباحية ع إيدين شاعرة""!
فبكتُب..!
ضد الشرف اللي كتبوا الذكور
ضد حصار غزة
ضد اللي قطعوا النور..
بكتب للمخيم ضد الريس بالقصور
وحاليًا..
اغنية الحب لاجئة بالجارور
وانا لـَ عتبتك لاجئ.. ذكريني
الظلم مش حاجة بل حاجز
نزليلي ملابسي بلمسك، مستعد أبين عريان وضعيف انا جنبك!
حطي فيّ جن العاشقة..
حطي فيّ جن الثائرة..
اللي بتطالب بالارض وفي شفافي
حطي فيي جن الناضجة..
حطي فيي جن الواثقة..
ما اخاف عليكي ولا اخافك

لنذهب كما نحن ، عاشقة ً حرةً
وشاعرها
لنذهب معا في طريقين مختلفين..
لنذهب كما نحن متحدين ومنفصلين
لنذهب معا
ولنكن طيبين

[اللازمة]
ياريت يا ريت يا ويا ريت
اكتبلك قديش حبيتك..
بلا جدار لاني عم بشكي من حيط وبنبني حيط بيني وبينك!
ياريت, يا ريت يا ويا ريت
اكتبلك قديش حبيتك..
ياريت، يا ريت ويا ريت..",0.0,0.0,0.0,1.0
Mohammed Assaf,Palestine,Dammi Falastini - دمي فلسطيني,"[اللازمة]
على عهدي، على ديني
على أرضي تلاقيني
أنا لأهلي أنا أفديهم
أنا دمي فلسطيني
فلسطيني، فلسطيني
أنا دمي فلسطيني
على عهدي، على ديني
على أرضي تلاقيني
أنا لأهلي أنا أفديهم
والله أنا دمي فلسطيني
فلسطيني، فلسطيني
أنا دمي فلسطيني

[المقطع الأول]
وقفنالك يا ديرتنا
بعزتنا وعروبتنا
أرض القدس نادتنا
صوت أمي يناديني
فلسطيني، فلسطيني
أنا دمي فلسطيني

[اللازمة]
على عهدي، على ديني
على أرضي تلاقيني
أنا لأهلي أنا أفديهم
أنا دمي فلسطيني
فلسطيني، فلسطيني
أنا دمي فلسطيني

[المقطع الثاني]
يا يمّة أبشري بالعز
دارك قلعة ما تنهز
عليها الروح ما تنعز
ولا دمّي وشراييني
فلسطيني، فلسطيني
أنا دمي فلسطيني

[اللازمة]
على عهدي، على ديني
على أرضي تلاقيني
أنا لأهلي أنا أفديهم
أنا دمي فلسطيني
فلسطيني، فلسطيني
أنا دمي فلسطيني

[المقطع الثالث]
فلسطيني وإبن أحرار
جبيني بالسما ومغوار
على عهد الوفا يا دار
وعمره ما إنحنى جبيني
فلسطيني، فلسطيني
أنا دمي فلسطيني

[اللازمة]
على عهدي، على ديني
على أرضي تلاقيني
أنا لأهلي أنا أفديهم
أنا دمي فلسطيني
فلسطيني، فلسطيني
أنا دمي فلسطيني",0.0,0.0,0.0,1.0
Mohammed Assaf,Palestine,Makanak Khaly - مكانك خالي,"[المقطع الأول]
صح ما متت من فرقتك
بس ناسي راحت بالي
يا ناسي يا كوني وهلي
من تبعد اش يبقالي
هوه انت وياي واحس
كلش مكانك خالي
كلش مكانك خالي
خالي
شيرد الايام، الفرقة تقتل
كلما يجي الليل، ادموعي تنزل
واضحك بلياك، بس جاي امثل
خليها سكته، ما اريد اكمل

[اللازمة]
مو انا احبك، اي والله احبك
تروح مني، وشيبقى يعني
مو انا احبك، اي والله احبك
تروح مني، وشيبقى يعني
ولو تبعد شيبقالي، ولو تبعد شيبقالي

[المقطع الثاني]
عن حالتي شحجيلك بعد
مو زين بعدك حالي
عايش على قيد الحزن
بلياك يالحب مالي
فراقك كسر قلبي كسر
ما اعرف شسوالي
ما اعرف شسوالي
ما اقدر ارتاح، الا انته وياي
ارجعلي مليت، محتاجك هواي
فد شي مينطاق، بلياك دنياي
فهمني وشلون، عايش بلياي

[اللازمة]
مو انا احبك، اي والله احبك
تروح مني، وشيبقى يعني
مو انا احبك، اي والله احبك
تروح مني، وشيبقى يعني
ولو تبعد شيبقالي، ولو تبعد شيبقالي",0.0,0.0,0.0,1.0
Mohammed Assaf,Palestine,Salam Le Gaza - سلام لغزة,"لنا اللهُ في كلِ حزنٍ وهَم
بلادي تئنُّ بدمعٍ ودم
لناَ اللهُ رغمَ ليالي العَنا
وهولِ المآسي وحجمِ الألم

لنا اللهُ عند أنينِ الجراح
وفقدِ الشهيدِ بساحِ الكِفاح
لنا اللهُ في كلِ وقتٍ وحين
فمن عتمةِ الليلِ يأتي الصباح

سلامٌ لطفلٍ يتيمٍ بكى
لمعتقلٍ صامدٍ ما اشتكى
لجدٍ رأى نكبةً ثانية
دروسَ الثباتِ بعزمٍ حكى

نزوحٌ وجوعٌ وقهرُ الخيام
شَهِدنا صنوفَ العذابِ الزؤام
كتبنا بصبرٍ حروفَ التاريخ
وما اهتز جِفنٌ لشعبِ الكِرام

لذكرى عزيزٍ مضى للخلود
تناديه أمٌ عَسَى أن يعود
سلامٌ لغزة سلامٌ سلام",0.0,0.0,0.0,1.0
Saint Levant,Palestine,KALAMANTINA - كلمنتينا,"[Chorus: Saint Levant]
صار لي زمان ما خجلتش من واحدة بتّطَلّع في (آها)
لما دخلت الغرفة صدقتش إنِّك مش لي
عاملة حالك مش عارفاني (آها)
طيب، أوكيه، ماشي يا غالي (أوكيه)
إذا هيك الحلوة بتتصرف شكله هتعذبني، إيه
Why you killing me softly? Why you killing me slow?
قشرت الكلمنتينا بنينة زي الجاتوه
Why you killing me softly? Why you killing me slow?
‫رومانسي أنا يا حبيبة، If you want me then let me know

[Verse 1: Saint Levant]
I don't wanna lie, but you might be the love of my life, and I just met you
Became in love with her vibe, how she looked me in the eye, and said, I like your style
Took you out for the very first time and there's just something about you
I don't wanna lie, but I made you mine from the moment I met you, babe
I think I was meant for you, I think you werе meant for me (Ah-huh)
You looking so good tonight, you might be thе remedy
And all of this time, I was looking, but you were in front of me, ah

[Chorus: Saint Levant & Marwan Moussa]
صار لي زمان ما خجلتش من واحدة بتّطَلّع في (أوكيه)
لما دخلت الغرفة صدقتش إنِّك مش لي (أوكيه)
عاملة حالك مش عارفاني (آها)
طيب، أوكيه، ماشي يا غالي (أوكيه)
إذا هيك الحلوة بتتصرف شكله هتعذبني، إيه
Why you killing me softly? Why you killing me slow?
قشرت الكلمنتينا (كلمنتينا) ب‫نينة زي الجاتوه
Why you killing me softly? (Yeah, yeah, yeah) Why you killing me slow?
‫ رومانسي أنا يا حبيبة (يا حبيبة)، If you want me then let me know

[Verse 2: Marwan Moussa]
إمم، قلبي يا قلبي (قلبي يا قلبي) مهما عملتي (مهما عملتي)
أديكي أنا عيني وعين تانية زي ما تتمني (تتمني)
إيه يا قمورة (قمورة)، أشوف أنا الصورة وبتجنن (بتجنن)
كده شطورة، معاكي في سحابة على سما سابعة يا بيبي مش هنزل (مش نازل)
And I can't say I'm taking it slow (Can't say I am)
Baby, you took me right out my zone (Right out of my zone)
Not usually nervous, but I froze
Got me talking to bro like ""ayy, bro"" (Maro)
She killing me softly, killing me slow (Killing me softly)
أوه، سيب الليلة يا حبّي للعشق والشوق

[Chorus: Saint Levant & Marwan Moussa]
صار لي زمان ما خجلتش من واحدة بتّطَلّع في (ياه، ياه)
لما دخلت الغرفة صدقتش إنِّك مش لي (أوكيه)
(مش عارفاني) (آها) عاملة حالك مش عارفاني
(ماشي يا غالي) طيب، أوكيه، ماشي يا غالي (أوكيه)
(أوه) (أوكيه) إذا هيك الحلوة بتتصرف شكله هتعذبني
Why you killing me softly? (Yeah, yeah, yeah) Why you killing me slow? (Killing me slow)
‫قشرت الكلمنتينا (كلمنتينا) ب‫نينة زي الجاتوه (جاتوه)
Why you killing me softly? (Yeah, yeah, yeah) Why you killing me slow?
‫ رومانسي أنا يا حبيبة (يا حبيبة)، If you want me then let me know",-0.9929,0.094,0.146,0.76
Saint Levant,Palestine,Very Few Friends,"[Verse 1]
Listen, I'm not toxic, I'm broken, baby
Or maybe I'm just sayin' that
Got a bad lil ting
من المغرب بتستنا عليـا
She knows where I'm stayin' at
قلتلها تجيلي علي امريكا بس ما عندها فيزا فقلتلها تلاقيني بمارسيليـا
Vas-y, fais tes valises et retrouve-moi dans l'sud de la France
والفريق حواليـا
Cause uh, Lover Boy Levant back in the building
Viens chez-moi, vas-y, we 'til the morning
Demain soir, on va tester ça
Après ça sera la dernière fois 'cause
Gotta focus on the vision, baby
Next year I'll be on FIFA
Ah, t'as kiffé that I'm driven, baby?
Well, the thing is

[Refrain]
I have very few friends
I'm focused and have very fеw friends

[Verse 2]
Self-respеct with some green eyes and that sun tan
(يا عيني عليكي)
Self-made now you're self-paid with your own plans
(يلا مري ع بيتي)
Your family was so proud of you لما تركتي البلاد
سلمي ع سيدو وسلمي ع تيتا وسلمي ع جاد أخوكي
We have designer sex in the morning
Expensive when you moanin'
Hop on a Zoom call for an hour
Then come back to show you who owns it
Fly you to Beirut for the wintertime
But don't post about it online (okay)
Took her to dinner in Hamra
And one thing she kept tellin' me

[Refrain]
She has very few friends
She's focused and has very few friends

[Verse 3]
فقلتلها, you take away all my focus
But I'm down
Gotta bring you back to my town
طيارة دغري ع بلادي
وأكيد I'll show you around
Bien—, bienvenue dans mon quartier
Sur son bracelet, c'est du Cartier
Elle veux que tu parles en français (Tu vas rien comprendre)
I wanna take you to Paris and spoil you
I wanna go to Marseille and enjoy you
I want those guys in your DM's to talk to themselves
And then tell all their friends that they know you
I wanna make you forget about your ex
I want you overthinkin' all your texts
I want the neighbors to hear you yell
Told me she's a CEO, I can tell
So, you do you and I'll do me
But when we come together it's
When we come together it's a fuckin' problem",0.9834,0.107,0.021,0.872
Saint Levant,Palestine,NARI NARI NARI - ناري ناري ناري,"[Intro: Dabke woman & Saint Levant]
عكاف تهلل مدلل يا مين يدله عليا (يا حلالي، يا مالي)
عكاف كفول محنى ومحنى حنة حجازية (يا حلالي، يا مالي)
عكاف تهلل مدلل يا مين يدله عليا (يا حلالي، يا مالي)
عكاف كفول محنى ومحنى حنة حجازية (يا حلالي، يا مالي)
الفرح فرحنا
اللي بيعرف يرقص، يرقص
واللي مش بيعرف يرقص، يرقص
كتفك في كتف أخوك وإيدك في إيده
النهاردة فرح أبو السلف لاڤونتينا

[Verse 1: Saint Levant & Naïka]
(هاي قلبي)
 كيفك أمورة
(ما بدي)
 تعي ناخد كزدورة
طب ليه متضايقة ليه؟ وضحيلي الصورة
تحكي عربي مكسر
كلميني إنجليزي عادي
إنه صراحة مروان
I really don′t have time for this right now

[Pre-Chorus: Saint Levant]
Fake tan بشرتها لون الزيتونة مش تاعت
Jordan متزرش الأردن يا معلم، نازلة ع
(ماشي) Paris وديني
(أمواه) Please طب بوسة
بتمشي الدنيا بعنيها ما بدها واسطة

[Chorus: Saint Levant]
مش مبين عليها (أها)
(أها) حاطة ماتشا بلاتيها
ملايين بصرف عليها
بس شو بحبها
ناري، ناري، ناري
قلبي وعيني عليكي
ومهرها غالي Boujie
بس شو بحبها

[Interlude: Dabke woman & Saint Levant]
عكاف تهلل مدلل يا مين يدله عليا (يا حلالي، يا مالي)
عكاف كفول محنى ومحنى حنة حجازية (يا حلالي، يا مالي)
عكاف تهلل مدلل يا مين يدله عليا (يا حلالي، يا مالي)
عكاف كفول محنى ومحنى حنة حجازية (يا حلالي، يا مالي)
أوكي، أوكي، أوكي، أوكي يا شباب
جمع عندي، تجمعوا هون، تجمعوا هون
دخل مارو بالنص، مارو، مارو، مارو
شو القصة اللي إنت كنت بتحكي عنها؟ عن البنوتة
لا، لا مش سامع، علي الصوت مارو
قولي كدا يا مارو كنت فين؟
إحكيلي

[Verse 2: Saint Levant]
راكب تاكسي بنص تونس وشايف منظر من زوقي
واحدة كتكوتة قاعدة قدامي لابسة أخضر فستقي
على الملاهي Date فأخدتها
تحب الجو؟ أوك باهي
طلعتي ناعمة زي الكنافة النابلسية يا حلالي

[Pre-Chorus: Saint Levant]
Fake tan بشرتها لون الزيتونة مش تاعت
Jordan متزرش الأردن يا معلم نازلة ع
(ماشي) Paris وديني
(أمواه) Please طب بوسة
بتمشي الدنيا بعنيها ما بدها واسطة

[Chorus: Saint Levant]
مش مبين عليها (أها)
(أها) حاطة ماتشا بلاتيها
ملايين بصرف عليها
بس شو بحبها
ناري، ناري، ناري
قلبي وعيني عليكي
ومهرها غالي Boujie
بس شو بحبها

[Outro: Dabke woman]
عكاف تهلل مدلل يا مين يدله عليا (يا حلالي، يا مالي)
عكاف كفول محنى ومحنى حنة حجازية (يا حلالي، يا مالي)",-0.3818,0.012,0.016,0.972
Elyanna,Palestine,Callin’ U (Tamally Maak) - تملي معاك,"[المقدمة]
I'm callin' you
With all my goals, my very soul
Ain't fallin' through
In need of you
The trust in my faith
My tears and my ways is drowning, so
I cannot always show it
But don't doubt my love

[المقطع الأول]
تملي معاك
ولو حتى بعيد عني في قلبي هواك
تملي معاك
تملي في بالي وفي قلبي ولا بنساك
تملي واحشني لو حتى بكون وياك

[اللازمة]
I don't need nobody
I don't fear nobody
I don't call nobody but you
My one and only
تملي حبيبي بشتاقلك (بشتاقلك)
تملي عينيا تندهلك (تندهلك)
ولو حواليا كل الكون (آه، آه)
بكون يا حبيبي محتاجلك
آه، آه

[المقطع الثاني]
I'm callin' you
With all my goals, my very soul
Ain't fallin' through
In need of you
The trust in my faith
My tears and my ways is drowning, so
I cannot always show it
But don't doubt my love

[اللازمة]
تملي حبيبي بشتاقلك (بشتاقلك)
تملي عينيا تندهلك (تندهلك)
ولو حواليا كل الكون (آه، آه)
بكون يا حبيبي محتاجلك
تملي حبيبي بشتاقلك (بشتاقلك)
تملي عينيا تندهلك (تندهلك)
ولو حواليا كل الكون (آه، آه)
بكون يا حبيبي محتاجلك",0.7946,0.101,0.062,0.837
Elyanna,Palestine,Ana Lahale - أنا لحالي,"[المقطع الأول: إليانا]
عقلي المجنون كان بده ياك
قلبي الحنون لازم ينساك
ندم عيون طار الزمان
بنطر كل يوم بس ما بدي ياك

[اللازمة: إليانا]
أنا لحالي خطر ع بالي
بالليالي دور عليك
كان خيالي وأنا مش داري
قلبي الغالي كتير عليك
أنا لحالي خطر ع بالي
بالليالي دور عليك
كان خيالي وأنا مش داري
قلبي الغالي كتير عليك

[فاصل: إليانا]
أنا لحالي
(أنا لحالي)
أنا لحالي

[المقطع الثاني: مساري]
لحالي ليل نهار
I knew it from the start
One look into your eyes can hypnotize my beating heart
I don't wanna tell no lies, I realize what we have lost
أنا قلبي بين إيدك شو ما صار (أنا لحالي)
I'm wishing that, I could see you in front you of me
You were a part of me
Seein' you walkin' away
آه يا عيني
Knowing you're far away
I'm feeling it suddenly
قلبي داب عليكي يا ناسيني (أنا لحالي)

[اللازمة: إليانا]
أنا لحالي خطر ع بالي (أنا لحالي)
بالليالي دور عليك
كان خيالي وأنا مش داري
قلبي الغالي كتير عليك
أنا لحالي خطر ع بالي
بالليالي دور عليك
كان خيالي وأنا مش داري
قلبي الغالي كتير عليك

[فاصل: إليانا ومساري]
(أنا لحالي)
أنا لحالي
(أنا لحالي)
أنا لحالي
(I realize what we have lost)
(أنا لحالي، أنا لحالي)
قلبي داب عليكي يا ناسيني
(حرام)

[اللازمة: إليانا]
أنا لحالي خطر ع بالي
بالليالي دور عليك
كان خيالي وأنا مش داري
قلبي الغالي كتير عليك
أنا لحالي خطر ع بالي
بالليالي دور عليك
كان خيالي وأنا مش داري
قلبي الغالي كتير عليك

[الخاتمة: إليانا ومساري]
(I realize what we have lost)
(أنا لحالي)
أنا لحالي
(I realize what we have lost)
(أنا لحالي)
أنا لحالي",0.7602,0.051,0.032,0.917
Elyanna,Palestine,Ganeni - جنني,"[المقدمة]
(ها أنا ذا خلصت من الهوى)
(واستقبل—، هوى، هوى)

[المقطع الأول]
جرى إيه؟ مش كنت ناسيني؟
إيه اللي جابك تاني يا عيني؟
أيوة زمان كنت حبيبي
بس خلاص ده أنا مش عايزاه

[قبل اللازمة]
آه، أرجع لا
أفكر آه، أسيبك لا
ومش عارفة
دماغي لافة
وأنا دايمًا يا-يا-يا-يا

[اللازمة]
جنني، جنني
على دقة ونص رقصني
جنني، جنني
قربه وبعده بيتعبني
جنني، جنني
على دقة ونص رقصني
جنني، جنني
قربه وبعده بيتعبني

[بعد اللازمة]
يا-يا
يا-يا
أوه، يا-يا
يا-يا

[المقطع الثاني]
يا حبيبي أغنيتي خلصانة
ما تعرفش تلعب معانا
المزيكا بقى تمشي إزاي
بس بتلعب طبلة وناي

[قبل اللازمة]
آه، أرجع لا
أفكر آه، أسيبك لا
ومش عارفة
دماغي لافة
وأنا دايمًا يا-يا-يا-يا

[اللازمة]
جنني، جنني
على دقة ونص رقصني
جنني، جنني
قربه وبعده بيتعبني
جنني، جنني
على دقة ونص رقصني
جنني، جنني
قربه وبعده بيتعبني

[بعد اللازمة]
يا-يا
يا-يا
أوه، يا-يا
يا-يا

[جسر]
آه جنني، يا معذبني
إيه ده اللي إنت بتعمله بيا؟
يوم جايبني، يوم واخدني
بس خلاص ده أنا مش عايزاه

[قبل اللازمة]
آه، أرجع لا، أفكر آه
بس ده هو لقلبي عايزاه
وعقلي أنا على جنبي كده راكناه، آه

[اللازمة]
جنني، جنني
على دقة ونص رقصني
جنني، جنني
قربه وبعده بيتعبني
آه، جنني، جنني
على دقة ونص رقصني
جنني، جنني
قربه وبعده بيتعبني

[بعد اللازمة]
يا-يا
يا-يا
أوه، يا-يا
يا-يا",0.0,0.0,0.0,1.0
Bashar Murad,Palestine,Wild West,"[Verse 1]
I'm on the road again, how did it come to this?
Don't know where I'm going, but I'm looking for eternal bliss
I'm like a rolling stone, I can't stay in one place
When you start to get bitter and you wanna get better
You gotta change the taste

[Verse 2]
I gotta hit the highway, yeah, here I go again
Got nothing in my pocket, but in my heart there's a burning flame
I'm a savage runaway since 1993
Got nothing in my name, but that's about to change

[Chorus]
'Cause I'm going to the wild, wild west
Where the only rest is for the wicked
Where even if you do your best and you pass the test
Doesn't mean you'll make it
Going to the wild, wild west
'Cause it's the best place for business
Got a can-do attitude and nothing to lose
So why the hell wouldn't I risk it?

[Verse 3]
I'm on the road again and I still didn't get too far
Got my studded chaps on, my cowboy boots
And I'm playing my spaghetti guitar
I dressed up and I put it on, hoping I'd fit the scene
Took thirty damn years to figure out, I just gotta be me

[Chorus]
Going to the wild, wild west
Where the only rest is for the wicked
Where even if you do your best and you pass the test
Doesn't mean you'll make it
Going to the wild, wild west
'Cause it's the best place for business
Got a can-do attitude and nothing to lose
So why the hell wouldn't I risk it?

[Post-Chorus]
Why the hell wouldn't I risk it?

[Bridge]
Welcome to the wild, wild west
Welcome to the wild, wild west
Welcome to the wild, wild west
You get one shot, your fifteen minutes
Saddle up now, don't you miss it

[Chorus]
'Cause I'm going to the wild, wild west
Where the only rest is for the wicked
Where even if you do your best and you pass the test
Doesn't mean you'll make it
Going to the wild wild west
'Cause it's the best place for business
Got a can-do attitude and nothing to lose
So why the hell wouldn't I risk it?

[Post-Chorus]
Oh, why the hell wouldn't I risk it?
Welcome to the wild, wild west",0.9911,0.202,0.114,0.684
Bashar Murad,Palestine,Vestrið villt,"Er enn á ferðinni
Á sömu bylgjunni
Veit ei hvert skal haldið
Í leit að hamingjunni

Er grjót sem veltur fram
Get aldrei staðið kyrr
Þegar þú verður bitur og vilt gera betur
Þarf að breyta til

Hendi mér upp á veginn
Svo syng ég þína skál
Tómar hendur, tómir vasar
En í hjarta mínu brennur bál

Ótaminn villingur
Allt frá því '93
Og mig skortir allt fé – ég sver það breytist nú

(Því ég) ætla að fara í vestrið villt
Þar sem illt og spillt
Er besta fólkið
Og þó ég geri mjög gott mót
Fari fót fyrir fót
Er ég aldrei hólpinn

Ég ætla að fara í vestrið villt
Þar sem mild og tryllt
Eru kaup og skipti
Ég segi já, ekkert mál, að veði legg mína sál
Svo er bara að taka sénsinn

Ég er enn á ferðinni
Ekki kominn langt á veg
Ég glamra á gítarinn, með leðurstígvélin
Og slóð í sandinn dreg
Klæddur fyrir hlutverkið, vona að þið hrífist með
Tók mig þrjátíu ár að átta mig á – að vera bara ég

Ætla að fara í vestrið villt
Þar sem illt og spillt
Er besta fólkið
Og þó ég geri mjög gott mót
Fari fót fyrir fót
Er ég aldrei hólpinn

Ætla að fara í vestrið villt
Þar sem mild og tryllt
Eru kaup og skipti
Ég segi já, ekkert mál, að veði legg mína sál
Svo er bara að taka sénsinn

Ég er bara að taka sénsinn

Velkomin í vestrið villt…
Velkomin í vestrið villt
Velkomin í vestrið villt
Þú færð einn séns
Til að hamra járnið
Þarna er það – tækifærið

(Því ég) Ætla að fara í vestrið villt
Þar sem illt og spillt
Er besta fólkið
Og þó ég geri mjög gott mót
Fari fót fyrir fót
Er ég aldrei hólpinn

Ætla að fara í vestrið villt
Þar sem mild og tryllt
Eru kaup og skipti
Ég segi já, ekkert mál, að veði legg mína sál
Svo er bara að taka sénsinn
Ég er bara að taka sénsinn

Velkomin í vestrið villt",0.0,0.0,0.0,1.0
Bashar Murad,Palestine,Stone,"I've got a stone
Could build us a home
To weather us through the hard thunder and storms
I've got a stone
Could build you a throne
So you'd be right where you always belonged

I took the key
And kept it with me
So you would come back when we are free
I wrote a song
So you'd sing along
For our children to know where we're from

I wrote a song
Sing along

I've got a stone
And it was thrown
So that they'd finally leave us alone
Collected our own
And buried their bones
It's terrifying, our futurе's unknown

They took our soil
Our olives and oil
Forevеr condemned to a lifetime of toil
They took it all
And they built a wall
To make us feel helpless and feeble and small
But it will fall
It will fall

[Spoken]
""All of the Palestinian people who are uprooted, thrown in the camps, living in starvation, forbidden to use even the name 'Palestinians'. To ask, to liberate our country, to have dignity, to have respect, to have our mere human rights essentially as essential as life itself.""

I'm gonna break the storm although I'm sweaty
I'm gonna hold my head up though it's heavy
I'm gonna walk although my feet are bloody
'Cause I've seen it all, whatever comes, I'm ready (Hey!)

I'm gonna break the storm although I'm sweaty
I'm gonna hold my head up though it's heavy (Hey!)
I'm gonna walk although my feet are bloody
'Cause I've seen it all, whatever comes, I'm ready (Hey!)

I'm gonna break the storm although I'm sweaty (I'm gonna break)
I'm gonna hold my head up though it's heavy (It's heavy)
I'm gonna walk although my feet are bloody (My feet are bloody, baby)
'Cause I've seen it all, whatever comes, I'm ready

They took our stones and made them their own
But with time the truth will be told
I took a stone, a piece of our home
They didn't notice that it was gone
I've got a stone
Got a stone
I've got a stone
I've got a stone",-0.7291,0.058,0.082,0.86
Remi Kanazi,Palestine,Normalize This!,"Nothing is normal about occupation
Nothing normal about apartheid ethnic cleansing
Siege, blockade, settler-only roads
Bombing water wells, schools, mosques, and UN buildings
Nothing normal about putting a civilian population on a diet
Paying non-indigenous foreigners to settle land that has already been populated
Rewriting the nakba with each stolen childhood
Trying to desensitize the puncture wounds and claw marks
Put into the bodies of Bassem Abu Rahma and Rachel Corrie
No, I don't want to normalize with you
I don't want to hug, have coffee, talk it out, break bread, sit around the campfire, eat s'mores and gush about how we're all the same
I don't want to share the stage, co-write a poem, submit to your anthology
Talk about how art, instead of justice, can forge a better path
I don't want to indulge your amnesia about a glorious past
Have a therapy session, on two sides with equal grievances
The only thing barren is your moral capacity
Blooming a settler-colonial state with an appropriative culture
I will not fight for your privilege, nor will I seek to normalize it
Your dialogue group, it's a breeding ground for injustice
Just look at the board members and the ZOA sponsorship
Zionism is the real demographic threat
Infecting the minds of millions with racism
They were hooded in the south
Pushing darker nations into Bantustans, jailing young men in H-Blocks in Northern Ireland
In case you missed the hint, I don't want to pretend all is okay
Or that bombs dropped on Gaza don't have a manufacturer
The pilot doesn't have a nationality
Or Shimon Peres is any different than Avigdor Lieberman
It's not just the occupation, stupid
It's the right of return
Equality for all Palestinians
It's a transformation from a racist, exclusivist, supremacist state
To a nation for all of its citizens
You deserve nothing... more than equality
Which means more than African refugees are provided in south Tel Aviv
You are the shining light on a settlement hill
Reminding the world that racism often comes in nice packaging
We don't give the Sudan 3.1 billion dollars a year in military aid
Don't have preferential trade agreements with North Korea
Don't call Iran a democracy
You're a proxy for empire
A 1950s ethnocracy in 21st century clothing
Yes! You're singled out
With aid, weapons, and UN vetoes in your favor
Did I hurt your feelings?
Should we hug after the show?
Do these words hurt more than bombs dropped on Gaza
White phosphorus eating the flesh of the children
I am not the bad guy, you're defending the bad system
Your words and actions have consequences
You're either with oppression, or you're against it
I didn't write history; and didn't choose for you to stand on the wrong side of it
Your system of oppression, it's coming to an end
And whether you recognize or not yet, it'll be liberating
For you, too",-0.9637,0.07,0.107,0.823
Mahmoud Darwish,Palestine,Identity card (English version) - بطاقة هوية,"Write down!
I am an Arab
And my identity card number is fifty thousand
I have eight children
And the ninth...will come after a summer
Will you be angry?
Write down!
I am an Arab
Employed with fellow workers at a quarry
I have eight children
I get them bread
Garments and books
from the rocks..
I do not supplicate charity at your doors
Nor do I belittle myself at the footsteps of your chamber
So will you be angry?

Write down!
I am an Arab
I have a name without a title
Patient in a country
Where people are enraged
My roots
Were entrenched before the birth of time
And before the opening of the eras
Before the pines, and the olive trees
And before the grass grew
My father.. descends from the family of the plow
Not from a privileged class
And my grandfather..was a farmer
Neither well-bred, nor well-born!
Teaches me the pride of the sun
Before teaching me how to read
And my house is like a watchman's hut
Made of branches and cane
Are you satisfied with my status?
I have a name without a title!

Write down!
I am an Arab
You have stolen the orchards of my ancestors
And the land which I cultivated
Along with my children
And you left nothing for us
Except for these rocks..
So will the State take them
As it has been said?!

Therefore!
Write down on the top of the first page:
I do not hate poeple
Nor do I encroach
But if I become hungry
The usurper's flesh will be my food
Beware ! Beware ! Beware !
Of my hunger
And my anger!Mahmoud's ""Identity Card"" is also available in other languages. Check it out here!",-0.768,0.038,0.053,0.909
Mahmoud Darwish,Palestine,بطاقة هوية ( An Identity Card),"سجِّل
أنا عربي
ورقمُ بطاقتي خمسونَ ألفْ
وأطفالي ثمانيةٌ
!! وتاسعهُم.. سيأتي بعدَ صيف
فهلْ تغضبْ؟

سجِّلْ
أنا عربي
وأعملُ مع رفاقِ الكدحِ في محجرْ
وأطفالي ثمانيةٌ
أسلُّ لهمْ رغيفَ الخبزِ
والأثوابَ والدفترْ
من الصخرِ
ولا أتوسَّلُ الصدقاتِ من بابِكْ
ولا أصغرْ
أمامَ بلاطِ أعتابكْ
فهل تغضب؟

سجّل
أنا عربي
أنا اسمٌ بلا لقبِ
صبورٌ في بلادٍ كلُّ ما فيها
يعيشُ بفورةِ الغضبِ
جذوري
قبلَ ميلادِ الزمانِ رستْ
وقبلَ تفتّحِ الحقبِ
وقبلَ السّروِ والزيتونِ
.. وقبلَ ترعرعِ العشبِ
أبي.. من أسرةِ المحراثِ
لا من سادةٍ نجبِ
وجدّي كانَ فلاحاً
!بلا حسبٍ.. ولا نسبِ
يعلّمني شموخَ الشمسِ قبلَ قراءةِ الكتبِ
وبيتي كوخُ ناطورٍ
منَ الأعوادِ والقصبِ
فهل ترضيكَ منزلتي؟
أنا إسمٌ بلا لقبِ

سجلْ
أنا عربيولونُ الشعرِ.. فحميٌّ
ولونُ العينِ.. بنيٌّ
: وميزاتي
على رأسي عقالٌ فوقَ كوفيّه
وكفّي صلبةٌ كالصخرِ
تخمشُ من يلامسَها
: وعنواني
أنا من قريةٍ عزلاءَ منسيّهْ
شوارعُها بلا أسماء
وكلُّ رجالها في الحقلِ والمحجرْ
فهل تغضبْ؟

سجِّل
أنا عربي
سلبتَ كرومَ أجدادي
وأرضاً كنتُ أفلحُها
أنا وجميعُ أولادي
ولم تتركْ لنا.. ولكلِّ أحفادي
سوى هذي الصخورِ
فهل ستأخذُها
حكومتكمْ.. كما قيلا؟

إذنْ
سجِّل.. برأسِ الصفحةِ الأولى
أنا لا أكرهُ الناسَ
ولا أسطو على أحدٍ
ولكنّي.. إذا ما جعتُ
آكلُ لحمَ مغتصبي
حذارِ.. حذارِ.. من جوعي
!! ومن غضبي! قصيدة ""أنا عربي"" متوفرة أيضا بلغات أخرى ، اضغط هنا",0.0,0.0,0.0,1.0
Mahmoud Darwish,Palestine,À ma mère,"J'ai la nostalgie
Du pain de ma mère
Du café de ma mère
Des caresses de ma mère...

Et l'enfance grandit en moi, jour après jour,
Et je chéris ma vie, car si je mourais,
J'aurais honte des larmes de ma mère.

Fais de moi, si je rentre un jour,
Une ombrelle pour tes paupières.
Recouvre mes os de cette herbe
Baptisée sous tes talons innocents.

Attache-moi avec une mèche de tes cheveux,
Un fil qui pend à l'ourlet de ta robe...
Et je serai, peut-être, un dieu,
Peut-être un dieu, si j'effleurais ton coeur

Si je rentre, enfouis-moi,
Bûche, dans ton âtre.
Et suspends-moi,
Corde à linge, sur le toit de ta maison.

Je ne tiens pas debout
Sans ta prière du jour.
J'ai vieilli. Ramène les étoiles de l'enfance
Et je partagerai avec les petits des oiseaux,
Le chemin du retour...
Au nid de ton attente !",-0.3595,0.014,0.024,0.963
